Time_s,X,Y,Z,Roll_deg,Pitch_deg,Yaw_deg,Ref_X,Ref_Y,Ref_Z,Ref_Yaw,vx,vy,vz,p,q,r,T_pert,tau_x,tau_y,tau_z,RPM_0,RPM_1,RPM_2,RPM_3,Wind_X,Wind_Y,Wind_Z
0.052000000000000046,0.999999999993135,-17.999999999996483,0.010054993596709517,-7.151702911217564e-09,3.6743358723020113e-09,89.99999999900596,1.0,-18.0,0.014464867854085735,89.99999999971945,6.85078610948847e-11,1.3178962508371414e-10,0.0009999488014786687,0.0,0.0,0.0,0.13101392150497557,4.505523967226847e-10,-2.3221707992444224e-10,1.4516050917878603e-11,658.9128025472796,658.9128026095718,658.9128027160937,658.9128025212956,0.0,0.0,0.0
0.10400000000000009,0.9999999999910024,-17.99999999999537,0.010106992844504226,-9.37345769824598e-09,4.834334485238974e-09,89.99999999929805,1.0,-18.0,0.027872386655924238,89.99999999971945,6.3109170322853115e-12,1.1716568753990695e-11,0.0009999973445204771,0.0,0.0,0.0,0.557470430691257,4.385542750918688e-10,-2.2641675434366646e-10,8.573689786452174e-12,668.3095399928374,668.3095400525104,668.3095401396499,668.3095399525974,0.0,0.0,0.0
0.15600000000000014,0.9999999775604924,-17.999999988060523,0.010345150279414874,-0.0006827536187407443,0.0003639431329157735,90.00021111629196,1.0,-18.0,0.04988052804296929,89.99999999971945,7.136556971868355e-07,1.341204762393062e-06,0.010332037722315758,0.0,0.0,0.0,1.1611671464751279,3.1314261379471715e-05,-1.6690885415866508e-05,-4.295210557406133e-06,681.393884870014,681.3979193398599,681.3910020386883,681.3777575872875,0.0,0.0,0.0
0.20800000000000018,0.9999996139795514,-17.999999792900347,0.011795927879985148,-0.0019242105415788876,0.0010631309463971532,90.00057243626827,1.0,-18.0,0.07930197671112224,89.99999999971945,5.935997294537799e-06,1.1023976433878208e-05,0.04261430044938931,0.0,0.0,0.0,1.737971965763594,9.564609871595437e-05,-5.268799061539383e-05,-1.164634059095955e-05,693.6671943532788,693.67883638268,693.6624261618857,693.622224525635,0.0,0.0,0.0
0.26000000000000023,0.9999983138915367,-17.999999077187997,0.015548623348185837,-0.002837990266746447,0.001671105078262566,90.00088275859899,1.0,-18.0,0.11471958995594762,89.99999999971945,1.6737872331378748e-05,3.030537028247644e-05,0.09468998452280537,0.0,0.0,0.0,2.2387845599088907,0.0001562471934638312,-9.083836649367632e-05,-1.7959912923799635e-05,704.1502485155555,704.1677109176499,704.145341130525,704.0793715465796,0.0,0.0,0.0
0.3120000000000003,0.9999956091092741,-17.999997527124453,0.022547622714650273,-0.0029084636284507073,0.0019580726919187596,90.00112392081627,1.0,-18.0,0.15478502333384989,89.99999999971945,3.174934803110147e-05,5.548702862575104e-05,0.16364819526424274,0.0,0.0,0.0,2.6189189910751915,0.00018776927001655614,-0.00012028916534852926,-2.286640836975903e-05,712.0063482216106,712.0241648201257,711.9972216215093,711.9158790382131,0.0,0.0,0.0
0.3640000000000001,0.9999914592524517,-17.999994988540163,0.03354866669848568,-0.0018418759419432517,0.0017738116115756945,90.00128740346143,1.0,-18.0,0.19834257833568275,89.99999999971945,4.868714403307801e-05,8.080290672243456e-05,0.24542437473731002,0.0,0.0,0.0,2.857169016077493,0.0001719281142759841,-0.0001325480480818397,-2.6192496772415195e-05,716.8904615996585,716.9007882353812,716.8687621817368,716.7889119511693,0.0,0.0,0.0
0.41600000000000015,0.9999864365270457,-17.99999156236288,0.04907075575789182,0.0003835100987001537,0.0010310533239070844,90.00136963586172,1.0,-18.0,0.2444608221996299,89.99999999971945,6.477856427020349e-05,9.942801375487644e-05,0.3352148841432573,0.0,0.0,0.0,2.954291018651404,0.00010034141836308388,-0.00012098847944993238,-2.78655320520309e-05,718.8786911473319,718.8732917833065,718.8340762790161,718.7761911162473,0.0,0.0,0.0
0.46799999999999997,0.9999817452347969,-17.99998765871719,0.06938310883188571,0.003433035985794332,-0.00026579394661776557,90.00137141452944,1.0,-18.0,0.2924195984772763,89.99999999971945,7.684231903152954e-05,0.00010389589960284559,0.4282905459041041,0.0,0.0,0.0,2.9250338474374225,-2.1402011250160034e-05,-8.209533796702618e-05,-2.7901719416183492e-05,718.2942292532148,718.2671414750656,718.2176206736103,718.2017341806198,0.0,0.0,0.0
0.52,0.9999790216667837,-17.99998398895648,0.09451995996715008,0.006611684753216603,-0.001999259708551121,90.00129791365609,1.0,-18.0,0.3416788632904029,89.99999999971945,8.129982148263824e-05,8.667077864233521e-05,0.5203402261189545,0.0,0.0,0.0,2.7933045190618797,-0.00017268350952518572,-1.64293115631351e-05,-2.6406328867521707e-05,715.6169293640155,715.5672479682852,715.5041075903539,715.5451606423471,0.0,0.0,0.0
0.5720000000000001,0.9999799252256704,-17.99998148534837,0.12431372959853765,0.008965781717237116,-0.003933279770901721,90.00115826559113,1.0,-18.0,0.3918432295534576,89.99999999971945,7.429763413209755e-05,4.148092699910113e-05,0.607785037736475,0.0,0.0,0.0,2.5868980326357827,-0.0003203621326792147,7.087604569501411e-05,-2.3565159954258683e-05,711.3912212643827,711.3252892566134,711.2459982851985,711.3494001020531,0.0,0.0,0.0
0.6240000000000001,0.9999856035047197,-17.999981153541366,0.15844244501652363,0.009466846673425193,-0.005725842728907538,90.00096465551422,1.0,-18.0,0.44262887758017755,89.99999999971945,5.2128149718434874e-05,-3.429914050086632e-05,0.6881043370442439,0.0,0.0,0.0,2.336251151752305,-0.0004235484492628573,0.00016984838633607373,-1.962612268959755e-05,706.2159656386422,706.1484285779408,706.0524020346355,706.2103805590092,0.0,0.0,0.0
0.6760000000000002,0.9999961590330002,-17.99998387780286,0.1964827810122691,0.007226612438690907,-0.00699610218375521,90.00072523562535,1.0,-18.0,0.4938354933521529,89.99999999971945,1.2342043527153251e-05,-0.00013683838248098543,0.7597563128118152,0.0,0.0,0.0,2.0697157444252987,-0.00043976986973351184,0.0002674064275133265,-1.4755075276912821e-05,700.6583094102656,700.6120615588974,700.5018053527233,700.6915624218766,0.0,0.0,0.0
0.7280000000000002,1.000010248130809,-17.99999022081319,0.23796306346581955,0.0018946148193794063,-0.007311885547469292,90.00046853717515,1.0,-18.0,0.545323807075738,89.99999999971945,-4.595101312770721e-05,-0.0002515849870690484,0.8221235277065192,-0.00217999931424185,6.059565695296675e-05,-8.282998313821797e-05,1.7939089127518884,0.0004995362932429925,0.0003235638319562778,2.0190531772511992e-05,694.6979062879677,694.9206089544027,694.8861850708792,694.8385765976784,0.0,0.0,0.0
0.7800000000000002,1.0000250619993936,-18.00000021881069,0.2823902205114102,-0.0040781883426759796,-0.006325215386699386,90.00028681635443,1.0,-18.0,0.5969983116619324,89.99999999971945,-0.00012000460443212235,-0.0003307389206361912,0.8749256836674342,0.0,0.0,0.0,1.524118654025612,-0.00017629641112523365,0.00039045087023821854,-5.835344065804628e-06,689.1134271355869,689.1718464353353,689.0498518210815,689.2044585626771,0.0,0.0,0.0
0.8320000000000003,1.0000375626680642,-18.000013242595713,0.3292716048624363,-0.008981272465954556,-0.003876102465260407,90.00008659473845,1.0,-18.0,0.6487943519941037,89.99999999971945,-0.00020218934704705808,-0.00034766176180512254,0.9183909758689411,-0.0008530342740969991,0.0005378276229267375,-3.425319288024173e-05,1.271643567333454,0.000328531446724728,0.00017635649910049516,1.0529751325601135e-05,683.6733214434761,683.8121377951203,683.7918009928778,683.7499629940148,0.0,0.0,0.0
0.8839999999999999,1.0000452942685885,-18.000027952521506,0.37813935490762624,-0.013244117256397016,-0.0001138313064039314,89.99992896771126,1.0,-18.0,0.7006687011803812,89.99999999971945,-0.00027973498216811324,-0.00031681465012198625,0.9531085671927855,0.0,0.0,0.0,1.044160226815821,0.00020270703736190144,0.0003167736441113076,1.4451609736060984e-06,678.8007172128382,678.9445703835039,678.860745139686,678.8923319714867,0.0,0.0,0.0
0.9359999999999999,1.0000463266894588,-18.000042427114156,0.4285626030079391,-0.015417303085197674,0.00460486217696034,89.99977172237652,1.0,-18.0,0.752592813273509,89.99999999971945,-0.00033730167665923963,-0.00022403621100360987,0.9798972966873458,0.0,0.0,0.0,0.8464036864836526,0.0003826537483570505,0.00018967632468556284,4.644349999088174e-06,674.5156194210924,674.6751123959161,674.6348426207845,674.5810660144397,0.0,0.0,0.0
0.988,1.000039787702907,-18.000054338618035,0.4801614508939179,-0.01530359552054572,0.010318146801552798,89.99963659787385,1.0,-18.0,0.8045480718714191,89.99999999971945,-0.0003678972555050316,-8.40676406945183e-05,0.9998291988629175,0.00042430614935401857,0.0020052227410892196,-3.924377795957731e-05,0.6793373604161523,0.00035671891301838665,-0.0007810722395041051,2.147587146983177e-05,671.0008468543557,670.8819469876157,671.1592714600455,670.8405007194543,0.0,0.0,0.0
1.04,1.0000259653215038,-18.000061021279556,0.5326130386400952,-0.012377454976463179,0.015364160437943263,89.99956394128324,1.0,-18.0,0.8565224933733969,89.99999999971945,-0.0003414983253613793,9.125349363415176e-05,1.0139726766126427,0.0,0.0,0.0,0.5423681173170305,0.0005794412087293812,-0.00024410446991608739,8.87169953782163e-06,667.9197177500695,668.0140943953352,668.1070590740559,667.8752900919001,0.0,0.0,0.0
1.092,1.0000064750206004,-18.00006019990983,0.5856479640410174,-0.006860150129563192,0.018390141188216445,89.99952427620357,1.0,-18.0,0.9085084704357087,89.99999999971945,-0.0002440325842998207,0.0002753426178991861,1.0233468788177555,0.001980774849531739,0.000658271971376462,-7.095287246811775e-06,0.4338330257942715,-0.00021728328401188777,-0.0007216415878601059,1.2224793479781665e-05,665.7147305029789,665.4495341579136,665.6869374008913,665.5444901884774,0.0,0.0,0.0
1.1440000000000001,0.9999840034130186,-18.000050643286606,0.6390490762947174,-0.0009134969625910421,0.018582896771725553,89.99951649668613,1.0,-18.0,0.9605012471176994,89.99999999971945,-8.22374899501164e-05,0.00041531697337398666,1.0289340602881505,0.0021691665198867094,-0.0003065988418310756,2.581095657631769e-07,0.3508655036399215,-0.0003800790289214812,-0.0005269139470512098,9.744348719167986e-06,663.8887533109685,663.6318729000261,663.8079515925152,663.7663663877566,0.0,0.0,0.0
1.1960000000000002,0.9999614986117342,-18.00003244248898,0.6926478707033742,0.005073796441308718,0.01624575030750553,89.99952698475313,1.0,-18.0,1.0124979011985418,89.99999999971945,0.00011493393151438839,0.0005023489905902951,1.0316383193621212,0.0017380572171705878,-0.0010773363422955328,5.922421908772373e-06,0.28987976330650334,-0.0003558779149472728,-0.0003442701646151352,7.4983635999149775e-06,662.5179153990999,662.3192163671215,662.437617024487,662.4409111514807,0.0,0.0,0.0
1.2480000000000002,0.999941735612199,-18.000006883119397,0.7463178981041483,0.009322784617510557,0.011795367986999063,89.99955579816393,1.0,-18.0,1.0644966733149472,89.99999999971945,0.0003184851051182286,0.0005104370822823452,1.0321997539041299,0.0013309858875552507,-0.0017933225852140755,1.1259135612869179e-05,0.24759871925408028,-0.0003431151484831413,-0.00010912478416684934,4.99710228328983e-06,661.5523094325979,661.4237851311328,661.4686091435881,661.5351066332813,0.0,0.0,0.0
1.3000000000000003,0.999926713352351,-17.999976218073538,0.7999689236215005,0.01224195934579187,0.005857411902712789,89.99959141717368,1.0,-18.0,1.1164965302517906,89.99999999971945,0.0005012179357702244,0.0004620097847295972,1.0312837117113554,0.0007077760205396865,-0.002066080449073784,1.312699589998236e-05,0.22035005456459622,-0.0002498516353430857,3.11268156890761e-05,3.6021560907254945e-06,660.918474025027,660.8562570397924,660.8573658321324,660.9372898601877,0.0,0.0,0.0
1.3519999999999999,0.9999177055387447,-17.999943324212076,0.8535403982129093,0.013286524694466749,-0.0003166101486253785,89.99963163267286,1.0,-18.0,1.1684968843679675,89.99999999971945,0.0006320887406959244,0.0003617058417060894,1.0294021865392784,0.00013830449297089838,-0.0020535463536756663,1.4404184615203199e-05,0.20503426412551562,-0.00015381109454951918,0.00011630743067178161,2.325652180851142e-06,660.5555158589982,660.5448423743802,660.5181762923478,660.5950508571674,0.0,0.0,0.0
1.4040000000000004,0.9999151158162838,-17.99991115625834,0.9069957370374652,0.012989895322749636,-0.006316672733996664,89.99967810257547,1.0,-18.0,1.2204974158561033,89.99999999971945,0.0007032904119268042,0.0002344305102744068,1.0269790082348549,-0.0002471819350352151,-0.002056568171426236,1.844881175490955e-05,0.19866153572839274,-0.00010585702689502344,0.0002564261417325221,-7.117691395746048e-08,660.3909816534394,660.4338423293792,660.3606499390469,660.463776706956,0.0,0.0,0.0
1.456,0.9999186956135893,-17.99988256621985,0.9603168136972159,0.011729754857554304,-0.012380562630706138,89.99972416825113,1.0,-18.0,1.27249796188242,89.99999999971945,0.0007212262755754187,9.816993844479797e-05,1.0243252654112607,-0.00015246557119281186,-0.0005832647659277869,4.567745310276485e-06,0.19876375876152252,-0.0002191859879094263,-0.00011234797927072706,3.9727416027439906e-06,660.4562688565017,660.3618946443585,660.4048729989876,660.4352849205218,0.0,0.0,0.0
1.508,0.999927739606155,-17.999860314107078,1.0134989989119165,0.00947648784749662,-0.01788318881519153,89.99977954321886,1.0,-18.0,1.3244984486536715,89.99999999971945,0.0006771533665437081,-3.826129570954276e-05,1.021668027829826,-0.000958229832198128,-0.0018729587137907699,1.8356737700066816e-05,0.20326852026424724,4.735916530483581e-05,0.0006245139909971586,-2.1019676909254223e-06,660.4216099055868,660.6128335055159,660.4292730952766,660.5935401062485,0.0,0.0,0.0
1.56,0.9999410843380525,-17.99984688807747,1.0665471551842274,0.006260705674412689,-0.02260585749276002,89.99983024230869,1.0,-18.0,1.3764988506491465,89.99999999971945,0.0005747891663074299,-0.0001660823767878229,1.0191608794007057,0.0,0.0,0.0,0.21052190197768006,-0.0003211747777825784,0.0001816227767671876,3.453749813229957e-06,660.6899578963664,660.6502488224135,660.6081215783673,660.7511889401749,0.0,0.0,0.0
1.612,0.9999571066969404,-17.999844364143502,1.119472318734906,0.0016081310351285778,-0.02617537190849915,89.99989026712676,1.0,-18.0,1.4284991667760278,89.99999999971945,0.00041614793924359,-0.00028284892356508654,1.016901681515478,-0.0015889626471659525,-0.0009173288608313616,1.583972539039455e-05,0.21921921286235957,0.0003575218245334897,0.0008318056462528207,-3.4514544207534474e-06,660.7029461255679,661.0412619993625,660.795117609145,660.9300342430822,0.0,0.0,0.0
1.6640000000000001,0.9999736165631203,-17.99985419228381,1.172289159583125,-0.0035350619251156594,-0.02757801836748027,89.99994264605645,1.0,-18.0,1.4804994068808617,89.99999999971945,0.0001994376138831437,-0.0003642877226244031,1.0149423118962904,0.0,0.0,0.0,0.22838998362970564,-0.00013123262572235152,0.0007580218430324734,1.1668721970535465e-06,660.9794967519006,661.1577400957325,660.9453984213006,661.1982791561816,0.0,0.0,0.0
1.7160000000000002,0.9999881384711499,-17.999876805621856,1.225013881127859,-0.009255012139883311,-0.025997082636839246,89.99999454449706,1.0,-18.0,1.5324995844656653,89.99999999971945,-6.731973133144557e-05,-0.000406808649720923,1.013298350236222,-0.0018620307008681224,0.0009793665966502747,1.3723775501755905e-05,0.23736976682937083,0.0007710152424112852,0.0005990033151552375,-4.813703754774158e-06,661.0807180179464,661.4701955337143,661.2866297164211,661.2377280990179,0.0,0.0,0.0
1.7680000000000002,0.9999981203437481,-17.99991123152446,1.2776627886398726,-0.012787348592083319,-0.02119525821529563,90.00002888593666,1.0,-18.0,1.584499713025486,89.99999999971945,-0.0003602841127373511,-0.0003695237456558172,1.011964971065602,-0.0007951134864490692,0.002085156670628322,1.1320159544000883e-05,0.24568996121098685,0.0005345163816054529,0.0002957682560854308,-4.6498648622825125e-06,661.3412075025843,661.5771804899497,661.4802816615099,661.4124263749213,0.0,0.0,0.0
1.8200000000000003,1.000001954562674,-17.999954997951807,1.3302514022081182,-0.013356116864699915,-0.013660649599833267,90.00005051673948,1.0,-18.0,1.6364998044288215,89.99999999971945,-0.0006445931732512111,-0.00025998321073734634,1.010919882358172,0.00021750997424338953,0.002718528094120623,6.397629045784461e-06,0.25307730909318416,0.0002672025989304545,6.30105331324458e-05,-3.3235286231689354e-06,661.5737307940421,661.6675568883601,661.6404725209056,661.5824529934413,0.0,0.0,0.0
1.8720000000000003,0.9999994589427762,-18.00000443997563,1.3827938090896326,-0.011441788362357382,-0.005237618944485226,90.00006321663507,1.0,-18.0,1.688499868396729,89.99999999971945,-0.0008705738918896751,-0.00011194443390791234,1.0101319801219824,0.0008597315091217764,0.002864210867020616,3.944145430381127e-06,0.2593898155152221,8.02884496983953e-05,-6.531110577044164e-05,-2.7014933205917578e-06,661.75714505511,661.7613997959595,661.7724911840746,661.7311290196582,0.0,0.0,0.0
1.924,0.9999916140614103,-18.000055479955368,1.4352832267234668,0.003098422944297435,0.003215162026321938,90.08083566415795,0.9999999220593063,-18.000000669149372,1.7404999125307015,108.40805290675289,-0.0010184829111910133,0.0001596541656519594,1.008310028000007,0.015556727641535855,0.0027821992972279753,0.07855585422065502,0.2774992373228091,-0.005935814826391183,-0.00017810001934009142,0.08,541.6349844610819,539.508783659978,763.9361802035484,765.3517432984158,0.0,0.0,0.0
1.976,0.9999906299181455,-18.000104021320116,1.4876559965379603,0.1554766114128285,0.010195117615206173,90.49007936071605,0.9999992733026183,-18.00000523781046,1.7922370210453975,108.40795660896211,-0.0010682131979722865,0.0021446250971495127,1.0069063724607032,0.0723673388086781,0.002313052027124596,0.1701564140777251,0.2868141737355945,-0.032585966031040144,-0.00017985693641800297,0.08,546.4913748599291,535.1013237001778,760.8303667536915,768.7958095638324,0.0,0.0,0.0
2.028,1.000065847521799,-18.000146095774365,1.540015554099554,0.4077040492133368,0.013275430230903293,91.1227446261349,0.9999980873180494,-18.00001668262101,1.8400654457389551,108.40793367650059,-0.0010187911205174981,0.004230980311484605,1.006737821055299,0.08646188044160427,0.0019902991879288756,0.24024056084773454,0.15952012330432552,-0.0472481722939585,-0.00017947161612357453,0.08,545.6151184355846,529.0216103257516,756.5666789296242,768.1732723455134,0.0,0.0,0.0
2.08,1.0003299449825422,-18.000177367515015,1.5922595325299946,0.6350407791612345,0.01131453824670518,91.95871618626626,1.0000025248761657,-18.000035247570114,1.8804669274779404,108.408296319156,-0.0009305009063569481,0.003775698289592091,1.0023070736616397,0.06663849610086961,0.0019418998692346846,0.30774073055762796,-0.1599029009138988,-0.050502108217793815,-0.000115193305307888,0.08,537.5585642736032,519.5555401940495,749.9620438807426,762.4878336497799,0.0,0.0,0.0
2.132,1.0008805587310698,-18.000192910672393,1.6439702406223673,0.7810561969964465,0.004350150981834005,92.99380488157793,1.0000302402185575,-18.000058996728672,1.9127221006331419,108.40936102904256,-0.0009057162644935236,0.0001950021187018569,0.9874113709751706,0.036642439659633756,0.00209529337401892,0.37417226861891745,-0.620706108277643,-0.049686650828252805,0.00015636006397792943,0.08,524.6913309528849,506.63442420567213,741.0003024453556,753.5393677165789,0.0,0.0,0.0
2.184,1.0017709356206148,-18.000188064862698,1.6944438908634094,0.8373740640682301,-0.0062455606131826946,94.22498843490897,1.00011888174421,-18.000084795075747,1.937492695194252,108.41163585771346,-0.0010670493429218756,-0.00585906245510478,0.9572784366173342,0.007273820465505834,0.0025579362217124715,0.439563656781672,-1.1328862784303606,-0.04800240148536412,0.000683212956105624,0.08,509.8146060936508,492.0566194092628,730.9751277212293,743.3906148851464,0.0,0.0,0.0
2.236,1.0030084226719422,-18.000159433710824,1.7428178798734113,0.811911544564028,-0.017658154977330778,95.64885828383024,1.000310427930829,-18.00010886322941,1.9559718875095369,108.41491733531738,-0.0015315795615355205,-0.013374100741864764,0.9101130881017347,-0.01853661757610866,0.0035505887886665664,0.503712160560385,-1.6134779396789192,-0.045913772612193725,0.0014086643028814517,0.08,495.30117185230284,478.11095114214373,721.4722758275706,733.6993130758559,0.0,0.0,0.0
2.2880000000000003,1.0045639416957481,-18.000105419494485,1.7882261765991248,0.7116815339649445,-0.025389586592561172,97.22464962911054,1.0006608952681308,-18.000126961763034,1.969444447485329,108.41977062618571,-0.0023705332835622004,-0.021364229368568476,0.8467240365865235,-0.045618835457839194,0.005220654100312902,0.5347887120263004,-2.001885376345361,-0.040798088705626956,0.002178848786997695,0.04317586598776673,547.8672145427095,534.4514034634216,665.3271633786749,677.3616738069009,0.0,0.0,0.0
2.3400000000000003,1.006378854566323,-18.00002686754207,1.8299048397325843,0.49697780383281787,-0.023392219161393845,98.79963210232668,1.001203581436968,-18.000135231788384,1.9790811110268332,108.42534848356497,-0.003515998207383688,-0.02936420821715936,0.7699417262432499,-0.09081125824385718,0.0071082579100359145,0.5216403194567361,-2.264117899405787,-0.023842983441400574,0.0028417077786228036,0.015124418327436481,583.4701611596317,576.6639436709239,621.9037721827922,629.9184829573703,0.0,0.0,0.0
2.392,1.0083563528001853,-17.99992958512681,1.867303263564269,0.15259530633221882,-0.00803256306897647,100.30421821249317,1.0019800598936477,-18.00012954969345,1.9858613204030369,108.43236346614849,-0.004784943886429558,-0.03620506554983362,0.684281647117467,-0.12952033585164052,0.008764987030720331,0.4921722265941984,-2.395526931425608,-0.0024860915672810374,0.003208963072165104,-0.005675904342184448,608.7024243707589,608.9256349626583,590.6217894538981,592.4317197438752,0.0,0.0,0.0
2.4440000000000004,1.0103587163382057,-17.999826897402922,1.9001055382510816,-0.26446330749975,0.021970920882154698,101.70194548882118,1.0029875087117492,-18.000108031961243,1.9905620541967308,108.44719461432166,-0.005927636205699003,-0.0399364412814718,0.5942284944529435,-0.14345017944233923,0.010242392097738374,0.4526510263089566,-2.405053897532717,0.015814471872865173,0.002922700123355715,-0.021238759251761358,628.7314218865873,634.309121133239,568.8629922925703,564.5865881380872,0.0,0.0,0.0
2.496,1.0122267406528191,-17.99973823828025,1.9282176191679645,-0.6753641275117337,0.06504241930610398,102.97016516274009,1.0042246628033895,-18.000069519323496,1.993777241743015,108.45395696547904,-0.0066770831069588865,-0.039252805785266576,0.5040050983397228,-0.13157772171112664,0.011378664498056117,0.4072966229862362,-2.3119583232844634,0.02871023603719922,0.0017943480684657776,-0.03130940894472211,643.6172355657246,652.4663627022046,557.294926206599,548.1402333215768,0.0,0.0,0.0
2.548,1.013805603516743,-17.99968455751494,1.9517399118957228,-1.014037955280045,0.11636160445417291,104.09800256733482,1.0056381090090551,-18.000017176335735,1.995948373820355,108.46025339427202,-0.00681008967919913,-0.034012197308251016,0.41718188903938563,-0.10050317542842144,0.011596489744426073,0.3594285060834489,-2.140157719378203,0.036149067197187024,-1.935977943508336e-05,-0.037611247239260126,655.5622659255974,665.8423570401463,553.0417356382935,540.6074763950305,0.0,0.0,0.0
2.6,1.014966454978934,-17.99968317942089,1.970929787009813,-1.2379100619281862,0.16833682525014165,105.08216527061825,1.0071708193199875,-17.999956474666078,1.9973963845320741,108.46466332418153,-0.006202275436000948,-0.025044129165570434,0.3365377602119277,-0.058387369448939665,0.010176027307895422,0.31139851371628097,-1.9146653205699553,0.038743302575899696,-0.002091269721916887,-0.04084651961066567,664.983071803879,675.2651562559168,554.4760875676973,540.4540887160437,0.0,0.0,0.0
2.6519999999999997,1.015621405910342,-17.999743923802953,1.9861583951137174,-1.3285079655717587,0.21211668715800713,105.92603601768162,1.0087272007764991,-17.999896713043395,1.9983502602015535,108.46756458484494,-0.004864013064325499,-0.013746031245670481,0.2638241090222905,-0.013096122679470154,0.006749284963436131,0.26500207443942353,-1.656997936600622,0.037378777187204816,-0.003922660059366251,-0.04181169949252138,672.3981004817362,681.6877149035669,559.7489927538662,545.7016509751111,0.0,0.0,0.0
2.704,1.0157317638549037,-17.99986733631003,1.9978704455822445,-1.2891085730545317,0.23950267414883744,106.6367049605966,1.010214181757806,-17.999848834322858,1.9989707584948548,108.46834467906979,-0.0029404215994712933,-0.001691789512067243,0.20016432281423796,0.028637522879333216,0.0014030730773346458,0.22139190111072643,-1.3870575758938508,0.03321379266601445,-0.005071884097070974,-0.04100267039583807,677.8867964051691,685.6466955904023,567.5578389383785,554.7315860375735,0.0,0.0,0.0
2.756,1.0153095750336223,-18.000045208837225,2.0065474055010957,-1.1393301152655224,0.24473541627657072,107.22406332206945,1.0115301264454428,-17.999823507008426,1.9993691106817555,108.46713867877153,-0.0006797653074158584,0.009680652177433115,0.14580368299612767,0.06217918308699032,-0.005177236239686236,0.1812683276561897,-1.118914382041606,0.02734476821598148,-0.005304784410665307,-0.03894054159600684,681.7112294365708,687.7622133383175,576.7613126179731,566.019373561598,0.0,0.0,0.0
2.8080000000000003,1.0144130185562241,-18.00026295078553,2.0126767500491978,-0.9092911680613146,0.22572754681594007,107.69944948174329,1.0125878476420271,-17.99983026890473,1.9996212543378067,108.46428764787578,0.0016195966808621465,0.01926200439984916,0.10065801843325137,0.08474508691606483,-0.011975005361856205,0.14520971367036623,-0.8647495708975845,0.020873095437813308,-0.004604801668161591,-0.03600619089791896,684.0003134824603,688.4569940121804,586.5781440126383,578.3551330513308,0.0,0.0,0.0
2.86,1.0131367533813482,-18.000502977964803,2.0167284226024487,-0.6332328257630114,0.18434817331091471,108.07493570394615,1.013320618289659,-17.999874265772338,1.9997783763274568,108.45963498337835,0.0036673510558552745,0.02635636545568541,0.06419862081156177,0.095711969099143,-0.017864360352382442,0.11317685845326333,-0.6326406431475328,0.014614050612240206,-0.003155759835241057,-0.03278602415208483,685.2996694085019,688.4357346516358,596.047002202106,590.4158535785022,0.0,0.0,0.0
2.9120000000000004,1.011599028718956,-18.00074814745176,2.0191361151205,-0.3409198200951105,0.12245449124181718,108.3434057378344,1.0136544979710305,-17.990062510465098,1.9998745549770065,-39.252847433676685,0.005226054496580581,0.030678897161343706,0.03549149947285088,0.10247625364692685,-0.027574574325062155,0.057189122315522166,-0.4261038917072644,0.2677423284108494,-0.26186247403247565,-0.08,750.33810271775,751.8098126204835,609.2717503292872,414.8368385735754,0.0,0.0,0.0
2.964,1.0099498516811065,-18.00099174807106,2.0202041414652263,0.732457924483857,-0.5079831294877024,108.29792351626878,1.0134112111792624,-17.91351496121226,1.9999321994522559,-39.20523710597158,0.005245751855106383,0.03124226198553267,0.010989490549336282,0.6707365605099701,-0.42913603980744475,-0.05527678470841174,-0.21930885823478613,0.36990806489167394,-0.39233329190307853,-0.08,757.9043350132365,752.3213903214937,648.8731541642449,366.6694571635035,0.0,0.0,0.0
3.0160000000000005,1.008795028406808,-18.0013708685938,2.020271404135246,4.130254259263269,-2.768768201101098,107.92558802484777,1.0127452855735624,-17.805948962119505,1.999965860168862,-39.15441034731264,-0.006201075681556434,0.014014981273499908,-0.005397811334256734,1.3540851408673757,-0.9240398257936263,-0.11722590209657775,-0.06086274216145124,-0.04199791366810568,0.0924029907396679,-0.08,752.9461922710353,765.4276101126356,508.60167606046224,556.0648662981624,0.0,0.0,0.0
3.068,1.0098030459661527,-18.00235395582288,2.019642004515429,8.20907490754705,-5.439525432057012,107.16106882265821,1.011842856676059,-17.697639310435722,1.9999848600861982,-39.00649821627788,-0.040309191758830874,-0.037603391796095606,-0.007872546765847475,1.2594401483993352,-0.8534152205160395,-0.18637663224170875,-0.016949182069933344,-0.18491365493284673,0.16401337004040192,-0.08,765.7763054830803,760.6281587149821,473.7374177265218,596.3369941231043,0.0,0.0,0.0
3.1200000000000006,1.0150014922939152,-18.004540703246313,2.018419326891116,11.26526796157427,-7.403129736130738,106.2541661241392,1.0109504006510708,-17.60211724432892,1.9999950877655612,-151.97166221153313,-0.0941375812061545,-0.12078963514199348,0.004512045131609023,0.7904021221320892,-0.5589521153614465,-0.1196603050353452,-0.09992733989978922,-0.5082438266560396,0.6127084468316166,0.08,523.0706734885423,559.3566507330486,612.3509040873316,892.4308134538867,0.0,0.0,0.0
3.172,1.0257850599987883,-18.00837483331926,2.0161708488934162,12.000104265646275,-7.659434088058289,105.93144570603707,1.0105260245317251,-17.523952075684733,2.000000203852635,90.6385692681327,-0.15957041793657195,-0.22186566442415323,0.015796357264479886,-0.2763700592453691,0.29224961425779716,-0.1427377989340135,-0.13944102861322213,-0.43739334386650564,0.8,-0.08,688.4021172300329,781.1731273809396,323.6073319088051,754.95742173644,0.0,0.0,0.0
3.2239999999999998,1.0423652693657637,-18.01384928742856,2.0129741284834806,9.136359579582077,-4.735817926940855,105.8242568285116,1.0111844417411728,-17.46324315383142,2.0000024428942704,91.04915538184949,-0.2139104656810042,-0.31729990934902313,0.005475981470978638,-1.3168222056897634,1.3765867754903096,-0.2501819333604642,0.06307977722810057,-0.0012762703798748776,0.3390560990483673,-0.08,722.4703996667686,805.5823920710465,478.5622478888857,597.4789112174745,0.0,0.0,0.0
3.2760000000000002,1.0632022700126647,-18.020092442591004,2.0094741722921245,4.729899248486642,0.545769132999725,105.59227239747074,1.0136743085703923,-17.418147324588006,2.00000313965557,91.67564759189808,-0.22810147541427198,-0.37901030221894144,-0.033285634466444385,-1.4951480298884356,1.910240719155722,-0.3158413012538537,0.554104293553998,0.18184820044990985,-0.09813377996998496,-0.08,760.6436166663423,781.0594856484097,595.3895927716868,499.2196612316962,0.0,0.0,0.0
3.328,1.0857339426174664,-18.0253801211396,2.006334529256584,0.6718338950756343,6.259912945490768,104.7944463820554,1.018539766572004,-17.386090743234664,2.0000030702283746,92.36283037688301,-0.18683635820871103,-0.39903627414919585,-0.06651579435444839,-1.2124349172712514,1.8350300924399796,-0.38236864701111584,0.9795719781271945,0.18923052155247316,-0.32039573496732326,-0.08,795.3964657885982,763.7667394739066,641.3588866426036,468.75404455286315,0.0,0.0,0.0
3.3800000000000003,1.107449020594082,-18.027637354066574,2.0042044621879476,-2.423454619551934,11.010541976764653,103.46001041509896,1.026075921402654,-17.364355413634616,2.0000026701603293,93.13992407386512,-0.0968559526046138,-0.3852011779951085,-0.06483241922573735,-0.7550449057863056,1.4171957507317887,-0.434092284258477,1.0308151733785433,0.3656854144985362,-0.36866297900650113,-0.05312555068392972,753.1288454309584,752.3852363268724,714.4786025844899,484.1250637849086,0.0,0.0,0.0
3.432,1.1264527105253104,-18.024985365694995,2.003325824389809,-3.802968863328543,14.238539518445242,101.96822660250719,1.036041337049287,-17.35023533392701,2.0000021719317744,93.81780543654881,0.02439941071959442,-0.3507322851620904,-0.025116121340911273,-0.1597190938594351,0.8987603729296302,-0.4155026717974408,0.6694903433502559,-0.08083701205763164,-0.31135105956412246,-0.015423688669291412,753.0724397462482,647.8132499737119,693.0651135341585,627.431161216495,0.0,0.0,0.0
3.4840000000000004,1.1418726760878897,-18.01609815404902,2.00336575975106,-4.6476114966134,15.984298396976817,100.61792652045105,1.0479216022959983,-17.341103925314254,2.000001690210258,94.45531652281544,0.1616682978056462,-0.307033244508421,0.02686342286621577,-0.20022430052679935,0.4418366855123099,-0.3768395908637897,0.1586861752775749,-0.027494817897289303,-0.21252304731985777,0.011360447674642957,691.6049961908799,622.9565042925816,713.8004590112141,663.2824476071603,0.0,0.0,0.0
3.536,1.1534005041908026,-18.000384366461965,2.00365035013367,-5.652549835443823,16.60711800564943,99.47033550793226,1.0608585116821292,-17.334571391699157,2.0000012737435635,94.93476809806849,0.30481395608005274,-0.25484728459975686,0.07039054354625424,-0.22248879954579398,0.12481115114084192,-0.3300686151370187,-0.2771157806419432,0.0487207330334452,-0.11808958279790727,0.0278403165746165,636.3288181680495,615.4939874952994,724.5760143170668,679.9209795525107,0.0,0.0,0.0
3.5880000000000005,1.1608342930282025,-17.977847621736945,2.003460365872521,-6.3624630029694185,16.52893694646651,98.54344806598046,1.074034559493185,-17.328370964413566,2.0000009362494953,95.32805587074162,0.44689183117022707,-0.1944428530426175,0.1013821663525937,-0.0827813414359811,-0.059638659834085304,-0.27891894531886063,-0.5749317702764998,0.06785385972579726,-0.04378311682591841,0.03647458474252617,602.347555460206,609.8137178305294,722.2722932854231,692.6064160135769,0.0,0.0,0.0
3.64,1.164135326467198,-17.94877579288118,2.0022483614252287,-6.468310116571397,16.105566002713807,97.81278367724966,1.0865988225904466,-17.320807002524607,2.000000674296906,95.56949856217332,0.583631618055085,-0.1294054023076623,0.12072636853600842,0.11457369143562932,-0.14028167384974416,-0.2306718065886678,-0.7259425726608566,0.05535718474777896,0.005810748935587813,0.03901612385162119,587.987230784216,607.2290291011385,713.5659896304488,700.3911752049596,0.0,0.0,0.0
3.6919999999999997,1.1635032105569925,-17.913524921962022,1.999698054038913,-5.961928681029876,15.59091279996744,97.23479554547254,1.0978690025781448,-17.31024723099533,2.0000004772800226,95.69821097287921,0.7131143178801127,-0.06521593328644283,0.13099354581921452,0.2908541993412623,-0.15179768012029282,-0.18746011187410822,-0.7451732699986406,0.030451340911763145,0.03285656513258317,0.03792476544153207,587.5643941062445,607.4821980211638,703.7935922217042,704.4357629664349,0.0,0.0,0.0
3.744,1.1593545138280132,-17.872404740021857,1.9957217418796394,-4.9911331323817825,15.1335827910731,96.76693618485214,1.10728195502942,-17.295858258375166,2.0000003326946088,95.58581446847565,0.8352139960106889,-0.007175117216221954,0.13587419642240528,0.41208778021062287,-0.1257266084516483,-0.15131600599260508,-0.6659137037811835,0.017813575792062414,0.04294092810011772,0.03213288705263514,597.5653000574753,616.3821504797623,693.7235870573173,700.4997326346696,0.0,0.0,0.0
3.796,1.1522595897996792,-17.825636335065724,1.9904145711102281,-3.7363431658526114,14.799213749452058,96.3789950143913,1.1144263472811198,-17.27667435738069,2.0000002287007392,-19.432702618716238,0.9508656853106666,0.04084929327288624,0.13934788141747273,0.47665369366032806,-0.08569934622665558,-0.12257607771143837,-0.5301255466253778,0.03703502246646315,-0.01048649451135656,-0.08,755.7900780745914,762.3650309029739,541.0003586257635,524.2271454922924,0.0,0.0,0.0
3.8480000000000003,1.1428910804547054,-17.77338714983451,1.983844674410836,-2.1999150969842622,14.351201476991326,95.71938830908526,1.1191110545957268,-17.252514846085315,2.0000001551767568,-17.714472095801607,1.0613622197827355,0.08222677791585992,0.1360799621219953,0.7350928885176611,-0.25856656757187,-0.2773224934500345,-0.287644758935234,0.47407044170174756,-0.6100577802636448,-0.08,779.5059362143064,745.9896524076855,702.4316255765822,292.9100256512821,0.0,0.0,0.0
3.9,1.1321235123643147,-17.715841371254577,1.9763130413881849,1.1662094339300577,12.18033247401108,94.74234425517828,1.1212423982511708,-17.222841752656194,2.000000103978881,-15.91631302678147,1.164189778413871,0.11551583808534087,0.10397629513674715,1.4843810041174328,-1.120671141831652,-0.3467132388256203,0.2684763973669704,0.0382209975527632,-0.7025989053584443,-0.08,848.2327433875989,685.3494816000282,664.3850084693396,403.57361788153065,0.0,0.0,0.0
3.9520000000000004,1.1216567685741181,-17.65380078310421,1.9687621781148874,5.639186139140734,7.088379041934861,93.27978133653784,1.1209747846517268,-17.187833771996015,2.0000000688181236,-13.709228755534264,1.2365331036919456,0.11634928193359392,0.014210322117125033,1.545094125537042,-2.0928334625415648,-0.3966687646616774,1.3906363778589779,-0.1817118513400527,-0.16726130793281024,-0.08,829.9240704786503,746.7033865174363,572.7054895509342,577.4294225956944,0.0,0.0,0.0
4.004,1.1138874466265904,-17.589429372761863,1.9626640279707908,9.344746369825103,0.33817092443424474,91.0651025147424,1.118561617870639,-17.147222530143523,2.0000000449827042,-11.417887775924754,1.2452849967356676,0.07614328660744277,-0.09005886743955317,1.085400068107631,-2.4168063965589033,-0.46042874549456264,2.6088851494358067,-0.1679605816780578,0.25391586767745444,-0.08,802.2002731015615,822.0967183413753,536.5753799447875,668.230169742057,0.0,0.0,0.0
4.056000000000001,1.111040898354494,-17.526054348758553,1.9598563534154732,11.813596665493447,-6.07108129344267,88.34321584804054,1.1146040358043556,-17.101579872535268,2.0000000290254922,-8.67424136905688,1.1852886842415327,0.009458878116495916,-0.14134198729566422,0.5901588758112795,-2.126367289700206,-0.5245123976734416,3.2030928470837003,-0.08619284305497873,0.5068965081260439,-0.08,778.1444374812424,873.8914348393764,529.7545798010357,709.6699911176772,0.0,0.0,0.0
4.1080000000000005,1.1145664529128494,-17.467329287282507,1.961615774894779,13.353612388308944,-10.777921939398432,85.54609578265668,1.1098989249893445,-17.05133831429308,2.0000000184735853,-5.849909005898518,1.078881575320255,-0.06917591201171855,-0.11366639579896728,0.25561311676250986,-1.4505902452315684,-0.5859188167559656,2.8777808788069894,-0.025342157314890007,0.5912583266830476,-0.08,760.3487485431679,889.3284788835297,525.4904366364354,712.7212424311592,0.0,0.0,0.0
4.16,1.124967209774607,-17.416097915991635,1.9679515717215648,14.277889931804932,-13.131002663330689,83.0663267952885,1.105478543385922,-16.99797305407726,2.000000011582606,94.40322401145153,0.9524234859711929,-0.1544189386496281,-0.027168475905920874,0.07051044540207282,-0.6216782231264907,-0.5599545730299252,1.8297232290913663,-0.25857118824990566,0.7403679129328512,0.08,525.2295960746102,676.027781771242,686.374187360865,920.1596381060427,0.0,0.0,0.0
4.212,1.1419475888077748,-17.373499724529257,1.9773489803871234,14.003635533392274,-12.866079123453591,81.67824919405038,1.1023989057355266,-16.942983606826587,2.0000000071403607,94.90821432188181,0.8222120771009236,-0.2522649478357826,0.0760071783572207,-0.5204703250881116,0.41454053592473905,-0.41629199879391887,0.5200582324536099,-0.7051304643426944,0.8,0.08,554.0312699975941,585.3375023257803,578.1827541134073,948.7881412441094,0.0,0.0,0.0
4.263999999999999,1.1646355119837708,-17.338914426999843,1.9881516729071962,10.147090706478785,-9.395326374777271,81.29335741204781,1.1015986599202137,-16.888454154847672,2.00000000431594,95.67458807870868,0.7024734190682115,-0.3511808798103589,0.15942567978731842,-1.9006577333289318,1.5787019558494773,-0.33502307251230634,-0.6414160078470937,-0.3339204007598866,0.4662027610699785,0.08,502.69550284367676,549.9442720955896,647.7778426762304,848.7926318502188,0.0,0.0,0.0
4.316000000000001,1.1908958420908453,-17.309902209844097,1.9985723371491846,2.995130961478464,-3.167751976890947,81.1540394842224,1.103813002388061,-16.83608077507572,2.0000000025470905,96.53876217136492,0.6148478457746068,-0.42123512824538734,0.17675972513661192,-2.571139637272988,2.2995709051647713,-0.24984308053631676,-1.143695321822352,0.1964303169886077,-0.08449963022176243,0.08,480.38095258515204,522.350368845179,772.710902706094,701.04010058907,0.0,0.0,0.0
4.368,1.2178216166717397,-17.283009664224377,2.007178811399016,-4.062271986052154,3.7810936033298383,80.47286507212873,1.1094010375062802,-16.787270915616233,2.000000001458063,97.5523687234514,0.5847931478044018,-0.42869861918355995,0.15437970699543152,-2.1203457248701336,2.273619789935114,-0.17109740014397987,-1.1993868821279834,0.3334257260113259,-0.379958414911291,0.08,509.54471114607287,492.07754201468,823.0796150900271,639.7184236762953,0.0,0.0,0.0
4.42,1.2429389652711686,-17.254837540182567,2.0133111613233967,-9.056981924571032,9.670136003435747,79.40609173258402,1.1183112744652026,-16.742590591102346,2.000000000800828,98.47343000288316,0.6164106838420971,-0.3755229438590745,0.14351705393054243,-1.302699737490585,1.7834183071856753,-0.09210452235191938,-1.2893141291461108,0.23880397713343443,-0.45045831367631584,0.08,544.8624711039474,466.15089375948867,824.0892989770883,648.05261347919,0.0,0.0,0.0
4.4719999999999995,1.2646623123704506,-17.222601205295806,2.0167006885606913,-11.903395322884624,13.764270475587647,78.49037592453054,1.1300153326196625,-16.701830120794273,2.0000000004136993,99.38572293816786,0.6953180703297637,-0.28549109669082473,0.15591271310437133,-0.6528410172387683,1.147997428110743,-0.012839517150931429,-1.5198088418913205,0.11422385635433205,-0.38626794308607876,0.08,557.6196495492554,456.78845271618934,803.9575312235,676.8834806986996,0.0,0.0,0.0
4.524000000000001,1.2822164772159217,-17.184417818528445,2.017091343462023,-13.23833781934505,16.104446346904442,78.05337978701134,1.143679588286124,-16.664103038189445,2.000000000192649,100.11376272746338,0.8045506804899629,-0.1792692427012618,0.1761773492512143,-0.28021749741216284,0.5768601809227067,0.06321673608409491,-1.7317469184079497,0.029728974374744324,-0.269683338011722,0.08,552.1468457548943,463.3004967439784,780.0676437547471,704.2240801639066,0.0,0.0,0.0
4.5760000000000005,1.2953319953542004,-17.139307997409787,2.0142435584459664,-13.700972475532875,17.09155464742253,78.147072994892,1.1583094935277458,-16.62795833428675,2.000000000071672,100.7630164274114,0.9303813384094777,-0.06949161879194507,0.18997923175335624,-0.1010161984867457,0.1608486394742842,0.13514810650660725,-1.7768804348028213,0.05544118935720728,-0.15322900744560825,0.08,528.7711894534846,492.78027799881716,770.003713642698,717.2511753302224,0.0,0.0,0.0
4.628,1.3039493170864873,-17.08694835330858,2.0081073775271046,-13.49874237406918,17.210762061336062,78.68430838536915,1.1729131012545089,-16.59189855826143,2.000000000009525,101.23011906688482,1.0626287636733553,0.0370502097859578,0.19396951079841118,0.1072206827457779,-0.09153151500168652,0.20511873275422965,-1.6206282430320977,0.09230980200384244,-0.0614980760670282,0.08,510.1536069938854,521.384111199929,766.4368380818887,727.7336475161331,0.0,0.0,0.0
4.68,1.308140090791882,-17.027394044145108,1.9989386813647387,-12.435862008478477,16.87705818704405,79.55334822700668,1.1866071635811772,-16.55420651499749,1.9999999999808822,101.59276317762355,1.194646322481858,0.13465520424154617,0.19057455427386535,0.3828490158860463,-0.2113909348408402,0.27442903564907123,-1.2947714108305863,0.06978296739998713,-0.000777545604363758,0.08,510.6707283238642,535.4712561617704,761.2382067206385,743.6087989840653,0.0,0.0,0.0
4.731999999999999,1.30822216480857,-16.960899801044604,1.9872904183797515,-10.544249951235265,16.378842441820943,80.6582222408443,1.1986674778256792,-16.51370272949306,1.9999999999705094,101.79827360077914,1.3229243254661411,0.21551946770102642,0.18318727947612123,0.614292876684107,-0.24163802344515153,0.3416630628469718,-0.8500697350001513,0.01903566950950858,-0.017583312998995487,0.08,532.3351739481994,532.8478196884569,763.5441211287216,754.4743241585213,0.0,0.0,0.0
4.784000000000001,1.3048163460395241,-16.88780702162003,1.9739267860766563,-8.107653140007333,15.779372666538515,81.95475389365534,1.2085319632277443,-16.469005960975764,1.999999999969468,101.89231155011599,1.4462510968866364,0.27210408631439387,0.1748328875221109,0.7362536742835882,-0.30064447202005773,0.4056712680927211,-0.34046033893193495,-0.03013092078201096,-0.12286349890098501,0.08,569.0175925267614,516.001649397913,777.762238953745,755.0153752073286,0.0,0.0,0.0
4.836,1.2987772240391777,-16.808517099195537,1.9597359687908245,-5.47634679430469,14.737549733401409,83.45546167515995,1.2158716463436896,-16.41963750991419,1.9999999999726799,101.87919758296283,1.5633941367285016,0.2995105264829356,0.16085047076827336,0.7436722376738137,-0.4887819663672546,0.46583205137023687,0.2514325929722263,-0.07073738736647095,-0.1567867335328492,0.08,592.6160568317252,515.4110623572537,785.5313646024836,764.660986056084,0.0,0.0,0.0
4.888,1.2910477931747335,-16.723607708819856,1.9457150249399313,-3.150176701390058,12.93733595940487,85.12819023222208,1.2204990946512657,-16.364621947576254,1.9999999999773872,101.78504300462305,1.6692628921752444,0.2959466655814552,0.13626515166191985,0.49903642743565424,-0.7579445221004354,0.5215438597792481,0.9425357511504127,-0.27235805682634134,-0.16151295671121263,0.08,637.0786469369581,492.6875555495572,771.9643573884346,798.5016312154734,0.0,0.0,0.0
4.9399999999999995,1.282410008327564,-16.633966184361018,1.9329863689495266,-2.034707995582748,10.300410385040918,86.9214192381212,1.2225092873646846,-16.304180285639287,1.9999999999821905,101.65246672432983,1.7552703965669676,0.2664292660038128,0.10371902757783424,0.17884926366554207,-0.9923628760318408,0.570886578891329,1.6710798001764966,0.06170951509761993,-0.035870466395799105,0.08,579.8905672949181,588.2075450433694,807.425911709618,784.3775733273795,0.0,0.0,0.0
4.992000000000001,1.2731986943495652,-16.540845736199852,1.9227517540841175,-1.0067103821307162,7.197822936278082,88.80709734685799,1.222049394022581,-16.23763860089701,1.9999999999864582,101.4849618738063,1.8130767034911837,0.2219168273309387,0.0688451342798472,0.2980023113781739,-1.0855579135713551,0.6054515794747968,2.343393117068947,-0.02852023381608959,0.04091862365629706,0.04377263442286396,648.5092724833019,652.0934455463745,754.8933313985133,771.9920852536619,0.0,0.0,0.0
5.0440000000000005,1.2637307860905194,-16.44579988710968,1.9161417826361498,0.06574576875766659,3.9944187598057512,90.61392483610463,1.2194879947284212,-16.16579930509401,1.9999999999899754,101.12852274078287,1.8382611062447787,0.16711497852000276,0.042523539124623755,0.26988213306114683,-1.0611852822336265,0.5848339949157243,2.8165994410621287,-0.13965519624134645,0.09441876065792265,0.006933816870926623,713.9913659254688,701.9797252582231,694.7115457225165,755.4018712671243,0.0,0.0,0.0
5.096,1.2544454968341383,-16.350503032716016,1.9140085030293517,0.4933719138045814,1.0094220183925202,92.26807367040836,1.2151102829303964,-16.08850200781204,1.9999999999927374,100.96168242166371,1.831802276448574,0.10777475362469668,0.03542076670487116,-0.027687034564552376,-0.9460436178047906,0.5431372763024706,2.958757735034796,-0.08051799275561425,0.17329261957574957,-0.015260600591664671,726.2338245651647,749.8648285438194,664.3439461676362,732.6536585206964,0.0,0.0,0.0
5.148,1.2455530177267649,-16.25654173444407,1.9167264231800616,-0.052093327243583384,-1.481530661968948,93.78541743757911,1.2093383298245968,-16.007036125541326,1.999999999994833,100.79601531233075,1.7985722317811699,0.05398438555392665,0.04922548945597707,-0.22820897409051746,-0.7448028366958758,0.493176476769285,2.7411167165761543,-0.03130168686085502,0.21200419932778214,-0.03168745545984508,731.1764441521733,776.2474385981438,637.9717545618392,706.0360220980822,0.0,0.0,0.0
5.199999999999999,1.2368611748079696,-16.165229144696315,1.924081590705118,-0.8654198103806552,-3.2228319290290757,95.16696674494779,1.202475206162288,-15.921781475209874,1.999999999996382,100.64950329807084,1.7455659199194997,0.012866493579231692,0.08033544729578483,-0.27517675677560466,-0.47546029995252076,0.4362695311539497,2.2055574856873736,0.05107208761419518,0.23777575559132574,-0.04245797617101397,720.4048258193852,792.2026412401414,618.8446133227704,673.1761151626604,0.0,0.0,0.0
5.252000000000001,1.2280399300322666,-16.077429364980507,1.9353053697191518,-1.7215722671143057,-4.077783791270201,96.38156282574202,1.1948857703860667,-15.834335693340762,1.9999999999975027,100.48226945708117,1.6805834027401958,-0.01383148811710778,0.12231302404599487,-0.23144315673495605,-0.1722432573631138,0.3767673036237257,1.4394832095738368,0.06268681570347487,0.2272370778964618,-0.04933073815887685,713.8013860548649,786.4597302065539,593.9188906901533,643.9004339185867,0.0,0.0,0.0
5.304,1.21876066860814,-15.993471459717448,1.9491959358647941,-2.319668762553684,-4.02170047075558,97.39713647195694,1.186764089453245,-15.745395012102275,1.999999999998299,100.30492670170574,1.6112803671846483,-0.026795100064911325,0.16668635075846985,-0.13904969537052955,0.12423013332674533,0.31727313302513316,0.5641155014522161,0.05471335879014824,0.1920738856286976,-0.05235722242618092,705.4158150618479,768.3744587966572,571.6438393883861,615.1600749478451,0.0,0.0,0.0
5.356,1.2088012698248554,-15.913175561727357,1.9643051411121204,-2.650070427843238,-3.164832950215945,98.20252772272264,1.1783072081994028,-15.656472630783872,1.9999999999988558,100.07468688428584,1.5448020549554027,-0.02883696222023314,0.20422974013888404,-0.06391293746863494,0.3653088873593843,0.25921467723347236,-0.2840018149367667,0.08789264824069552,0.11845664274921158,-0.05271305435343048,693.3165253603801,747.1757848408901,566.5924667113924,576.6442310324288,0.0,0.0,0.0
5.4079999999999995,1.1980385629805608,-15.835984943272566,1.979145265725747,-2.6720654609876897,-1.758170225968411,98.81430847969864,1.1695588025397052,-15.56817271338313,1.9999999999992397,99.81916707155865,1.487478284102775,-0.0227698161266204,0.22685152745348264,0.048995773658790355,0.5175250181960014,0.2061851918875896,-0.9780961514454978,0.030936751211359716,0.06901443016383321,-0.05144571277987477,691.0891364074838,717.7632972912506,548.7823524192271,561.6748478032148,0.0,0.0,0.0
5.460000000000001,1.1864443308862698,-15.76114511979057,1.99240316038447,-2.4532943084016265,-0.0346468793942357,99.26169798198657,1.160584573165842,-15.481519562276414,1.9999999999995013,99.49108842509955,1.4438940369865545,-0.012231150645952605,0.23246939829214336,0.0841423906628054,0.5981408929497183,0.15532346004684605,-1.4557807954884432,0.033358172270190625,0.022833129599472174,-0.04910477444870848,683.6015793654243,698.8834666805045,548.0304247952892,544.4080346367341,0.0,0.0,0.0
5.5120000000000005,1.17404851884095,-15.68784130255717,2.003103499811533,-2.174228358937055,1.8003654190656795,99.57121215942466,1.1513559646548097,-15.396716041333649,1.9999999999996767,99.1399917892534,1.4168636113465847,-6.2666725530579476e-06,0.22343821285355103,0.10058935585462855,0.6113082084777389,0.11046446335417777,-1.70887635363971,0.041035931007183,-0.01874763130092566,-0.046577216639599434,679.5358988969908,685.6741662274245,554.0055495791498,533.3334219867158,0.0,0.0,0.0
5.564,1.1608808658821173,-15.615280570161666,2.0106533716040165,-1.8106392343346622,3.5587539562761226,99.76574463788684,1.141892893600855,-15.31414853856465,1.9999999999997933,98.70672515158246,1.4072913474689335,0.012734223623227518,0.203895561501025,0.13316599195688317,0.5638565723781166,0.06808365564467253,-1.7588430016632124,0.039937752483238935,-0.052793146565660115,-0.044288749536386667,680.5814575811469,677.0212029893895,562.403280501277,530.5018356968384,0.0,0.0,0.0
5.616,1.1469879933038036,-15.542733569942738,2.014838084872649,-1.3450179798283513,5.0790585858208965,99.86139951253571,1.1321697048755466,-15.233606255657902,1.9999999999998697,98.25714661636805,1.4141235159566397,0.0247827371023716,0.1780383854837904,0.1671641572445869,0.4662881927401809,0.02993230588645549,-1.6397794476680587,0.032038408439122645,-0.0761452569444771,-0.04183255628102637,684.6531257240092,672.4332474595045,572.5954032065088,535.90135689058,0.0,0.0,0.0
5.667999999999999,1.1324572901539984,-15.469563673450828,2.0157703853423037,-0.8046915306148666,6.239159917367221,99.86753701869355,1.1222071092149866,-15.15495744510932,1.999999999999919,97.71621606515397,1.4345893219610226,0.03490799562073642,0.1493121835561996,0.1886050443754334,0.33339895982596063,-0.006521496220148734,-1.38887477833842,0.023642933922833495,-0.08724875063533342,-0.04003999365757619,690.8141353355197,673.2825978051867,582.8691167081486,545.9331518350211,0.0,0.0,0.0
5.720000000000001,1.117424100413678,-15.395255852779895,2.013825318181532,-0.23887383310115498,6.9661386618012875,99.78556199147872,1.1120139055524267,-15.077758917389804,1.9999999999999507,97.16834964673991,1.4647045472406037,0.04238065331274264,0.12025680188258259,0.19411415110002733,0.18262503601249916,-0.03969773766712837,-1.0428327079882511,0.0161981667388489,-0.0859290298116118,-0.037763632975959555,696.3841380703412,677.2984871358567,594.1261274639638,560.8812297576201,0.0,0.0,0.0
5.772,1.1020674636303085,-15.319445061486443,2.009570127630051,0.30597136165360445,7.2403286842234005,99.61150167654945,1.101631947779321,-15.001569757684777,1.9999999999999707,96.52502184606458,1.4999043752347874,0.047065585175633765,0.0927303355686109,0.18589236973031248,0.0316245866671447,-0.07258299016656668,-0.6378388528569241,0.011120154553895617,-0.0735611490553178,-0.03567522931908975,701.3878126054219,684.447298250343,604.735754687682,577.8119008130624,0.0,0.0,0.0
5.824,1.0866002798414665,-15.24193689153151,2.0036982152779337,0.7967307295321662,7.091143595462699,99.34627943461831,1.0911001330636656,-14.925741378660815,1.9999999999999831,95.89345641178225,1.5356750283150595,0.04921336197349579,0.06821461954592638,0.16790219102826281,-0.10401791510150919,-0.10061311854812649,-0.21045355721327919,0.007340684583693316,-0.05405079494251808,-0.03320079479619531,704.9533701623432,692.3850383484806,615.0972899739174,596.0390225926453,0.0,0.0,0.0
5.8759999999999994,1.0712564567709832,-15.162715450787243,1.9969649280158073,1.2137234485881894,6.5718770825455275,98.99118543064895,1.0804811857131529,-14.849580113656975,1.9999999999999905,95.27777529289139,1.5680899118960276,0.049354354668419614,0.04779458002767593,0.1448686546781222,-0.2297258086554946,-0.12648382082788437,0.20463605403911755,0.005854998846467709,-0.07521041570183418,-0.02933422923477701,711.3097441831429,692.7373864088793,633.1853325540847,608.6414694351647,0.0,0.0,0.0
5.928000000000001,1.0562778957638923,-15.081945781264881,1.9901203162264762,1.5570441709005083,5.638119242432906,98.55374091565626,1.0699951180679894,-14.773485018808728,1.999999999999995,94.6109654733902,1.5936894465822884,0.04795452291471055,0.029071710202815255,0.12162225501738384,-0.3780302938122365,-0.14833543739568983,0.6070063979878815,0.005185981770320057,-0.06642844441278697,-0.026280950647938357,714.1306138531932,697.8226148487523,644.8683582677777,623.6420323317044,0.0,0.0,0.0
5.98,1.041910487861637,-15.000002759294212,1.983878833351251,1.8345896200422045,4.267972700541525,98.03322120985379,1.059747717855335,-14.696766012540829,1.9999999999999978,93.8333939806553,1.6086016695000847,0.045581364069950524,0.009934881238475168,0.09950122178015766,-0.5226545029840688,-0.1698262653175,0.9945165091344019,0.004287559562639202,-0.036036322421924505,-0.023935939740197025,714.6001625914006,706.198551139985,651.7369814230667,639.9999954800895,0.0,0.0,0.0
6.032,1.028401341558544,-14.91749027736297,1.9789094081239302,2.1039754060121907,2.5322593846306978,97.43725829853369,1.0499126229103712,-14.619350372667773,1.9999999999999991,93.06757746097176,1.6090771242260877,0.042533912840560587,-0.00868801387002984,0.1285837253611916,-0.6280987455275261,-0.18710108555744237,1.3366640896949695,0.06989695649990509,0.01140125282070098,-0.02132209903135605,702.7742783347167,724.1950291446757,664.9985106475629,648.2512030883222,0.0,0.0,0.0
6.084,1.0160239538470517,-14.835210478656103,1.975807766786878,2.607619733284111,0.5989360140095141,96.77065551066084,1.0406530746987421,-14.540783378896736,1.9999999999999991,92.1906665201961,1.592625772548536,0.03749137908448584,-0.023125441592924432,0.16947468513238936,-0.6705499030384121,-0.20445418228252069,1.5783666375098406,-0.0583145199911226,0.06182962990222812,-0.019513989959016077,715.5570402353025,716.479936776128,647.1150560840101,681.1241204687748,0.0,0.0,0.0
6.136000000000001,1.005126774764116,-14.754077185680636,1.9750144746638976,2.9413790921441554,-1.3272625528748763,96.04080396852198,1.0321891101924914,-14.461495778573248,1.9999999999999991,91.34753599722167,1.5588305379240768,0.02955021470081163,-0.029213519075570342,0.09059125792053191,-0.6420448565936937,-0.2192054663835467,1.664644632901599,0.026788669286502816,0.10491431576627494,-0.016650399675376685,696.7446828739322,731.4172896717987,659.2838294442322,681.1968083142897,0.0,0.0,0.0
6.188000000000001,0.9959776682072751,-14.675020682596665,1.9767380074650642,3.1931669057237473,-3.05318404378563,95.26614346979812,1.024725000586211,-14.381292023907529,1.9999999999999991,90.42131364522696,1.5093428128658206,0.01990645702371641,-0.02519987648283966,0.038545762160709054,-0.5537752001961547,-0.23369621157684367,1.5715428743044297,-0.050708569692268,0.13770583052442747,-0.014658016406574347,698.6780243248193,721.7066459170185,644.592152403182,697.3805818649303,0.0,0.0,0.0
6.24,0.9887240576873794,-14.598858530170192,1.9808286866627223,3.098593544360223,-4.290759128227429,94.70078405605074,1.0002285700358626,-14.304846767864044,1.9999999999999991,117.41719392775461,1.4475557902143437,0.004978276398425982,-0.012340421114602219,-0.10128371713643983,-0.2705042571965029,-0.10664766557766855,1.3160184725455382,-0.11303240151224309,0.5596320194312671,0.08,490.54998296949327,639.1816651785447,700.4304452275755,862.2721569467351,0.0,0.0,0.0
6.292,0.9832943313753008,-14.526084556241852,1.986864038730588,2.5254540218160377,-3.8786546298502125,94.56382282333078,0.9542824109553465,-14.233000964987502,1.9999999999999991,117.52091885686711,1.381723703891194,-0.016513737614984845,0.03375653776156514,-0.26166257920745906,0.41367137497008855,-0.01892848807353896,0.6724387791629867,-0.10971423515884865,0.34540599646468245,0.08,510.8154759422177,591.2263297209604,715.6420528396862,826.5960742589327,0.0,0.0,0.0
6.343999999999999,0.9793200897384758,-14.45641188269776,1.9941589768984307,1.4461614471023025,-1.7077527600712221,94.71784807642291,0.9034922975396756,-14.16331721432958,1.9999999999999991,117.72680005526718,1.3253780914307471,-0.037699477463644535,0.1005943872826465,-0.4243043544566699,0.9014507500814991,0.05696422679045306,-0.2149525509380239,-0.09485942781285717,0.12267172307475971,0.08,522.4104210071444,532.3247142230509,727.8110345684565,781.982699083167,0.0,0.0,0.0
6.396000000000001,0.9761446728299024,-14.388760449572185,2.0013937770101724,-0.06282062053747611,1.3586933104725745,95.05638328898863,0.8559210347217391,-14.094206434485377,1.9999999999999991,117.8271129847995,1.289076390349918,-0.05452275695130408,0.15613710151922838,-0.5550687332749096,1.080053138373917,0.13049156636212475,-0.9901277312935592,-0.06644610739726972,-0.03667780932791764,0.08,524.0680934311749,485.66914165513623,736.2924346483113,743.8541031302932,0.0,0.0,0.0
6.448,0.972955448904853,-14.32177686129601,2.007154471630971,-1.8282459060332024,4.528532982159226,95.52184906169481,0.8149211797574405,-14.025784706408693,1.9999999999999991,117.93588848394386,1.2789297467445433,-0.06338980564073982,0.18753325529804848,-0.6217482824461712,1.0225287086433046,0.20162631715566653,-1.4819638310788181,-0.12076326177564015,-0.21778354712864997,0.08,553.0079955683584,422.5280576771429,743.5554404701501,718.6074756010272,0.0,0.0,0.0
6.5,0.9688927352875133,-14.254218666223592,2.010368751161851,-3.964137824425161,7.17147108689356,96.12363355335837,0.7811859986558778,-13.957622714968322,1.9999999999999991,118.03544766869399,1.2962675491786513,-0.062472354470877546,0.19394740657670972,-0.888031419523576,0.7485186714770629,0.26962435979249183,-1.6479257160047398,-0.03888302739392141,-0.15263021934194487,0.08,525.2146178837112,451.49158115117945,744.1053892246489,714.7907433448237,0.0,0.0,0.0
6.552,0.9629695452783711,-14.185160552112997,2.010491212687216,-6.653629328704584,8.941516958403046,96.88267796145331,0.7541224417161477,-13.889999922911388,1.9999999999999991,118.14056460375689,1.3365581271306632,-0.046790170488105756,0.18059301201078745,-0.8369601245333487,0.4582496019469495,0.33171179300530945,-1.5215340226147045,0.20866294186715678,-0.1514031096939956,0.08,486.04297864533146,507.707107622496,779.2004344492021,686.8584727077979,0.0,0.0,0.0
6.604000000000001,0.9540464565193406,-14.114049723799017,2.007549872626091,-8.093160758953402,9.99433207618975,97.87947231863306,0.7324572918684789,-13.82236173249375,1.9999999999999991,118.23210352804172,1.39201738573987,-0.013211021765856094,0.16363089570599793,-0.33906295558695543,0.20544558906539798,0.4003605769174744,-1.2618792352289718,0.1009444932051013,-0.15064348258864943,0.08,516.3571260169058,497.9344342072002,772.6835728289379,708.8350111228126,0.0,0.0,0.0
6.656000000000001,0.9413859315883722,-14.040577739989107,2.001981952633901,-8.21950011535254,10.352962842704486,99.17187265219381,0.7147261309722357,-13.754687036480943,1.9999999999999991,118.32254063594915,1.4559746220618597,0.025052152005512605,0.14414234252312563,0.00030266298099800097,-0.04008878450675755,0.4657013166141374,-0.8933695992723233,0.018287410572227675,-0.13385454843654554,0.08,539.1266243537599,497.1983755518618,768.1113668271755,729.9262046569269,0.0,0.0,0.0
6.708,0.924770912258534,-13.964658209235656,1.9944309521950863,-7.630628113304011,10.04528806744981,100.75085096820324,0.699354837780362,-13.686281641364914,1.9999999999999991,118.39690417869225,1.5218296086851084,0.056359129832575336,0.12013111695837708,0.1573670783705757,-0.2605397889069603,0.5267229070158237,-0.4168724891392275,-0.02151838196714062,-0.10254606041495688,0.08,552.7561860186682,508.81555177512655,768.0564107454792,747.9609690207036,0.0,0.0,0.0
6.76,0.904312958366874,-13.886436130187299,1.9857155179650674,-6.735759013899699,9.162197564150532,102.57342644273638,0.6850659127367228,-13.617355635655098,1.9999999999999991,118.46742539130581,1.5830910766553923,0.07493921412469891,0.09293039157919429,0.218561860590658,-0.4363163046059525,0.584617103677436,0.12848899781905088,-0.03803415782670596,-0.0627196940634688,0.08,561.665573701402,526.8647546032716,770.4737586313373,764.4268885514674,0.0,0.0,0.0
6.812000000000001,0.8803137323270628,-13.806281593410956,1.976768688608233,-5.7531081414145895,7.845055414833527,104.58783979627496,0.6705608393112017,-13.54710809674678,1.9999999999999991,118.52349469816156,1.6341549490642855,0.07881745640044412,0.0662203426874354,0.23552251799306773,-0.5552058202239867,0.6346349625302861,0.6768949387202303,-0.052072013024233,-0.018820668337002522,0.05775822659901146,603.6843992810241,581.1887841288574,745.6591652414406,753.9957127514484,0.0,0.0,0.0
6.864000000000001,0.8532011332378158,-13.724759900665614,1.9685374439625973,-4.85950186685589,6.254851187732347,106.6408167758132,0.6548330269685936,-13.474988672652518,1.9999999999999991,118.57488205810102,1.6707457992746988,0.0709836467959908,0.04413092847054838,0.18587362956157483,-0.6145192203460067,0.624631641059051,1.157623431462459,-0.2295651469454119,0.0037140463971278848,0.020619120026500386,688.05668728795,623.3023381228668,680.0648478028199,741.7528125281193,0.0,0.0,0.0
6.916,0.8234527327745877,-13.642587694380119,1.961870510122099,-4.697799707305705,4.532980174821297,108.59621003791024,0.637237301380268,-13.400906106638658,1.9999999999999991,118.61411621518705,1.690693779648846,0.05822062147013951,0.030329042140499085,-0.1384276824680572,-0.6301754748314202,0.588143918117445,1.507580619347788,0.09067542597919413,0.08539900292349556,-0.0052767093151645465,673.8403541934152,721.2917822308235,684.7355718779454,683.2854143187669,0.0,0.0,0.0
6.968,0.7913415520198775,-13.560624695699978,1.9574263317863252,-4.933662703181923,2.915539550392935,110.41751386164724,0.617437590537483,-13.325123258753965,1.9999999999999991,118.64769660106494,1.6942865027892111,0.04980184172574449,0.028458558352375145,-0.07018330943476692,-0.5563027291249438,0.5430208596941661,1.6699348011873287,-0.016064914851752005,0.11041291383977228,-0.02546009463609872,714.4075066917189,738.8175283045442,641.296839206637,677.3589623909686,0.0,0.0,0.0
7.020000000000001,0.7570183422687472,-13.47973980179268,1.955585364357943,-5.048789049913982,1.6108568182500846,112.05907224081926,0.5952359795131399,-13.247811107379817,1.9999999999999991,118.66932172370792,1.6841342612179915,0.04767225927734359,0.040043799646296674,-0.046263409827887514,-0.42905553498697735,0.4876578544388293,1.6174733307836155,0.11973974081365252,0.1375950099968504,-0.03855382137721743,708.3658845960781,773.6509209942855,637.0701284374878,642.3173890424149,0.0,0.0,0.0
7.072000000000001,0.7207040282171289,-13.400615050181253,1.9563782217445997,-4.845929322561183,0.7415291865406843,113.49172632784929,0.5705866930367822,-13.169369716041942,1.9999999999999991,118.6815339094602,1.664148565217186,0.05148767524384011,0.0625054336859971,0.134892452343671,-0.26453464082772304,0.42991741487143714,1.3743554945737997,0.0738412277864876,0.13311316184739766,-0.04673463179128568,720.2600576337202,772.3897375095826,612.9326434263027,630.8499597781622,0.0,0.0,0.0
7.1240000000000006,0.6827288546777985,-13.323629065846088,1.9594971280143736,-4.198598799539702,0.34756229870656113,114.70269093163432,0.5435517925006186,-13.090286949026483,1.9999999999999991,118.68209111154414,1.638512694320627,0.057997425445442743,0.0906403791971517,0.25162305201371626,-0.0977610808239697,0.370556821495464,1.0012637226226502,0.03225370715070698,0.11547771509419567,-0.05005950756195541,724.2874558195741,761.6671444354488,594.7377561462492,620.4867607766574,0.0,0.0,0.0
7.176,0.6435341930603351,-13.248817182059893,1.96437162581453,-3.3896058392067125,0.38673246822869345,115.70394835149268,0.514472347552015,-13.011559761222383,1.9999999999999991,118.67187054079639,1.6111241682569755,0.06403353492229562,0.118567225357641,0.2730893415716797,0.04667541973803345,0.31303815716913314,0.5739388381385588,0.018566342842966044,0.09134554082866261,-0.04999683302014788,720.1659863779358,748.3074637382333,585.5276542278325,608.4458754891879,0.0,0.0,0.0
7.228,0.6035329200672405,-13.175961478116763,1.9702827537369125,-2.596977611638878,0.7737172419672098,116.5222377019251,0.4832121810663268,-12.933048113831456,1.9999999999999991,118.65397303555928,1.5853128526818947,0.06819122329935909,0.14171899120552514,0.25466525429558795,0.1569332579621813,0.2597533258847728,0.1600179650697564,0.018845358865560297,0.06658362307025262,-0.04788621483931728,712.0195661026427,734.228654586158,582.2338822028902,597.4488052081864,0.0,0.0,0.0
7.280000000000001,0.5630323914244394,-13.104696059032465,1.9764901439721259,-1.8677131335560306,1.4075514803083362,117.18576134524045,0.44986032168578394,-12.854917517796862,1.9999999999999991,118.62735361977072,1.5637222309126573,0.07006245517133197,0.15761393089762613,0.23082266382747413,0.23082284932861388,0.2116664360741281,-0.19257275891138015,0.01931264405512273,0.04355498520938611,-0.044668539105193146,703.4822944799603,720.0864571029102,582.1087109887804,589.8858044914826,0.0,0.0,0.0
7.332000000000001,0.5222345518239736,-13.034583104320225,1.9823286510260802,-1.1927565663888218,2.1332703710211267,117.72080154932308,0.41488617143204526,-12.7778408944583,1.9999999999999991,118.59772046636355,1.5483061726913785,0.06951309500628992,0.16444094651785524,0.21555742408581838,0.22548658491645748,0.16919585183549435,-0.4448440091105781,0.018104977737611952,-0.03259510933024022,-0.0409131821426388,703.7143840173799,699.8327582117723,593.676524271159,577.3988559273049,0.0,0.0,0.0
7.384,0.481279757733267,-12.965185777430579,1.9872847084953131,-0.5612229848384499,2.6956948299647387,118.14914466010724,0.3784538411693906,-12.70179942125238,1.9999999999999991,118.56169499903817,1.5395309537198507,0.0663323505055208,0.15896405708274816,0.19703707979456836,0.15990445204899273,0.13186079864915676,-0.5486535681357096,0.00925409441178586,-0.017803418498081765,-0.03695921358963232,695.6527535442785,693.3385551203248,593.5466800466629,584.9140906305488,0.0,0.0,0.0
7.436,0.4403014085193458,-12.89614866972691,1.991072907887802,-0.00892569965933094,3.0749476561067226,118.48184381387323,0.34103511561395705,-12.627183838144493,1.9999999999999991,118.52604581605819,1.5356999468853583,0.06039520544266587,0.1451586999362034,0.16581831471774042,0.10680981101444793,0.09945872814496018,-0.5337879805256567,0.0024179832802759677,-0.005373675121849872,-0.03282190790916388,689.8351516271891,689.0292056191926,597.3208770261066,594.863596245033,0.0,0.0,0.0
7.488000000000001,0.39942868911904633,-12.827207792513587,1.993636616704336,0.42782319560325616,3.3248291491494,118.72866369439379,0.3026659721391708,-12.55356694972009,1.9999999999999991,118.48605301437473,1.5350522252976677,0.05207471428192352,0.12851197629268157,0.12470459451174716,0.07073418016285736,0.07152746605487338,-0.45214329023213395,-0.00023763177533072527,0.0027317658748023457,-0.02862955962368985,685.338962889823,686.0227739381266,604.1001512750128,605.0235004918193,0.0,0.0,0.0
7.540000000000001,0.35876927623542,-12.758172490312436,1.995074698749684,0.7343817611124983,3.488284382008779,118.90120126121656,0.2638135152576315,-12.481227756806867,1.9999999999999991,118.44882412809132,1.536366711762839,0.042145010300208494,0.11255164222689155,0.0821400533948719,0.046236624921028556,0.04817333699773209,-0.34138305880512254,-0.0012638275658485333,0.006867776690257187,-0.024512487841444646,681.8492468348946,683.3925560429935,612.2345461440822,614.7263500020774,0.0,0.0,0.0
7.5920000000000005,0.3183982445679941,-12.688911300067577,1.9955669745000697,0.9143681685407605,3.5912889405248505,119.01102977200762,0.22439193347777597,-12.409496368869993,1.9999999999999991,118.40900471927567,1.5388538442666895,0.031522018953228044,0.09900211431210976,0.04236851042627587,0.028191402786474935,0.02889808666670657,-0.22409282817831244,-0.0005600901067852118,0.009622817631668504,-0.0206356718160326,678.7377777399458,681.243277730229,620.5119383964228,623.5893416819476,0.0,0.0,0.0
7.644,0.2783552374148051,-12.619342349231538,1.9953223200047354,0.9836238018159573,3.6484666741933327,119.06961058400903,0.18487562140685038,-12.33870254698916,1.9999999999999991,118.37327912192738,1.5419822273145913,0.02106230532444718,0.08841902610440196,0.008968120541373413,0.01400559538713628,0.013380749738140654,-0.11234346943636098,0.0005314452356102559,0.01084888248066427,-0.01698190192695071,675.9298101655601,679.0875638163265,628.4894217424852,631.5679974729047,0.0,0.0,0.0
7.696,0.2386475170412415,-12.549425810397992,1.9945469148699475,0.9634636280518393,3.6676965843442058,119.08725719109682,0.14540505209540808,-12.268647516193163,1.9999999999999991,118.30329120651467,1.5453655838843698,0.011464887613395149,0.0807184201442506,-0.01712513921104215,0.001626421107997668,0.0012015746692217064,-0.011863346785807583,0.055456821353923734,0.013410968817952068,-0.014386288338825985,666.5441014942967,685.6924715052065,642.2918891553692,629.8653350389495,0.0,0.0,0.0
7.748000000000001,0.1992584188483709,-12.479155882102607,1.9934301776923384,1.0017275311435831,3.6545603039501535,119.07462498932999,0.1058081551733733,-12.198648805686588,1.9999999999999991,118.26943088274092,1.5486903517992459,0.003166643825327186,0.0755654360459154,0.05803752877369681,-0.008018224400847974,-0.007049989752554027,0.07460265144269895,-0.0376662907056169,0.012381670414477616,-0.011853221659457737,678.1471516650167,671.1013105513217,634.3413817944173,649.0039883979504,0.0,0.0,0.0
7.800000000000001,0.16020530226923438,-12.40852581322934,1.9921370889033387,1.1907717408694218,3.6158866084601082,119.0391557457705,0.06606358676566634,-12.128353636765105,1.9999999999999991,118.23977079863212,1.5517081241792332,-0.00534258061861241,0.07269609594869361,0.033602040280636035,-0.016765604539540676,-0.014540780209952715,0.1443862217863935,-0.04643626377481517,0.014714857475409484,-0.009043563505672736,676.7658171310616,667.8961431975924,638.3506165950048,656.1122607710262,0.0,0.0,0.0
7.852,0.12155063845866226,-12.33751872932817,1.9908060302684618,1.0841548526836455,3.5543127828202734,118.98336857308348,0.02651452316392674,-12.058140066189589,1.9999999999999991,118.20977719237514,1.554220895366481,-0.014262766762643894,0.07160548275267048,-0.07553116578724386,-0.023460304855688004,-0.020241430561286196,0.19802149006004643,-0.010997251542568285,0.017246742392227652,-0.006469660841842582,669.1004384296426,670.8540077698312,648.0038640767551,656.1465329221705,0.0,0.0,0.0
7.904,0.08326384905424411,-12.266182297843553,1.989546578754962,0.7579651035201401,3.479139490858489,118.91540559477833,-0.012945010493853586,-11.987617267603346,1.9999999999999991,118.18403782524248,1.556071931060542,-0.021108518897308897,0.07179126014365136,-0.1208847454552999,-0.026494662924642136,-0.02332072327274086,0.23693065386617773,0.011122864673994558,0.019817405366714648,-0.004502637998493663,663.7191385195341,672.4255452706435,654.4039151217164,656.8968599529136,0.0,0.0,0.0
7.956000000000001,0.04523082756038022,-12.194618281093218,1.988438459399916,0.39797157011502104,3.4010899378390707,118.84221942317593,-0.052078592106709225,-11.91707584696518,1.9999999999999991,118.15764375154406,1.5571906570203862,-0.02462286658547251,0.07302292386491453,-0.11372842784750004,-0.02599627454317304,-0.024641121771927045,0.26082061226531683,0.01749887147137318,0.021468794377809963,-0.003073760938274733,661.0888368031997,672.0785925166334,657.5566589593,658.6906585952657,0.0,0.0,0.0
8.008000000000001,0.007322595078734705,-12.122938441888781,1.9875337242568185,0.1007935335459508,3.3287768945519245,118.76777488119475,-0.09101356692041646,-11.846190395859844,1.9999999999999991,118.1339076466126,1.5575951429007078,-0.02496226677029565,0.07511664720998937,-0.08688408233771006,-0.022934595744986335,-0.024818905484213123,0.26982113761660764,0.01697346101626081,0.022843458576857996,-0.001975534383833871,659.6154679187133,670.8673899949647,658.9781453522911,660.6506005577166,0.0,0.0,0.0
8.06,-0.030565937849820604,-12.051238426219538,1.9868573153326705,-0.10730626158700508,3.2688822940220716,118.69441106907493,-0.12960956809930535,-11.775219613682108,1.9999999999999991,118.1080978309841,1.5573728605257737,-0.022886733706446137,0.07781440684382117,-0.05251139766323372,-0.01793709733576192,-0.02430969903967731,0.26565275971142155,0.09349707541917893,0.025416182302331787,-0.0011877672923224854,647.0198711763157,680.6938303659758,670.4072108458662,651.0365290194144,0.0,0.0,0.0
8.112,-0.06849877925537487,-11.979584692844643,1.9864087897951181,-0.018099511176698092,3.228838024728263,118.62551615517036,-0.16805214681370634,-11.703871475815257,1.9999999999999991,118.08157951680526,1.5566663318377887,-0.01952637240913023,0.08093658384305495,0.08868095105425869,-0.01017017293436851,-0.022426850725328174,0.2500777255195161,-0.04432639690784024,0.02283139103664324,-0.0009981763942887244,666.4903334304892,660.3995800280493,651.0716412286926,670.182420159566,0.0,0.0,0.0
8.164,-0.10643512469964997,-11.90797632910453,1.986166693450113,0.2024852190671498,3.2093384064939463,118.5586477507795,-0.2064619175817842,-11.632028008360006,1.9999999999999991,118.05634459630528,1.5556776136798318,-0.017760722311867556,0.08410603827891466,0.05077209295433797,-0.0042476662774259604,-0.022425809813072278,0.22746531509354184,0.04064544828415145,0.025276980023369637,-0.00014857885087387907,652.3454974401411,671.0740405836164,663.546139915948,659.1776659100049,0.0,0.0,0.0
8.216000000000001,-0.14428305018543033,-11.836373969696407,1.9860953377466006,0.4016550789348711,3.210296893443995,118.49453839307566,-0.2445943281222039,-11.560281259740353,1.9999999999999991,118.03082757061499,1.5545893702879299,-0.017781996508619495,0.08704859158957297,0.08074231097066151,0.0031970101885357162,-0.021002494932007745,0.20163197803968358,-0.060319836958986406,0.021826044668148005,0.00012880402963106816,666.2797695616526,655.3287079093776,649.4000072236405,672.7598634022245,0.0,0.0,0.0
8.268,-0.181965228647105,-11.764735899291376,1.986151021780003,0.48048598753048605,3.2282357395327894,118.43242135047247,-0.28223876404189796,-11.48913126429766,1.9999999999999991,118.00333134459143,1.5535932188291963,-0.019666060333118175,0.08959239548147002,-0.01773668806070481,0.007152695427302604,-0.020852636163474336,0.1756493773488258,-0.028711649301180545,0.019762555060566192,0.0007825866766071371,660.6290742780577,658.0775527674192,654.5965454205407,668.3727400250026,0.0,0.0,0.0
8.32,-0.21945826479148955,-11.69304120851835,1.9862887180929387,0.2765344944663888,3.2519922992663255,118.37200276029559,-0.3197534803200702,-11.417944435284772,1.9999999999999991,117.97848818399036,1.552811052249097,-0.02162510771150547,0.09137612305254426,-0.09012529887865336,0.00794210945231987,-0.019863916973352595,0.15449056145670503,0.005073938180477192,0.01846894284565776,0.0011544630208684872,654.9984757849642,661.7210356446909,659.6598915229472,663.4662523879441,0.0,0.0,0.0
8.372,-0.2568439841409471,-11.621322796365478,1.986467909718474,-0.011084720865397048,3.2740303854139494,118.31589831084992,-0.35729590191492294,-11.346429556439926,1.9999999999999991,117.95203777766845,1.552267646740056,-0.021586674548586933,0.09236969037080234,-0.09193196649572781,0.006772809661733039,-0.018166333135385924,0.1397409754515161,0.017413418121423208,0.018344522068365662,0.0011516819471228783,652.9197453864437,663.135412746529,661.1063698425805,661.3710846479386,0.0,0.0,0.0
8.424000000000001,-0.29423951214575483,-11.549632971832644,1.9866577086412014,-0.23728207646326863,3.2914057759459157,118.26508615960039,-0.39502750889050364,-11.274275066857385,1.9999999999999991,117.92746827335402,1.5519280565924272,-0.01922723366913051,0.09276840521648565,-0.06164447318912971,0.00535651717857481,-0.01634350481753904,0.13047186073905848,0.01726150296665036,0.019481351568059795,0.0010343335205981533,652.742911128159,663.2405302106156,660.5638725206605,661.1953230857835,0.0,0.0,0.0
8.476,-0.33173781304527056,-11.478012887979089,1.9868362313618426,-0.36061641418332724,3.3065935498566987,118.19858745514988,-0.43261449513283523,-11.20215277999794,1.9999999999999991,117.03549909455477,1.5517511826924868,-0.014801798095125529,0.09277261831559813,-0.02373696751446226,0.005377648861483311,-0.0315263587182366,0.12541884749979548,0.028609977681724175,0.020801744333314057,-0.010808281678037858,667.2346869300626,681.0140237777247,645.3265664836375,643.0479091918188,0.0,0.0,0.0
8.528,-0.3693881046212364,-11.406480689144786,1.986987309774073,-0.35347662735574154,3.324544610605075,118.06824062437094,-0.4699566288964532,-11.130313635049681,1.9999999999999991,116.01323374396715,1.551733922596553,-0.007945053331175067,0.09268591789514943,0.025791764041148035,0.007013369559708829,-0.05670303834821672,0.12212445514464765,0.03395127383459866,0.02050989571356264,-0.020492455819291298,679.6068629188545,694.5084364325714,632.2300515536407,628.2205877536303,0.0,0.0,0.0
8.58,-0.40718592226294986,-11.335023400678482,1.98710304210624,-0.19464353796014391,3.3471100983462585,117.85212287699625,-0.507235965362138,-11.058489495857152,1.9999999999999991,115.04749178316696,1.5518950619694118,0.0007254534690075143,0.09263873051598148,0.07895702809687272,0.008367743468621458,-0.08595714907009282,0.11956463076407975,0.03079626975675036,0.01964872450881557,-0.025783083870330365,687.1829350129168,700.8472388696292,624.133139261447,620.7663704988117,0.0,0.0,0.0
8.632,-0.44506563562476553,-11.263593256070171,1.987180612892205,0.10131968290336374,3.372245292769302,117.552427847518,-0.5444065473179976,-10.986853587100798,1.9999999999999991,114.29548730712678,1.5522337471429222,0.009833866357375301,0.09258451954530014,0.12119132815922391,0.008390243907770004,-0.11188781638661174,0.11828721782456808,0.021693129538100417,0.018459432735882877,-0.026094449646584427,688.9821180848569,699.8521590037865,622.4606324491976,621.4832447892671,0.0,0.0,0.0
8.684000000000001,-0.4829057475385835,-11.192113616790076,1.987219162116709,0.5268777927966349,3.395108775792904,117.18234394627261,-0.5813503320375616,-10.915697705294765,1.9999999999999991,113.67225458596653,1.5527317008037573,0.017923289323960034,0.09236102806140964,0.18633568134297435,0.005240990870762107,-0.1329737660872961,0.11991162582854376,0.05819439898660182,0.015313773678838663,-0.024015450631638718,681.6899223186857,701.6687123533737,631.4952402236196,618.598292405782,0.0,0.0,0.0
8.736,-0.5205232661272746,-11.120480514610858,1.987219583454592,1.1931435062645708,3.406470913798663,116.76197924357515,-0.6183953026271752,-10.844416245655426,1.9999999999999991,113.31618305110945,1.5533371141965975,0.022990156115538705,0.0917367041998303,0.23198934440031804,-0.0003856548345489208,-0.1462127582651654,0.12668029383910728,-0.04617735336546693,0.017976426736007415,-0.018141064604058947,688.0139752343474,680.2647704313271,624.2449202971235,643.2747924258166,0.0,0.0,0.0
8.788,-0.5576572990496244,-11.048559535507692,1.9871887984714207,1.6829323007216237,3.409837369421734,116.31651949841871,-0.6553639468214545,-10.773307710864799,1.9999999999999991,113.2071040824019,1.5539755153768,0.022908924658983983,0.09119356099036345,0.12994708386039802,-0.004151379327202545,-0.1504022804767452,0.13365083598500327,-0.03182481056530027,0.017762167622890877,-0.009834569591284184,675.1453076616756,671.2181986247587,638.6725658321066,653.1052846575842,0.0,0.0,0.0
8.84,-0.5941039640969943,-10.976253943820844,1.9871396442093705,1.8807151105150026,3.4056025737847406,115.87994966475104,-0.6924352754680755,-10.701902026573123,1.9999999999999991,113.3876005773869,1.5546169971250032,0.01895444357373516,0.09092548220077758,0.04333430817446363,-0.00718320668638144,-0.14236694390679733,0.13851476897641857,-0.021115252915978922,0.01805688256296577,-4.051331371298777e-05,660.3313178563027,659.4600471074955,654.1791523190897,665.3408335811697,0.0,0.0,0.0
8.892000000000001,-0.6297757618996924,-10.903530908756881,1.9870821469689428,1.8807554446629706,3.3930780121585573,115.49532385023758,-0.7296583255466262,-10.629876945436479,1.9999999999999991,113.90890677281728,1.5552346408075461,0.012451362778946,0.09075175842805552,-0.01404337399851295,-0.009117658270644664,-0.12033445305629631,0.14272335111781276,-0.022046427035344412,0.01919389300927918,0.010803276283215639,645.2094682914574,644.3778032687194,668.9547769738344,680.4455581544908,0.0,0.0,0.0
8.944,-0.664670720337949,-10.83040220071346,1.9870238991748308,1.7340130560884293,3.3745198051499137,115.19825591346543,-0.7666029429418036,-10.557832030210553,1.9999999999999991,115.965463658937,1.5557850517430567,0.004079374605255167,0.09060327471788254,-0.06303716670696183,-0.009400557227048955,-0.08660471698718775,0.14671161249863074,-0.02230904738468089,0.019558720783451368,0.047796035562710275,590.5343723215416,589.6581793985342,717.6868749723175,728.5712212154004,0.0,0.0,0.0
8.996,-0.6988509520249542,-10.756909973558754,1.9869685687972403,1.480090493971914,3.3525634832232565,115.0380024996106,-0.8033445177971595,-10.4853327558563,1.9999999999999991,117.52258291475684,1.5562332914259804,-0.00616753413396539,0.090397240268729,-0.09008214766913805,-0.008386380482113381,-0.03710972366695916,0.15117360893792153,-0.0504986201887078,0.019177555861841594,0.06588146531825455,566.6662041070668,556.1783846572824,736.8660700719569,754.4326814937193,0.0,0.0,0.0
9.048,-0.7324255653210155,-10.683115810446575,1.986919907360043,1.1536690417363074,3.328992668146953,115.04873545469675,-0.839563273660809,-10.412828954488091,1.9999999999999991,117.61830893309539,1.5565315485093403,-0.0184248504521549,0.09014638910356874,-0.12908245741019497,-0.007559576060283318,0.023382654609921026,0.1558645186537544,-0.05929339907783659,0.018379614282365,0.04596209273710004,599.4949680237182,586.5247858783861,710.7234714546627,730.9798864246804,0.0,0.0,0.0
9.1,-0.7655410374010481,-10.609098103370451,1.9868911881829687,0.6525425507991945,3.305163211610084,115.17027153874331,-0.8753873999263299,-10.33988414052196,1.9999999999999991,117.61709765326415,1.5565424682364812,-0.03052381398755074,0.08999847300463212,-0.19936500993714446,-0.007270444055157832,0.05047253957240962,0.15891205995234492,-0.02538988040656323,0.019567647308326688,0.033743875828652355,612.4945055671535,610.7048861896794,699.2590972905681,711.2429658260519,0.0,0.0,0.0
9.152000000000001,-0.7984105714318916,-10.534970255748554,1.9868935598874897,0.0010369176792803811,3.28365712152027,115.35233315522918,-0.910608111883024,-10.266895893207145,1.9999999999999991,117.61800445892906,1.5562385145229836,-0.039299572390151735,0.0896850347528226,-0.2286748652272112,-0.006471695299980219,0.06722652782392377,0.16258941588517006,0.02898802050845476,0.02167555880316811,0.02404607416172647,618.3261182543846,633.5422944525216,693.6376363465987,691.6529537487714,0.0,0.0,0.0
9.204,-0.8313019237339792,-10.460870705008276,1.9869319247720176,-0.5770722745552128,3.2700329729297724,115.57321572438889,-0.9454060031963253,-10.193500149826601,1.9999999999999991,117.61915970944666,1.5556857335621883,-0.043220536733890265,0.08954083242320507,-0.16860740268715918,-0.0036337404044592737,0.0777990937932633,0.16345802994697178,0.0009913720078712218,0.020667000433651706,0.01578164292990129,634.7660824059815,641.1483149007139,678.9659889710636,684.3920793200466,0.0,0.0,0.0
9.256,-0.8644541036600863,-10.386921495288501,1.9870086020416236,-0.9908150085727294,3.267382800590787,115.81436352425536,-0.9796863556460507,-10.120068294376239,1.9999999999999991,117.61880052223675,1.5550071111600376,-0.04296119338477082,0.08983006086289022,-0.13367003861505297,-0.0011057052348138086,0.08211886941653142,0.15885307145535899,0.006394838519490451,0.02042809438402703,0.009318050080965687,643.1786724836876,650.9714084295331,670.9305679073465,674.851164479932,0.0,0.0,0.0
9.308,-0.8980418862355511,-10.313210427680422,1.9871190718449752,-1.339097532011462,3.2720542935867507,116.0603161002487,-1.0136824795742647,-10.046338849410864,1.9999999999999991,117.61559518811303,1.5543325336277092,-0.03935815378041004,0.09031161317111447,-0.11097211735836296,0.0005803026737035172,0.08219617284745959,0.15127954702156166,0.017903323702999317,0.020451696944714305,0.004221511942620621,648.5836504391015,659.6071495513597,665.4509644918767,666.1704972840397,0.0,0.0,0.0
9.360000000000001,-0.9322053540369681,-10.23980610391622,1.9872521400991356,-1.5872658179591954,3.282701366431184,116.30093181418903,-1.0473958102309784,-9.97264699882811,1.9999999999999991,117.60770555359821,1.5537514715534786,-0.03278900183813249,0.09089267699970875,-0.06724844631973968,0.0021449383305949922,0.07934228439995303,0.1420028888653454,0.06483235691129192,0.021765679522893686,0.00019063270377923111,647.1015745764871,671.7885435709425,666.1930869386616,653.9272785152618,0.0,0.0,0.0
9.412,-0.9670376867660269,-10.166752078215236,1.9873928733214477,-1.579245725550229,3.300435635533455,116.52976616511862,-1.081069095001605,-9.898825481475187,1.9999999999999991,117.59537198939525,1.553331918665777,-0.024208942144370083,0.09158833222153126,0.042207641848383215,0.00495971412863912,0.07473678897077637,0.13135140961447245,-0.008576604453039522,0.0186565448208512,-0.003061897127964087,662.3929268034017,665.2475305127431,651.418553477181,659.2308670699007,0.0,0.0,0.0
9.464,-1.0025348760519917,-10.094040890441377,1.9875253281499445,-1.4149978479729106,3.3213739012360763,116.73946142004687,-1.1147508552634087,-9.825139954685973,1.9999999999999991,117.57600344686631,1.5531324149396746,-0.01589037740060619,0.09213133858381961,0.045588753000016614,0.0049196744621754366,0.06720855459785438,0.12245290170665712,-0.0037909417853669025,0.01792169490137826,-0.00501854506055204,664.3005737260011,668.2874956337363,649.2482293451119,655.5050328370324,0.0,0.0,0.0
9.516,-1.0386310968121781,-10.021632354985815,1.9876340429794743,-1.3033918422385504,3.3373355999360137,116.92523261428957,-1.14863786340981,-9.751497619057165,1.9999999999999991,117.55276737635685,1.5531534366326458,-0.00844253220629303,0.09222171970416618,0.02920055864464246,0.003130285534045609,0.05896836906932573,0.1187413866879683,0.010293288946811818,0.017921604047794432,-0.006311211920003645,663.994426507911,671.9352065332041,649.3738110785986,651.578440546723,0.0,0.0,0.0
9.568000000000001,-1.0752737915571215,-9.949494282307802,1.987709207882811,-1.198038644558195,3.346463240580072,117.08638474254664,-1.1827777978640355,-9.678060137401555,1.9999999999999991,117.52209781633158,1.553331182251484,-0.0013929199431431422,0.09197397192799842,0.03712533552191658,0.0010083786917932994,0.05059022815442332,0.1194097119103612,0.015433307078539816,0.01807206596331705,-0.007203870124248666,664.4786583820584,673.8911944492103,648.8442342111073,649.6083197228039,0.0,0.0,0.0
9.620000000000001,-1.1124131134310882,-9.877598509281365,1.98774910269903,-1.0460860011036741,3.348579088801557,117.22277273832535,-1.2172722849013453,-9.604791754041166,1.9999999999999991,117.48889221459021,1.553590255304637,0.00519833307391454,0.09152367428149451,0.056368400395660115,-0.0009278302898019259,0.04227084834816998,0.12318610431584742,0.013509982878099541,0.01835684009413549,-0.007665086341464189,665.4111357412401,674.3540367795405,647.9426621405973,649.3473876853473,0.0,0.0,0.0
9.672,-1.149981175130494,-9.805910433490816,1.9877584239411825,-0.8419682898207053,3.3447584670300192,117.33455432748757,-1.2521544064339578,-9.531734964827102,1.9999999999999991,117.44787862500748,1.553859295667099,0.010886005751929814,0.0909801930520118,0.07206427975105252,-0.0025522673978961553,0.03401192813566611,0.1288506546287448,0.009791840971988354,0.01874239256041893,-0.0078053280382698025,666.1783295303205,674.1824357924701,647.2562323233055,649.8506648028145,0.0,0.0,0.0
9.724,-1.1878893272301405,-9.734387103895124,1.9877458886974877,-0.6069729700713646,3.3361317839718607,117.42243975664842,-1.2874290746358092,-9.458919121023383,1.9999999999999991,117.4057777590241,1.554078842301465,0.015242186302193516,0.0904246019455399,0.07945994123948555,-0.003671030143217408,0.026168711844758802,0.13533194144376215,0.006096649235541474,0.01910961449814716,-0.00763056627897695,666.5307582670476,673.6025395299532,647.0393147182947,650.8091348469919,0.0,0.0,0.0
9.776,-1.2260366161097418,-9.662980987857626,1.9877221472218845,-0.36621029597863686,3.3245339250735984,117.48758814391877,-1.3231311858718837,-9.386269876981173,1.9999999999999991,117.3561939119569,1.5542051915280373,0.018034975629268493,0.08994287798458324,0.07858318560919095,-0.004332257236569137,0.01872176227462232,0.14144825229875735,0.003413506340726208,0.019611119648827575,-0.007286791021911694,666.4859513817349,672.9490277728909,647.1847449999927,651.8727815002068,0.0,0.0,0.0
9.828000000000001,-1.2643203200673994,-9.591644674405437,1.9876978876485878,-0.1406233068981222,3.311623471015116,117.53167865532035,-1.3591746824674427,-9.313893771394875,1.9999999999999991,117.30741736032583,1.5542133241194978,0.019243812901931494,0.08959061654239114,0.07163545804685587,-0.004364341178632737,0.01198233810951915,0.14631380936853933,0.001465550572585881,0.01990252755250611,-0.006752150246436633,666.0832856643126,672.0870330597977,647.7141659417472,653.0433621052279,0.0,0.0,0.0
9.88,-1.3026447877488432,-9.520334758207017,1.987682256680394,0.05547117264487289,3.299330674075526,117.55661113250677,-1.3956091094411076,-9.241600774145656,1.9999999999999991,117.2520698348095,1.5540977770034106,0.019011516027504748,0.08940485651525601,0.06060044914132011,-0.003958830929686544,0.005846673468353786,0.14927336862198215,0.0003208728407916722,0.02033054348659815,-0.006177320430421297,665.4555879969329,671.2642724198189,648.3586233182269,654.1346976899717,0.0,0.0,0.0
9.932,-1.3409275779039562,-9.449014272088075,1.9876814451203717,0.21352145627470978,3.289093217417212,117.56459709217701,-1.4322653469212823,-9.169585967669988,1.9999999999999991,117.19932094842868,1.5538705128078418,0.017587676428992425,0.0893759899190049,0.04745078446459342,-0.0030280335283492297,0.000516085470930847,0.1502227614072349,-0.00027277573447704803,0.02036049444938677,-0.005494039246523693,664.6159054840001,670.2737835163098,649.2509417432898,655.1980971751622,0.0,0.0,0.0
9.984,-1.3791030921761205,-9.377653950438729,1.987698231769737,0.3298879072372543,3.2821024489915063,117.55758054505327,-1.469224609406798,-9.097545878272435,1.9999999999999991,117.14102200950722,1.553557753941287,0.015285997030693221,0.08948148511983914,0.033536455914426666,-0.0019166249921938627,-0.004202753725490148,0.14929317969556766,-0.0003352865580921148,0.02058541423875932,-0.004837328782966219,663.6695652028275,669.3810557912739,650.1131104081447,656.1348082284995,0.0,0.0,0.0
10.036000000000001,-1.4171240905395204,-9.306232508687689,1.9877321211954488,0.4049027801537283,3.278928137006401,117.53805119035054,-1.5062498812719909,-9.025777381368787,1.9999999999999991,117.08660919701963,1.553193737956993,0.012427066733842845,0.08967616729923635,0.020271365922614866,-0.0005607766054656089,-0.008075788886143787,0.14694219228048344,-2.754074168116131e-05,0.020286672927607736,-0.0041509409890567945,662.6721397840025,668.3946861425303,651.1137490650885,656.952749858715,0.0,0.0,0.0
10.088000000000001,-1.454961436740772,-9.234736239970987,1.9877799141465269,0.44217349751527324,3.2796824356375542,117.50779523434025,-1.5434738870041564,-8.953866885180187,1.9999999999999991,117.02741161729962,1.5528170809869142,0.009329520895815954,0.08991479900278118,0.00843035764282778,0.0006364479884597135,-0.011398414313570927,0.14371442234813625,0.0005127564986906791,0.02031053631512409,-0.0035406259351550952,661.680126808345,667.5700687573996,651.9736614288028,657.6574230659513,0.0,0.0,0.0
10.14,-1.4926024289072355,-9.16315808774883,1.9878365563706137,0.4471769387497445,3.2839716704384574,117.46896568718302,-1.5806081625531896,-8.882225811227507,1.9999999999999991,116.97275950077558,1.5524636270697314,0.0062639040538774015,0.09015183329183009,-0.001327410499764097,0.0017746036609253113,-0.01398820274427968,0.1402169806052106,0.001264400908803099,0.019747370063892176,-0.002926901758356436,660.7291810260673,666.6806745003435,652.9459067916606,658.2458822547515,0.0,0.0,0.0
10.192,-1.5300482378756708,-9.091496496507538,1.9878958553423764,0.4271289673942965,3.2910952886837914,117.4230404447214,-1.6178532460390087,-8.810331991334305,1.9999999999999991,116.9136676427452,1.552164818791782,0.003458266771911482,0.09034685614599097,-0.00860290163874044,0.0025522099212772565,-0.01613230436777848,0.1370433236064258,0.0019582485347635855,0.01965620366443633,-0.0024185632460564815,659.870854370233,666.0001602888606,653.7003104721413,658.7702393114555,0.0,0.0,0.0
10.244,-1.567310687223721,-9.019754032438506,1.9879521559988393,0.389158938931009,3.299997411167092,117.3717598559448,-1.6549177259298764,-8.738646834671792,1.9999999999999991,116.80027333163054,1.551942205667957,0.001067955148757781,0.09049556016989717,-0.013542274885069257,0.003019916227753482,-0.017703371033392493,0.13441625936620583,0.003459015946960335,0.019155182827959964,-0.00310543412121163,660.6224367702918,667.0266567785134,652.9699648544762,657.4733977224607,0.0,0.0,0.0
10.296000000000001,-1.6044089473832026,-8.947936188775097,1.9880008143666652,0.34050792401831476,3.309371619866346,117.31604026975923,-1.6920012211687057,-8.666691350751476,1.9999999999999991,116.74570712608784,1.5518076904084999,-0.0007976161631815387,0.0905750592819475,-0.016113797714537203,0.0029980462826207496,-0.01896605456840529,0.13270862204144862,0.004250132342986287,0.019148866971927758,-0.0026225717930106855,659.8057173790935,666.4392045237752,653.7232112554426,657.9937002608804,0.0,0.0,0.0
10.348,-1.6413662580521935,-8.87605031301616,1.9880383254258454,0.28777594209153984,3.318294774133569,117.25743026650629,-1.7288558474334499,-8.594896198517338,1.9999999999999991,116.68621244380249,1.5517604356948949,-0.0021084777980617747,0.09058806614173183,-0.016578229309026457,0.0027721023369283214,-0.019811602687765405,0.13200625230654262,0.00475607163414378,0.018736572400066473,-0.0023302946626579447,659.3730984770591,666.0373266331275,654.2492327537782,658.2541232533733,0.0,0.0,0.0
10.4,-1.6782069880605235,-8.8041045617321,1.9880629014992957,0.2366620919658578,3.3257599680852925,117.19642026779813,-1.7648590474309955,-8.524776146941106,1.9999999999999991,116.68621244380249,1.5517920755703571,-0.002864648389516375,0.09054312699496181,-0.01537437779244701,0.0021684456645303775,-0.020432941600688995,0.13228312613552207,0.07992710184021214,-0.08660679645019882,-0.0008275863422072182,661.5949459055819,659.6941867744472,681.71375647986,634.1290972774276,0.0,0.0,0.0
10.452,-1.7149498462459976,-8.732109115928761,1.9880669942711637,0.32160814839796004,3.052236148912873,117.13631763828148,-1.7772136273127435,-8.51036574945769,1.9999999999999991,116.68621244380249,1.5519478509344542,-0.0032483736404134212,0.08441148381818753,0.0777063697908882,-0.24366113164294764,-0.018956114347003325,0.1928562572585476,0.032217853445043236,-0.6658136471443066,-9.24190503652912e-05,745.5739108541762,563.6125767365506,753.4294674418692,552.4562469129879,0.0,0.0,0.0
10.504000000000001,-1.7514751342417758,-8.66019989010619,1.9880906478021532,0.6940257735152965,0.9415403437610299,117.06476795899005,-1.7734246238860834,-8.534123935763393,1.9999999999999991,116.68621244380249,1.5462785488458313,-0.005379799470451826,0.03491927887633707,0.14156422595876958,-1.0396821151436177,-0.016461905343501226,0.6776905886495902,-0.02311091587261322,-0.30172921714689593,0.0005077573115902525,714.4132785491913,623.0986499895442,709.6148699369443,631.5041464214755,0.0,0.0,0.0
10.556000000000001,-1.7871961372699758,-8.589165394748655,1.988636763505463,1.0517719607979128,-3.137149927357835,116.9550741652192,-1.7672393438671778,-8.563480316845025,1.9999999999999991,116.68621244380249,1.511282428505535,-0.01155036079783094,-0.05310330362607264,0.09330389690355756,-1.5194534505536004,-0.014635298014708642,1.5233851389090538,-0.03960192782708044,0.06188548352985268,0.0021260326843551567,683.8150798896841,689.9139831611341,678.590965946252,706.1467638352933,0.0,0.0,0.0
10.608,-1.8210817596526085,-8.520645883814185,1.9907890299268325,1.182787252699119,-7.729130497467585,116.82450080930803,-1.7651801798392601,-8.582986610390295,1.9999999999999991,116.68621244380249,1.4310139070371701,-0.020394379979755385,-0.12387048012258717,0.002707819178992199,-1.5010042649629747,-0.011631080014418527,2.148641478753551,-0.031402109112233345,0.2566329539575917,0.0037404983779045645,669.7908348445488,730.2758088441517,671.1836638566886,747.5184484313477,0.0,0.0,0.0
10.66,-1.852009166971812,-8.45668920414413,1.9956492134647723,1.0668140553847467,-11.678721280960245,116.71660261238462,-1.769272212274906,-8.587598047566953,1.9999999999999991,116.68621244380249,1.3110151455725503,-0.02908377083181381,-0.1432236623808202,-0.07331624050522914,-1.1827699427768035,-0.007447288360568601,2.18344629848899,-0.01632475438494765,0.30796007530613134,0.004467996935096506,664.6285808177347,742.5504068527002,672.2553819861993,757.5308039169566,0.0,0.0,0.0
10.712,-1.8791171902404842,-8.399138243986458,2.0036159527175497,0.7789939944106842,-14.472867134419834,116.65435623483984,-1.7795664190264215,-8.576928820439324,1.9999999999999991,116.68621244380249,1.1657841128290534,-0.03580012605952206,-0.11447667266844416,-0.11562035186128934,-0.7703511210519718,-0.0032483319055666786,1.647386482876776,-0.0034669861503247995,0.2723127547260601,0.0042541319284294275,660.2449704752304,732.8061752228571,670.9486054476369,744.2180843415148,0.0,0.0,0.0
10.764000000000001,-1.9019953426245857,-8.349177867794992,2.014167278192803,0.4130165526041842,-16.082305378508188,116.6327509722841,-1.7949041255490716,-8.553350024736238,1.9999999999999991,116.68621244380249,1.0077276132145334,-0.039885218132383174,-0.06160254029797134,-0.12742773467319185,-0.3950354430197323,0.00013281223383013497,0.7918877747853306,0.004864146281382334,0.1988486771666479,0.0034981940861537166,653.6705345630598,709.8434683737815,664.7575544820436,717.5217866662697,0.0,0.0,0.0
10.816,-1.920659290352189,-8.307232267788743,2.0260983500729637,0.04415541728581013,-16.739680641840167,116.63468063559434,-1.8134818959903363,-8.520742008309872,1.9999999999999991,116.68621244380249,0.8450319232310097,-0.04120920690659234,-0.009947374321282015,-0.11900307414159472,-0.11708226065642291,0.00252046085987023,-0.09631664196275655,0.009556468040285628,0.12094661889211558,0.0026141119128156934,645.8519668527784,682.7823373322461,655.9530715350065,687.1355382349423,0.0,0.0,0.0
10.868,-1.9353918814645803,-8.273157632113314,2.0379592412134175,-0.28000014620290664,-16.76196200857907,116.64536990391152,-1.8336573671349707,-8.482735196679224,1.9999999999999991,116.68621244380249,0.6830819855645096,-0.03986400399175606,0.024636279653864154,-0.0990287139771356,0.05282917063020344,0.0040566357434809516,-0.8156227733167052,0.01192900121060067,0.05664188056829126,0.0018529431242602882,638.9418850123537,658.8081861383358,647.6926538909685,660.5430050696403,0.0,0.0,0.0
10.92,-1.9465735069926702,-8.246523018917634,2.0484251263630577,-0.5333241549504323,-16.446112422121818,116.65740947183498,-1.8541000759636628,-8.442379302863232,1.9999999999999991,116.68621244380249,0.525415294067846,-0.036146215124325816,0.03753798510047289,-0.07308037402088077,0.1315477606028971,0.005007852232031206,-1.2785082730836332,0.012735306382747238,0.01251342319652552,0.0012698207687250286,634.5532726874632,641.9898378202042,641.9410345495454,641.8760530718646,0.0,0.0,0.0
10.972000000000001,-1.9545616562829746,-8.226842262556842,2.0565410284003343,-0.7044250906579996,-16.01472312284432,116.66912311636348,-1.8737100713633064,-8.402293552344085,1.9999999999999991,116.68621244380249,0.37390907717935057,-0.030571064460382345,0.032296350790820674,-0.044883849003229184,0.1471154395481506,0.005550722105204635,-1.48905298210996,0.01231345297210719,-0.0124293590479959,0.0008371827963026466,633.1877765735816,633.1533634711152,639.2315391283264,631.9130328533643,0.0,0.0,0.0
11.024000000000001,-1.9596357301380944,-8.21369564313774,2.0617842948085388,-0.7919048914791521,-15.597191521263435,116.68112598399705,-1.8917185395563572,-8.364423366386083,1.9999999999999991,116.68621244380249,0.22897568513694783,-0.023816574966308644,0.015989612863542044,-0.01724905307215104,0.13899386989879914,0.005805485055702801,-1.4997882647174214,0.010853836660164921,0.09305327503225963,0.0005001149388732685,617.1224500153808,648.0026526123409,621.8916980055219,646.2622415884149,0.0,0.0,0.0
11.076,-1.9619887194941503,-8.206759726116099,2.0640183040876576,-0.8009628221594746,-15.00371955604895,116.69053198005386,-1.9076020236867528,-8.33019336491656,1.9999999999999991,116.68621244380249,0.09061996757065496,-0.016617876175687014,-0.0039446480309543504,0.007453636361916749,0.2654395512864961,0.0058321139676727985,-1.3790770754656039,0.008591850608548748,0.1970663704136097,0.0002961877470100127,603.8252779474088,664.7773948956284,607.3863285009452,663.1601533735573,0.0,0.0,0.0
11.128,-1.9617846335779725,-8.205702699168532,2.063401351670181,-0.7421355199920341,-13.751760148438825,116.6909949896778,-1.9210569192092006,-8.300541439084407,1.9999999999999991,116.68621244380249,-0.03790601917542276,-0.00965518532466393,-0.024263032916325655,0.027422849135875754,0.5368289444706246,0.00582416508865818,-1.163602578328287,0.005814553699476314,0.2101822037023262,0.00028581826325726947,605.7286273682968,669.4163902964306,608.3898672397085,668.5633972365633,0.0,0.0,0.0
11.180000000000001,-1.959262723739747,-8.209985876034587,2.0603036341149195,-0.6320664339582801,-11.613324609701332,116.68274445134104,-1.9319145037714907,-8.276075623294961,1.9999999999999991,116.68621244380249,-0.14944164381257477,-0.003480030674126479,-0.04695977796750386,0.041556676541914986,0.8366870477712165,0.00597827501398282,-0.8455055949852888,0.0028840920650128887,0.1583108359051238,0.00039331754080031145,618.9410860596843,666.104075263879,620.9752952940955,666.3693784991921,0.0,0.0,0.0
11.232000000000001,-1.954798606604384,-8.218754634005673,2.0552607864237804,-0.49080320631575436,-8.682299607558628,116.67226013176595,-1.9401255255856864,-8.257102493270324,1.9999999999999991,116.68621244380249,-0.23589400293774077,0.001515385841030476,-0.07324446921712141,0.049507842131480434,1.069953846778314,0.006298526960179504,-0.42992228244064423,0.0001705904701212596,0.07233247096931167,0.0004858202478145112,638.8286460651124,659.8196464860159,640.2673085941689,661.1156290978334,0.0,0.0,0.0
11.284,-1.9489049606407103,-8.230852402101233,2.0489488216075524,-0.33755269362008566,-5.259788772148329,116.6669062423327,-1.9457169600779838,-8.24371486102224,1.9999999999999991,116.68621244380249,-0.2911320746679841,0.0051140233073913325,-0.09994914342665004,0.05161506061020889,1.1841370372463904,0.006634659836381609,0.030601678997716708,-0.0020461865462717554,-0.022490201364594953,0.0004681491751015051,660.9216700516482,653.9053344307109,661.6340145555762,655.7994852478216,0.0,0.0,0.0
11.336,-1.9421944942341949,-8.244909179265306,2.0421239043657624,-0.18801147414140884,-1.7371884849728398,116.67092677225847,-1.9488800871945076,-8.235616035021666,1.9999999999999991,116.68621244380249,-0.31296452408404296,0.007279106574124413,-0.12064502331927882,0.04874519821676818,1.1632506235743758,0.006813702388542906,0.44897109704165106,-0.0036139559966273573,-0.10695082912923548,0.0003158467330452337,681.0865103969704,649.8525543319907,680.9366431636251,651.7835473476355,0.0,0.0,0.0
11.388,-1.935320458586762,-8.2594734332762,2.0355070231649997,-0.053815109249595705,1.4998963353441224,116.6843041011223,-1.9498546871221747,-8.232356040497452,1.9999999999999991,116.68621244380249,-0.3036781134499894,0.008131259998736408,-0.12925646268880173,0.042099112312105856,1.0195503937028887,0.006718811534516459,0.7426354082856457,-0.004490834223675385,-0.16863843061012113,7.098933881708553e-05,696.1500838704287,647.7123273939782,695.1229979683635,649.2143388486393,0.0,0.0,0.0
11.440000000000001,-1.9289026712996804,-8.27317231778372,2.0296634151914508,0.056930604848483446,4.136281659461135,116.70378726163403,-1.9488998230600032,-8.233407898470016,1.9999999999999991,116.68621244380249,-0.2690789891017393,0.00789737619622576,-0.12327431895769994,0.03304485975817613,0.7839238832312208,0.006336251786956612,0.8689315422831,-0.004726886545099913,-0.2018242205174326,-0.00019397480927830233,704.3585991780275,646.8858536756453,702.5914025548551,647.7108995875277,0.0,0.0,0.0
11.492,-1.9234523013568752,-8.284872921600384,2.0249101586988534,0.139467180969888,5.969884982413682,116.72483225632931,-1.946376561377437,-8.23800621660522,1.9999999999999991,116.68621244380249,-0.21673766964017008,0.0068494634594007,-0.10495934234159929,0.022977587888185883,0.4972123752526082,0.005730188284296425,0.8398374473989131,-0.004457331717715412,-0.2070284722683492,-0.00041024487633798366,705.6094010523598,646.8149160187618,703.3555171240794,646.9510453840594,0.0,0.0,0.0
11.544,-1.9193110518808192,-8.293808228293313,2.0212441737084745,0.3237067310460586,7.090866642082277,116.53284316291477,-1.9622736585290925,-8.197991371130932,1.9999999999999991,99.13577455572297,-0.15417708015752896,0.004481489285253462,-0.08254175607654726,0.16021261719731164,0.3651710903333679,-0.1142381957432694,0.7360403053274646,0.20046427795797106,0.20783598470487955,-0.08,724.4471286362855,823.6125585633888,554.7369003387262,557.2294553052498,0.0,0.0,0.0
11.596,-1.9165943439366842,-8.299463663348995,2.018513520238396,1.3088691451582357,8.584904211820241,116.06690533423475,-1.9965487560212596,-8.11358397105232,1.9999999999999991,98.54820197016726,-0.08266523168479777,-0.0032331802008590095,-0.05839535700486583,0.45942840264151047,0.5903472608628887,-0.19160288733125866,0.58560067998221,0.05603327171013994,0.055648850335707906,-0.08,760.1869986353076,787.3213225756444,553.615425844781,553.4848722301574,0.0,0.0,0.0
11.648,-1.9151530380139339,-8.301071176585262,2.0165530496386026,2.7148262733221764,10.572864285666142,115.43426379225897,-2.0344540844814385,-8.020508010613293,1.9999999999999991,98.23193177736255,0.0025101764219315195,-0.020916273680336783,-0.03226577195050745,0.504543890029234,0.6789832666759013,-0.260197084415442,0.3912544622657698,-0.03360799941051282,-0.06578612916092086,-0.08,784.1094912173801,759.9060337879592,556.5337876057015,545.5560679731188,0.0,0.0,0.0
11.700000000000001,-1.9147243985690505,-8.297621756478883,2.015043184105243,3.8157182670153165,12.52759132452762,114.6358739491632,-2.06917206387642,-7.935207539385449,1.9999999999999991,98.24749250831228,0.1030420554204752,-0.04763762754957897,-0.0022064858336151615,0.35196036307890594,0.5954259279718543,-0.32639166642148076,0.14410094625865585,-0.052634240257122974,-0.1195995217017103,-0.08,790.4083625228044,748.3237222561711,559.0116249091469,536.0188258804535,0.0,0.0,0.0
11.752,-1.9151198606304876,-8.288213311347087,2.0135973428905882,4.258805434224642,14.084808629512697,113.62892692466015,-2.0982288171575365,-7.863457218836993,1.9999999999999991,98.59348674183208,0.2170903637760564,-0.07825809793736911,0.029741036305957768,0.14159211299687663,0.4258241813891238,-0.3912726958553358,-0.12352462150668764,-0.04243648825831842,-0.12288040654612803,-0.08,786.4323204605708,745.8682414918145,556.8290531758029,528.9735716601931,0.0,0.0,0.0
11.804,-1.91630111508494,-8.272270340200995,2.0117999630389436,4.017186351360948,15.118667299902237,112.38188039606086,-2.121342847186254,-7.8054920744035625,1.9999999999999991,99.25649853598985,0.34107957917594606,-0.10648070219446806,0.0588400502878159,-0.05013568452173913,0.24455249406439855,-0.4548049395214585,-0.35192965578254315,-0.022106650613459754,-0.09867369093979242,-0.08,777.8886172157796,748.1305579899653,551.6676320628842,524.9278635878433,0.0,0.0,0.0
11.856,-1.9183757106881136,-8.249574142643315,2.009276944148662,3.199819645306258,15.662250296980435,110.90189770611016,-2.139241161405538,-7.758966565523186,1.9999999999999991,100.11364360178162,0.4709527876515381,-0.1264579127725388,0.08145046821329673,-0.1979322961292169,0.09454129374591805,-0.5057689164157921,-0.4934707380100715,0.00011028871302221077,-0.06492841661376329,-0.045278255115229545,726.3363917638383,709.3617077289083,601.7300245071957,581.0555630895764,0.0,0.0,0.0
11.908000000000001,-1.9215683345490597,-8.22019022249832,2.00575657092883,2.054841959611371,15.81848022784317,109.37187192502942,-2.1529936926668998,-7.72079110472538,1.9999999999999991,101.166636460314,0.6024473762390533,-0.13479381728436698,0.09660509264987227,-0.2658912681642841,-0.007819834347317289,-0.4846130396961398,-0.5299483489754617,0.013646470371240532,-0.03246572419658569,0.00023170777290295284,659.2089193421361,653.8200652115007,663.7275892030367,650.5358607611145,0.0,0.0,0.0
11.96,-1.9261715339573164,-8.18434885471326,2.001126170904042,0.8831462096908504,15.719919949758113,107.96664602665284,-2.1637235632875336,-7.687838606384227,1.9999999999999991,102.48513003639513,0.7319719235742472,-0.1313344694169635,0.10711973667959021,-0.25820977705823184,-0.06422809903594606,-0.4264040739586948,-0.48530077687853246,0.0066049697366715315,-0.006460177939308927,0.03544511953580178,606.255866664116,606.3007629350258,706.8301245459343,703.3466784240508,0.0,0.0,0.0
12.012,-1.9324790687628919,-8.14233148255546,1.995440594965891,-0.1438929164796078,15.491664745342362,106.7766697000548,-2.172492947701009,-7.657185239570635,1.9999999999999991,103.83344659382156,0.8573193652092754,-0.11819363501257145,0.11658284878769402,-0.22738379046536794,-0.08537003189585118,-0.35114948955350833,-0.396385532988892,-0.11425558786750949,0.011695803884920742,0.06078389345987402,585.4100504205963,551.4926836527261,722.467189123267,754.5292810187276,0.0,0.0,0.0
12.064,-1.940754569499316,-8.094417917062763,1.9888573855044998,-1.2615806397575564,15.2277675548335,105.84717039279721,-2.1802042864871334,-7.626623953199913,1.9999999999999991,105.41104002078627,0.9775517131472233,-0.09842042566975343,0.127067293844557,-0.3354651731709076,-0.0814714584405947,-0.26444934613641335,-0.28849417931564725,0.061261135621413165,0.02179722489761611,0.08,524.8911454320743,553.8404604501739,768.7689277692676,759.0572443739889,0.0,0.0,0.0
12.116000000000001,-1.9513182591529799,-8.040891171038139,1.98157893615031,-2.229086424947431,14.998619012450675,105.20084174167087,-2.187639808378419,-7.5943510561752,1.9999999999999991,106.96146391797812,1.0925809163669775,-0.07250059235100205,0.14100334742888582,-0.20922023389989297,-0.06295469194480166,-0.17850546175601315,-0.19186227840379377,-0.11598018892856098,0.024754638017738875,0.08,557.6335615018249,525.9809142485939,748.2047804108674,782.7670866821172,0.0,0.0,0.0
12.168000000000001,-1.9644776305920968,-7.982004001389429,1.9738125762094763,-3.045943892466607,14.826522188843112,104.80506556021454,-2.1954368630525463,-7.559170905946656,1.9999999999999991,108.73330332512684,1.2030399476137104,-0.04327514948840959,0.15915338163389856,-0.26079265981598165,-0.044225509103699226,-0.09955777641227147,-0.12055024533405168,0.0865041229347023,0.025122782126168496,0.08,524.3262588711649,562.9279324886517,774.5346425327529,759.4903322557357,0.0,0.0,0.0
12.22,-1.9804954780086503,-7.917975937844409,1.9657243808858211,-3.5487537799499878,14.715964608746031,104.64716580171336,-2.204139644785781,-7.520200662224092,1.9999999999999991,110.44962350855752,1.3097030037134303,-0.011969376636746637,0.181038284725738,-0.06557621261945626,-0.028097760843704567,-0.02213946524504068,-0.0751457613794424,0.033939384497885694,0.019492080143970282,0.08,535.9406472710012,554.3660396246437,769.7108613401278,766.1741757439346,0.0,0.0,0.0
12.272,-1.9995208978709609,-7.84897778259391,1.9574419608590081,-3.4217219441344824,14.615789187852284,104.7237615537744,-2.2142151648376123,-7.476884296860363,1.9999999999999991,112.40041182160329,1.4134769358907373,0.017477459834963863,0.20470435504958742,0.08490631557896891,-0.05606049264856701,0.05272358287600196,-0.04056645014024163,-0.02969297736878993,-0.10836831050333677,0.08,569.2236794130788,521.6386528905324,778.0188534158158,758.7705446833315,0.0,0.0,0.0
12.324,-2.0214594054500945,-7.7751325973394065,1.9490658511117183,-3.0343643476141366,14.18870512009884,105.04252371755834,-2.226030588489598,-7.428936147594521,1.9999999999999991,114.30305813695657,1.5149725923616832,0.039425921572153584,0.22079770793503997,0.1020310281182339,-0.22992640564406783,0.1239530808775238,0.07164255510668527,-0.055080661756530855,-0.16468933464023414,0.08,584.5912804975611,509.03551693416176,783.2620019201502,756.497424607469,0.0,0.0,0.0
12.376000000000001,-2.0460845741701115,-7.69667525010637,1.940772691682506,-2.684826782433194,13.077889009604045,105.60400561866028,-2.2399294240844765,-7.376089083401464,1.9999999999999991,116.51686747032448,1.611593917937674,0.051398421071563796,0.21914447933520206,0.04528885973478566,-0.48889859903230154,0.19153186489640753,0.35553420558455073,-0.061818904938746186,-0.15384833076732438,0.08,589.3025658920309,515.9363092246829,785.1728770957159,762.8203830339368,0.0,0.0,0.0
12.428,-2.0731393816451367,-7.614118103552488,1.9329616505696754,-2.5149834269030444,11.196182878272737,106.39324387454548,-2.2560757430775675,-7.31842858708212,1.9999999999999991,117.86688520030093,1.6968816026012246,0.05365849466006019,0.19772209843081878,-0.02635736356996543,-0.7405952515781846,0.25625073976772156,0.8181672684401178,-0.04589430622710394,-0.09992238859529068,0.08,587.1138735252623,538.4032739599911,787.3430087753893,774.3354355734209,0.0,0.0,0.0
12.48,-2.102372482900653,-7.528314947867521,1.926309626623481,-2.491147116401197,8.688671827937323,107.39467608684822,-2.2746699941612887,-7.25579241653229,1.9999999999999991,117.99494221660676,1.7629339254554615,0.04803446190018925,0.16262373529206572,-0.057779250495523224,-0.9202259909340708,0.31962981187222483,1.3781783295947403,-0.019674869631310994,-0.023655527150809208,0.08,581.7800399543522,567.6059525337789,789.6406735372595,788.6924199535434,0.0,0.0,0.0
12.532,-2.1335064471075706,-7.440431653460125,1.9216819517556634,-2.480639492217159,5.838221002557516,108.58944620796768,-2.2956472942301804,-7.188624179794017,1.9999999999999991,118.11060193836484,1.8034191041850058,0.036154418534128055,0.12463384351213942,-0.03752044590443342,-0.9936928839462196,0.37669122797538107,1.9021765274994795,-0.01935745441285352,0.05527902690516495,0.060553813557223155,609.5216358116296,620.5018366034396,765.251274261383,783.3719228213657,0.0,0.0,0.0
12.584000000000001,-2.1661771615563503,-7.351840989151595,1.9199335121722994,-2.546003593489473,2.970437849856308,109.86869755662092,-2.319094107091581,-7.1169158862664075,1.9999999999999991,118.22992765498874,1.8155308803531292,0.02099887293874318,0.09502378607304754,-0.10630321656273181,-0.9577051484190842,0.38799933178859447,2.252287665184933,-0.10415185410893141,0.12268928983229149,0.032883184737270504,658.6113253657455,663.88149599108,717.5116589430647,774.668587545601,0.0,0.0,0.0
12.636000000000001,-2.199995568857067,-7.2639857864016095,1.9216938451044283,-3.0867239691607233,0.39928031728087937,111.14134595668756,-2.344734421231581,-7.041583332247747,1.9999999999999991,118.3312615764592,1.8007980295317538,0.007924567288957546,0.0823133707525204,-0.20505099253284373,-0.8166880120928175,0.3809676482280625,2.324756450114281,0.07749767839728466,0.19146341491033778,0.011564048917648681,653.7256458066181,726.9677087354543,706.2369079101842,735.9482065081005,0.0,0.0,0.0
12.688,-2.234726473466153,-7.178226797670115,1.9271921752064853,-3.4809836799983835,-1.5662998282665581,112.36322021167116,-2.372567680662249,-6.962857541911268,1.9999999999999991,118.42688539198141,1.7643666321254776,0.0017571842532177352,0.09067902198609347,-0.07151566450963111,-0.5822410896899842,0.36320704668600784,2.0711482236810097,0.05393487496365418,0.2159498803797224,-0.004987586211393359,671.100946096844,742.8651228452472,672.6229268970748,716.4750575772334,0.0,0.0,0.0
12.74,-2.2701378872135494,-7.095568461773438,1.9361579521131171,-3.5434441065502074,-2.7465103546377985,113.47378822249605,-2.4024321962345976,-6.8814025902856395,1.9999999999999991,118.49594469148826,1.7133313537822954,0.0013923302154458784,0.11680720141873024,0.02648415794736092,-0.30461859774678735,0.3354502631665271,1.5323819401722123,0.03434030376560515,0.212463842549546,-0.016224980549849777,678.1345563495241,743.4115065928598,643.0108970659074,693.1337941804263,0.0,0.0,0.0
12.792,-2.305961336126431,-7.016497011186699,1.9478170302317988,-3.3512906540142153,-3.2789117815710926,114.44921057339549,-2.412145913873036,-6.844936841488765,1.9999999999999991,118.49594469148826,1.655181802893392,0.005031756174009447,0.14762159066346486,0.1305723629570145,-0.20554739245630751,0.30144804415371423,0.8611498272641409,0.05240484958091829,-0.43671809665941896,-0.023902537865324057,756.9583444850012,654.5919673201322,710.8495157796992,566.9259787231825,0.0,0.0,0.0
12.844000000000001,-2.341904908844316,-6.941116717127611,1.9610546191496632,-2.838682366350663,-4.6487240400534064,115.36062781767635,-2.4018033289200846,-6.8535538680688255,1.9999999999999991,118.49594469148826,1.5944486221037621,0.010476775900834604,0.13874267157593742,0.22392668967713353,-0.6816864400639191,0.2655315486329674,0.5278094768163646,0.014727507784927138,-0.1935651401325526,-0.029566112219166184,731.7475152450219,684.2620083386535,657.9549691083187,595.4747877695388,0.0,0.0,0.0
12.896,-2.377423429973831,-6.869779355858692,1.974998606378754,-2.2145791387614056,-7.277516436430564,116.20448711187332,-2.3883088111211586,-6.871490934985585,1.9999999999999991,118.49594469148826,1.520040010600137,0.014647530746433638,0.08704747974940193,0.23917068383876386,-0.9910441514144448,0.22718942467646425,0.5907547478535591,-0.0038776944757715343,0.04084364310702193,-0.032956391196243974,710.5453488292513,720.2591653301856,618.8179680848958,632.2579737865249,0.0,0.0,0.0
12.948,-2.4116936572631342,-6.803350465709923,1.9893720068188279,-1.6612701437791135,-10.25523106355399,116.92182981161773,-2.379188942573362,-6.882913171727801,1.9999999999999991,118.49594469148826,1.4201103655142788,0.016664106840491313,0.034156396929721014,0.2068871682166855,-0.9818561294947221,0.1887660741256671,0.6509695365925139,-0.007608753122224074,0.16819596836761258,-0.033728379817188126,698.8004925857891,740.7430119721248,601.7957157756539,654.4140052497625,0.0,0.0,0.0
13.0,-2.443827743668989,-6.742878427489107,2.004184181136424,-1.2428760265266052,-12.835370390058287,117.4967579926186,-2.377426757829928,-6.881568448303183,1.9999999999999991,118.49594469148826,1.2948142191910617,0.01745650111910125,0.005125987303986072,0.15985676259871123,-0.7785740240967832,0.15284420522455422,0.46260564495363254,-0.0036605653982563838,0.20349759707521756,-0.03249388433259488,690.7772838061398,743.1746802724491,597.5003744167237,659.4654415226088,0.0,0.0,0.0
13.052000000000001,-2.473083333980916,-6.68921918464969,2.0192453717623393,-0.949808713516218,-14.675661247613045,117.94231090287323,-2.3829814167658085,-6.867400240702933,1.9999999999999991,118.49594469148826,1.1513232070497217,0.018148518540163593,0.0005581463406312915,0.1179606369729997,-0.5115685495180285,0.12073116043461518,0.025805293668256013,0.0024916961621995956,0.1817958324524923,-0.029984029066235717,682.5333878643904,731.5332012518708,597.6402541592183,651.6050959042849,0.0,0.0,0.0
13.104000000000001,-2.4989844840574866,-6.642827513638379,2.0339890512377843,-0.7413143920529685,-15.747667691027722,118.27941557946754,-2.3948759639117667,-6.842267651872808,1.9999999999999991,118.49594469148826,0.9976534888259089,0.019294135933520917,0.008292600837805007,0.08931319934641703,-0.2662657044550015,0.09291092559074611,-0.5221829731077211,0.007372102854765687,0.13466354120022192,-0.026809055487848503,673.4897913000418,712.0333579380348,598.6254908704875,637.3475580612236,0.0,0.0,0.0
13.156,-2.5213235637342692,-6.6037533157298185,2.047588164103777,-0.5741781098189584,-16.195655071428444,118.52839940800543,-2.4113379656310268,-6.809528363535657,1.9999999999999991,118.49594469148826,0.8402337489095212,0.020881540195798298,0.015243597428313277,0.07375743929906325,-0.08275466245034589,0.06939239850597291,-1.026685326796759,0.009538900407678609,0.08384500139727113,-0.02338006262891128,664.871492688665,690.7712154114241,600.1402986740846,622.9817151200507,0.0,0.0,0.0
13.208,-2.540081835213165,-6.571770178549062,2.059189437017617,-0.4181183972616557,-16.222716274793413,118.70730944100774,-2.430777544971955,-6.772168236532162,1.9999999999999991,118.49594469148826,0.6836050030316508,0.022566741204982046,0.013651158371286373,0.06683040469456848,0.03092991002567274,0.05003595086211752,-1.384332761717832,0.009120444538868906,0.04135407956696943,-0.02002456196514919,658.134754489538,672.3978910188066,602.7978483377692,612.767940130914,0.0,0.0,0.0
13.26,-2.5553336693622772,-6.546528492595909,2.0681100498976264,-0.26010469742030395,-16.021479429624637,118.83138937376783,-2.451573384271758,-6.733158409799599,1.9999999999999991,118.49594469148826,0.5305905438352438,0.023893049210353443,0.0019943991782695103,0.06326713010981468,0.08506864462496994,0.03431685898422863,-1.5582949790604854,0.007046306866851208,0.011707491954010142,-0.016857919560621402,653.9148224413536,659.2842381697844,607.1450973764647,608.5866381665917,0.0,0.0,0.0
13.312000000000001,-2.5671725032337362,-6.527673910563842,2.073955661246566,-0.10052151138823248,-15.737556783768703,118.91282500731411,-2.4725191131710167,-6.694667200736741,1.9999999999999991,118.49594469148826,0.3825376662055491,0.024455514983633304,-0.01680205880794392,0.05930889005014165,0.0977444968157217,0.02174986870546109,-1.5644864980461997,0.004234148162626929,-0.005642425185289013,-0.01396303570303521,652.1869652753148,651.7809058985027,613.1020505932584,610.0661436541716,0.0,0.0,0.0
13.364,-2.5756728850320174,-6.514907270543905,2.0766310005600515,0.05258097530595787,-15.44271966587078,118.96118581843456,-2.4925729841735174,-6.658504687419959,1.9999999999999991,118.49594469148826,0.2397112842128538,0.02399827674117417,-0.038096991267882296,0.05297543472877474,0.10912716987256174,0.011886201287999365,-1.4451803423187657,0.00140664507817043,0.1206407793462869,-0.011367905735917705,632.8045745429307,668.078887798656,599.5098227628282,635.8003214483216,0.0,0.0,0.0
13.416,-2.5808877467276,-6.507987439674321,2.0762883159974828,0.18850206799147967,-14.87275494034588,118.98475192172346,-2.511029772272181,-6.625849189442879,1.9999999999999991,118.49594469148826,0.1028300630901163,0.02245173842000432,-0.057181159496306866,0.043703207329092886,0.2710302641781829,0.004296318010816335,-1.2512218046313346,-0.0009496405024046577,0.20798275936661495,-0.009094043813754987,620.5610789309486,680.3947453741541,592.8686607696785,655.7806823620781,0.0,0.0,0.0
13.468,-2.5829141057586136,-6.50661559222064,2.073265654401737,0.2959031281429033,-13.569719623994317,118.99290177900473,-2.527333782950977,-6.597577609415677,1.9999999999999991,118.49594469148826,-0.023559586578344265,0.019914761385486632,-0.07353179625281484,0.031731133186275504,0.5590122813285306,-0.0014510752772208893,-0.9983795141868802,-0.0024265638679743847,0.20825039416007596,-0.007173557036753658,622.1587076559796,681.5187028080927,599.9535133510843,662.6878579157186,0.0,0.0,0.0
13.520000000000001,-2.581996671743506,-6.510254435114627,2.068029354726074,0.36700738162494273,-11.364289960887175,118.99365766743432,-2.5411367632908237,-6.574188799557872,1.9999999999999991,118.49594469148826,-0.13180679783912513,0.016613060521320715,-0.09083616816789587,0.018597847205657093,0.8574303179529508,-0.005736517395653807,-0.6652862710695056,-0.0031000832299680264,0.14918398082808842,-0.005637251483759494,633.9918012051048,675.9220981756193,616.5805026888514,661.3832119122072,0.0,0.0,0.0
13.572000000000001,-2.578574304418613,-6.518049141345782,2.0611580092187176,0.4001037671349026,-8.391539552187595,118.990673848835,-2.5521993678815824,-6.555978087087256,1.9999999999999991,118.49594469148826,-0.21415018048862824,0.012850754843693909,-0.11084951802338176,0.005898641671832766,1.0783270672678609,-0.008955941737888606,-0.25311834035831815,-0.0031936323548343165,0.06088085658842912,-0.0044149055996663186,651.7245549932619,668.1574049721835,638.282267822012,656.8829266567251,0.0,0.0,0.0
13.624,-2.573261781700659,-6.528860596997168,2.0533349989578285,0.3981754944141564,-4.9736627364841075,118.98350653195611,-2.5604398133251767,-6.542965734709829,1.9999999999999991,118.49594469148826,-0.26521848075163257,0.008965349043614537,-0.1306307735602596,-0.005282809132079247,1.1756885622985274,-0.011336014805659243,0.18755013988997837,-0.0028713060937364293,-0.032265906425331725,-0.003416291411220913,671.0643260553203,661.1477377288717,660.8771315634092,652.4620369334851,0.0,0.0,0.0
13.676,-2.566794416523116,-6.541362919050924,2.045293639859823,0.36657493763057025,-1.5039489315896373,118.96987156877252,-2.5658861343777573,-6.534985379095499,1.9999999999999991,118.49594469148826,-0.28362406996443384,0.005281039513859978,-0.1442291663500161,-0.014303037351307358,1.1397360904365554,-0.013011673262079157,0.5750215371275189,-0.0022259896595141675,-0.1129493490832405,-0.0025451933182172627,688.1994444212359,655.983607051302,680.7913726879842,649.497328397184,0.0,0.0,0.0
13.728,-2.559952115081695,-6.554177084631191,2.0377097161917614,0.31178320239161794,1.643925943088902,118.94797634821079,-2.5687317791641746,-6.531590863016181,1.9999999999999991,118.49594469148826,-0.2721879086829052,0.0020646607523904345,-0.14625040270086226,-0.020744339636145203,0.9860217667385023,-0.013992444250707656,0.8348510942230031,-0.001359968722828491,-0.170080615212945,-0.0017588240133682544,700.276964982054,652.6324102995055,695.3032734066429,648.08219220335,0.0,0.0,0.0
13.780000000000001,-2.5534714707850634,-6.566024842774836,2.0310924576357943,0.24126102080241482,4.173492604310882,118.91778923684195,-2.5692679262523552,-6.5321813092978305,1.9999999999999991,118.49594469148826,-0.23687127878204955,-0.0005043687706119902,-0.1349292091622324,-0.024364340360403393,0.7473859134311596,-0.014349120591077166,0.9334417928613439,-0.00042557027948502205,-0.19916727927846134,-0.0010309212957377244,705.8751873362437,650.550719679209,703.0867365919914,647.7711265779225,0.0,0.0,0.0
13.832,-2.547960480072464,-6.575876009969463,2.0257066739099234,0.16306633074927898,5.902536840643195,118.88135447173401,-2.5679340664311057,-6.535912426516126,1.9999999999999991,118.49594469148826,-0.18508866353382838,-0.0023400528074052724,-0.11281448926007209,-0.02534969321739768,0.4637559112085726,-0.014129823019287748,0.8872556313378847,0.00048125730987781494,-0.2011353214434662,-0.00038185682617941077,705.0781405516233,649.3786601825794,704.2159805311132,648.1633420733032,0.0,0.0,0.0
13.884,-2.5438363516014872,-6.583052420024031,2.0215759139913367,0.08512991950316347,6.767051693210688,118.84211295415918,-2.565209048741029,-6.541891546715367,1.9999999999999991,118.49594469148826,-0.12435715678145318,-0.003434468820203503,-0.08539060318410376,-0.023950144133814195,0.17411799115424026,-0.01343794336541868,0.7492157050445661,0.0012197759278844682,-0.18085093094675592,0.0001548468542388096,699.2170331735489,649.1272435686166,699.9493978127513,649.2100184505218,0.0,0.0,0.0
13.936,-2.5413005336620826,-6.587264804823426,2.0185411653255096,0.01461632542860645,6.809172600487007,118.8036831463783,-2.561642441563429,-6.549123282572995,1.9999999999999991,118.49594469148826,-0.06158811610672175,-0.003841210367966954,-0.05871001049636955,-0.020686977296544264,-0.08886261025776669,-0.012411186213990472,0.5836454988640691,0.001710716271364576,-0.14499402542588608,0.0005581359963663882,690.2877199952869,650.0961709894116,692.228831395532,651.1699081732314,0.0,0.0,0.0
13.988000000000001,-2.5403513691217094,-6.588583183517756,2.0163543453698787,-0.043280708102335926,6.1514266927656145,118.76883238518788,-2.557740180345006,-6.556706943084931,1.9999999999999991,118.49594469148826,-0.0028077078251849096,-0.0036590478148462273,-0.037213941976198095,-0.016233436708808942,-0.3023149519723595,-0.011198874222113762,0.4419355298338461,0.0019520147929188315,-0.10028929088622567,0.0008243288068839226,680.2983052559815,652.5585251842871,683.0470461760037,654.3028830314406,0.0,0.0,0.0
14.040000000000001,-2.540822265063265,-6.587363739244307,2.014766282360357,-0.08573073681917705,4.968392769598398,118.73898051215055,-2.5539682721501364,-6.563833712538261,1.9999999999999991,118.49594469148826,0.04704235725299278,-0.0030177170818020344,-0.022827667801479386,-0.011224640875194192,-0.4521553159032624,-0.00991938382842721,0.35087068728678095,0.0019650172311697924,-0.052963783078191745,0.0009684733023147718,670.8762998820191,656.4299923992037,674.058114018042,658.5605816125716,0.0,0.0,0.0
14.092,-2.542430510256945,-6.584158871453146,2.0135846674456963,-0.11205685255680847,3.459682338649204,118.71424523339287,-2.5506970702503056,-6.569872512262709,1.9999999999999991,118.49594469148826,0.0843905610525127,-0.00206397760681055,-0.014939944099202743,-0.006216227915284073,-0.5340224187522039,-0.008666070437646273,0.3105766772727251,0.0017945969401168445,-0.007817951839108633,0.0010226351072925234,662.9355501807069,661.2252747425334,666.2558090606261,663.5379771181914,0.0,0.0,0.0
14.144,-2.544826298433127,-6.579628491530593,2.01269653851575,-0.12324216459603449,1.8244689136737149,118.6939131168965,-2.5481817592500478,-6.5744089977966205,1.9999999999999991,118.49594469148826,0.10728768358054674,-0.0009463308463656609,-0.011425627216460234,-0.0016333306399834908,-0.5504734122410897,-0.007486116550148113,0.30381879485085905,0.0014831713293366015,0.03132728847791014,0.001017113877149436,656.8228275196868,666.1474353471743,660.069853146138,668.5155908049928,0.0,0.0,0.0
14.196,-2.547636757388979,-6.574461230213255,2.0120531654560065,-0.12136864420857969,0.24445575516041154,118.67696261901031,-2.5465509310063057,-6.577260095163144,1.9999999999999991,118.49594469148826,0.11548825537905531,0.0001996375619738715,-0.009804775073868125,0.0022211508870905255,-0.5096648263635397,-0.006398717912738751,0.3078386681159816,0.001072683349663598,0.06160299329375493,0.00097722328127495,652.5132089996758,670.3271470192445,655.5526711938362,672.6869102099287,0.0,0.0,0.0
14.248000000000001,-2.5505045432283557,-6.569305975579936,2.011639947012412,-0.10918639872886296,-1.131231638768471,118.66247905017178,-2.5458140780227807,-6.578452989700553,1.9999999999999991,118.49594469148826,0.1102897958109764,0.0012625600165064586,-0.008163967685957275,0.0051590018732451115,-0.4242420929588155,-0.005404583235969136,0.3043408786678666,0.0006088859694523803,0.08137665543825476,0.000921980577783134,649.7872878205374,673.0889232642259,652.5511485436584,675.4186249927171,0.0,0.0,0.0
14.3,-2.5531199171025434,-6.564715624746712,2.0114454988513186,-0.08978202874247837,-2.1957459337308514,118.64987188298231,-2.545915381962091,-6.5781264572895655,1.9999999999999991,118.49594469148826,0.09416374372384606,0.0021615586588897007,-0.005618002772746657,0.007084026023460641,-0.30897194030852504,-0.004498847904423289,0.285003244008379,0.00014430451967839975,0.09019172676613013,0.000859950071567416,648.4119073657258,674.0940765308665,650.8732898722185,676.3818076677688,0.0,0.0,0.0
14.352,-2.555244552831747,-6.5611062216066935,2.011442169819186,-0.06629471084703599,-2.888155591944438,118.63890055966671,-2.546685840715022,-6.576615899213982,1.9999999999999991,118.49594469148826,0.07030436065166258,0.002847710103768014,-0.0022651464116657956,0.008020908753008532,-0.1796818607742709,-0.003676798371109779,0.2516609042688213,-0.00027934686299301145,0.08868691330667544,0.0007947704032504363,648.2119199554004,673.3635313520747,650.3684826501458,675.5952744169451,0.0,0.0,0.0
14.404,-2.5567252934150555,-6.558734586677419,2.0115817379637866,-0.04162654418654935,-3.193664105308762,118.6295683545792,-2.5479404151991565,-6.574278745148051,1.9999999999999991,118.49594469148826,0.04218760454050731,0.0033013896028737575,0.001177841113071601,0.008061977417571645,-0.0513369419022255,-0.0029385132496704508,0.21286843447493503,-0.0006258677920796675,0.07857338887064731,0.0007249400995589825,649.0458224051163,671.2431983486532,650.9035104485931,673.3891617078806,0.0,0.0,0.0
14.456000000000001,-2.5574970271518542,-6.557695691869528,2.0118031403046204,-0.01826062633530525,-3.1383247210067124,118.62196434949823,-2.549476463973348,-6.571496224159079,1.9999999999999991,118.49594469148826,0.013193330496745426,0.0035276822764661285,0.003882832491838381,0.007369938113371902,0.063390049894442,-0.002286764594258786,0.1786846353688294,-0.0008744738129419513,0.06219386569205244,0.0006501731850357883,650.7675830231315,668.2465885103725,652.339286685331,670.2679879501194,0.0,0.0,0.0
14.508000000000001,-2.557575770798615,-6.557937569696395,2.0120471240510756,0.0019346773911467937,-2.780103511556393,118.6161208653517,-2.551084336939033,-6.568653864389927,1.9999999999999991,118.49594469148826,-0.01369431863695691,0.0035508308307511034,0.005309512121705132,0.006148197483872871,0.155167749657276,-0.0017259082947379896,0.15629345656577706,-0.0010199000939859343,0.04206968231405086,0.0005705580545327534,653.190564499333,664.8999462492843,654.4923825090409,666.7542532008849,0.0,0.0,0.0
14.56,-2.5570445307884473,-6.559288861792633,2.0122688441600087,0.017748333493969287,-2.1982989214900055,118.6119404231335,-2.5525722027309534,-6.566095635238599,1.9999999999999991,118.49594469148826,-0.03611080954188599,0.0034082929285201165,0.005372242026777544,0.00460538667893304,0.21836914613568142,-0.0012555608960244716,0.14796617324558442,-0.0010644388161417532,0.020647021420660203,0.0004884129386067719,656.0547717463029,661.6423383747299,657.1097161677861,663.292033363669,0.0,0.0,0.0
14.612,-2.556034873289544,-6.561493612134577,2.0124443979317657,0.028608393990907192,-1.4828183994738058,118.60919309352748,-2.553794835817642,-6.564078354760278,1.9999999999999991,118.49594469148826,-0.05245761131020338,0.0031450036066534895,0.004391794330448016,0.002939546093867024,0.25076395953753755,-0.0008737862405677596,0.15132473244229055,-0.0010217665530764248,0.00024118817243609647,0.0004076057946581957,659.0200601747277,658.7973553544261,659.8586112056806,660.2183248241017,0.0,0.0,0.0
14.664,-2.5547067610819023,-6.564248666537461,2.012570024210075,0.03449840097003462,-0.724150451922442,118.60756725702909,-2.5546556829391394,-6.562764579421254,1.9999999999999991,118.49594469148826,-0.06196557239496371,0.0028080155603141545,0.0029148534431821453,0.0013233380579328658,0.25352728649555123,-0.0005716253583167014,0.1611349096312982,-0.0009097994596711385,-0.017260966085744858,0.0003315677836214321,661.7338354440841,656.5514206425339,662.3909239343583,657.7339686801639,0.0,0.0,0.0
14.716,-2.5532286913346502,-6.567240035295779,2.012655856896078,0.035847214543932214,-0.003695745974894427,118.6067393851703,-2.5551079477676244,-6.562226607105173,1.9999999999999991,118.49594469148826,-0.06466361598640809,0.0024418703477214867,0.0014826651645446624,-0.00010833061096251207,0.23079538530957028,-0.00033911755488904834,0.17177185898942496,-0.0007506869569815915,-0.03061699311904406,0.00026369258027413283,663.9073557737639,654.9650822744877,664.4205983445117,655.9157756092575,0.0,0.0,0.0
14.767999999999999,-2.551759900004252,-6.570175074250795,2.012717448264079,0.03340070853996424,0.6123680496149803,118.60642713890924,-2.5551557784951417,-6.562442304416129,1.9999999999999991,118.49594469148826,-0.06126125258033207,0.00208504581470177,0.0004628308965202371,-0.0012609357619358858,0.1882916082325719,-0.00016502140401819878,0.17913852910443429,-0.0005662727641120834,-0.039006947160072344,0.00020580621675988673,665.3282357485034,654.0510674280165,665.7335300155543,654.7885830568304,0.0,0.0,0.0
14.820000000000002,-2.5504358646035943,-6.572808324718983,2.012768398085633,0.028099139994703756,1.0774453828951573,118.60642801085898,-2.5548408388494037,-6.563323321770007,1.9999999999999991,118.49594469148826,-0.05297923787394164,0.00176766300381171,-2.4293442180210984e-05,-0.0020852959589862533,0.13308536902458673,-3.5741613265527637e-05,0.18162216706942536,-0.0003765236512399561,-0.0422917673360115,0.00015771364474001515,665.9250619994644,653.7687903688949,666.2515942672417,654.3177844100376,0.0,0.0,0.0
14.872000000000002,-2.5493580744381816,-6.5749593412181975,2.012815994826802,0.020946977728511677,1.3668665784143095,118.60662097675454,-2.554245720883852,-6.5647067418556215,1.9999999999999991,118.49594469148826,-0.041349102200219874,0.0015104939869163988,-7.37191482089335e-05,-0.0025713476517868006,0.07255581771317061,5.7178076194564466e-05,0.17992136837295225,-0.00019606863509921495,-0.04085158307353663,0.0001188366571172844,665.7475242698106,654.0539290734067,666.0183836458102,654.4422819556688,0.0,0.0,0.0
14.924000000000001,-2.548588678212263,-6.576521507683469,2.0128607395612157,0.01291432980688841,1.4771438505993881,118.60694808549546,-2.553451204659438,-6.566438941717231,1.9999999999999991,118.49594469148826,-0.028011786425260234,0.0013250617845848745,0.0001020157766184119,-0.002743332577300985,0.013561181776665593,0.00012246328619350402,0.1761029057404513,-3.694671500201695e-05,-0.03556514349648872,8.766513240079368e-05,664.9527188551383,654.8101507689654,665.1832159255133,655.0654231969518,0.0,0.0,0.0
14.976,-2.5481499306555135,-6.57746208933983,2.0128985141557756,0.004881924392910294,1.4232568796545875,118.60738818952865,-2.552553166329191,-6.568340346976973,1.9999999999999991,118.49594469148826,-0.01453813427932267,0.0012144846571778146,0.0002822688665574135,-0.002635752815179445,-0.03824120645995053,0.0001656833857319417,0.1724605797943698,8.806758195196323e-05,-0.027528134175907718,6.258299298256493e-05,663.7444094389583,655.9265502779909,663.9416707571017,656.0756942749341,0.0,0.0,0.0
15.028,-2.5480277920790337,-6.577814771286917,2.012923909197884,-0.0024294837388161785,1.2341739462966477,118.60792979170624,-2.5516478085642627,-6.5702323818330575,1.9999999999999991,118.49594469148826,-0.0022850903995559947,0.0011746383639607916,0.00032063633892344347,-0.0023144510525438013,-0.07883719183959847,0.00019191641327392125,0.1706022307359748,0.0001771562733547009,-0.017886497016357184,4.216037894125583e-05,662.3269444808803,657.281194235709,662.4935606519022,657.3477689023783,0.0,0.0,0.0
15.08,-2.5481786247928033,-6.57766668881742,2.0129331504786054,-0.008516153702153537,0.9481313724197719,118.60855453559519,-2.5508182408729208,-6.571963496378489,1.9999999999999991,118.49594469148826,0.007705115315506272,0.0011959493860824893,0.00017563803309662702,-0.0018507320252519985,-0.1056790102450665,0.00020403170414549817,0.17105559411536791,0.0002319543133169056,-0.007865895461395524,2.5735337822992924e-05,660.896949250724,658.7219022923468,661.0340921415896,658.7271181558217,0.0,0.0,0.0
15.132,-2.5485378670318055,-6.577142049243826,2.012925594033058,-0.013070661355752886,0.6077585294936373,118.60923256422505,-2.5501256061592463,-6.573423719790174,1.9999999999999991,118.49594469148826,0.014765521842081053,0.0012653027287820293,-0.00010309518442549171,-0.00130932424917255,-0.11813545843632214,0.00020561038994672048,0.1733557773773032,0.0002547942877873758,0.001497312355649684,1.2479874668300597e-05,659.6034169093012,660.1025905957923,659.7106104425613,660.064584221541,0.0,0.0,0.0
15.184,-2.549029545655611,-6.576384416552668,2.0129037366688776,-0.01596808761424168,0.2547263190091113,118.60992527889628,-2.549611050821248,-6.574542007727284,1.9999999999999991,118.49594469148826,0.018617434958310357,0.001367765497514614,-0.0004191881277445347,-0.0007480655023087638,-0.11701418879742023,0.00019906979210364484,0.1764794990106012,0.0002485642946033614,0.009366126057589325,2.3818266979996373e-06,658.550067629732,661.2890085275324,658.6276299770892,661.2249271149192,0.0,0.0,0.0
15.235999999999999,-2.5495755039403107,-6.575539698024267,2.0128720449026747,-0.017241599450840927,-0.07371968699289282,118.610593332013,-2.549287901470842,-6.575297807297198,1.9999999999999991,118.49594469148826,0.019343121224381706,0.0014881331250475183,-0.0006779013208912193,-0.0002178878548020409,-0.10427597833304439,0.0001868380956129777,0.17935641924026421,0.00021925720130508167,0.015112886918720862,-5.003657242813077e-06,657.8047220012689,662.1719411047136,657.8534768930184,662.0958770061745,0.0,0.0,0.0
15.288000000000002,-2.5501035625028194,-6.574741240944424,2.0128353273686583,-0.017055063016370536,-0.3482587915188982,118.61120648459867,-2.549153388327671,-6.575701763339089,1.9999999999999991,118.49594469148826,0.01732763405484351,0.0016122538634924868,-0.0008236787845671103,0.00024238986631183734,-0.0830034524311255,0.00017167246029898815,0.18128898010429928,0.0001722200427502766,0.01852392773660751,-9.895820271924819e-06,657.3794899764938,662.7044814351406,657.4012236089563,662.628327962885,0.0,0.0,0.0
15.340000000000002,-2.550553897211608,-6.574098323232679,2.0127973939831523,-0.01566917179582517,-0.5493709514224494,118.61174643558181,-2.549180666231903,-6.575806506746137,1.9999999999999991,118.49594469148826,0.013173792171631402,0.001728041721125597,-0.0008487769332930578,0.0006039411983071744,-0.05653183789142644,0.00015486749746307523,0.18207979661327606,0.00011571465723443926,0.01958098001664607,-1.2842969238110666e-05,657.2672138166218,662.8769229415067,657.2645937080339,662.8086882637148,0.0,0.0,0.0
15.392000000000001,-2.550883228759325,-6.573688747078486,2.012760435195329,-0.013404386657752588,-0.6676339968952788,118.61220895299003,-2.549336539907582,-6.575677886437093,1.9999999999999991,118.49594469148826,0.007609872024590703,0.001826179177544792,-0.0007857990347713293,0.0008533829821009275,-0.02826441771713637,0.00013810730881364235,0.1819783957676469,5.499038506596348e-05,0.018531969869739883,-1.4164232118456938e-05,657.432739755891,662.7263315350069,657.409082344793,662.6716636795609,0.0,0.0,0.0
15.444,-2.5510667538226586,-6.573555626042315,2.012725073180748,-0.010601122354911256,-0.7032566862702397,118.61259954218951,-2.5495746347440136,-6.5754025866076375,1.9999999999999991,118.49594469148826,0.0013986801575034346,0.0019004322186504847,-0.0006853634286561351,0.0003932206380064201,-0.0010946075909553338,4.91040114352543e-05,0.1814608409910805,0.0002254974308371914,0.015709041858791566,1.320306944222827e-05,657.764787156043,662.3032786674988,657.8659178484047,662.2757108071098,0.0,0.0,0.0
15.496,-2.551097932925071,-6.573708100895088,2.012690951453001,-0.0073832608669171795,-0.664653272648846,118.6129528143167,-2.5498507968898054,-6.5750648034028485,1.9999999999999991,118.49594469148826,-0.004743172755937705,0.0019472166093474075,-0.0005939198260866992,0.0011160214174847772,0.021948951141475957,0.00010966533420238478,0.18099359561755454,-0.00010287184128083833,0.011837709588616916,-1.4476073299404119e-05,658.390039874776,661.73223092991,658.320473098671,661.7214688194696,0.0,0.0,0.0
15.548,-2.5509864223473437,-6.574125313081257,2.012657442041819,-0.004284950260152008,-0.566413781102883,118.61324082581551,-2.5501215714277414,-6.57474391524947,1.9999999999999991,118.49594469148826,-0.010209755118076005,0.001964536288203042,-0.0005390650421850835,0.0009702387958027851,0.03960993099125439,9.3591667791523e-05,0.18086708318664327,-0.00012266089836187759,0.007284633692093893,-1.3516428926238586e-05,659.0323383628611,661.0721623585756,658.9598558279018,661.0696705214621,0.0,0.0,0.0
15.6,-2.5507548048787276,-6.574762861265497,2.01262420715341,-0.0017620603889502999,-0.4269881009790221,118.61348816601793,-2.5503508271833866,-6.574507438953755,1.9999999999999991,118.49594469148826,-0.014550164851417875,0.001956136121851583,-0.0005250508728014802,0.0007637008589415316,0.05075527759168223,7.972156906325042e-05,0.18113373243777672,-0.00012431319894180842,0.0026592324746722747,-1.2843795043107967e-05,659.6899631020726,660.4119428523954,659.6189458783253,660.4117805835496,0.0,0.0,0.0
15.652,-2.55043452091906,-6.575560686422561,2.0125914419204904,0.0001516727274881522,-0.2662709866868849,118.61370098228403,-2.550512857394981,-6.57440060945395,1.9999999999999991,118.49594469148826,-0.017491307760132264,0.0019277917768773095,-0.0005382563311776046,0.0005618507733338128,0.055229983624336544,6.697216166718425e-05,0.1816538244864363,-0.00012660151873406206,-0.0015658363697217022,-1.2029093796698913e-05,660.2968140381673,659.8147880734741,660.2274660794976,659.817534598686,0.0,0.0,0.0
15.703999999999999,-2.550061400490714,-6.576451310452609,2.0125597931812136,0.0014749609012441587,-0.10333646313487126,118.61388221691475,-2.550590555924572,-6.574454519333894,1.9999999999999991,118.49594469148826,-0.01893914535725169,0.0018851678069775521,-0.0005574683601026244,0.0003650641769415295,0.05355248016068599,5.531058537884099e-05,0.1821987993412042,-0.00012655173748527156,-0.005033557412657654,-1.1148274328037604e-05,660.7980836346566,659.3284412381016,660.7312392073676,659.3336175166261,0.0,0.0,0.0
15.756000000000002,-2.549671412322284,-6.577367601869432,2.012530070197564,0.0022204415518409866,0.04527998944092231,118.61403311331853,-2.550580375068418,-6.574673017924274,1.9999999999999991,118.49594469148826,-0.018962094960315888,0.0018336902650074917,-0.0005642555751576527,0.00017375151887914948,0.04679975814139105,4.485190247815124e-05,0.18256212829963817,-0.00011868929224877997,-0.007509757452429808,-1.0135308089373983e-05,661.1553035839244,658.982676775944,661.0935318902699,658.9884225692581,0.0,0.0,0.0
15.808000000000002,-2.5492970392341046,-6.578249394063055,2.012502920295777,0.002422171378617071,0.16685262743414575,118.61415508860136,-2.550485339791758,-6.575049645499533,1.9999999999999991,118.49594469148826,-0.017760453675059882,0.001778523971807823,-0.0005491888920773934,-1.3150181375492718e-06,0.036347860856712585,3.5614540406995806e-05,0.1826306273005627,-0.00010366461072827508,-0.00888588189694147,-9.018911058960438e-06,661.3500470184588,658.7897745084016,661.2956505689377,658.7943321350992,0.0,0.0,0.0
15.860000000000001,-2.5489645356860935,-6.579048468181061,2.012478599906997,0.0021496464910347878,0.2531497458237255,118.61425037874027,-2.5503193691148955,-6.5755563883509,1.9999999999999991,118.49594469148826,-0.015627815556136848,0.0017243168689417543,-0.0005135431363920104,-0.00014819587008927903,0.02378786331671942,2.7751388862240852e-05,0.18240845712351264,-8.28494718206549e-05,-0.009181829911779104,-7.787945010982213e-06,661.384354969183,658.7457035821211,661.3392805819258,658.7477370249032,0.0,0.0,0.0
15.912,-2.5486922014876097,-6.57973164125469,2.012456904326963,0.0015052482065535998,0.30069823562344633,118.61432271575912,-2.5500987571854856,-6.576162716218994,1.9999999999999991,118.49594469148826,-0.01290811925881644,0.0016748983604612546,-0.00046634796762757825,-0.0002571470883403506,0.010680670781581365,2.127631846862502e-05,0.18199049163563213,-6.011304610450022e-05,-0.008532935797123069,-6.504076302470043e-06,661.279200711476,658.8317994950735,661.2441322085613,658.830907056706,0.0,0.0,0.0
15.964,-2.5484897088039196,-6.580281894354085,2.0124372572641303,0.0006036552426328789,0.31039005872969383,118.61437867545642,-2.5498439771665384,-6.57683020406647,1.9999999999999991,118.49594469148826,-0.009953905114671629,0.0016330443137775115,-0.0004194137983991256,-0.00010326994020832054,-0.0006990692410829554,5.872388683620143e-06,0.18151073993209377,-0.000123020178973648,-0.00748518316442732,-1.6115350801640914e-06,661.1221204533348,658.9551594482075,661.0826826026354,658.9857845719325,0.0,0.0,0.0
16.016,-2.548358401853626,-6.580697725958203,2.0124189006391995,-0.0006028787850425176,0.2867364419051698,118.61442590622408,-2.5495779348731094,-6.57751456163242,1.9999999999999991,118.49594469148826,-0.007089736815195351,0.0016009914617726017,-0.00038250783450962923,-0.00042001342604243257,-0.0119435613559992,1.3108936256718847e-05,0.18108903058163278,1.711175685698246e-05,-0.005242061632039544,-4.55069682279291e-06,660.7772158576095,659.2890383352456,660.7694956760886,659.2715419500785,0.0,0.0,0.0
16.067999999999998,-2.5482924091406782,-6.580991090653094,2.0124010877135965,-0.00174254443857841,0.2368318646996559,118.61445980229959,-2.5493207724960056,-6.578177220908085,1.9999999999999991,118.49594469148826,-0.004585113736176615,0.0015802662729350909,-0.0003606876698642045,-0.00034989690623206686,-0.019608805072303,9.9836537447192e-06,0.18079872088280965,1.827945407872214e-05,-0.0030906283848309134,-3.3183950094951495e-06,660.4614917847682,659.5864089037498,660.4575108207459,659.5720027012704,0.0,0.0,0.0
16.119999999999997,-2.5482802011544097,-6.581184256608509,2.0123832358410767,-0.002633722733410785,0.16949974822733563,118.61448803737807,-2.549086816212061,-6.57879337974492,1.9999999999999991,118.49594469148826,-0.0026347646472484132,0.0015691268365601915,-0.00035362683709444433,-0.0002663047531166514,-0.024201274289272406,7.96794948819389e-06,0.1806552053305613,1.4089568955008737e-05,-0.0009503667131211882,-2.3261792348326822e-06,660.1514924014302,659.8848145874213,660.1490637559517,659.874357056752,0.0,0.0,0.0
16.171999999999997,-2.5483065303948673,-6.581306060911634,2.012364987321161,-0.0032975929692332278,0.09398908333068395,118.61451336374623,-2.548886948720117,-6.579343927201834,1.9999999999999991,118.49594469148826,-0.0013497815314197413,0.001565235656060027,-0.00035723721012354063,-0.0001946767879506553,-0.02571565597991344,6.943291635219441e-06,0.1806298596085483,1.3116755783260982e-05,0.0009680922656628062,-1.4620860667932667e-06,659.8756558560386,660.1551326887949,659.8753426338534,660.1473490688907,0.0,0.0,0.0
16.224,-2.5483545183514025,-6.581388095407311,2.0123461961367832,-0.0037610391128992575,0.019029866393972673,118.61453724656901,-2.5487273396991434,-6.579817584186429,1.9999999999999991,118.49594469148826,-0.0007588129759126278,0.0015665601083534788,-0.00036594902709759925,-0.00012991764809199488,-0.0244390922615357,6.439887490732826e-06,0.1806727941866751,1.3214648327299133e-05,0.0025027886034429767,-7.704633925549945e-07,659.6565639469561,660.3731953200119,659.6581949798584,660.3673008059008,0.0,0.0,0.0
16.276,-2.548407601873764,-6.581461168840041,2.0123268677235915,-0.004038280171612183,-0.047961064913523324,118.61456056478592,-2.548609161428886,-6.580211527295958,1.9999999999999991,118.49594469148826,-0.0008170332721400414,0.0015712954115875983,-0.00037479532945543383,-6.762766205210061e-05,-0.020898165911923516,6.513555836646934e-06,0.18073519334583946,1.2594232682848346e-05,0.003555061648116133,-1.5657295696731507e-07,659.5073252033196,660.5234972100528,659.5104812059942,660.5194794649618,0.0,0.0,0.0
16.328,-2.548451156117639,-6.581552348641624,2.012307083650736,-0.004126258041355295,-0.1014183215029656,118.6145843446426,-2.5485298411067836,-6.580532358432021,1.9999999999999991,118.49594469148826,-0.0014211456013243098,0.0015777317685688446,-0.00038104500177038705,-4.131066339749766e-06,-0.015778432321612922,7.0211265423589695e-06,0.18078771634926885,6.8006004800883165e-06,0.0040898207511546976,2.0675855598060663e-07,659.4329933465458,660.5998283143658,659.435505176337,660.5984651210264,0.0,0.0,0.0
16.38,-2.548473678754191,-6.5816827939799625,2.012286933527456,-0.004037893732634637,-0.13797262684589445,118.61460900293686,-2.5484831185202963,-6.580792662639173,1.9999999999999991,118.49594469148826,-0.0024282323626774937,0.0015841912277146126,-0.0003841006864460556,5.092149364822494e-05,-0.009829325045619678,7.808718867618685e-06,0.18082166959190565,-2.29877965205126e-06,0.004132538228684921,5.168659777503304e-07,659.4289646853694,660.6053736974652,659.4297420560391,660.6074580298881,0.0,0.0,0.0
16.432,-2.548467482424665,-6.581866502457141,2.01226649453507,-0.0038117268720353967,-0.15642981499125705,118.61463472216802,-2.5484601938492535,-6.581008236938085,1.9999999999999991,118.49594469148826,-0.0036760027119279544,0.0015892382249863887,-0.00038492198220867473,9.070086212378872e-05,-0.003762180551900158,8.604569808612248e-06,0.1808440083872527,-1.152419626308203e-05,0.003750538921264779,6.778281931509207e-07,659.4852734500183,660.5502496397671,659.4838671111568,660.5554050857556,0.0,0.0,0.0
16.483999999999998,-2.548428907891835,-6.582109957833197,2.012245825982011,-0.003472966607560244,-0.157700691043805,118.61466660619915,-2.548451166656082,-6.581198137208457,1.9999999999999991,118.49594469148826,-0.005001859299521464,0.001591839827140746,-0.00038510326894852087,2.9224568133863668e-05,0.00041629369201572205,2.7327705801636407e-06,0.18086847541872048,1.1379429311327162e-05,0.0035803305435144375,3.121915693534913e-06,659.5034437283606,660.5264677450607,659.5153400613749,660.531868369666,0.0,0.0,0.0
16.535999999999998,-2.5483580688786143,-6.582412612100222,2.012224982290784,-0.0029641575298454768,-0.14395114079332214,118.61470203581526,-2.5484465216409653,-6.581379230042329,1.9999999999999991,118.49594469148826,-0.006260368256963622,0.0015907415647376942,-0.00038592191798720107,0.00017102955103339223,0.006424381256334414,1.1234556677802192e-05,0.18090586017834379,-5.4106167025458195e-05,0.0021194651615634064,2.0001956808164342e-07,659.7256188593824,660.3138892124394,659.710755104257,660.3298467569692,0.0,0.0,0.0
16.587999999999997,-2.5482583033475446,-6.5827678834046255,2.012204029638012,-0.002544204991038612,-0.11861260796385657,118.61473467668914,-2.548437173223457,-6.581569249903131,1.9999999999999991,118.49594469148826,-0.007330523844715381,0.001585322188893234,-0.0003878390766071115,0.00011860574264685991,0.009713943401852172,1.146644566424679e-05,0.1809585756382266,-4.5723895887563756e-05,0.0011069069365352642,3.014542273634818e-07,659.8693684657759,660.171621886437,659.8571770274987,660.1854768207329,0.0,0.0,0.0
16.639999999999997,-2.5481354533583844,-6.583164669954287,2.012183053451065,-0.002272749443709628,-0.08608729764400207,118.6147680121814,-2.5484162224303244,-6.581780696415499,1.9999999999999991,118.49594469148826,-0.008129028113451866,0.0015768505019502627,-0.0003904194000908471,7.557952107994032e-05,0.011536043430519371,1.1745212457808797e-05,0.18101963145876754,-3.8109957030885696e-05,0.0001316937686587031,3.0776125745915137e-07,660.0081939745166,660.0348491151599,659.998191299259,660.0465558215898,0.0,0.0,0.0
16.692,-2.5479968979461143,-6.583589195520754,2.012162152575255,-0.0020947919835571276,-0.050673718632923005,118.6148021694349,-2.5483785980816536,-6.582023279502724,1.9999999999999991,118.49594469148826,-0.008612665430164052,0.0015665098912574064,-0.00039274918322734965,5.0595302871515695e-05,0.011943387615441793,1.191747107173464e-05,0.1810769165787453,-3.645648650826994e-05,-0.0007238153510578994,2.2769277405144603e-07,660.13092186854,659.9143767441377,660.1211702230422,659.9253927906706,0.0,0.0,0.0
16.744,-2.5478505665629196,-6.584026771804008,2.0121414237710504,-0.00197754536176986,-0.016311720216438827,118.61483670541902,-2.548323274018695,-6.5822968318961586,1.9999999999999991,118.49594469148826,-0.008775949493278201,0.001555019205128771,-0.00039390534392780296,3.220133939321511e-05,0.011103507652165645,1.19567398766525e-05,0.18111828946317743,-3.556898755998569e-05,-0.0013857007464830175,8.14454585239266e-07,660.2250227595551,659.820208281477,660.2171497316447,659.8325985096394,0.0,0.0,0.0
16.796,-2.547704054041196,-6.584463386640034,2.012120943581855,-0.0019107938905813472,0.013733790650032898,118.61487164482357,-2.5482488943312718,-6.582605116741404,1.9999999999999991,118.49594469148826,-0.008646105997340853,0.0015428907584991425,-0.00039333098529155944,1.5901151738740258e-05,0.009283106818121807,1.198276390293616e-05,0.181135837801397,-3.482062375235791e-05,-0.0018224166115557937,7.041079707684195e-07,660.2876256803108,659.7586367652368,660.2796609910868,659.7705092010591,0.0,0.0,0.0
16.848,-2.547563907481639,-6.584886998903596,2.012100752780598,-0.0018905952772333026,0.03710604412401955,118.61490676994367,-2.5481580306937057,-6.582942451268789,1.9999999999999991,118.49594469148826,-0.008275591768313103,0.0015305661245368393,-0.00039103855564176954,7.724801665637705e-07,0.006804668719830667,1.1926265515298406e-05,0.18112836740053387,-3.2855527451031544e-05,-0.002018973316516891,6.702774297926047e-07,660.3152674372591,659.7308537664644,660.3077688994495,659.7420730230424,0.0,0.0,0.0
16.9,-2.5474351259286374,-6.585288450329604,2.0120808523098934,-0.001912205437937914,0.052455983650352575,118.61494208850746,-2.5480530465612983,-6.583305394324799,1.9999999999999991,118.49594469148826,-0.007733202771261878,0.0015184444301323497,-0.0003874608851874283,-1.2437073621328754e-05,0.004012856367279951,1.187375269655906e-05,0.18110007418374335,-3.053391452473609e-05,-0.0019959091800576512,5.951571991073996e-07,660.3112002782414,659.734016726969,660.3041547165288,659.7443662679387,0.0,0.0,0.0
16.951999999999998,-2.547320888617072,-6.585661958202655,2.0120612065260173,-0.0019686611771895725,0.0594461107523309,118.61497841860458,-2.547938886356938,-6.58368386118903,1.9999999999999991,118.49594469148826,-0.007094824296529798,0.0015068677204176462,-0.00038336326225026204,0.0,0.0,0.0,0.18105958103512185,-3.608135274444641e-05,-0.0013115767679963755,4.818083677388119e-06,660.2078642718631,659.8240124069515,660.2109298433893,659.8476393424712,0.0,0.0,0.0
17.003999999999998,-2.547222522842685,-6.586005167875328,2.0120417536110518,-0.002068266234552268,0.05932069882680453,118.61503078719642,-2.5478195061892848,-6.584071358953137,1.9999999999999991,118.49594469148826,-0.006432823286898375,0.0014961356783483393,-0.00037956863730060123,0.0,0.0,0.0,0.18101691428795985,-3.478695375381257e-05,-0.001956325134033336,4.421021266091431e-06,660.299072397829,659.7319459335116,660.3014068969,659.7541072553068,0.0,0.0,0.0
17.055999999999997,-2.5471397556343414,-6.586318698689854,2.0120224212680067,-0.0022250412614701503,0.052046901234217756,118.61508752335077,-2.547699893932766,-6.584457880229766,1.9999999999999991,118.49594469148826,-0.005808261969598582,0.0014866968022009823,-0.00037648574634871056,-5.581815029545203e-05,-0.0034315379356912937,1.582978295039795e-05,0.18097837961384214,-8.130278845916259e-06,-0.0009914733399988124,-1.6576806830506836e-06,660.1654340604285,659.8807212263816,660.1585289740904,659.8784456173848,0.0,0.0,0.0
17.107999999999997,-2.547070798093254,-6.586605993012728,2.0120031401034155,-0.0023545536153933514,0.03893628844074066,118.61513003960339,-2.547583574108499,-6.58483762195204,1.9999999999999991,118.49594469148826,-0.005282380835580192,0.0014788074164670635,-0.0003743355193370491,-3.313614235606302e-05,-0.004918360174431043,1.3419806963592719e-05,0.18094835340096846,-1.1596744872548123e-05,-0.0004650068719201134,-9.391514202198269e-07,660.0892440741222,659.9534947479945,660.0833406761511,659.9541969610049,0.0,0.0,0.0
17.16,-2.547012623133405,-6.586872738779122,2.011983851959058,-0.002412658142950508,0.02296872931672078,118.61516899204038,-2.5474739220418576,-6.585203779561998,1.9999999999999991,118.49594469148826,-0.004893669715456607,0.0014719502841205262,-0.0003732203104275387,-1.1797242247809119e-05,-0.00556210312547395,1.2540098634063255e-05,0.18092969469797404,-1.630727114482517e-05,-2.454809817778415e-05,-6.141979577668419e-07,660.0262782189242,660.014641512232,660.0199325118505,660.0175852968868,0.0,0.0,0.0
17.212,-2.5469615860713817,-6.5871256898122486,2.011964516038609,-0.0024264292395993993,0.006270821855371788,118.61520580437477,-2.547372733174493,-6.585553610998084,1.9999999999999991,118.49594469148826,-0.004656981087875227,0.001465556415260918,-0.00037290863608553345,-1.0427196226143327e-06,-0.005552799462409405,1.1907056240387369e-05,0.18092143948065761,-1.8449508518317477e-05,0.00034223308375787493,-3.8327112667543156e-07,659.9738199184304,660.0660422524314,659.9675030802792,660.0702354192559,0.0,0.0,0.0
17.264,-2.5469139217770094,-6.587371776136787,2.011945109951779,-0.0024198771595401,-0.009410579156149155,118.61524111404735,-2.5472810677606867,-6.585884802768396,1.9999999999999991,118.49594469148826,-0.004569590966023075,0.0014593221616545388,-0.00037307865137360907,4.028895546762026e-06,-0.005002916480808887,1.1587399793566866e-05,0.18092115215718962,-1.880083389246609e-05,0.000617417327010076,-1.6339059301807152e-07,659.9343676873486,660.1048699626549,659.9285594213865,660.1097717998618,0.0,0.0,0.0
17.316,-2.54686614037918,-6.587617401832233,2.011925627163343,-0.0024010823350914495,-0.02269495721219525,118.61527549828101,-2.54719867653093,-6.586198215567247,1.9999999999999991,118.49594469148826,-0.0046146461258071035,0.0014531024065419476,-0.0003734478826933996,7.703688562361475e-06,-0.004045531805659393,1.1344833799558367e-05,0.18092627736602784,-1.91169216822774e-05,0.0007870882539958154,-1.8760055346851712e-08,659.9101803910985,660.1289195583182,659.9046824819197,660.1343117082264,0.0,0.0,0.0
17.368,-2.546815328636262,-6.587867901778572,2.011906072862763,-0.002372041875532879,-0.032635646830404985,118.61530939722337,-2.5471246033913517,-6.586495385929906,1.9999999999999991,118.49594469148826,-0.004764905808177696,0.0014467985583471478,-0.00037383167198664507,1.1157173452625078e-05,-0.002831639592378103,1.1337744311336028e-05,0.1809348438410156,-1.967348886741121e-05,0.0008499628573853219,1.0865224415708766e-07,659.9013449236398,660.1378339519672,659.8960413127908,660.1437373196053,0.0,0.0,0.0
17.419999999999998,-2.546759319074814,-6.588127195791717,2.011885659342091,-0.016715756855542958,-0.024403841169571783,118.60531022825482,-2.5543472781032763,-6.570623444777016,1.9999999999999991,117.8318957589181,-0.004988975532394349,0.0014391116010895638,-0.00043896543840125327,-0.020278206267438245,0.01989104740254439,-0.010906221064014798,0.1816063497208053,-0.059566584581601856,0.36105324808112027,-0.009772091017386105,629.9452509855761,714.2722968041328,581.9883572547935,704.8804173140064,0.0,0.0,0.0
17.471999999999998,-2.546723885766153,-6.588381159550684,2.011844391041848,-0.2817733636333119,0.7570596287128769,118.55426966452198,-2.5890014786910225,-6.493958229496165,1.9999999999999991,117.83074131626438,-0.0036845175301523465,0.0022226740826957305,-0.0010639830649368316,-0.1290964277444021,0.5123503414259788,-0.018171147568535904,0.18843153406835117,0.005113365571343356,0.4296825488498264,-0.006150040031203858,604.476774473686,727.2331764864865,587.2236056124842,710.2551702495284,0.0,0.0,0.0
17.523999999999997,-2.5469985007367084,-6.588338139823332,2.0117844196130217,-0.6830771545257198,3.4013900645687234,118.47299231709172,-2.6338830371826227,-6.39462519211411,1.9999999999999991,117.82883482972771,0.010944600947012998,0.006138609754814788,-0.0005993474717892674,-0.10472108201089156,1.0942763414690517,-0.01986848547150231,0.18517929266213337,0.1146939188235101,0.08986345627381837,-0.003925923200880591,636.6091496245482,694.3927767353059,658.818567035195,651.6947672221771,0.0,0.0,0.0
17.576,-2.548276910077675,-6.587052876210449,2.0116911384396796,-0.6619933657885982,7.045766398925021,118.36629134438945,-2.677904694530835,-6.297216733005583,1.9999999999999991,117.82200313245663,0.05286244755611062,0.012373280709901745,0.004042708450548341,0.06946472367644244,1.2553530439082188,-0.020451005267699114,0.14206038895891782,-0.01680320945981665,-0.13221118213668182,-0.0016842364199177993,684.774714313069,642.5647938496013,675.604544987026,642.6897013290046,0.0,0.0,0.0
17.628,-2.551318132156982,-6.583114150991407,2.0114835973145615,-0.4249102727653429,10.550335197678146,118.27165670114036,-2.716334708080456,-6.212282869222003,1.9999999999999991,117.80737567010112,0.12556948960113606,0.0173028210062025,0.017291328354177935,0.10311939473043545,1.091544864617293,-0.01977800530240714,0.018262621173681104,0.0567715273973056,-0.2233120604924133,-0.0002962798506233005,685.6674735901964,638.3756386368701,700.2870042413276,620.5603827153166,0.0,0.0,0.0
17.68,-2.5567367024610532,-6.575119401016794,2.0109920780784667,0.059994668143219534,13.263462418450388,118.20303034507339,-2.7479239974334773,-6.142714923133891,1.9999999999999991,117.78114561291164,0.2242074690597548,0.019653178950296644,0.03891102395295105,0.2062699594088734,0.77892812957611,-0.018503968996622662,-0.17847694127755837,0.0067638713986975935,-0.22245002689840637,0.00011214206508655504,690.7301430448941,629.2962561443832,692.8644873418644,627.599109652024,0.0,0.0,0.0
17.732,-2.5648667232115883,-6.561964976567763,2.0099513948242556,0.7245031494537844,14.99858687862338,118.15911343581254,-2.7731554194256054,-6.087561026832197,1.9999999999999991,117.74783092512898,0.3407478966240317,0.017445175268053836,0.0637753705726283,0.22745902682951277,0.4537422641267021,-0.017726183925601234,-0.3894354327962406,-0.025332991823138425,-0.17377145651463383,5.260413384192012e-05,686.3600758204826,629.4682224468341,679.5275456207772,637.1399602766553,0.0,0.0,0.0
17.784,-2.575748810600725,-6.542942385104043,2.0080592280796146,1.2540901679042316,15.863549183048761,118.11998618404064,-2.7933440106100034,-6.044020303661387,1.9999999999999991,117.7049505935492,0.46725339267621513,0.010027931801228625,0.08611430164036135,0.11983692191108615,0.19010489059564345,-0.01775609455838823,-0.5483820981735931,-0.08848312150775237,-0.11049416832712011,-8.051188989333102e-06,684.2692543473786,627.2258853755637,659.4898176007889,653.1853011061443,0.0,0.0,0.0
17.836,-2.589294005962814,-6.517743914325868,2.005066354186138,1.2499015869125605,16.096231615591464,118.06938760628861,-2.8099352074858097,-6.008902582334073,1.9999999999999991,117.66325696825027,0.5972091746297076,-0.0005920605771129409,0.10273395676538895,-0.0646939438845715,0.013422768346167596,-0.01825037080829667,-0.616010942981717,-0.025207006246821644,-0.052835943008482676,0.0003553199251212563,665.7831597042459,643.3695552440038,659.6125952607619,651.690695139074,0.0,0.0,0.0
17.887999999999998,-2.605479584123225,-6.486407486233094,2.0008502725797035,0.8875655934530843,15.951312651472144,118.01041839331346,-2.824414222385354,-5.978881019512517,1.9999999999999991,117.61915094760968,0.7259681535848076,-0.010096719077533272,0.11367289058060762,-0.13561667984987213,-0.08142581244580938,-0.0179231124429644,-0.588726882341375,0.009161266453396176,-0.010023043126516036,0.0005453884075741714,654.8878190909111,654.6403914486411,659.0268226795873,653.5314656116445,0.0,0.0,0.0
17.939999999999998,-2.6243571073790415,-6.4491689150461795,1.9954371524256085,0.4732239979133069,15.637762783005105,117.9527133236173,-2.8378896440052546,-5.951377213249104,1.9999999999999991,117.57891101388097,0.8507875366464841,-0.016128998546904437,0.12159164606323136,-0.12618250023678285,-0.11511462776430673,-0.017017133794770135,-0.4933724211563091,0.017328819816095433,0.016702800387578088,0.0005802750022965838,651.4974977847197,661.2445116427396,658.0924605565061,657.9136067196088,0.0,0.0,0.0
17.991999999999997,-2.6459809871978703,-6.406316636472321,1.9889784269313586,0.14128784899805258,15.296507433715385,117.89937535483583,-2.851449601408241,-5.9239014694320735,1.9999999999999991,117.53244147239117,0.970524650273845,-0.01858491332293516,0.12983512434761688,-0.0926007947041132,-0.11059123710723402,-0.016260200753355596,-0.367500898437225,0.015527566649406532,0.029964355034888,0.0004537735729398017,652.3936126362659,665.3732938817413,658.1142922108896,662.225347048676,0.0,0.0,0.0
18.044,-2.6703778534041063,-6.358116477527242,1.9816981930700313,-0.08949292881079257,15.005624828841142,117.8498522772985,-2.865704634147844,-5.895025275405706,1.9999999999999991,117.41929749704896,1.085136972423106,-0.018272357277869956,0.14091932182433192,-0.060745992447445794,-0.0874445951347916,-0.015718727067516636,-0.24287369887443866,0.0655050373667248,0.03385631908247125,-0.0010218183148405359,649.1245006106516,677.2893100871071,665.0232101232026,656.0156143949953,0.0,0.0,0.0
18.096,-2.697545672630175,-6.3047861233948765,1.9738374396993446,-0.12111450689336102,14.794447062593036,117.8024799007533,-2.881353353505251,-5.863218403917727,1.9999999999999991,117.3474465778443,1.1951743494783607,-0.015963855857512803,0.1560377997318073,0.05227644157000646,-0.05964910970870282,-0.01501591379989665,-0.1388455188929485,-0.00043365655677870055,0.032458735060284925,-0.00176372904456794,661.8873919094515,670.9216111653099,656.8744780774063,666.2214825380244,0.0,0.0,0.0
18.148,-2.7274121077931373,-6.246468272061091,1.9656135381327597,0.12241451928748001,14.661545507314402,117.75438711365226,-2.8986427090514026,-5.827945126539542,1.9999999999999991,117.25365218507075,1.3013811542329479,-0.013740579851833204,0.17522923435554855,0.07068859584792653,-0.03519844691788925,-0.01604317100658103,-0.0627123184472691,0.03907881837141375,0.02890575738335304,-0.0023140691351654866,659.0701801470127,678.184749823911,663.7821690720884,660.8947486726527,0.0,0.0,0.0
18.2,-2.759824729866249,-6.1832310005157165,1.9572006926289691,0.307714173290356,14.571013772242015,117.70123584518527,-2.918002499900143,-5.7883237690156255,1.9999999999999991,117.15252641539455,1.4044978867927569,-0.013247544393954827,0.19742320308133932,0.0854307417707493,-0.03853844875925488,-0.017160563201861555,-0.009533867264207796,-0.05682400732460226,-0.09154944568452442,-0.0028774658951809676,691.0185244041999,649.4002526089118,667.5495286688255,657.6976469144071,0.0,0.0,0.0
18.252,-2.79463628297341,-6.115140865182476,1.9487321386897334,0.48386865549465935,14.231567537500437,117.64096961819133,-2.939442156530034,-5.7443314780759405,1.9999999999999991,117.0271339203061,1.5051731364864653,-0.014267423688422782,0.21541550285747416,0.023491251499230877,-0.18617686493072788,-0.019595180638596933,0.0870347154934743,-0.04197677762838653,-0.16232938217175594,-0.003314345646755773,700.762172551915,643.6240798735425,680.5648898771864,646.4657935507776,0.0,0.0,0.0
18.304,-2.8316687296996084,-6.042374951695693,1.9403777214231444,0.3456650990243991,13.240589017482666,117.5665706076692,-2.9632037193762755,-5.695433554504986,1.9999999999999991,116.8965215191106,1.6014271785512453,-0.016516463860960385,0.21744493991960034,-0.07452247233705889,-0.4390197203677132,-0.022494014933735793,0.33681545654080347,-0.0005851211793383403,-0.1594220240715128,-0.003402717419608265,698.9375544860839,654.4873721064494,689.8218239079918,645.0846109483458,0.0,0.0,0.0
18.355999999999998,-2.870734803387707,-5.965402365918478,1.9324930898838664,0.05253722531808963,11.465850969899849,117.48649909073433,-2.9891495938463475,-5.641844775843995,1.9999999999999991,116.73583788106878,1.6872457640163774,-0.017157371378525722,0.19934770823096168,-0.09528091277004877,-0.6969373807641692,-0.02505449570779434,0.7692379782306189,0.0194819775076543,-0.10940986131641373,-0.004105447059101932,697.4681870192746,672.7930633287132,691.937993010315,655.98554188943,0.0,0.0,0.0
18.407999999999998,-2.9115639677203413,-5.885016999267964,1.925706016048196,-0.2039320543489942,9.026594744602162,117.40918913454827,-3.017382255277222,-5.583254118056737,1.9999999999999991,116.56444239575055,1.7547859273575248,-0.014778860527635957,0.16613946824434814,-0.06856321400073506,-0.8889547968117595,-0.027783520707201192,1.3150680093386484,0.023269946772647754,-0.035408014248662356,-0.005020597921719138,697.2329270067777,693.9524811455018,690.3105807729855,674.1415099116649,0.0,0.0,0.0
18.459999999999997,-2.9537349268207906,-5.802285975340317,1.9208532184213543,-0.3511321719468968,6.193346430830264,117.33327174199792,-3.047664626000529,-5.520061309285188,1.9999999999999991,116.34677970731246,1.7974314787581875,-0.009779842052953704,0.12841551079158262,-0.030714688746081686,-0.9775480941631244,-0.03201781811877714,1.84368605890716,0.020950448996937737,0.04366054392839147,-0.006359936187561928,697.5553967796751,714.7560240611461,686.4474248258142,692.638924169298,0.0,0.0,0.0
18.512,-2.9966789300613588,-5.718461491785206,1.9187964301942257,-0.38981903210039204,3.296937392071589,117.24861822679532,-3.0799462332751086,-5.452275064924724,1.9999999999999991,116.11035320757551,1.8120992908262399,-0.0031880924814469006,0.09781975038167626,0.0020721023412453464,-0.953121037108259,-0.03712701039963197,2.2133533598491724,0.01818811210689754,0.11482642368770063,-0.007587214946912288,696.2459970028115,731.2795004599834,681.0725217578616,707.2440549542526,0.0,0.0,0.0
18.564,-3.03974193041292,-5.6348495182487515,1.9201958460387767,-0.34073522860200284,0.6602989744026251,117.14542219854242,-3.113868809341847,-5.380554509568066,1.9999999999999991,115.93390167498097,1.7999023435603945,0.003977372219019686,0.0831059563793612,0.027038281346541515,-0.8258627604180692,-0.04272457152645417,2.3170466396796607,0.013074763772882424,0.16779957207077675,-0.006962871927824976,690.552069625863,738.1516490532719,675.5171173264042,717.2846653354569,0.0,0.0,0.0
18.616,-3.0822790940179097,-5.552643217213665,1.9253254508487543,-0.23084892347132363,-1.4516866259456302,117.02316776153509,-3.1491719030915934,-5.3053316004762054,1.9999999999999991,115.85375755111842,1.765305528447633,0.010785209445541295,0.08755075141861515,0.042025107131790376,-0.6217156223296979,-0.045732774221587696,2.1137206007138762,0.009458382451531817,0.1860870717184695,-0.004849748233193522,681.4803666953176,733.4420761649732,671.0008243156807,718.7847459041989,0.0,0.0,0.0
18.668,-3.1237526540405574,-5.4727627638625,1.933971802378983,-0.06587860273442679,-2.893730549654301,116.88912975169922,-3.1853609381261165,-5.227505492930137,1.9999999999999991,115.75178923494661,1.7145525424552885,0.016518117620260352,0.10752983133384379,0.07698920451998664,-0.39270793095063466,-0.04668101406431548,1.6455147233983516,0.10849698928801813,0.14363338822069424,-0.0036376726165278633,662.0567485277204,730.1478637121725,682.5054364892875,692.1158599127485,0.0,0.0,0.0
18.72,-3.1637726508676876,-5.395753536456453,1.9454556180938012,0.47925413891855556,-3.7292039767298375,116.75002740858173,-3.2219840212012274,-5.147851433294355,1.9999999999999991,115.64471296725995,1.6539818710892704,0.02030222177306049,0.13260448141760683,0.23179611454114105,-0.21015156972020685,-0.046242628246713484,1.03624159640114,-0.0742294625410849,0.11054172007116422,-0.002912432835967258,678.3287547091526,688.3187453123304,649.2870576096938,700.7456941715697,0.0,0.0,0.0
18.772,-3.2019889934151298,-5.321765442034607,1.958788266332069,1.0099334246047074,-4.112603951156372,116.60026068893181,-3.2584957980576283,-5.067292981532433,1.9999999999999991,115.32206166875339,1.5886042134042988,0.01892705480608132,0.15236080873701144,0.1159690038287966,-0.08298311487108131,-0.05174937245376595,0.41939326856006254,-0.050825412819088485,0.06459279634013095,-0.004283072889385684,670.1134318915388,673.96462469266,643.6494190607453,676.5204153715642,0.0,0.0,0.0
18.823999999999998,-3.2381869945523247,-5.2507273860906745,1.9728817413817465,1.1323146932893648,-4.22765659030746,116.42057788821504,-3.2943794508255078,-4.986674103799445,1.9999999999999991,114.24540759272598,1.521997380892196,0.01400234171419688,0.1600579331853062,-0.0042963095912641,-0.014533792926396037,-0.07130607721702241,-0.10430144615744497,0.004287576444846174,0.058227301400804704,-0.015773087680752446,667.5425105857329,684.9215589527063,624.1492130555304,640.189554698916,0.0,0.0,0.0
18.875999999999998,-3.2723803171593207,-5.182531922718579,1.9867364284513487,1.1173144423081127,-4.177611538402542,116.16224248993542,-3.329168792100087,-4.9066472319480425,1.9999999999999991,112.98124548367215,1.4562244650044056,0.010258077692191538,0.15446143045962418,0.019566880085723767,0.032336675863081005,-0.10226122251261496,-0.490838555024401,0.11862856853456005,0.05576520032702105,-0.02542881593744057,656.4024532741829,704.5802247024778,618.4695257034792,599.0567496098557,0.0,0.0,0.0
18.927999999999997,-3.304657275433079,-5.117044328299881,1.999565858635749,1.5107138085065552,-3.995836661825098,115.81055676365948,-3.3624089991355604,-4.827888405737534,1.9999999999999991,111.71270896871863,1.3925778283692432,0.008547059333994309,0.1385042780830746,0.16132790609639083,0.0756190023317376,-0.13642542419148881,-0.7438096685126445,-0.04709863862014349,0.0546776519495437,-0.03211845208874031,683.3771511701674,685.458905973492,576.0887823467359,608.3949801428998,0.0,0.0,0.0
18.98,-3.3349960830215406,-5.054041708589047,2.010827774725899,1.865583856366297,-3.684209923658388,115.3427906219057,-3.393305390899822,-4.752238512403795,1.9999999999999991,110.21351434287908,1.332183705069529,0.00534342654186456,0.1164091562507847,0.06265598179674223,0.11321809170684938,-0.18021974036512403,-0.887208005481388,-0.013439042981887781,0.04564615613228117,-0.037728631218518396,684.3609450062015,693.1516672152178,570.4119201702977,589.5632246502879,0.0,0.0,0.0
19.032,-3.3633885628566307,-4.993279378900251,2.020197978090226,1.9350355535089578,-3.2757868923468987,114.74761637964592,-3.42030906364492,-4.6843864336271555,1.9999999999999991,108.70944563016704,1.2761083151960293,0.0019675564208383603,0.09096331442657302,-0.013251807261447836,0.1385914363662818,-0.22365896822287928,-0.937902063502926,0.020016224986500384,0.030451474868229425,-0.04096462929837036,684.9721770514506,698.6858280450177,571.8000368401159,575.2206184431863,0.0,0.0,0.0
19.084,-3.38993258427378,-4.93454575749702,2.0275287763046568,1.9063759603583754,-2.8304151294543125,114.00744962188027,-3.4423581607051954,-4.628096174053453,1.9999999999999991,106.93856076905016,1.225063751833926,0.000906553824289464,0.06374215302745936,-0.023264298937831107,0.1354845803911375,-0.27329987912839215,-0.9065098641915196,0.03056619771203374,0.001404815879438269,-0.04449801575722816,692.7252452302466,701.3478642194966,573.3114501346329,563.6681929016544,0.0,0.0,0.0
19.136,-3.4147603099580417,-4.877651204055097,2.0328250330707873,1.901791695725717,-2.4563225438206056,113.12273474180353,-3.459562629887676,-4.5836930918081835,1.9999999999999991,105.1497100795644,1.178955085449843,0.0024623808509574375,0.03542341357141168,-0.009020832584089793,0.09517887364225183,-0.32080382135912944,-0.7997212762870822,0.029198246779527,-0.02607964349082019,-0.0462054670722113,701.0120441928138,701.8478669063335,577.4766312373275,559.1920119911819,0.0,0.0,0.0
19.188,-3.437973156924481,-4.822441986813665,2.0362276431559736,1.939506062636639,-2.2735681733621207,112.07302408208552,-3.472553928711278,-4.5498911028038584,1.9999999999999991,103.00619137869005,1.1365717419078545,0.006382044367062749,0.006390583315542447,0.0013131134239455402,0.010955001132379846,-0.37479638947752003,-0.6256905949075637,0.02638300381974223,-0.048959234560091464,-0.049476828928660295,712.2356898012279,706.2516522300818,579.9338004765968,554.9736962152601,0.0,0.0,0.0
19.24,-3.459615757515773,-4.768841528957754,2.0379999914747122,1.9956351142300617,-2.3940367782918814,110.85679754151145,-3.48211828704506,-4.524845872117321,1.9999999999999991,100.79452390431035,1.0954219954744486,0.012091530850656281,-0.022732533808241945,0.0015577591278002282,-0.10294640110817163,-0.42730224390326904,-0.3988489815801122,0.026577394611144615,-0.05319076768313427,-0.051236152367928146,719.685651020571,712.6999771209463,583.6371928371947,557.3516760181989,0.0,0.0,0.0
19.291999999999998,-3.479670762248451,-4.7169016857255475,2.0385052573554443,2.071508058147679,-3.001361764958986,109.55189413914896,-3.4890158283434145,-4.506687946708516,1.9999999999999991,100.79452390431035,1.051958306836172,0.01788024586356497,-0.05239992382722206,0.011722769164177405,-0.35642683163275846,-0.42848766135132277,-0.12626968947783823,0.029502305078531747,-0.36944009329608696,-0.02441038869336229,732.1421847732892,638.9219908189048,676.6725356008982,554.8784686427728,0.0,0.0,0.0
19.343999999999998,-3.4980275183854546,-4.666912725399152,2.038176539420365,2.233648007780226,-4.902757052241079,108.21658845293656,-3.493903682135068,-4.4937616567717,1.9999999999999991,100.79452390431035,0.9976661092800565,0.021215421098325395,-0.09304165753912887,0.03212226195599555,-0.83662547456911,-0.4167776944441825,0.2804753608615498,0.013159243880196047,-0.1102575902009083,-0.005795341337178355,685.0759193465015,657.891842630393,673.1197660771368,637.7206079593847,0.0,0.0,0.0
19.395999999999997,-3.51437102119882,-4.619686584330942,2.0375891934838335,2.4889829425022536,-7.7747197421555425,106.8955176658244,-3.4973143560988347,-4.484705097148323,1.9999999999999991,100.79452390431035,0.9200431629370007,0.020156281467753206,-0.13257241205300244,0.037604981350299306,-1.0325740111902697,-0.38839603226348085,0.6846194446081146,-0.0041664984922825145,0.10165050682032084,0.011605381168192987,644.5339759481457,672.3662597298063,675.4880798273526,704.3220522036008,0.0,0.0,0.0
19.448,-3.528234514774276,-4.576491325140909,2.037391865213551,2.775999673386701,-10.665460426021463,105.65300279653259,-3.4996611590851896,-4.478450174267846,1.9999999999999991,100.79452390431035,0.8163164790939836,0.01343654721927606,-0.14928945606277172,0.02119852130630705,-0.9241773553989454,-0.3511247840968129,0.8527827855304961,-0.018363319784639343,0.22353563790274672,0.02423751797326342,617.2094183815003,676.8225715263499,680.1838125038638,744.0429707441577,0.0,0.0,0.0
19.5,-3.539183659625793,-4.53864066892799,2.038015296236187,3.011226441545411,-12.871081243253895,104.54539622533689,-3.501254940184504,-4.474187281176125,1.9999999999999991,100.79452390431035,0.6930300526307308,0.001103191336672307,-0.1371658288464319,-0.011288408737727679,-0.6279999652108065,-0.30877896557307966,0.7121197796064255,-0.02855546554908738,0.26689949098491794,0.03223056994087024,599.756479791549,670.3142278614123,683.2269698197333,760.1875867577583,0.0,0.0,0.0
19.552,-3.546969637274747,-4.507095057728767,2.0394533190575,3.1233382062583854,-14.0433076400194,103.61362883155475,-3.5023238207534635,-4.47131857220826,1.9999999999999991,100.79452390431035,0.5597729958045887,-0.015813505886426136,-0.10519963450271871,-0.052724048636750856,-0.2574666037642087,-0.2649770796885657,0.3509543787728019,-0.0342525555289038,0.2537843335880601,0.035985910536926236,589.745339738312,656.0029019782497,682.9915695616617,758.1388334416815,0.0,0.0,0.0
19.604,-3.55158971988191,-4.4822453745411055,2.0412986918541005,3.069445432693038,-14.120382410205474,102.87175584743177,-3.503031876871443,-4.469411814769558,1.9999999999999991,100.79452390431035,0.42548533411144296,-0.03567696725677942,-0.06848007091200242,-0.09686344397046528,0.10350514056065516,-0.22299642641637826,-0.06988452161027181,-0.035276458516926956,0.20680923910487486,0.03643789943381105,586.0189352919941,638.6795922967433,680.7080939721144,744.5694351655892,0.0,0.0,0.0
19.656,-3.553262789888827,-4.463912093246241,2.04293749311652,2.8410609281237544,-13.23213533707295,102.30506883518552,-3.5034951099117495,-4.468160048115743,1.9999999999999991,100.79452390431035,0.29776425371075355,-0.05654594882655628,-0.040110003545055645,-0.13814558049729195,0.402712462094532,-0.18481618730213506,-0.40240441575266955,-0.03214924287417045,0.14489522840845584,0.0346235299160441,588.241605550252,623.2325194470346,678.6135581699822,726.004196311291,0.0,0.0,0.0
19.708,-3.5523592986969788,-4.451489192612704,2.043791393784555,2.4601621151595094,-11.610388278466543,101.87934337601038,-3.5037942959935253,-4.467348664463127,1.9999999999999991,100.79452390431035,0.18303659039273518,-0.07642407778858513,-0.02642665246280848,-0.17149526750677904,0.6161919120251966,-0.15145486269668682,-0.5660132496356927,-0.02614615078504115,0.080808906778541,0.03156415969006582,595.6869938443125,612.6950855723059,678.5306693851311,707.5430481303194,0.0,0.0,0.0
19.759999999999998,-3.5493306064794905,-4.444119018707823,2.043496117180756,1.966964118760305,-9.521501819263595,101.55488737576337,-3.503984908725294,-4.4668297342053505,1.9999999999999991,100.79452390431035,0.08634836848431018,-0.09351285020314098,-0.027145361027476826,-0.1935288789430859,0.7388270464872446,-0.12283220940335267,-0.5518164219045176,-0.018582767363595848,0.022333828391848276,0.028101709556345937,606.7606862737789,607.9217597814339,681.1058505581282,692.3071058237587,0.0,0.0,0.0
19.811999999999998,-3.5446602990888563,-4.440827458855745,2.0419644984715317,1.4092591421964122,-7.224858794204793,101.29795215435557,-3.504104553340537,-4.466502624912273,1.9999999999999991,100.79452390431035,0.010818482718460613,-0.10644624421582258,-0.037637948704188885,-0.20224703245197295,0.7771863141292144,-0.09843133294279265,-0.4023183393263422,-0.010787899606997317,-0.026041041235951967,0.024723410188884156,619.4986082679883,608.219915624017,685.6424868360028,681.4475005883374,0.0,0.0,0.0
19.863999999999997,-3.5388345027816785,-4.440613134531557,2.0393569541417285,0.8342707837650777,-4.946484294339855,101.08603464039027,-3.504178405440043,-4.466299736502406,1.9999999999999991,100.79452390431035,-0.042715269385352375,-0.11444722996729344,-0.05177628537959635,-0.1976867462874394,0.7452647327826956,-0.07748881154509751,-0.1826295085599262,-0.003733809445548103,-0.06214114572769938,0.02165315769878548,632.0063950213173,612.0982049719863,690.7874142837346,674.705179707373,0.0,0.0,0.0
19.916,-3.532321304614654,-4.442508552827437,2.0359939636988424,0.283928013313628,-2.8648445111005727,100.90777624626882,-3.5042231126065255,-4.466176216087613,1.9999999999999991,100.79452390431035,-0.07555635946108398,-0.11735381408121826,-0.0642020924490747,-0.18137168787599317,0.660191580151908,-0.05944672105919939,0.044558998374485737,0.001875597276187399,-0.0850851472927473,0.018909211040382186,642.8545585033423,618.0425532369842,695.0503214481249,671.1178568307962,0.0,0.0,0.0
19.968,-3.52555157613659,-4.44563068697897,2.0322512685168506,-0.20828994567829195,-1.1037812208765105,100.75995901377189,-3.504249546564358,-4.466102670898276,1.9999999999999991,100.79452390431035,-0.09059426510966581,-0.11552428692346987,-0.07159640258970837,-0.1561552016824707,0.540810054482049,-0.04390961423117189,0.23475589899000582,0.005734574233581438,-0.09546104225782026,0.01643606869045792,651.236179366327,624.7983069830756,697.3888382699805,669.5545897645086,0.0,0.0,0.0
20.02,-3.5188998582008617,-4.449225765951006,2.028476603875009,-0.6190484943842708,0.2675006234224262,100.64330575223774,-3.5042647156869235,-4.4660600843215565,1.9999999999999991,100.79452390431035,-0.091583589550522,-0.1096713219540922,-0.0728468414689041,-0.12546583429313005,0.4050888998385469,-0.030685412654099346,0.36596731040343955,0.007847920271512085,-0.09491200497035635,0.014135926589616378,656.9598181935204,631.5548883422405,697.2980850519081,669.0206444289156,0.0,0.0,0.0
20.072,-3.512668603737949,-4.452702573911734,2.02493607205792,-0.9360638965035707,1.229977624288888,100.5589530984259,-3.5042730759315734,-4.466036318290756,1.9999999999999991,100.79452390431035,-0.08249753798976912,-0.10068679684754214,-0.06865011830182287,-0.09281972717355454,0.2689193364937429,-0.019642133808839245,0.4365170635994928,0.008523335788065467,-0.08601406725992006,0.011949583867227682,660.2929667793326,637.8491948803342,694.8930795316886,668.8287708674762,0.0,0.0,0.0
20.124,-3.5070794608050733,-4.455647870303946,2.0217958899488253,-1.1572494316908575,1.805515506177817,100.50620448324958,-3.5042774179080785,-4.466023738306027,1.9999999999999991,100.79452390431035,-0.06707103710590315,-0.0894990556007152,-0.06070879277278336,-0.06116122278303539,0.14462653720466861,-0.010755124826912904,0.45776361521867404,0.008195017005752191,-0.07169002010405626,0.009872764540723748,661.757477573222,643.4671010236764,690.7218889686895,668.6264299597586,0.0,0.0,0.0
20.176,-3.502273221425066,-4.457821594271034,2.0191312183519345,-1.288549640972563,2.0454583827748367,100.48183595429829,-3.5042794596963103,-4.466017620864564,1.9999999999999991,100.79452390431035,-0.048538372968217794,-0.07697933721074204,-0.05093449832892024,-0.03252113597956626,0.0403769677041101,-0.0038019877939560963,0.4460156257194654,0.007274450862051527,-0.05473079757593019,0.007898652967790099,662.0095552885043,648.3932959630978,685.4687447383671,668.2473146867559,0.0,0.0,0.0
20.227999999999998,-3.498317270894274,-4.459135128803732,2.0169483122496006,-1.3408903423011678,2.0171248811466893,100.48066543514578,-3.5042802381590303,-4.466015098647899,1.9999999999999991,100.79452390431035,-0.02951612426433655,-0.0638920791274648,-0.04094016000737456,-0.008017196071038294,-0.03991650580228021,0.0013188158953179123,0.4168531152395399,0.006063149675286077,-0.037310904252445085,0.006094237048953777,661.5555540867622,652.6156012952325,679.8636164989913,667.7624017208504,0.0,0.0,0.0
20.279999999999998,-3.495217750869217,-4.459619423751903,2.015211158203744,-1.3277607792043828,1.7942493500789412,100.49648190630785,-3.504280364025489,-4.46601447052952,1.9999999999999991,100.79452390431035,-0.011971570854257709,-0.05087458620844117,-0.03177986131318685,0.011901181735819496,-0.09530714326207963,0.004875617510262305,0.3817307198688034,0.004768010486249903,-0.021146141957095334,0.00449419423388973,660.8308982357258,656.1551456643933,674.4775155832135,667.2155838110532,0.0,0.0,0.0
20.331999999999997,-3.4929336287743604,-4.459389473383994,2.0138634972163567,-1.263214906069221,1.4487339705073634,100.52313504812334,-3.504280186014964,-4.466014756000431,1.9999999999999991,100.79452390431035,0.002764895083023651,-0.03843271491893023,-0.02397285848536889,0.02726173740760126,-0.127323062274582,0.0071341127389917686,0.3475113403883189,0.003504130944376356,-0.007368233390738763,0.003131670100501515,660.1117443313935,659.0103775597549,669.711641225202,666.6527259279333,0.0,0.0,0.0
20.384,-3.491390577601292,-4.458610166082105,2.01284433791888,-1.1605642089250308,1.0443655196908905,100.55536574747269,-3.5042798949716794,-4.466015411338093,1.9999999999999991,100.79452390431035,0.013949268920007075,-0.02694656324339472,-0.01762108130682331,0.03838453049893357,-0.13930193255267934,0.008362863473742032,0.317122756893556,0.0023172273245372146,0.00348518536794732,0.0020189135482932444,659.5383756301856,661.1901981465089,665.7648202135978,666.0945340842301,0.0,0.0,0.0
20.436,-3.4904933530015727,-4.457466808889676,2.012096146542693,-1.0318455516162672,0.6335433508468812,100.58916900087766,-3.50427958893081,-4.466016151482288,1.9999999999999991,100.79452390431035,0.021341782098368657,-0.01668142141292544,-0.012589092500838556,0.045707376841022086,-0.1354114543518546,0.008836269113783879,0.29105950714299855,0.0012298394618598558,0.01126470126184189,0.0011438990442883836,659.1697636292223,662.7235574652302,662.6831903578224,665.523815784691,0.0,0.0,0.0
20.488,-3.4901361962939563,-4.456141752413405,2.011568225091489,-0.887589538270181,0.25567722247110497,100.62181810080264,-3.5042793130713292,-4.466016840108479,1.9999999999999991,100.79452390431035,0.025104578660505788,-0.007800889871782743,-0.008654404645320994,0.04969468959238784,-0.1200348851049784,0.008760102970228546,0.2687476636186575,0.0002645044326341564,0.016098826184615812,0.0004874418579787637,659.0021583023453,663.653660170191,660.4280962906553,664.9200763847069,0.0,0.0,0.0
20.54,-3.4902111593637004,-4.4547974774605015,2.011216643745862,-0.7368415090717485,-0.06259028015888128,100.65174140748766,-3.5042790837514137,-4.466017423098797,1.9999999999999991,100.79452390431035,0.025690558395177143,-0.00038061858359150405,-0.005598530889468593,0.05083386895853169,-0.09739096948339757,0.008325712751915713,0.2494388288511808,-0.0005582769988113113,0.018312331473276214,1.7142515902715004e-05,659.012047811512,664.0573046493812,658.9003305307506,664.2625051292732,0.0,0.0,0.0
20.592,-3.490614497147212,-4.453565772469256,2.0110035663640913,-0.5871054332323244,-0.3065384179659124,100.67824389393563,-3.5042789026098435,-4.466017889217356,1.9999999999999991,100.79452390431035,0.023734059527748055,0.005577657006584304,-0.0032432129273344107,0.049634872652823105,-0.07129837272468979,0.0076668465435482305,0.23258633264413509,-0.0012286179509052517,0.018381009670153825,-0.00030292330270946315,659.1623016956304,664.0361056731293,657.970806118266,663.5499005895188,0.0,0.0,0.0
20.644,-3.4912512387366963,-4.452542383246676,2.0108962960974632,-0.44438092926356554,-0.47161330861268425,100.7012304435503,-3.504278764575793,-4.4660182475527,1.9999999999999991,100.79452390431035,0.019951128266074834,0.010131871179308433,-0.0014586285641695284,0.04660542984765504,-0.04488988230451936,0.00689335907929282,0.21795584240349855,-0.0017439229222650753,0.016827391053666693,-0.0005206832355670567,659.4336815808136,663.7197524028668,657.4903766565119,662.7790701781176,0.0,0.0,0.0
20.695999999999998,-3.492038132823732,-4.451786214744905,2.0108666416428855,-0.3132354391313422,-0.5612706001432126,100.72091044786117,-3.5042786622198574,-4.46601851509237,1.9999999999999991,100.79452390431035,0.01505717164367231,0.013385889746735897,-0.00015645707210517937,0.042211901144154636,-0.020549757626233758,0.0060692813111793194,0.2055773980219297,-0.0020991734487432606,0.014176064820096135,-0.0006368782896578862,659.7483671655781,663.1806806668295,657.3814509793108,662.0193251456343,0.0,0.0,0.0
20.747999999999998,-3.49290520529607,-4.451322020199126,2.010890568794487,-0.19690052758293564,-0.5847269468281853,100.73763833472773,-3.504278587962864,-4.466018710275125,1.9999999999999991,100.79452390431035,0.009704507056799103,0.015476833552100269,0.0007348603636606662,0.03690372930284534,0.00010010684943042615,0.005246144854107003,0.195513896892604,-0.0023006233720535944,0.01091130726603855,-0.0006909292451426606,660.0923015798923,662.5400503773644,657.5187989363563,661.2854404759297,0.0,0.0,0.0
20.799999999999997,-3.493796184640293,-4.451145498394263,2.010948254120529,-0.09733878871878412,-0.5547514364132947,100.75342085021799,-3.5042785350711543,-4.466018849963614,1.9999999999999991,105.54780483142831,0.00444047829306847,0.016563196400228693,0.0012758531458164036,0.031124359392143346,0.016148987257168804,0.007320630916397057,0.18780298752608293,-0.00938065925908274,0.09096123757037217,0.08,523.7180118523064,552.2259282758121,750.4767708805961,775.2046455760798,0.0,0.0,0.0
20.852,-3.494666895739937,-4.45122654042355,2.0109480501881745,0.04592936285951143,-0.3887393660205772,101.01616742905375,-3.5042784979952275,-4.466018948294553,1.9999999999999991,105.68121669574936,-9.856817868861315e-05,0.016704364391195943,-0.0006667396809348161,0.06486816700055291,0.09552904655302877,0.1194091325114057,0.20627499500447705,-0.037211580602958365,0.1793932365072448,0.05480596005783973,556.2995923991137,602.4343435797985,704.156538145106,759.7869332776977,0.0,0.0,0.0
20.904,-3.4954687744301,-4.451464618479692,2.0109213701087456,0.22814772757169718,0.2085953334697668,101.42821573932649,-3.504278472377106,-4.46601901649795,1.9999999999999991,105.80646341123057,-0.0017975705969674898,0.015325431993268421,-0.0003622861333176842,0.05019061939434584,0.28205371073871194,0.1470146272750494,0.2035751653449469,-0.04783758167011548,0.19838217137480615,0.03892972768310579,580.3742179228951,627.2451327414167,679.0922885757185,744.1376257255337,0.0,0.0,0.0
20.956,-3.4961811587370817,-4.451568980992085,2.0109250383849266,0.2851038644215705,1.4470763641584217,101.90196701949071,-3.504278454910262,-4.466019063166778,1.9999999999999991,105.93510100296527,0.003939534182526107,0.012707136888199957,0.0003309512935234672,-0.007216475388578766,0.5055593351760688,0.1621779375627502,0.19609718926460784,-0.03670680681465571,0.17899933438830895,0.02627661759195973,601.1933737598505,644.152978995921,666.103346455733,724.4277292870324,0.0,0.0,0.0
21.008,-3.4968982147171066,-4.450983845714807,2.0109513752555754,0.18375646274811389,3.3296308529746397,102.4062984181288,-3.504278443151149,-4.466019094693544,1.9999999999999991,106.03640491138718,0.022716042423378466,0.010100369833793579,0.001785530026408037,-0.06014938144416695,0.7073710739887684,0.1679881797336888,0.18043416210718172,-0.018307634653465073,0.11489234171304236,0.01578503766062385,623.9710188897453,652.4216821918036,663.4477951966314,700.1742061270386,0.0,0.0,0.0
21.06,-3.4978518989584315,-4.4488975642460575,2.010968176220147,-0.011107008643925413,5.68391691084141,102.9119539456008,-3.504278435331998,-4.466019115728152,1.9999999999999991,106.12644067058538,0.059388996937419135,0.008563788646781157,0.005686395823889389,-0.08723174972416495,0.8309748497687188,0.16715273229672212,0.1411034045019096,-0.002532226138993024,0.04347954820314548,0.007387398527724739,644.5205188275789,656.3552398454486,664.4255210652512,677.3189228618097,0.0,0.0,0.0
21.112,-3.4993739519428697,-4.444318911967542,2.010906980908947,-0.22354321882014083,8.246437648260708,103.39813580678958,-3.5042784301966954,-4.466019129590123,1.9999999999999991,106.1990922152417,0.11666686297235629,0.008451148995339585,0.01418186627337215,-0.0902163024250919,0.8596851541319106,0.16094549632777644,0.05924199444429232,0.007798210206714482,-0.04502844827174207,0.0009785251304397832,664.6765495556813,654.061904306874,669.5552076705136,654.5549973316802,0.0,0.0,0.0
21.163999999999998,-3.5018361257577504,-4.436195336542343,2.0106410710793132,-0.39673311876491985,10.686885710447797,103.85405985667057,-3.504278426866618,-4.466019138611024,1.9999999999999991,106.28150745856497,0.19461346478359592,0.00951928037746694,0.028456219581418078,-0.07678104497558892,0.7715780393936754,0.15154405951336883,-0.07270111544621799,0.013396272574582164,-0.11833591548734865,-0.0034712107475225996,679.5954399751015,649.9187858888196,673.9412271489814,636.1349694011446,0.0,0.0,0.0
21.215999999999998,-3.505587386834975,-4.423558305106639,2.0099773393018943,-0.5023449030884007,12.677870313235669,104.27860365927054,-3.504278424735856,-4.466019144404816,1.9999999999999991,106.38065487490117,0.2905269937766565,0.011215502294596032,0.04731925575306158,-0.055183460884033475,0.5813435171236424,0.1404320809433705,-0.23688135150842932,0.014305118410287424,-0.1837968251809866,-0.006281500361848116,690.9048972638955,643.1357222690477,678.059233384061,620.7103496997729,0.0,0.0,0.0
21.267999999999997,-3.510900127307775,-4.4056657462240905,2.008677993169083,-0.535272274285955,13.946048283500934,104.67581395005115,-3.5042784233920523,-4.4660191480738085,1.9999999999999991,106.53775589606158,0.3995536257722003,0.012936391033953961,0.06679893302649943,-0.03325884727810753,0.3073912711351217,0.12960703416477284,-0.386756839803132,0.011714452783869645,-0.22457965479539554,-0.007428848147008563,696.6818046089776,636.656748364667,680.155713653793,611.3666659989938,0.0,0.0,0.0
21.32,-3.517933709776099,-4.382110052367893,2.00652082011736,-0.511353390048188,14.28404442240529,105.05042403098587,-3.5042784225580914,-4.466019150361319,1.9999999999999991,106.7506338062953,0.5152065096099625,0.014188360778431913,0.08092132476085014,-0.0165351770745926,-0.02740348071996269,0.1196272070381269,-0.45665465715173936,0.007315948271342431,-0.24253910560012146,-0.007221741796425388,698.3695051687085,631.8860897655006,681.2265364472711,608.3817162073257,0.0,0.0,0.0
21.372,-3.5267177306047532,-4.352882670387062,2.0033912967054612,-0.456313108579073,13.562725644674517,105.40861358136101,-3.504278422050032,-4.466019151762417,1.9999999999999991,107.07827029978318,0.6295422359759486,0.014648881268051247,0.08355326792529882,-0.007647289512098049,-0.3909416393288317,0.11296586033634141,-0.3827711943620504,0.002989739181027321,-0.23288647768193715,-0.005475780605285395,695.9925267243669,630.8472917323969,682.2840176535944,613.861552858149,0.0,0.0,0.0
21.424,-3.5371504422249895,-4.318398818135784,1.9993787054850884,-0.39771660114031077,11.765442894265005,105.75607712894804,-3.504278421747285,-4.4660191526027795,1.9999999999999991,107.4673901493906,0.733283560983268,0.01418631307090118,0.07083797307745822,-0.005964593347437852,-0.7452488509076323,0.10887432531524302,-0.13011593934208376,-0.0015928059159870532,-0.1993870882191378,-0.0031241391897476887,692.2329710852244,635.3120805521235,683.4957762140508,626.7369191286097,0.0,0.0,0.0
21.476,-3.5490060263482928,-4.279491861910694,1.9948369810764264,-0.3606710517316382,8.97772065558184,106.10091367542024,-3.5042784215717964,-4.466019153093952,1.9999999999999991,107.94731026353165,0.8164428992025593,0.012860100138942171,0.043009631191323665,-0.010866125136078963,-1.0597709828149138,0.10892587008742613,0.28775195021342237,-0.004016667274165319,-0.14788656521484222,-0.000316423899360584,687.9936683558025,645.152878962699,686.0527055899545,645.4267290152394,0.0,0.0,0.0
21.528,-3.561943702665665,-4.237396616288003,1.9903792448727164,-0.36213720769650476,5.36999797484433,106.44903233106255,-3.5042784214737233,-4.466019153371537,1.9999999999999991,108.39786889791664,0.8694721830533311,0.010991902686862617,0.005042597246302007,-0.018155428572416497,-1.3036851898599024,0.10978230248280732,0.8025229638258644,-0.0047709242888733655,-0.07854235254905129,0.0015363594746196168,684.5930140838273,661.3192947602406,687.3793629591453,666.8984759758404,0.0,0.0,0.0
21.58,-3.5755165062710064,-4.193721518660008,1.9867909751554957,-0.4088925131697346,1.1976748504466834,106.80661055382451,-3.5042784214217004,-4.466019153521232,1.9999999999999991,108.84282529525964,0.8849901561880653,0.009100057350934027,-0.03405087197267155,-0.026420196628340952,-1.4546177608574427,0.11201570685348543,1.300779746123054,-0.010809748127111263,0.012861022150987278,0.0025679079718843624,680.7424281042087,681.3086655969805,684.641262201064,691.1103152475694,0.0,0.0,0.0
21.631999999999998,-3.5891880628367967,-4.150383398361669,1.9848642165254835,-0.521853150300669,-3.207864315432596,107.17483630498639,-3.5042784213963114,-4.466019153596336,1.9999999999999991,109.17671289416838,0.8594909668477456,0.007920667026159884,-0.06328141682932402,-0.040737022452345076,-1.481829669532493,0.11211731021182902,1.6494800125446432,-0.0014735914234559264,0.0910243780039095,0.001833700935658647,677.6115406678151,702.0163699633631,682.1341128710228,707.1666158541714,0.0,0.0,0.0
21.683999999999997,-3.6023756714475392,-4.109470945840208,1.9852032998943745,-0.6791226780234473,-7.472301183336203,107.55176500691844,-3.504278421385759,-4.4660191536294,1.9999999999999991,109.4275024814743,0.7943984037649086,0.008284280904129446,-0.07306514952321397,-0.03818049153027806,-1.379178361845513,0.1102106226706919,1.7353106828884437,0.00622803821195313,0.19853580035778734,-0.00011716246549543677,668.5491238214945,723.8409194970726,669.9785435756843,721.9250101073837,0.0,0.0,0.0
21.735999999999997,-3.6145050210225844,-4.073020358517274,1.9880410021763357,-0.8253372137818582,-11.145648165884241,107.92288873717003,-3.504278421383042,-4.466019153639887,1.9999999999999991,109.5430860364436,0.6956977166490954,0.01055069012186095,-0.05842904585458614,-0.02117958326980507,-1.1163736924999195,0.10409103273866656,1.5019825166011502,0.009514400308692886,0.2590183082701665,-0.00325485721436635,662.4909828686224,734.7503429849331,656.1802639996413,724.1421098612536,0.0,0.0,0.0
21.788,-3.6250782776061508,-4.042713457722462,1.9931396866966573,-0.9244479621041579,-13.845407845903077,108.26468387431036,-3.5042784213841185,-4.466019153639123,1.9999999999999991,109.53680582031626,0.5726085670400607,0.014629963372428206,-0.022625822073135217,0.0008329495677301124,-0.7619931815827139,0.09370597443020252,0.9888311958668937,0.011593924806121758,0.2415220612723259,-0.006827286013773661,661.7801360862865,730.1508647605147,646.0286868700925,709.7902233293631,0.0,0.0,0.0
21.84,-3.633744821446141,-4.019622269520739,1.9998062498870601,-0.9573190781937297,-15.494501844143354,108.55490035977022,-3.504278421386743,-4.466019153633473,1.9999999999999991,109.4092833050896,0.434449176115964,0.02016487694865715,0.021799940107434607,0.022101150087453593,-0.42212128657629633,0.0791336940542384,0.3408114916670957,0.01223173497119533,0.18341937569305516,-0.010352395558534115,662.6562900713477,716.0131791572735,637.076354886396,685.7331436419684,0.0,0.0,0.0
21.892,-3.6403213821546077,-4.004169216797843,2.007053203045261,-0.9194336742903447,-16.257729576147955,108.77708826996074,-3.504278421389736,-4.466019153626343,1.9999999999999991,109.14112126621788,0.2888087552570169,0.026607260041425655,0.06111501131251409,0.04033830452924654,-0.15786472066173368,0.060186987122030036,-0.27602902970733634,0.013175114501863771,0.11543253335840525,-0.013852531808166113,664.1169494715912,699.5753187291023,628.7791653749717,658.6427724030516,0.0,0.0,0.0
21.944,-3.644756215282957,-3.9962868775222313,2.013849043314008,-0.8128699549989594,-16.39693129987766,108.92385508263784,-3.504278421392533,-4.466019153619414,1.9999999999999991,108.24356097942679,0.1414706165228628,0.0332224895979805,0.08679045917846871,0.055443520236356666,0.017532548280348337,0.038313266283121275,-0.7451801601963826,0.01674759797046936,0.11311049442061041,-0.027977332078039707,672.7795618788007,708.1361372720571,597.2021372039678,626.8023728551791,0.0,0.0,0.0
21.996,-3.6470722385333905,-3.995632878624076,2.019319235717016,-0.643689117537794,-16.04230283006862,108.98451124848282,-3.5042784213949063,-4.466019153613408,1.9999999999999991,107.62111029718827,-0.0033947791081401757,0.03915935915765764,0.09690631882322301,0.06687443720545773,0.19477985881415724,0.012215989718424445,-1.0198544717179996,0.01763098003228943,0.16905445180997375,-0.03290777211072195,664.6959389115323,715.5496218387517,572.84056667903,620.5473256492832,0.0,0.0,0.0
22.048,-3.6473335149534187,-4.001719174067089,2.022888979638767,-0.4209697867522153,-15.050291638557573,108.95489276032434,-3.504278421396808,-4.466019153608533,1.9999999999999991,106.7848595933353,-0.14167912624954987,0.04350683865150841,0.09295704950029908,0.07523291900974621,0.43352188891703936,-0.015782616324326596,-1.0962554848536035,0.01925037602321459,0.19658909665896593,-0.03974601709483097,666.7144528006328,725.0242470142031,553.5734666955882,610.8354504668979,0.0,0.0,0.0
22.099999999999998,-3.6456565467883633,-4.013891329288362,2.0243311392143553,-0.15465009331942195,-13.277986185146352,108.82849682400501,-3.5042784213982716,-4.466019153604745,1.9999999999999991,105.84187145494016,-0.26747008791148413,0.04537469346798466,0.07576522231591323,0.08098716694534018,0.7055985261028519,-0.04914967920917856,-0.975084094141616,0.02065616701336305,0.188504393481932,-0.0448737308125325,674.9523002755243,730.8908582179356,547.0638245781755,601.9858197034898,0.0,0.0,0.0
22.151999999999997,-3.642230438873151,-4.031270165468775,2.0237590556333505,0.1387027388199467,-10.706726500605914,108.6012074381843,-3.504278421399365,-4.466019153601892,1.9999999999999991,104.60791277696111,-0.3732648049417683,0.04394062001088035,0.04664906691484266,0.08356803024992884,0.9643023139463385,-0.08755870365262988,-0.6727677332948896,0.02379523354528803,0.15673889276426028,-0.05216719573828887,692.3537148047618,739.7509374777535,545.5170709357687,589.5535986975663,0.0,0.0,0.0
22.203999999999997,-3.637325925784278,-4.052719358890771,2.0215917705609594,0.443333894790595,-7.43793512544187,108.2665212226862,-3.5042784214001625,-4.466019153599797,1.9999999999999991,103.2484802677462,-0.4513122589014162,0.03856287849877625,0.009360479355721738,0.08522848706663613,1.1754627546903131,-0.12994415495273598,-0.23935712965363665,0.026809067800621394,0.09908551656239006,-0.05842791895629838,714.1934434116206,746.5966197002953,553.6721540144458,577.6915945781055,0.0,0.0,0.0
22.256,-3.6312910180740006,-4.076841030863547,2.0184813372235237,0.7439043359552846,-3.6773856886856393,107.81932949608678,-3.5042784214007336,-4.46601915359829,1.9999999999999991,101.51383915339504,-0.4952448570071145,0.028975957420728716,-0.029381649870059638,0.0872619747310894,1.3044566790413616,-0.18279017970237463,0.2385546433282819,0.0319367419364805,0.03529675499278451,-0.06642405094341843,739.6124406067468,756.5085735660086,562.3193234883545,563.4415051647253,0.0,0.0,0.0
22.308,-3.624532281104994,-4.102006018889859,2.015184153176545,1.0288896070931097,0.3132346961052416,107.2358798276673,-3.5042784214011355,-4.466019153597225,1.9999999999999991,99.65777995228683,-0.5016957251403854,0.015194699407846124,-0.06130695346049708,0.09183114984325982,1.341470044857226,-0.23718209984130195,0.6558024518987995,0.03644326766460016,-0.03912551966715139,-0.07358387050253448,764.5912077176481,763.9314324317088,573.8430800922841,548.528296940873,0.0,0.0,0.0
22.36,-3.6174798629626954,-4.126430823419792,2.012408423707867,1.287437930576276,4.234999717845041,106.49843949441022,-3.5042784214014144,-4.4660191535964815,1.9999999999999991,97.370025197941,-0.4709898584678759,-0.002160944706982698,-0.07879967129613383,0.10086596133735037,1.2747874849429068,-0.2978064771652633,0.9151357395929048,0.04318842099140673,-0.10237328542942348,-0.08,784.7431518978349,770.4344909101577,582.7504906135459,533.7315716432056,0.0,0.0,0.0
22.412,-3.6105359615206902,-4.14831085532457,2.0106561443598814,1.522667110169048,7.804053968345585,105.57683824954474,-3.5042784214016054,-4.466019153595972,1.9999999999999991,95.02257658748815,-0.40696160543243665,-0.022154576596402586,-0.0777173137497542,0.11794694071728626,1.1178998447513713,-0.3601042221686222,0.9598910206624401,0.047006890965862955,-0.16073396522255884,-0.08,794.0186946357996,766.6200022446986,596.3871959765661,526.8497256263142,0.0,0.0,0.0
22.464,-3.6040134954429766,-4.165991184135252,2.0101146799799743,1.7349711754463022,10.7661429029484,104.45319055344231,-3.504278421401735,-4.4660191535956235,1.9999999999999991,92.30410250679034,-0.31573368817680214,-0.043453030693019916,-0.058737067097227605,0.14231182399938183,0.8814624129429618,-0.42522687284376187,0.7906612619144139,0.05030414445834631,-0.19823963140580464,-0.08,797.3928136160113,761.7178310038172,601.9028251617758,518.4966229228538,0.0,0.0,0.0
22.516,-3.598083947706248,-4.178140216477534,2.010632054152975,1.9398760508870576,12.933382026498881,103.11140732573361,-3.504278421401821,-4.466019153595392,1.9999999999999991,89.60121308412711,-0.20446064438476572,-0.06467015093177787,-0.027337025859603785,0.17122359280706684,0.5900965642019006,-0.48853613209458063,0.46591843709373176,0.05044237170409564,-0.22293598787595764,-0.08,796.5147189793992,754.7059099409742,600.7823069902062,508.0883125035483,0.0,0.0,0.0
22.567999999999998,-3.5927488901665265,-4.1838777631271835,2.011777275704234,2.1331001547677078,14.171316838749334,101.54459358851467,-3.5042784214018785,-4.466019153595238,1.9999999999999991,87.17121440785641,-0.08044889346302794,-0.08446109150072828,0.007958835916498569,0.19838495264551975,0.26264464599355314,-0.5499611943523335,0.08290619820172623,0.039449932770161414,-0.22913069552797416,-0.08,792.8058063609931,746.4745693222402,592.3780532854788,499.92997197082263,0.0,0.0,0.0
22.619999999999997,-3.587850247898247,-4.182833368748338,2.012974498037665,2.2983784475552165,14.421311060360662,99.7529853231984,-3.504278421401916,-4.466019153595139,1.9999999999999991,84.98317160047341,0.04898181569563479,-0.10170127675154383,0.03804728846123303,0.20410205424085212,-0.07555380471385115,-0.6089706539058849,-0.2508031823235469,0.03373733669308805,-0.2171544002369627,-0.08,786.0187662660383,740.8534147229557,581.4192744239396,493.6773399720722,0.0,0.0,0.0
22.671999999999997,-3.583116042686444,-4.17512905916927,2.013671419446568,2.4025278468386744,13.694083442444759,97.74995411820686,-3.50427842140194,-4.466019153595074,1.9999999999999991,82.85455121112231,0.1763087698073526,-0.11542737873353597,0.05577391813992548,0.19356948605376734,-0.39897074899289386,-0.664001234854221,-0.44745547676425806,0.029722615449291084,-0.18356271431132654,-0.07411340451209891,770.8607082508745,732.3830637103756,578.3248996650443,504.2499449658014,0.0,0.0,0.0
22.724,-3.5782245671902864,-4.161314898907097,2.0134845396513765,2.4615712876492246,12.084953539046355,95.58194287122159,-3.504278421401955,-4.466019153595033,1.9999999999999991,81.10096883613943,0.29366888620375364,-0.12509728657598582,0.05746564822499719,0.17540396795884333,-0.6778311830173573,-0.7016660464953371,-0.4587752764463171,0.029726427460517346,-0.13475481342715245,-0.052075761594439524,735.9984822661379,708.6641420479199,602.0741361021967,548.3166020891842,0.0,0.0,0.0
22.776,-3.5728532084424005,-4.1422821633229105,2.0122914715140947,2.533929327381886,9.765530152925145,93.32717836073053,-3.504278421401964,-4.466019153595007,1.9999999999999991,79.40164407704508,0.3933401736993046,-0.13110477960884012,0.04428138922175493,0.16362476985653374,-0.8893985979136023,-0.7167135925777902,-0.29216000319966906,0.02250224486894757,-0.0745979469804034,-0.03508586068818882,708.7577022099922,694.802400763437,618.4917308643579,588.2380373548987,0.0,0.0,0.0
22.828,-3.5667052728966175,-4.119176108683437,2.0102659415372415,2.6649159976207057,6.968535354324188,91.05126518747025,-3.50427842140197,-4.466019153594992,1.9999999999999991,77.95708748639255,0.46891815150177213,-0.13486800213941993,0.021555525238544836,0.15009765819048557,-1.0161248670099785,-0.7135673382967309,-0.005379373489380002,0.017521486666728682,-0.011574125192468587,-0.01892552546649304,683.6106763445183,685.2442369715707,636.1791611332388,627.5224826993656,0.0,0.0,0.0
22.88,-3.559528997310196,-4.09332344464715,2.0078086271863573,2.8733370418081883,3.9604847908744563,88.78825173647036,-3.5042784214019744,-4.4660191535949805,1.9999999999999991,76.43101558270087,0.5165688372773691,-0.13821095698539534,-0.003407678617728241,0.13634488526226837,-1.0522064009027865,-0.7041843387599827,0.3172315680315294,0.006900555726755853,0.04934712116123874,-0.006867369863527947,665.730931498108,681.4292699149136,648.6035953766929,660.7918097330252,0.0,0.0,0.0
22.932,-3.551134450234615,-4.066152596217193,2.0054233426084216,3.147918134016014,1.0119978975991777,86.56503745386902,-3.5042784214019744,-4.466019153594976,1.9999999999999991,74.96565640796786,0.5356590691127047,-0.1429884891132852,-0.023454487970716496,0.11677326735472908,-0.9992615697886352,-0.6870683711867238,0.5894952265752142,0.0013527849538673559,0.100282372481859,0.0027674162149436037,651.2721541110931,679.976853843249,659.3793195254242,687.0057797859389,0.0,0.0,0.0
22.983999999999998,-3.5414070167108505,-4.039091520561661,2.003577175640169,3.4713067769732646,-1.6301012954385246,84.39344248669607,-3.5042784214019744,-4.466019153594976,1.9999999999999991,73.22062853548654,0.5286648300269523,-0.15063336194864857,-0.03366670207545393,0.09523893235648481,-0.8690871005243652,-0.6716619479555106,0.7482867333403456,-0.006893399862388832,0.13799358111569868,0.006189063542798881,645.9675026361432,683.055977888872,661.2926890522424,701.2724712706956,0.0,0.0,0.0
23.035999999999998,-3.5303079934301524,-4.013445099155693,2.0025886897720606,3.808711804744611,-3.766563729317852,82.28025240249231,-3.5042784214019744,-4.466019153594976,1.9999999999999991,71.39874556567192,0.5003834690966079,-0.16204415470596256,-0.03246689386537076,0.06987958116205058,-0.680878362749465,-0.6573731936192698,0.7679391759793689,-0.009166665312613332,0.15645543903095405,0.007091104373097204,643.5266381239338,685.2040760665958,660.7597798839695,706.310555877747,0.0,0.0,0.0
23.087999999999997,-3.5178634475484922,-3.990275171356788,2.002564305297411,4.142349189999451,-5.267932577514851,80.20661194591331,-3.5042784214019744,-4.466019153594976,1.9999999999999991,69.14392526649445,0.4569074430615466,-0.17745738805424305,-0.021801851462795955,0.04862508798046315,-0.4594789722188596,-0.6555583216574826,0.6640822607663911,-0.013326173101339576,0.15809672224288046,0.0026690182086397483,648.6538864015171,689.3352930957589,652.3026686676172,699.9649174424997,0.0,0.0,0.0
23.14,-3.504136425315593,-3.9703157165974923,2.003399928176953,4.4515504875009375,-6.081446087718917,78.16705624282656,-3.5042784214019744,-4.466019153594976,1.9999999999999991,66.77513201937157,0.4046202461073647,-0.19693213432669124,-0.00579296466800778,0.028954699376371136,-0.23157812493653726,-0.6597041112626535,0.48037688802324285,-0.012752913559844627,0.14255412988890837,-0.002804461812630622,654.9618366761765,691.2149253973386,643.3720953454806,687.2557595095781,0.0,0.0,0.0
23.192,-3.489194855108745,-3.9539427349328284,2.004831094536203,4.734292531909155,-6.225425687764824,76.11916467912114,-3.5042784214019744,-4.466019153594976,1.9999999999999991,63.89087140904463,0.3497436627631413,-0.22010267713182646,0.010679271804793344,0.0170583504532881,-0.01821706515514781,-0.6815879888117908,0.2730532959935592,-0.012817180443132709,0.11819109123578313,-0.012455954987598179,667.3741534921774,696.4244911856484,628.5165710313174,666.5508068262114,0.0,0.0,0.0
23.244,-3.473079426807743,-3.941201460406963,2.0065221041796004,4.982409279175661,-5.77261559732276,74.04199560257926,-3.5042784214019744,-4.466019153594976,1.9999999999999991,57.47470575755911,0.29791027974512296,-0.24665519236080913,0.024135042487736243,0.007608923601697732,0.16314316464125583,-0.7104590830636883,0.08690748942884743,0.04539688532110161,0.10751839711442569,-0.08,744.4574573324793,782.1192172122761,528.0374711465146,549.7092053262253,0.0,0.0,0.0
