Time_s,X,Y,Z,Roll_deg,Pitch_deg,Yaw_deg,Ref_X,Ref_Y,Ref_Z,Ref_Yaw,vx,vy,vz,p,q,r,T_pert,tau_x,tau_y,tau_z,RPM_0,RPM_1,RPM_2,RPM_3,Wind_X,Wind_Y,Wind_Z
0.052000000000000046,2.999999999996861,-17.99999999999828,0.010058993391620261,-3.2731515366331833e-09,1.8003838459993082e-09,89.99999999952294,3.0,-18.0,0.014468576071479937,89.99999999971945,2.6615699245646592e-11,4.8040946451571086e-11,0.0009999564023571023,0.0,0.0,0.0,0.1310045366217917,1.9461500301537787e-10,-1.0721541281897279e-10,3.997983710950981e-12,658.912594315194,658.9125943401297,658.9125943818095,658.9125942956956,0.0,0.0,0.0
0.10400000000000009,2.999999999996103,-17.99999999999785,0.01011099276024958,-4.06326580977675e-09,2.2356145284431592e-09,89.99999999959459,3.0,-18.0,0.02787551996334146,89.99999999971945,3.5138457921770165e-12,4.148204137819868e-12,0.0009999980133842262,0.0,0.0,0.0,0.557442752343967,1.8922288562090436e-10,-1.052821570236238e-10,2.5402183179640636e-12,668.30893442908,668.3089344526919,668.308934489255,668.3089344064123,0.0,0.0,0.0
0.15600000000000014,2.999999989703805,-17.999999994218744,0.010363842773507131,-0.0002774251510264352,0.0001580623110296697,90.00008110344686,3.0,-18.0,0.04988303004772199,89.99999999971945,3.331920894348467e-07,5.931677470127721e-07,0.01074015570314384,0.0,0.0,0.0,1.1566510587337242,1.2771523164904922e-05,-7.271902118327093e-06,-1.6500721947040265e-06,681.2946757433348,681.296193267558,681.2937727476884,681.2882420791616,0.0,0.0,0.0
0.20799999999999996,2.999999844922527,-17.99999991118333,0.011833122944275742,-0.0006813568646215074,0.000404551952294747,90.00019711842214,3.0,-18.0,0.07930389840894232,89.99999999971945,2.472634608279316e-06,4.2905786297040465e-06,0.04288908868369479,0.0,0.0,0.0,1.7341530247118286,3.426492472483666e-05,-2.026833539595664e-05,-4.0104209853124255e-06,693.5805502253073,693.5843439208307,693.5792683589586,693.5644872053072,0.0,0.0,0.0
0.26,2.9999993698260976,-17.99999963080575,0.01559269836606948,-0.0009334884883365377,0.0005947564896372055,90.00029252038505,3.0,-18.0,0.11472102372075468,89.99999999971945,6.487383259524484e-06,1.0951676465433935e-05,0.09473918514167304,0.0,0.0,0.0,2.236940864120261,5.245208304223031e-05,-3.290058588299909e-05,-5.951393754334108e-06,704.1024954887511,704.1077156133733,704.10104978591,704.0782606694524,0.0,0.0,0.0
0.31200000000000006,2.9999984340915136,-17.999999054162657,0.022589716405733547,-0.0008947847894817246,0.000665439717895412,90.0003652655067,3.0,-18.0,0.15478606873431117,89.99999999971945,1.1782608639018072e-05,1.9143552454568593e-05,0.16356020757553882,0.0,0.0,0.0,2.6184704547864777,6.0093875728001e-05,-4.1998122121080555e-05,-7.431408377565101e-06,711.9838426517186,711.9886206217827,711.9806310157243,711.9536741068378,0.0,0.0,0.0
0.3639999999999999,2.9999970565056344,-17.999998142773133,0.03358293467291087,-0.0004854358836826559,0.000569480241486218,90.00041315643368,3.0,-18.0,0.19834332614553424,89.99999999971945,1.7524331578859537e-05,2.690475315091022e-05,0.24524984123257418,0.0,0.0,0.0,2.8578089151700405,5.179874791188073e-05,-4.476892162433376e-05,-8.40575924325948e-06,716.8850790131586,716.886922469426,716.8772296726173,716.8519056331843,0.0,0.0,0.0
0.4159999999999999,2.9999954560483895,-17.99999694866115,0.04909610653759527,0.00028211942112940804,0.0002822808889875773,90.0004352838512,3.0,-18.0,0.24446134838122788,89.99999999971945,2.2733068783941132e-05,3.200264763782159e-05,0.33504658833000484,0.0,0.0,0.0,2.9551474545976117,2.562915746034311e-05,-3.911780106687049e-05,-8.855946152617838e-06,718.871007599443,718.867480183103,718.8551915187023,718.8382590056434,0.0,0.0,0.0
0.46799999999999997,2.999994047064364,-17.99999562974995,0.06940079750144271,0.0012787255821420417,-0.0001878320439715576,90.00043212950335,3.0,-18.0,0.29241996330149495,89.99999999971945,2.6307462704523043e-05,3.2073142179137884e-05,0.4281568890098657,0.0,0.0,0.0,2.92579036770763,-1.5682776636309493e-05,-2.4099296807667085e-05,-8.79177029031381e-06,718.2769760903335,718.2665640231322,718.2504975358703,718.2482946314996,0.0,0.0,0.0
0.52,2.9999933627801774,-17.9999944430825,0.09453177153920345,0.0022646725921226935,-0.0007935130286837629,90.00040553498123,3.0,-18.0,0.34167911283493707,89.99999999971945,2.703412173369733e-05,2.483433271746888e-05,0.5202380996382572,0.0,0.0,0.0,2.793936057409815,-6.467277436242293e-05,-2.0656447146728959e-07,-8.250699208740009e-06,715.590325640533,715.5732810931654,715.552259167847,715.5691956803261,0.0,0.0,0.0
0.5720000000000001,2.999993915012332,-17.999993713229003,0.12432252813095918,0.002925891315981719,-0.0014474769718428283,90.00035851847872,3.0,-18.0,0.39184339807318247,89.99999999971945,2.363856205507269e-05,8.532512915157308e-06,0.6077650299154143,0.0,0.0,0.0,2.5868185210998806,-0.00011007278514564256,3.0485678641071074e-05,-7.294138690855541e-06,711.3462284228485,711.3251951697118,711.2983941156085,711.3355418369284,0.0,0.0,0.0
0.6240000000000001,2.999996019423611,-17.999993778422308,0.15845033888480198,0.0029387257088018663,-0.002027846583902304,90.00029509149716,3.0,-18.0,0.44262898997818634,89.99999999971945,1.4938109093190388e-05,-1.7267152161014233e-05,0.6880854265688887,0.0,0.0,0.0,2.3361878561751963,-0.00013857208491399343,6.426257364811625e-05,-6.0037035647469675e-06,706.1731420817118,706.1533597428181,706.1207104024788,706.1747093078095,0.0,0.0,0.0
0.6760000000000002,2.9999996303698375,-17.999994921674375,0.1964910147943474,0.0020574983816542412,-0.002392045170435125,90.00021987086014,3.0,-18.0,0.4938355673980699,89.99999999971945,1.412880010199728e-07,-5.0645379066271916e-05,0.7597804997088649,0.0,0.0,0.0,2.0692176587981246,-0.00013749672079863923,9.60377173437383e-05,-4.473324066574404e-06,700.6169357066689,700.6058112189456,700.5683697532496,700.6310339287983,0.0,0.0,0.0
0.7280000000000002,3.0000042337711976,-17.99999729745217,0.23797259694717232,0.0002049531861293481,-0.0023963285257101023,90.00013788586962,3.0,-18.0,0.5453238552453522,89.99999999971945,-2.0764898934051267e-05,-8.647333944957741e-05,0.8221435802960679,0.0,0.0,0.0,1.7934085479991992,-9.7872432895698e-05,0.00011993446803290778,-2.8053223908106886e-06,694.8259972507401,694.8319663114025,694.792136147916,694.851066178911,0.0,0.0,0.0
0.7799999999999998,3.000008838154524,-18.00000086439962,0.28240048664402206,-0.002455713844683164,-0.0019198056241994238,90.00005412660953,3.0,-18.0,0.5969983425879777,89.99999999971945,-4.661819943690156e-05,-0.00011622429145077481,0.8749395547122838,0.0,0.0,0.0,1.5236544013239026,-1.7131841094082758e-05,0.00012950698913402928,-1.101222831081149e-06,689.1111778119003,689.1418334011253,689.1035831297269,689.143585913947,0.0,0.0,0.0
0.8319999999999999,3.0000120906130836,-18.00000533654633,0.3292841712013926,-0.005487167681694288,-0.0008922207389887589,89.9999732740124,3.0,-18.0,0.6487943715704669,89.99999999971945,-7.475704288999672e-05,-0.00012885728735322728,0.9184389715429113,0.0,0.0,0.0,1.2707705299924026,9.827344424267848e-05,0.00011869378250546286,5.437400662346678e-07,683.7075794148353,683.7672339056361,683.7360536748819,683.7416681739394,0.0,0.0,0.0
0.8839999999999999,3.0000125209127453,-18.00001016410662,0.37815356086913776,-0.008189089328502408,0.0006790626965019885,89.99989960480342,3.0,-18.0,0.7006687133801333,89.99999999971945,-0.0001009111047545862,-0.00011281792337773788,0.9531395213684876,0.0,0.0,0.0,1.0434008866710975,0.00023106146872030624,8.285983911494123e-05,2.0425554379717765e-06,678.8120144457878,678.898946874273,678.8815016514603,678.8404613561709,0.0,0.0,0.0
0.9359999999999999,3.000008892839155,-18.00001455363808,0.4285782389164918,-0.009688348098793442,0.002685655722000772,89.99983667474989,3.0,-18.0,0.752592820741909,89.99999999971945,-0.00011940005081198047,-5.934809763477047e-05,0.9799318750146945,0.0,0.0,0.0,0.8455622476595863,0.00035335265164039505,2.0040216820880085e-05,3.32288045945546e-06,674.5268833434825,674.6309404161009,674.6343592483732,674.5414730252663,0.0,0.0,0.0
0.988,3.000000612411009,-18.000017534020735,0.4801788636100283,-0.009101864450857306,0.004904409455002415,89.99978724710788,3.0,-18.0,0.8045480763480227,89.99999999971945,-0.00012373152335601182,3.360620184750355e-05,0.9998530181926265,0.0,0.0,0.0,0.6785436497305888,0.00042942384562169047,-6.778449398955227e-05,4.328496112196583e-06,670.8967820339396,670.9981091130373,671.0288907754582,670.8895813136663,0.0,0.0,0.0
1.04,2.9999881152278705,-18.00001807137892,0.5326307897822848,-0.0057586148609882854,0.006997990463836139,89.9997532032905,3.0,-18.0,0.8565224959877694,89.99999999971945,-0.00010759561434928911,0.00015785251752237195,1.0139692601885577,0.0,0.0,0.0,0.5418295000788156,0.00042143089087053786,-0.00017358048557924847,5.021124654448313e-06,667.9254913040974,667.9952466156833,668.0578335159294,667.8903762530776,0.0,0.0,0.0
1.092,2.999973133685059,-18.00001523023129,0.58566521792261,0.00025161735128053785,0.008489098930310251,89.99973753724298,3.0,-18.0,0.9085084719116436,89.99999999971945,-6.567301601465456e-05,0.00028954070459491927,1.0233321482020181,0.002143851836301466,0.0003462242378555767,-2.0214406584379124e-06,0.43342020539775383,-0.0005157935763499633,-0.00041611442676811643,6.065235042050253e-06,665.7131126564636,665.4498979557037,665.5840982225366,665.6122516028564,0.0,0.0,0.0
1.1440000000000001,2.999958473646767,-18.00000840950853,0.6390652090589674,0.005676319959441891,0.008548520791083793,89.99973963692906,3.0,-18.0,0.9605012479123869,89.99999999971945,8.345862027271361e-06,0.000360238141568349,1.0289083556201342,0.0,0.0,0.0,0.3505951257838831,0.0001624817249351929,-0.00036695557868793695,5.297135097957993e-06,663.7894356251751,663.73152413548,663.8500360421942,663.7000910553193,0.0,0.0,0.0
1.1960000000000002,2.999946800892345,-17.999997670797562,0.6926621424299001,0.011298753561475994,0.007026590964031856,89.99975366110799,3.0,-18.0,1.0124979015962166,89.99999999971945,0.00010423997039065856,0.00038395063578109653,1.0315966911840724,0.0019116513509875462,-0.0007224520171631257,5.672645087258611e-06,0.2898240398982317,-0.0007752576024755171,-0.00013138989323170256,2.976216893227067e-06,662.5522146996134,662.2949139576065,662.3404213900586,662.5231446476795,0.0,0.0,0.0
1.2479999999999998,2.99994064324582,-17.999983813371685,0.7463300436431041,0.015550232793664522,0.004124760683048058,89.99977616678672,3.0,-18.0,1.064496673489126,89.99999999971945,0.00020496106323760494,0.0003400279091919016,1.0321593062305872,0.0,0.0,0.0,0.24759863055195375,-0.0002568037980159219,-0.0004006321469044649,4.553927549730359e-06,661.5820757071631,661.3952359087566,661.5216830370194,661.4808085632967,0.0,0.0,0.0
1.3000000000000003,2.99994192239144,-17.99996829273491,0.7999788917129654,0.01799019405805095,-0.0003989262922938169,89.99981009319426,3.0,-18.0,1.1164965303061325,89.99999999971945,0.00030126594798406115,0.00023310908581776485,1.0312413383132122,0.0,0.0,0.0,0.22043778946601122,-0.00046542584405451703,-0.00032013625663290866,3.863687735189677e-06,661.000670910341,660.777215753252,660.8789748877691,660.920302215253,0.0,0.0,0.0
1.3519999999999999,2.999951616509503,-17.999953278125446,0.8535482927332728,0.017811599551244083,-0.006366543814031281,89.9998475127188,3.0,-18.0,1.1684968843627508,89.99999999971945,0.000377157561644471,6.992432818545222e-05,1.0293644318642774,-0.0005160423912500708,-0.0020667912063478326,1.122316896886936e-05,0.20514249105166016,-0.0004284405141663941,0.0006376224591485625,-9.249845751456533e-07,660.5273148091098,660.5868470444428,660.4028056246204,660.7062035079589,0.0,0.0,0.0
1.404,2.9999694618136945,-17.99994149066108,0.9070018001378526,0.01444677290631367,-0.011380979886560609,89.99987510729665,3.0,-18.0,1.2204974158251631,89.99999999971945,0.00038730177227703805,-0.00013442253839821857,1.0269455631020992,-0.0008666327549962042,-0.0008348378999120566,5.539720535260523e-06,0.19878565404431647,-0.0003682792750096764,0.0003532422557037521,5.530680849368202e-07,660.4164432825615,660.4121628896884,660.3131330363017,660.5185187203766,0.0,0.0,0.0
1.456,2.999993763033743,-17.99993521304577,0.9603212736578826,0.008856201104208166,-0.014203731339274557,89.99990252191832,3.0,-18.0,1.272497961843821,89.99999999971945,0.00032157498921219386,-0.0003377819312281805,1.0242964414254205,-0.0020910488742901224,-0.0006930207315949755,8.532769403455306e-06,0.1988935153949587,0.00011464178940832459,0.000472219000068372,-1.078725042541827e-06,660.3354148398678,660.5024677010558,660.365065623155,660.4668522256326,0.0,0.0,0.0
1.508,3.000021818817424,-17.999935697913244,1.0135020824999148,0.0027361070421682157,-0.015072176958512963,89.9999254520825,3.0,-18.0,1.3244984486163278,89.99999999971945,0.00020417371186363286,-0.0004967965497833574,1.0216432326353189,0.0,0.0,0.0,0.20340255586785716,-0.0006184355092436827,0.00035384774295504375,1.51668717167068e-06,660.5528315610097,660.4775263026157,660.3810011179486,660.6577243345798,0.0,0.0,0.0
1.56,3.0000506695969924,-17.99994324739766,1.0665490749376993,-0.0035816551978545322,-0.014154478943077134,89.99994840033936,3.0,-18.0,1.37649885061685,89.99999999971945,5.56870252969673e-05,-0.000600939844817923,1.0191406435595596,-0.0021902843523500053,0.0005187199887928944,6.611671428577352e-06,0.21064829700883614,0.0003517453506269101,0.00026556946570096857,-1.3227570101323804e-06,660.5916596298617,660.7673120848561,660.6880923600354,660.663571501205,0.0,0.0,0.0
1.612,3.000077349913657,-17.99995731900706,1.119473305158632,-0.009165555624820434,-0.011844370423434213,89.99996588140111,3.0,-18.0,1.4284991667498494,89.99999999971945,-0.00010181005108643539,-0.0006380600223617533,1.0168852917866913,0.0,0.0,0.0,0.2193376498675761,-0.0003272738464610326,0.0005347607059416938,6.941442797027071e-07,660.8394781634563,660.8985001155686,660.7482910252476,660.9935056629988,0.0,0.0,0.0
1.6640000000000001,3.000099215426207,-17.9999766969192,1.1722893969890515,-0.014188659854901815,-0.008059096307651252,89.99998225788951,3.0,-18.0,1.4804994068605395,89.99999999971945,-0.00025665252964969266,-0.0006164049501505237,1.0149292714778093,-0.0015521820865308329,0.0014260736018837541,4.642436948819836e-06,0.22849948870021564,0.00047005708501211726,-9.923669324617438e-07,-1.3049483751907127e-06,661.0077404316025,661.1411296569964,661.1378039735752,661.0038496128028,0.0,0.0,0.0
1.7159999999999997,3.0001140438075895,-17.999999532271836,1.2250135741204118,-0.01753009203340293,-0.0033885631289389674,89.99999505429602,3.0,-18.0,1.5324995844503788,89.99999999971945,-0.0003879222313067969,-0.0005281424280641567,1.0132895102480919,-0.00028026558722140987,0.00053667956462341,1.649715025324056e-06,0.2374555000862042,0.0001828337855331087,0.0002983356563457313,-4.913742971699361e-07,661.2029861468876,661.3397768733956,661.2536086503183,661.2864445202204,0.0,0.0,0.0
1.7679999999999998,3.0001203240523715,-18.000023518455116,1.2776621068833685,-0.019516816458205757,0.002405680567751436,90.00000491928392,3.0,-18.0,1.5844997130142662,89.99999999971945,-0.0004914238675787716,-0.0003928170583990388,1.0119583481931655,0.0,0.0,0.0,0.24576596242588167,0.0002759187755828356,0.0003892178019147962,-1.0008956206443027e-07,661.360060990269,661.5490990055624,661.4382096379056,661.4704102904343,0.0,0.0,0.0
1.8199999999999998,3.0001173203587803,-18.00004595331448,1.3302504540858677,-0.01903965166818715,0.008251755385138698,90.00001320286539,3.0,-18.0,1.636499804420751,89.99999999971945,-0.0005428606487110003,-0.00020853814617740043,1.0109149483513769,0.00048676980673917315,0.0020680240609976417,3.235929158889064e-06,0.253145309992588,0.00024351451915624784,-0.0005740947646820704,-1.4298137795041167e-06,661.6664993726151,661.5725688098655,661.7317331559069,661.4994175208963,0.0,0.0,0.0
1.8719999999999999,3.000105401132412,-18.000064089358787,1.3827926488709414,-0.016437559917254697,0.013693617432031166,90.00001782440587,3.0,-18.0,1.6884998683910228,89.99999999971945,-0.0005371505113752752,-1.712163289982707e-06,1.0101281017268415,0.0,0.0,0.0,0.25945430058649244,0.0005286330223283111,8.78666545438166e-06,-3.6264695086519427e-07,661.6811429574414,661.8338127305882,661.8303153232903,661.682637545049,0.0,0.0,0.0
1.924,3.000085893680863,-18.00007545552944,1.4352736014007248,-0.029847041734810197,0.017649348627243783,89.8917048523894,3.000003911035582,-18.000002681852973,1.7404999125267282,45.488079614136595,-0.00046308077895302143,-2.354317296815301e-06,1.0080234018634495,-0.018277548808079056,0.001132539212229822,-0.09051901481423522,0.28060483590270024,0.008177444782590509,-0.0006534259633951911,-0.08,763.7783305512,765.6280051364829,542.1901162879881,539.1195265550851,0.0,0.0,0.0
1.976,3.000047063986548,-18.00007822648788,1.4876435003884567,-0.18936434256131576,0.018330151704424025,89.45828638264607,3.0000159784130216,-18.000011955734745,1.7922370210426692,45.48798882596792,-0.00031488763700101565,-0.0018511324258690168,1.0069447932057867,-0.07327924378573761,4.677853403390192e-05,-0.17717190487834156,0.2868269827154215,0.0346620879891613,-0.00041553891250350463,-0.08,760.6037278170211,769.0215568851877,546.8899280393822,534.6961735199336,0.0,0.0,0.0
2.028,2.999917193585305,-18.000071320749818,1.5400065677370374,-0.43615416769922416,0.013526910712063465,88.80587744899996,3.0000266757572662,-18.00002387674043,1.8400654457371057,45.48763263516071,-0.00011085351550099583,-0.003568040813424904,1.0068187196038232,-0.08305012166057407,-0.0006046661449050763,-0.24673751502210567,0.15900518238425043,0.04788564735828242,-0.00017316641906515263,-0.08,756.4777894059888,768.2432772577675,545.7115020994058,528.8967205771364,0.0,0.0,0.0
2.08,2.9995862271304374,-18.000053871161597,1.592254302207933,-0.6496028775010331,0.003275584005408476,87.9509824548606,3.00002368502458,-18.000035159123144,1.880466927476702,45.486498566132134,5.770986893881248e-05,-0.0026723936242504963,1.00239826306963,-0.061505322374438884,-0.0006469265559687732,-0.3140478994353052,-0.16063825144497734,0.05040757777514456,0.00010911583998809393,-0.08,749.9322428471759,762.490519721245,537.4839251304765,519.5936849091017,0.0,0.0,0.0
2.132,2.9989630285074043,-18.000024572061033,1.6439686724774092,-0.779913261148857,-0.011302169750157678,86.89749079583416,2.999984985999337,-18.000043137398105,1.9127221006323227,45.483674214749186,7.016578125892247e-05,0.0012460651372550344,0.9875098565494534,-0.03154185174655649,-0.0002075323295636264,-0.380313385164648,-0.6216297197793246,0.04934952258506925,0.0005744909992973575,-0.08,740.9717282325759,753.5314778820065,524.5301631613679,506.7477713591174,0.0,0.0,0.0
2.184,2.9980013992638472,-17.99998205695959,1.694446062421843,-0.8218012827298978,-0.027958657822136464,85.64834788247066,2.999872202806343,-18.00004563108503,1.9374926951937173,45.479052926066295,-0.00019972776772216163,0.007470847385298636,0.9573649159387413,-0.002889567591344932,0.0007700743017816736,-0.4455590836427586,-1.1338116830344873,0.04756107131765605,0.001260015406314042,-0.08,730.9381542456282,743.3885185923754,509.5988107132472,492.2220359463083,0.0,0.0,0.0
2.236,2.996699911969497,-17.999925515390945,1.7428225101577335,-0.7844079879853391,-0.043213746196724016,84.20690823629403,2.999642582431162,-18.000041096965905,1.9559718875091925,45.471594518969034,-0.0008591901690812792,0.014982240387245969,0.9101341789993274,0.02190824706884296,0.002451665340590075,-0.5095754429221712,-1.613841318840226,0.045390964236621416,0.002091005377113826,-0.08,721.4424123562915,733.7108239405709,495.0591815889762,478.33412995831947,0.0,0.0,0.0
2.288,2.9950918422711177,-17.999854993322256,1.7882336972189194,-0.6810550080166284,-0.05262016194375569,82.57718985381307,2.99925567389522,-18.000028222175317,1.9694444474851098,45.4624264510456,-0.0019668365234857496,0.02275387626200325,0.8468828334276542,0.041839930344459715,0.004952929895322497,-0.5721433179274884,-2.003690690900939,0.04271660379516956,0.002918879114909333,-0.08,713.7336218214318,725.6540869571259,482.7158661978824,466.959671707589,0.0,0.0,0.0
2.34,2.993234189009379,-17.9997713141762,1.8299325638498964,-0.5284220351663402,-0.051374157486238935,80.76377683422658,2.9986599709912256,-18.000005044659964,1.9790811110266955,45.45028233529409,-0.003505107820917159,0.02984243609466375,0.7704684386618655,0.055757051046433484,0.008256728360069186,-0.6330929776811367,-2.270174384957641,0.03962903655882042,0.003542612285202312,-0.08,708.5724046533192,719.9351801582552,473.8279266263932,459.2875111072937,0.0,0.0,0.0
2.392,2.9911981128672833,-17.999675642534545,1.8673609544739331,-0.3466192112518513,-0.0352079519216537,78.77187400680856,2.997840793151874,-17.999971093029814,1.9858613204029518,45.42205220464554,-0.005363414298807156,0.03546771021772865,0.684991483623062,0.06275315442230979,0.012125140505844798,-0.6922422784146393,-2.4043369719926853,0.036465968600752255,0.0037655140535235087,-0.08,706.183457615187,716.8133885198373,468.9817342730555,455.68525138891823,0.0,0.0,0.0
2.444,2.989060928732929,-17.99956871902736,1.900190783744094,-0.15742707095622546,-0.0014480545345176715,76.60705177924976,2.9967723858726845,-17.999924919081966,1.9905620541966795,45.40714457256702,-0.007340443625524609,0.039109041584883535,0.5949750459209662,0.06265382706981855,0.0160973925218451,-0.7495323507713026,-2.415107355420515,0.03357102208288785,0.003432563397071051,-0.08,706.3863101680212,716.1664209606905,468.1260080971002,455.86226855490366,0.0,0.0,0.0
2.496,2.9868997086569946,-17.999449877777707,1.9283201061365316,0.01800216172492637,0.05013457736851566,74.27493727498064,2.995468556390738,-17.999866502390592,1.9937772417429849,45.390688601536446,-0.00917113416954332,0.04056503614179484,0.5046372824615727,0.0560639562413221,0.019547332152524487,-0.8049774667507916,-2.3214466189167497,0.031331422512326346,0.0024815189239180743,-0.08,708.7448800599249,717.6575785463316,470.784020176314,459.11928411610205,0.0,0.0,0.0
2.548,2.9847859391977507,-17.999315975804922,1.9518460848804973,0.1617324271130606,0.1167791649857052,71.78097613558943,2.9939641739653733,-17.99979629476821,1.9959483738203379,45.375629117570675,-0.010572474245405493,0.03995887129806217,0.4175669228284927,0.0444147866322149,0.02176776120804607,-0.8586392485662678,-2.147347402746645,0.030032301024378975,0.0009805042654295604,-0.08,712.6985645822568,720.832529150767,476.20277703577744,464.59240181844,0.0,0.0,0.0
2.6,2.9827810408788444,-17.99916046125675,1.9710281860572123,0.261294994983363,0.19276856973991835,69.13031274803858,2.992303264393776,-17.999714305351706,1.9973963845320648,45.359878590542216,-0.011299022200024052,0.03768552946586191,0.3365879226895823,0.02974561774047087,0.022126679986843027,-0.9106183318005044,-1.9183307490600525,0.029781888367052776,-0.0008773740691394166,-0.08,717.66069465521,725.1927205672552,483.50032328959986,471.42888927186124,0.0,0.0,0.0
2.6519999999999997,2.9809328725494346,-17.998972882571486,1.9862424675399184,0.31115741386254564,0.27011959232946636,66.32767968145292,2.990519050922806,-17.99961888560168,1.9983502602015486,45.346090602921706,-0.011194009042478253,0.03431509700094591,0.26356522784185094,0.014362973413296043,0.0202386116485583,-0.9610180931583241,-1.6571823386460902,0.030461922668958207,-0.002824615359782237,-0.08,723.1294138094839,730.2789261622995,491.84095040921375,478.949208432672,0.0,0.0,0.0
2.704,2.979273570916733,-17.998739156095684,1.9979359005779767,0.3186348671877684,0.3394938179306525,63.417739369568345,2.9886709495123074,-17.99950853662238,1.9989707584948522,45.332137120726586,-0.010207988131307109,0.030491080783084906,0.19945977809394294,0.006818627566618811,0.015955596380047513,-0.9723065661015099,-1.3822843894210743,0.029145282629040713,-0.004519737993914893,-0.030019898827524635,663.4505877459331,670.3920281075958,584.276387500633,573.3423215541064,0.0,0.0,0.0
2.756,2.977822838700264,-17.998445156241914,2.006569153450283,0.36683408199837064,0.3912303009019287,60.607898202986874,2.9867963333326686,-17.99937739325753,1.9993691106817535,45.32019030431898,-0.008351907821750753,0.026757663795940197,0.14432160504948327,0.03637608640789817,0.008612730824426705,-0.9200165909921101,-1.105128911720393,0.011536091915912101,-0.0053918943153861715,0.00966012269717089,615.8086752677202,617.6815029490014,647.20391752955,642.2680701070448,0.0,0.0,0.0
2.8080000000000003,2.9766129855741887,-17.998092285106033,2.0126388681002902,0.5215829389606661,0.4188855930807157,57.99145509543152,2.9849544838949567,-17.999220887678316,1.9996212543378051,45.30839569638435,-0.0057937888434442045,0.022597641655995437,0.09896553072947548,0.07083539943086153,-0.0017175731124516595,-0.8476670604503151,-0.8469977296376747,-0.01329207100987174,-0.005067470191918913,0.03824252849187852,582.357786411753,576.4006539824104,688.4395251429315,690.6817579830949,0.0,0.0,0.0
2.86,2.9757069721054727,-17.997714255999874,2.0166402094112876,0.7412860548378299,0.42010073707813583,55.612363427176824,2.9831946652449117,-17.999033102599505,1.9997783763274561,45.29898898437079,-0.0027683941130730045,0.01699759042300778,0.06281215888502431,0.08175870555637796,-0.012724660735066817,-0.7638217439135815,-0.6162769358598398,-0.03356122274079607,-0.004108893131399423,0.05768657023503254,560.352222240276,547.5685212628066,715.7269975097836,723.4215324291407,0.0,0.0,0.0
2.9120000000000004,2.975181765597154,-17.99737405702293,2.019018633770231,0.948927650285082,0.39622205975328056,53.49429517523707,2.9815622521398795,-17.998811003603645,1.9998745549770063,45.29173010820265,0.0004752077694786049,0.00955083621342821,0.03489565968766088,0.06715339391608752,-0.022136780335502867,-0.6741659261825014,-0.41654730220211256,-0.04559231221612421,-0.003187157700327627,0.06965572582405159,547.7842657466459,530.7799400632437,733.1924349924107,743.9857315826624,0.0,0.0,0.0
2.964,2.9751001347901442,-17.997146012172173,2.0201638620777826,1.0853603652129125,0.35038874451479424,51.64473267305966,2.980101434311427,-17.99855877010666,1.9999321994522559,45.287255681025755,0.003690043539685106,0.0006098200163735421,0.014088851552815312,0.03675328365912694,-0.02905111701055243,-0.5839063308465431,-0.24842164928458402,-0.05028537352361025,-0.0025081893829988454,0.07595554317555396,542.439042752246,523.8230873981462,743.646318508768,755.6277268139452,0.0,0.0,0.0
3.0159999999999996,2.9754903157131887,-17.99709623543816,2.020406038691072,1.1230514667320532,0.28605681691069834,50.05992585847692,2.978858873838645,-17.998289163506886,1.999965860168862,45.28714128209088,0.006635996654477764,-0.009021062525214443,-0.0007878434646355012,0.0012019245547850088,-0.033550211744632685,-0.4961812932845313,-0.11036562823969687,-0.049801653532801894,-0.0018974516013083188,0.07771473748434221,543.0098599732828,524.8063618703777,748.4935033924879,760.4299413251346,0.0,0.0,0.0
3.068,2.97633835933071,-17.997269240697833,2.020018911526948,1.0606442048370697,0.2069430596153044,48.72729714506104,2.977884211544005,-17.998028629354636,1.9999848600861982,45.29132563479368,0.009088241845886925,-0.018415587830305526,-0.01085124491919173,-0.032038082120600046,-0.035952436502708615,-0.4137852139850355,0.00015906498238461853,-0.04603001711693335,-0.0010986743272895349,0.07613516831814421,547.8222374529134,531.403435868937,749.0898120941239,760.2821665584952,0.0,0.0,0.0
3.1199999999999997,2.9775904257432955,-17.997682316602834,2.0192236925421763,0.9131501097645434,0.11759380360414713,47.63020378762154,2.9772259684589937,-17.99781402906542,1.9999950877655615,45.30050466032968,0.010855345211242675,-0.026739235915364458,-0.01713263309612219,-0.05832623767794989,-0.03641402777706141,-0.3365835751341836,0.08640804723265127,-0.040495481219209484,2.8406698302419278e-05,0.07338270715100803,553.5248137442336,539.6061366541855,747.9535964652832,758.0704980797558,0.0,0.0,0.0
3.172,2.979160096257335,-17.998325419562505,2.018099105770667,0.7269360732641718,0.059289979922130566,46.557927705443305,2.9961514714654958,-17.97824805176629,2.000000203852635,18.321057007617696,0.01189356856433384,-0.033334571080801546,-0.02606601530766791,-0.04166219189059634,0.008425733290189072,-0.43259152249902755,0.2090475556005646,0.43285333214780863,0.4593129053542948,-0.08,644.2008131435405,866.2760116390176,534.1146266936812,543.3477589834932,0.0,0.0,0.0
3.2239999999999998,2.9809987456730513,-17.999166429519214,2.0164169671277623,1.5569822597091032,0.9831832626580037,45.32555838175112,3.060135152561449,-17.91360280163279,2.0000024428942704,45.27268411444164,0.015092338884206325,-0.04070911866961041,-0.03557024404393121,0.5339208516107627,0.5753215911674963,-0.3431495745315627,0.3550663654838111,-0.28893200918062645,0.3955484197234843,0.08,524.0918051989552,561.0331455238797,677.1266209099929,846.0812870307558,0.0,0.0,0.0
3.2760000000000002,2.9836706470872203,-18.000145611404086,2.01443106440453,2.868209486624474,3.7667816536065146,44.62215567768139,3.1380411359232907,-17.83536351681618,2.00000313965557,45.28831105039021,0.03425717815323108,-0.05969653482878727,-0.03249116630788444,0.2542972077996953,1.109275855354508,-0.23603601601910446,0.3875314531391984,-0.3018010281646698,0.06803984279028791,0.08,583.8608073408055,502.9942184628237,721.0292289345261,811.7493896106446,0.0,0.0,0.0
3.328,2.988431498595435,-18.000775570878886,2.012642614747891,2.5779296949559716,7.419466068914115,44.24532917046474,3.2129881087138608,-17.76060497685253,2.0000030702283746,45.312159018983095,0.08149641819335166,-0.08335472411548317,-0.018609967045425536,-0.2791874534969362,1.2402654564351896,-0.15442513324941937,0.3079169759147473,-0.11331553936660023,-0.14283977500434758,0.0770815672980993,592.2470553384069,504.4269041667668,768.078457192531,760.8179166745527,0.0,0.0,0.0
3.3800000000000003,2.996367599062292,-17.999849666335415,2.0110612418004403,1.2852933582896244,10.865744509943084,44.01190468459149,3.2780259566927876,-17.696437040666094,2.0000026701603293,45.343781860196124,0.15851468859423137,-0.0993012927512115,0.0019631784472386947,-0.4746064637012116,1.064480774898251,-0.09611697247190787,0.15619261120846714,-0.008632986891318584,-0.2267768939325748,0.061546660052968036,612.1340516897367,534.9747256145706,772.3100575908123,717.2477950213729,0.0,0.0,0.0
3.432,3.0081604386658816,-17.99590969102408,2.0094748551623383,-0.14346922276620117,13.496060781520075,43.828799830568144,3.3316298341487474,-17.644585655534446,2.0000021719317744,45.386972568052194,0.260031411778078,-0.10317810885800931,0.028698501197925164,-0.44217477690675544,0.7503413537362298,-0.05234030705965316,-0.05567615894919198,0.026715914982173017,-0.22168993165831866,0.05043647578193469,620.7605103192705,558.6024284968324,761.4280159519451,697.4067820005002,0.0,0.0,0.0
3.4839999999999995,3.02415010329836,-17.98773291407202,2.007580469800923,-1.2990214272499894,15.149689988199023,43.71456255993476,3.374945449548583,-17.604022700472434,2.000001690210258,45.43109602720787,0.3781190685864601,-0.09620496800543374,0.057777163903466336,-0.3308306504471564,0.42853179155832793,-0.016721154998901235,-0.28058213317368236,0.03303393920787942,-0.17072657332190935,0.04087130316616133,623.3917191508408,580.3853289659313,741.9256186220709,688.3626307705039,0.0,0.0,0.0
3.536,3.0444150590133594,-17.974528166455773,2.005047876630849,-2.0771949533197107,15.948181291134103,43.692163063207865,3.410123766349999,-17.57250366297538,2.0000012737435635,45.478881325555825,0.5051409308876275,-0.08145766347669962,0.08384173715458458,-0.2115165776967999,0.17053952582528448,0.011082880776381861,-0.4554575817320645,0.03178543727968983,-0.10669660349334371,0.03231613520633117,623.7032447598018,600.6999283628613,720.4838391551111,683.3959712219762,0.0,0.0,0.0
3.5880000000000005,3.0688593243839954,-17.955916391739645,2.0016003692817965,-2.4960376331817233,16.134569975456856,43.75873481682869,3.439706721380795,-17.547334668920183,2.0000009362494953,45.519629906015226,0.6349319735688165,-0.06212666324705811,0.10373333401516213,-0.10509304765958886,-0.00042698953991605616,0.0314390981560128,-0.5404715539927534,0.0284257225749781,-0.04919965577943533,0.024481120650727047,625.3736915881641,619.0974123856572,700.9117295484426,679.7730658797506,0.0,0.0,0.0
3.64,3.097304642519035,-17.931820587279887,1.9970845776003736,-2.611161171126954,15.961435530632109,43.89144303244212,3.4659072558966706,-17.525988807680314,2.000000674296906,45.585747088623094,0.7631509911395821,-0.04100236911961279,0.11765788071188168,-0.016872606539974567,-0.09063086867587952,0.045119610927583924,-0.5326922300640673,0.021647795734515432,-0.006931178614153613,0.01820913833770112,629.1145071706178,633.496852930868,685.9247300816266,678.04684465813,0.0,0.0,0.0
3.6919999999999997,3.129566614947145,-17.90235076946798,1.9914938249139473,-2.4880081527835274,15.633794892848574,44.06297965119813,3.490697971816596,-17.50618399204306,2.0000004772800226,45.60815633007071,0.88726902745802,-0.020361087171335748,0.12813215924510601,0.05178664938042447,-0.12051709018180343,0.053216532154884054,-0.4565120896537659,0.015302165561064406,0.01895296232676089,0.012266867240740529,636.0424929600529,646.0877668892593,674.6467847734731,675.6633201112799,0.0,0.0,0.0
3.744,3.165502618533773,-17.867716924287443,1.9849468371631087,-2.1925041705423243,15.288469745250906,44.250361830393736,3.515468777268305,-17.486190844061333,2.0000003326946088,45.621572111399175,1.0062756308256642,-0.0019145285082524896,0.13827191557913393,0.10031688755440131,-0.11324191911706087,0.056964329415896506,-0.34620044382120296,0.008800878592266498,0.03133610025144859,0.007380986306291479,644.1341985432346,655.7436176188471,667.2338825164675,673.5532026535445,0.0,0.0,0.0
3.796,3.2050311889533187,-17.828173451624476,1.9776383104334248,-1.7888952613713995,14.998775696543738,44.43848473986372,3.5412258353229693,-17.464726414873084,2.0000002287007392,45.62900825903471,1.1201958889914496,0.01318887120427997,0.15050753202443848,0.128899959974816,-0.08858230596495556,0.057412984963592165,-0.2317451270698374,0.0031884810165262664,0.034594502218499856,0.0035429787852195374,652.0207622562419,662.8248925074402,662.7836854680696,671.6325985166827,0.0,0.0,0.0
3.8480000000000003,3.248129994360922,-17.783985353768966,1.96978763410324,-1.3362378218965576,14.790399018675686,44.6184915196392,3.5690369584890114,-17.440518080137643,2.0000001551767568,45.63035590788327,1.2295960967109967,0.024350338325919246,0.16614706752595443,0.13935293701918075,-0.0600934697659579,0.05545454750250038,-0.1329358842699091,-0.0015410106074652818,0.03280739685768157,0.0006107315094972195,658.9285356945146,667.7892245582342,660.1818814694186,669.8914373535605,0.0,0.0,0.0
3.9,3.2948207298754264,-17.735408119505426,1.9615995772964605,-0.8829181498458221,14.659520170359295,44.78557606374853,3.599264312257135,-17.413072053370385,2.000000103978881,45.62728147763764,1.3352110415143899,0.03144764792053374,0.18542374850365154,0.13515553526074736,-0.035570002746430254,0.05175765392482825,-0.05857451380446177,-0.004749411520927414,0.0055558852807582534,-0.0015242086347870627,667.6310546478709,667.858102927759,662.0977017304094,665.0172811474239,0.0,0.0,0.0
3.9520000000000004,3.3451482559062016,-17.682677094735517,1.9532420250819171,-0.46723135848599884,14.526633211953872,44.93781062605862,3.632519737097654,-17.38171287264854,2.0000000688181236,45.621588453935765,1.437822208183058,0.03471539394270275,0.20665171205628038,0.11988053704173514,-0.07117939787296348,0.04694754452483799,0.0025102828063805482,-0.006843832234808396,-0.11851121947371066,-0.003010510954583718,688.2626279917909,653.1263754605633,678.3262759752473,646.6386043447689,0.0,0.0,0.0
4.004,3.399134993571285,-17.626027075594532,1.9448557114355083,-0.11480295171966318,14.014554880344347,45.07450742934379,3.668848805938362,-17.346416855522268,2.0000000449827042,45.61381122796627,1.5376930847169505,0.03462323326294611,0.2201467518294312,0.09709209111936132,-0.2574628380818922,0.041453781476526216,0.14072401007483393,-0.021429420838978117,-0.1662045491935324,-0.003977520606355247,700.2310145257227,647.9014348283016,683.9045715615357,642.8782616735248,0.0,0.0,0.0
4.055999999999999,3.456670063623963,-17.56578356753372,1.9366580413690102,0.12066250352973214,12.789166259929775,45.19011491472437,3.708634986159268,-17.306862001618548,2.0000000290254922,45.60633432778702,1.631614399898846,0.03173782515193875,0.2158457687491872,0.05027521879605564,-0.5186352899207382,0.035554764436136185,0.4477279417920279,-0.009305524973792188,-0.1474145351977172,-0.004363967007741772,701.5332693365764,658.1981704987163,687.5292992301444,648.6677743547274,0.0,0.0,0.0
4.1080000000000005,3.517403154709168,-17.502440188082318,1.9290870301718153,0.22505986190216395,10.799250735141825,45.28174952067955,3.7517891593713495,-17.26325919264353,2.0000000184735853,45.5988928637825,1.7128037521442638,0.02717798895323865,0.1924030196421683,0.0180772364295217,-0.7610816720229323,0.030088156650985153,0.9227015644027163,0.008897965003775845,-0.082685091178131,-0.004417130896210675,698.2212588985575,678.0635758275178,688.9922971048834,663.5334978470528,0.0,0.0,0.0
4.16,3.58071577478747,-17.43668491722975,1.92284527222121,0.28848166135404213,8.229246673917048,45.3525139008334,3.79852197822231,-17.215525058395727,2.000000011582606,45.593107908321414,1.773530448929522,0.022150560416997183,0.15693943278326805,0.018810861738238253,-0.9164604736714654,0.025470239139874166,1.4733816752844375,0.0031012269730649146,-6.088079069604957e-05,-0.004316731519652237,696.9028133539011,697.722473543448,686.3370542304629,685.4703880432312,0.0,0.0,0.0
4.212,3.645774916220589,-17.36939892244616,1.9187893699287457,0.34782449440908314,5.399503102114067,45.40539826103346,3.848609945831436,-17.164029788395126,2.0000000071403607,45.58825699786823,1.80826392020268,0.016959398322903364,0.12139572838121285,0.015317215775987797,-0.9562579324243746,0.021236300936498382,1.955317195778394,-0.0018923622977963968,0.07809971145890982,-0.0039714577794188214,694.7172541512597,715.0417747977087,683.6679171571891,705.3208418738701,0.0,0.0,0.0
4.263999999999999,3.711624213250239,-17.301588503017065,1.91772869374616,0.37245760785741994,2.655449762525541,45.44455041546209,3.902348843602558,-17.108591814531483,2.00000000431594,45.58532525411925,1.8156292117393598,0.011698976981770876,0.09724589650524708,0.0011363752835130136,-0.8827068244005121,0.01747521092312452,2.2300944806066907,-0.0020972021350750907,0.1418518566293471,-0.003477664658842102,690.0580843852305,727.1351663186315,680.2044520094406,718.8883863205136,0.0,0.0,0.0
4.316000000000001,3.7772921570287754,-17.23425412578652,1.9201970652371703,0.34831743078275545,0.30254487844132427,45.475851470788605,3.9589079918684753,-17.050174719209114,2.0000000025470905,45.58404463794174,1.7983354502831381,0.006730991153491439,0.09119850331194672,-0.014419392521859625,-0.7160372155611668,0.014280878321523416,2.214759083441577,5.035828288185544e-05,0.18333761878381094,-0.0029941240869662804,682.7283514123351,731.4839605990303,674.6785155117624,723.9502844508798,0.0,0.0,0.0
4.368,3.8419211035354746,-17.168244978468348,1.926288175265555,0.28396723118823197,-1.435163796756966,45.50379068756871,4.017654419234496,-16.989515667364252,2.000000001458063,45.58464232722032,1.7617980374642914,0.0024440594475444158,0.10377233164644908,-0.025496050136990477,-0.4871058259149672,0.011600702428838419,1.901047612716077,0.0025401089744014217,0.20000233766158712,-0.00258870109929236,672.8626022224469,727.252790567021,666.5098779124781,720.0540820700896,0.0,0.0,0.0
4.42,3.9048845890267487,-17.104144316131197,1.9356048565944028,0.19522210901981865,-2.4337864772610462,45.52992047565162,4.078114105018267,-16.927167567747414,2.000000000800828,45.587046354878545,1.7125519106018854,-0.0009179817698067678,0.12996164615666606,-0.03225889514964838,-0.230899848657686,0.00931029808733886,1.3505134255300384,0.0012739982386828427,0.19403926697025836,-0.0022498004271497944,661.552670189707,714.9030879807317,655.6723105394713,708.7895773259938,0.0,0.0,0.0
4.4719999999999995,3.965852545628752,-17.04221594964447,1.947322321536111,0.08706121632629035,-2.671487508128518,45.55342261937929,4.14010861930016,-16.86335915714117,2.0000000004136993,45.59054162062575,1.6571739609903677,-0.003240615865084562,0.16179021652630646,-0.03659233951816321,0.020046983070187173,0.007388808284900052,0.6675050011370676,0.008568797270773114,0.17115081706983967,-0.0019677531565690013,648.1948607355326,698.3753416553931,645.123742209779,690.8782359715677,0.0,0.0,0.0
4.524000000000001,4.024788030696975,-16.982417624808278,1.9603339606692167,-0.00998904515615038,-2.210328404839318,45.572835719722946,4.2025030511199954,-16.799272571918742,2.000000000192649,45.59523181194463,1.6018136775115255,-0.004441811409302415,0.19120443183478555,-0.028692062853653767,0.24046538666323997,0.005857467746222073,-0.033820529921075426,0.007846075933092195,0.13527252975801207,-0.0017183497825186175,637.1036841412873,678.0201202519312,634.4834123861333,671.1776185037072,0.0,0.0,0.0
4.5760000000000005,4.081898805134283,-16.92447041109016,1.973428100643033,-0.07996864408459828,-1.1773339956946318,45.58705938633641,4.264561575222792,-16.735661928845715,2.000000000071672,45.5998901748836,1.5520214055112391,-0.00467994921487312,0.2121416988411325,-0.019954212744986915,0.4109942545272621,0.004596231553277059,-0.655399762415354,0.006631324944905941,0.09185689822466639,-0.001460935263084268,628.81666579018,657.6019373989226,626.5483369018206,651.6181358409302,0.0,0.0,0.0
4.628,4.137561645071746,-16.867945644871305,1.9854661567684344,-0.12686559897541735,0.25664570164655404,45.5962810751524,4.326053013092346,-16.67275094968465,2.000000000009525,45.604876770981015,1.5124830906760427,-0.004214602251721842,0.22179529951294938,-0.013047753426905975,0.5202269387583394,0.0036204010987831515,-1.1333453763037529,0.005956268025356635,0.04687910092458336,-0.00119753231546644,624.0606366697626,639.7787780301063,622.3449435638844,634.586103653269,0.0,0.0,0.0
4.68,4.192243153859437,-16.81234088075986,1.9955203303176317,-0.15513543685739892,1.901719829048308,45.60162649582195,4.38695437541772,-16.610539778891035,1.9999999999808822,45.60914748445529,1.4866243411233087,-0.003272612199122426,0.22015247879056693,-0.007231320706909605,0.5652893870180147,0.002897198208489449,-1.4378247099946675,0.0055101493596004265,0.005374042333646023,-0.000960397799633152,623.0656070884337,626.34097984152,621.9095416725369,621.8683977175656,0.0,0.0,0.0
4.731999999999999,4.246437945134294,-16.75713751297212,2.00294851546995,-0.1671826712005558,3.5729112823879237,45.60456248871628,4.446664913482081,-16.54961014766724,1.9999999999705094,45.61322996449367,1.4762366765659096,-0.0020442629177837507,0.20919334403454903,-0.0020470243363764685,0.5502366445953691,0.0023854955329588538,-1.5676150054331226,0.005041815664189214,-0.030464520239622317,-0.0007539453623357446,625.6181956905847,617.9317269182638,624.9300053926831,614.1561111640655,0.0,0.0,0.0
4.784000000000001,4.300626046536721,-16.701841014681882,2.007416189104996,-0.16505273032370382,5.103644794189293,45.60651622824119,4.504972887983272,-16.490147937110642,1.999999999969468,45.61639637726924,1.481332898677185,-0.0006989129639736768,0.19166395274545656,0.0023823568685787553,0.48265562258298383,0.0020162182281043715,-1.5387956660931088,0.004524284663172512,-0.05795971368515457,-0.0005971438735626975,630.8767109588758,614.74759487,630.4946129339113,611.5803533708063,0.0,0.0,0.0
4.836,4.355242447767648,-16.646010042626646,2.00888334701164,-0.15141635710084092,6.357242034808211,45.60854649457426,4.562361293572763,-16.43163234208199,1.9999999999726799,45.61912432637479,1.50023551921646,0.0006175202546775333,0.17025978917908988,0.0058002562737444726,0.3743582797764942,0.0017395258504453788,-1.3763458165222004,0.004010353253476201,-0.07396634637225291,-0.0004839903983273589,637.6006857001831,616.6298421500611,637.3955606534292,613.9667567155926,0.0,0.0,0.0
4.888,4.410652225472746,-16.58928029919943,2.007566761577264,-0.12952714201327337,7.240771266791289,45.61113739592536,4.619200805117705,-16.373661449033648,1.9999999999773872,45.62098578211479,1.5299006509494424,0.00179268954234134,0.14716899124022692,0.00805910583121475,0.2417320050211004,0.0014997308865089714,-1.108477630085882,0.0035490818776815532,-0.07782473926545767,-0.00041300761891004643,644.8531369020886,622.823550591492,644.7170706207116,620.5359928579821,0.0,0.0,0.0
4.9399999999999995,4.467129965638899,-16.531384109369412,2.003892237076245,-0.10290973202032364,7.712136162245419,45.614266435158676,4.675440475805667,-16.31626992871046,1.9999999999821905,45.62312206142411,1.5664381911211143,0.0027530097156781863,0.12422833447889507,0.00914259028335163,0.1016761529631516,0.0012760955076562101,-0.7666522750445224,0.003132497232896974,-0.07134017154548933,-0.0003532140722623597,652.0017505791243,632.0295475157084,651.9147018933586,630.0732596987345,0.0,0.0,0.0
4.992000000000001,4.524844531714142,-16.47216450999595,1.9984380200051397,-0.07490670892017767,7.776597216743243,45.61759282884219,4.731502672556932,-16.259014153586904,1.9999999999864582,45.6234763251509,1.605704754111963,0.0034637870570445608,0.10279421301239478,0.009194458968257987,-0.03058284317418577,0.001053979623259701,-0.3825180633729275,0.0028803022280393382,-0.056086707391364524,-0.00033402067433524284,658.5225172046643,643.1540995262455,658.4176084251344,641.3603878872972,0.0,0.0,0.0
5.0440000000000005,4.583851135289973,-16.411581854773363,1.9918719203288462,-0.04826576370214469,7.480823669248985,45.620682436593235,4.787451917701495,-16.201822488764503,1.9999999999899754,45.623496935603,1.6438184346274718,0.0039239918108575755,0.08419570640331756,0.00844558571860323,-0.14238463905588397,0.0008390387033059889,0.009651681866358897,0.0027501369306853593,-0.035328217771679216,-0.00031933234757719887,664.0947322048976,654.8076091808376,663.9942861106623,653.1244855225347,0.0,0.0,0.0
5.096,4.644093966101389,-16.34970968217932,1.984894146013222,-0.024973656780196217,6.901387897169924,45.62319929724195,4.8434106850528424,-16.144569286408736,1.9999999999927374,45.62328364145833,1.6775764643909337,0.00415725683486814,0.06963504766650255,0.007157388092258047,-0.22553497965774905,0.0006385367901137944,0.3757561585058863,0.0027300068539455463,-0.012151243692383046,-0.00030290322076263293,668.4828202884141,665.8280972226805,668.422300829756,664.2238126697232,0.0,0.0,0.0
5.148,4.705419236377884,-16.286720135997722,1.9781741750330504,-0.006214037945796771,6.132184007047421,45.62498722406342,4.900229195206612,-16.086385215045386,1.999999999994833,45.623020875401515,1.704704738573945,0.004202649335220872,0.060218867243737165,0.005557477630199381,-0.27564508287637024,0.0004595261904573629,0.6835768217546359,0.00024579520729411247,0.01224190518540115,-0.0002803563328871918,671.6263864292732,675.1127072092869,670.9318138481345,674.2846829239036,0.0,0.0,0.0
5.199999999999999,4.767598251458856,-16.222859171126075,1.972291667349072,0.0019383501755259342,5.275238806024716,45.62603377078511,4.9578917796200965,-16.027292724162546,1.999999999996382,45.62274172757706,1.723960700780231,0.004113400529498349,0.05666236270652827,0.00039798399063093457,-0.2910812252892163,0.0002739942530873314,0.9075661716495111,0.004503023093797358,0.03443575907488877,-0.00024071707790831277,672.2642478436277,683.0662804779171,672.8686890555393,681.1802081776625,0.0,0.0,0.0
5.252000000000001,4.830357291020221,-16.158412105204913,1.9676875246750027,0.0014066723809562183,4.430191805172594,45.62666272050785,5.016498105510933,-15.967197416400627,1.9999999999975027,45.62256446925626,1.7351111564406143,0.004000163599100705,0.05924021008881577,0.0003360523560806336,-0.27466717267761503,0.00019166344892892584,1.0308976155014404,0.0045580343168909855,0.05228543397724004,-0.0002275541852235549,672.0064372759061,687.7243895574741,672.6622550392179,685.8711290970526,0.0,0.0,0.0
5.304,4.893414066135231,-16.093667790545283,1.9646315623121637,0.006221537267356209,3.68153058917283,45.62708659567472,5.075906864402477,-15.906252786895857,1.999999999998299,45.622431385157824,1.7387864605631997,0.003888694901588044,0.06751521406513496,0.0022929336838161994,-0.2323914502885897,0.00013110606963625653,1.0491648722997189,0.0035588842844118825,0.0641411816528909,-0.00021713888189601245,670.5522079839857,689.2708794658372,670.9579224395331,687.7226581526312,0.0,0.0,0.0
5.356,4.956515070632289,-16.0288883166849,1.9632121920524694,0.013797488362567546,3.09264369435083,45.62725549643614,5.136215334917013,-15.844366537838372,1.9999999999988558,45.62241829065214,1.736253647273512,0.003733930020962382,0.0803555016566532,0.0024707036666485383,-0.17232558490674618,6.352924148666588e-05,0.970552197057045,0.003041233803578355,0.07000613312881232,-0.0001965905036390536,667.842931318734,688.0979272185488,668.1608663487872,686.7434853967251,0.0,0.0,0.0
5.4079999999999995,5.019461047740097,-15.964282141180203,1.9633429011014192,0.019528876201300963,2.7008473370955124,45.62722459719282,5.197117761462338,-15.781859002815656,1.9999999999992397,45.62253486270852,1.7291742685623404,0.003524634191350072,0.0960037380596444,0.0014744260664386632,-0.1031781816151323,6.466238342505976e-06,0.8149585986048038,0.0029681813195266624,0.06979084373185492,-0.00017312758321925867,664.3126129605325,684.5928809080859,664.6761006264215,683.314357730982,0.0,0.0,0.0
5.460000000000001,5.082120611093052,-15.899987078468945,1.9647901971125048,0.021788772060681024,2.517951341572444,45.627104943687335,5.25869783832283,-15.718649703472755,1.9999999999995013,45.62282227033275,1.7193785133588264,0.0032805688954189714,0.11247322052258553,0.0002946387125678573,-0.033514994457722415,-3.056913464716814e-05,0.609232641104829,0.0030525708478279195,0.06510079208073724,-0.000151590732795774,660.3403512124491,679.4658881072613,660.7896134983644,678.2123537504523,0.0,0.0,0.0
5.5120000000000005,5.144433473152516,-15.836065820099654,1.9672172150885467,0.020639930472014668,2.532862737893182,45.62697305565212,5.320543323975132,-15.65516621471858,1.9999999999996767,45.62338147468107,1.7086785340258128,0.0030292148372270218,0.12788400359069868,-0.0010913126317576734,0.02987414223934819,-5.648939029989032e-05,0.38249283482042706,0.0008221510661457806,0.05648888813715512,-0.00012829671347019167,656.8202239869258,673.0236174584734,656.698483296794,672.4452774359991,0.0,0.0,0.0
5.564,5.206404440263728,-15.772511741598302,1.9702339442299037,0.009570604254619862,2.716757145950451,45.62678308438859,5.382431367858918,-15.591640919791505,1.9999999999997933,45.624124856880876,1.6987231558306999,0.0028020098178129817,0.14074868500011214,-0.005137777623236124,0.08139985965486796,-8.237738936338851e-05,0.16172742260983708,0.0050739090706706375,0.04525718815999814,-0.00010010772163928909,652.8973846845898,667.2320717893238,654.0770046493885,665.5260794563834,0.0,0.0,0.0
5.616,5.268089635124094,-15.709260224631072,1.9734442075101009,-0.003017176503542693,3.026690947955851,45.62664489490125,5.444303439159336,-15.52813669672766,1.9999999999998697,45.62516586258,1.6908795445309568,0.002685213292962342,0.1500762650721547,-0.0035187714597224922,0.11705109549869572,-2.8265261833583672e-05,-0.030721997990968974,0.0022436571912236125,0.033270178599346965,-9.566061918585029e-05,650.7953687506495,660.9744432109366,651.1746891184347,660.0711506357899,0.0,0.0,0.0
5.667999999999999,5.329582550233975,-15.64620712936702,1.9764911527419293,-0.014851429936893052,3.412629905455653,45.62653683142705,5.506568450060514,-15.464235699933832,1.999999999999919,45.62624674929576,1.6861285480490342,0.002671833340829642,0.15546821907442654,-0.0038535507454986323,0.13579334600783372,6.421061139052771e-06,-0.17955545403928252,0.005351002578609416,0.022974141919398873,-8.40490498240882e-05,648.5888391541286,656.7474844445046,649.901611545026,654.9794710573738,0.0,0.0,0.0
5.720000000000001,5.390998560416403,-15.583227252073321,1.9790854146678027,-0.01993387029166954,3.8269769773485205,45.626562143788,5.568695891477187,-15.400482193641206,1.9999999999999507,45.62749220262578,1.6850135104067898,0.0027586042018782134,0.15705041119294552,-0.00017533772347377434,0.13934036320547188,8.833229298489463e-05,-0.2767495790395631,0.004172144205840574,0.013707952711630146,-8.876919152836106e-05,648.0631196840995,653.2292259402168,649.0222976920837,651.7785251781625,0.0,0.0,0.0
5.772,5.452461704440251,-15.520190672720496,1.981024224248251,-0.017158431328607483,4.227535936898,45.62677504504145,5.630910063675598,-15.33664498916633,1.9999999999999707,45.6286348097493,1.6876576529365601,0.0028710479721048192,0.15540233755484203,0.0006500628233155655,0.12948022227948275,0.00012369622664184135,-0.3214785358674419,0.0011408665965206158,0.0067666844164626025,-8.268263257889612e-05,648.6494624110973,650.9371941628885,648.7471023218344,650.3752880275338,0.0,0.0,0.0
5.824,5.514092711771594,-15.456975078415235,1.9821978460442076,-0.020956846247777834,4.5792924696816435,45.62703003488494,5.692829354650272,-15.273113592718929,1.9999999999999831,45.629833713193776,1.6938077091829584,0.0029572234776433495,0.15130167101236142,-0.0018081223751128049,0.10906454825969039,0.00014174427368728208,-0.3178211299824427,0.004937942040302229,0.0015791433079864609,-7.010013390360057e-05,649.069660976241,650.954482930222,650.3012667128768,649.3295664605122,0.0,0.0,0.0
5.8759999999999994,5.57599596966214,-15.393472183216126,1.9825858523904614,-0.021751534426763416,4.855786086270809,45.62748024454936,5.754813265891737,-15.209516898533568,1.9999999999999905,45.63094379884178,1.7029027810781312,0.0030759223366209096,0.1455897778230622,0.0009009072473246963,0.08099330171754818,0.00021658000354885578,-0.2733288182088771,0.00402021738015521,-0.0006504975955640285,-8.366358989333431e-05,650.6780990930633,651.6509390610794,651.603919143334,650.254994197763,0.0,0.0,0.0
5.928000000000001,5.638254238075988,-15.329597076513142,1.9822456742250447,-0.015540666800494546,5.040959951286497,45.62814818574095,5.816555291665314,-15.146167512739785,1.999999999999995,45.632125295795646,1.7141591476840994,0.0031845365015701114,0.13907468116156074,0.0025637390606527283,0.049049101638952555,0.0002619192861935036,-0.19771362759204347,0.0032008689954877304,-0.0009096779840783373,-8.962799284894533e-05,652.6363277400633,653.2959707656017,653.3069641691799,652.123065974517,0.0,0.0,0.0
5.98,5.700925300688479,-15.265294461537355,1.9812953871348384,-0.007771992329069936,5.129056420894431,45.62895760393471,5.878475080222154,-15.082633136762265,1.9999999999999978,45.633222252545764,1.7266767975572404,0.0032279444439300108,0.1324668308682714,0.002421584231610155,0.016537229330304954,0.0002841727858872742,-0.10167269421256075,0.0029493256434675427,0.0015184456075028954,-9.189633530451002e-05,654.5283959515241,655.8103595224629,655.1185890019909,654.7078576918622,0.0,0.0,0.0
6.032,5.764038428837352,-15.200539287128795,1.9798955785042418,-0.0019961827827741914,5.124763224883356,45.6298402864633,5.940294732763804,-15.019197883965903,1.9999999999999991,45.63444713116087,1.7395392705622832,0.003200844189442018,0.12643032115693298,0.0015406739317172756,-0.013109314822453911,0.000304260135863106,0.003186225792696007,0.00299923187998125,0.005204672429609563,-9.229084125148507e-05,656.339667889362,658.6852732064358,656.9414173824518,657.5722274239565,0.0,0.0,0.0
6.084,5.827593927770579,-15.1353349273229,1.9782291778529593,0.000988153577358875,5.040494202414114,45.63077593474942,6.001932719568588,-14.955945020455639,1.9999999999999991,45.63574731813889,1.7519154038937508,0.003124591201094577,0.12145747672269824,0.00059765385672887,-0.03783776546998675,0.0003208975276701445,0.10621604684967001,0.003142317500039609,0.00937992233245636,-9.100190624119677e-05,657.978594078356,661.5466582176124,658.623265853003,660.4012722695176,0.0,0.0,0.0
6.135999999999999,5.8915658325233355,-15.069709804987415,1.9764813318889587,0.0014916085640455151,4.892973893255193,45.63178608954925,6.063932499798253,-14.89231684518104,1.9999999999999991,45.63740917002611,1.7631233086650446,0.003024532052097481,0.11785210447290609,-0.00013086531427085706,-0.05652867008239387,0.000350931007979,0.198536498735153,0.0032812354840411465,0.014913921916388719,-8.872157542575084e-05,659.1491518319328,664.3182041086811,659.838576930147,663.1445101037946,0.0,0.0,0.0
6.188000000000001,5.95590662851477,-15.003712665579792,1.974822643307882,-0.002666913545475685,4.7029602968206214,45.63287303564558,6.126559724650198,-14.828041108809858,1.9999999999999991,45.63925498708615,1.772661643800379,0.002921214973133294,0.11578474425475593,-0.0027266867387130047,-0.0677181855416252,0.0003636060135832679,0.27302830515105225,0.004531459812456106,0.01852253787787138,-7.805406782864489e-05,660.0065876510249,666.5407786456503,661.0802524691228,665.0469978218124,0.0,0.0,0.0
6.24,6.0205528040305785,-14.937405648580691,1.9733958276958758,-0.005572995712773666,4.489942367082009,45.634183976665064,6.18947837037571,-14.763463165419253,1.9999999999999991,45.64367856394629,1.7802394234743377,0.0028664699328936095,0.11521794556440283,0.001997811266510669,-0.07354267718025738,0.0004890311335689777,0.3254925892046352,0.004033229949022671,0.020063760460811875,-6.0673316274441566e-05,660.899718475411,667.718877512705,661.8784302271008,666.415985094786,0.0,0.0,0.0
6.292,6.085433283537139,-14.87086046798319,1.9723058593538982,0.009657882432580976,4.264632631269043,45.63578899727221,6.252845298367084,-14.698422053388954,1.9999999999999991,45.6387109667015,1.7857352106289792,0.0027935364017749086,0.11574813031163686,0.005555904729901066,-0.07669507263059047,0.0005392743754626855,0.3565168552645901,0.0020261307617654503,0.022317018596052257,-0.0002175983347822097,661.6691241072355,668.5496562789683,661.6436584374522,667.3839689082548,0.0,0.0,0.0
6.343999999999999,6.150477271978204,-14.804158151023637,1.9716185995294906,0.021722049487664888,4.035252914217365,45.636978401030284,6.31637729670925,-14.63320804068783,1.9999999999999991,45.63377914207881,1.789113033849484,0.002592650642014422,0.11690293269255117,0.0027433140990995057,-0.07664111900658939,0.00036005459258783227,0.3686072176189983,0.005329847384280189,-0.014520683286442054,-0.0002833008265987624,666.6755934254475,664.0788716419273,667.4013755812624,661.7863188223229,0.0,0.0,0.0
6.396000000000001,6.215611706198124,-14.737381186092048,1.9713635269053011,0.029381372905215836,3.772788552324003,45.63758330008745,6.379880821390974,-14.568019267755963,1.9999999999999991,45.62818291013249,1.7904199098176314,0.002320974974727224,0.11739015372848276,0.003373885874926509,-0.10250681913965025,0.00019383000454631862,0.37346260446003576,0.0016349827472327697,-0.06866335545364062,-0.00035671354179667137,674.8834076278921,655.9467032899926,674.3725055583951,654.4824582122504,0.0,0.0,0.0
6.448,6.280749151597655,-14.670624179933615,1.9715475292203195,0.03753220977744703,3.3281330355889676,45.6373938786114,6.443990221132979,-14.502203358455969,1.9999999999999991,45.622909349418066,1.7892317565197398,0.0019966989712642417,0.11262807626080606,0.001307241455664064,-0.18854468282943387,-6.902921789195032e-05,0.41573617776076466,0.0044502305336746656,-0.08239880973778999,-0.00037333672094407553,677.1827068399433,655.1862856149677,677.4103600294005,652.8637095266168,0.0,0.0,0.0
6.5,6.345744960152085,-14.604039593490844,1.9722068892319427,0.039693950361071366,2.5557870421003495,45.636229175243145,6.50845456706849,-14.436016611023643,1.9999999999999991,45.61722844794903,1.7835644508621478,0.0016442920492313207,0.09893190130586742,0.0010317207988906397,-0.3050151120508573,-0.00027668607186873384,0.5303528017113752,0.003977288957511692,-0.06983895196195734,-0.00040046264936905427,677.7920578438187,659.2717197705892,677.8152158510596,657.0234445381567,0.0,0.0,0.0
6.552,6.410353398211017,-14.537880300968572,1.9734704938459717,0.044018247906661555,1.4603210566806741,45.63418270886581,6.572977425905386,-14.369760858070698,1.9999999999999991,45.612102794972344,1.7702331853750546,0.0012926803232806566,0.07831463861552898,0.0015411601711960154,-0.4043565028552168,-0.00048271258193439417,0.6934438259606199,0.0030613881801854082,-0.03555275190726889,-0.00040014884174946756,676.4615248228326,667.3709541439722,676.2310046951815,665.4097287045757,0.0,0.0,0.0
6.604000000000001,6.474226567025099,-14.472504397909299,1.9755576311288698,0.04677048978503607,0.14190169608389802,45.63126721543048,6.637339426959559,-14.303656728910747,1.9999999999999991,45.60674113532978,1.7463654841870908,0.0009263457979027664,0.05565358060468902,0.00035381921237238325,-0.46024473768917096,-0.0007081881960046476,0.8501777528212471,0.002808960939133801,-0.0014672328396861667,-0.0003837318518682624,675.017398986706,675.3909653263867,674.7605312104955,673.5681092688569,0.0,0.0,0.0
6.656000000000001,6.536942525473198,-14.408344685511038,1.978708187179153,0.04472052701604458,-1.2646653819770142,45.627661036491766,6.701308540911862,-14.23793593720758,1.9999999999999991,45.602133872328466,1.7103913624393137,0.0005709109950230136,0.035676508071331665,-0.0014146172674517454,-0.4700055022938415,-0.0008972543109839308,0.9465180443908605,0.0029527161702840627,0.03846045686355298,-0.0003534237189961602,671.5561167599251,683.0507094930658,671.4206972379659,681.2899996452045,0.0,0.0,0.0
6.708,6.598050615920702,-14.34586004716845,1.9830930309314547,0.03807234119707261,-2.605524409153182,45.62369858508996,6.759599270567601,-14.178035310683208,1.9999999999999991,45.59776124100403,1.6623090741293254,0.00026869010029237535,0.021932343923728902,-0.002771452483543463,-0.42913820840347994,-0.001071261489753741,0.9421725677346545,0.0032112860283615907,0.053737300926961995,-0.0003234258676746072,669.5128096105905,685.3167948666113,669.5314930411772,683.5710267573638,0.0,0.0,0.0
6.76,6.6571273449625235,-14.285478269643349,1.988740376982339,0.028712064124467473,-3.7810553018065938,45.62186141468793,6.808566054969948,-14.127708992477173,1.9999999999999991,45.9569435324625,1.6035746420038612,1.7705726960276502e-05,0.014868875782890029,-0.003371386587368011,-0.3665106692599492,0.0023337045076147053,0.8317868689883544,-0.00010758542462831699,0.048773407134692845,0.00597988001534794,659.9791513295384,673.6987512301822,676.3084433814745,689.7619432924591,0.0,0.0,0.0
6.812000000000001,6.713818583473704,-14.227554212152844,1.99550378183223,0.015133784483940151,-4.775041801419674,45.642339469647645,6.847516807806347,-14.08767302952212,1.9999999999999991,46.0300620741569,1.5362187701806331,-0.0007140735770544632,0.011852462746013018,-0.0046698363195836114,-0.31460788097503223,0.009108285172331216,0.6457815565229847,0.000323865891072437,-0.007243242803228134,0.004619845571449573,666.0638799799392,664.1080660040536,678.7134627747781,676.6142619370283,0.0,0.0,0.0
6.864000000000001,6.767846035756571,-14.17236357996592,2.0030916016440083,-0.004138471853800432,-5.733885782962642,45.674747073826126,6.877350257533282,-14.057006293183848,1.9999999999999991,46.0300620741569,1.4617627094910952,-0.001594729293716128,0.0068540331070166115,-0.005968600180554205,-0.333356552146236,0.011682855837442612,0.4524970523047615,0.0008191274989219057,-0.2675573590512623,0.0030366374743385277,700.2800332239955,624.5823035112378,708.379388960817,633.1637477107813,0.0,0.0,0.0
6.916,6.818952975441034,-14.120157978081584,2.0111438435472757,-0.027897439512613573,-7.153636424713924,45.71245928383753,6.899560856175866,-14.034174114111828,1.9999999999999991,46.0300620741569,1.3793176015800266,-0.002352247351686016,-0.011169955962563241,-0.006892334398984776,-0.6011239946037847,0.01288711128943543,0.3716100623714929,0.0015919350713144475,-0.11441816854644407,0.00203287657210072,679.8221399201822,647.8714249439926,685.7028633660639,653.1237070793894,0.0,0.0,0.0
6.968,6.86673663640454,-14.071337300687766,2.0193913142284807,-0.05462359182236253,-9.336687650109203,45.75369336131928,6.915726844497148,-14.01755498935841,1.9999999999999991,46.0300620741569,1.2821256164474213,-0.002864779955440009,-0.04444216271062625,-0.006908518604933134,-0.7898354894704198,0.013233818403230905,0.4334800646441896,0.0023531090405119227,0.05404328611062412,0.0010484983368270063,660.636821434929,676.4947170043889,664.1978699534419,678.6703501833291,0.0,0.0,0.0
7.020000000000001,6.910551971903011,-14.026549812913396,2.027776963499121,-0.08110590738879181,-11.668811740458267,45.79616744096774,6.92727367133888,-14.005684065198682,1.9999999999999991,46.0300620741569,1.1653582606386124,-0.0030518719170725844,-0.07080728413712212,-0.005702526655404089,-0.7522131714590956,0.012911107370314982,0.42282338531895014,0.0028922188725678598,0.14209415299689993,0.000275888038182655,651.369496724446,691.9498890296333,652.9764395566705,691.8929161089468,0.0,0.0,0.0
7.072000000000001,6.949700107025436,-13.986501472575652,2.036288780729349,-0.10342830527276149,-13.621522782216784,45.83749318621369,6.93538770167955,-13.997342018833326,1.9999999999999991,46.0300620741569,1.031387846930426,-0.002906452931587209,-0.07841931286771806,-0.0034948477242050108,-0.5788660033209603,0.012121743431697375,0.22393841268909453,0.003091982018134934,0.16131950331651496,-0.0003042400807747209,647.4384480870366,693.5362185119428,647.4772927143846,691.8942988987009,0.0,0.0,0.0
7.1240000000000006,6.983644077133543,-13.951737002031356,2.044712631599308,-0.1186024900414863,-14.967832604658621,45.875497219433235,6.94100679952187,-13.991564845730661,1.9999999999999991,46.0300620741569,0.8860258577417086,-0.0024725314940658638,-0.07040380946447884,-0.000879068706038566,-0.3642124046100565,0.011012445245766906,-0.12571196906092275,0.0030121887691791343,0.1784596318419675,-0.0007027905242318383,639.3849630190595,690.6833364532341,638.2604647031067,687.9983262277033,0.0,0.0,0.0
7.176,7.012112419285313,-13.922534489787044,2.052582078051425,-0.1253527260550616,-15.627245927190346,45.908693735872426,6.944846056220419,-13.987617474978617,1.9999999999999991,46.0300620741569,0.7353088478268602,-0.0018217100719391216,-0.05550254257851913,0.0017358950242239873,-0.11920396156654418,0.009753087046085546,-0.5255574338223437,0.002755737504928072,0.19252766510388675,-0.0009459240760765206,629.2149748557848,685.0801022644112,627.2874238829887,681.792162288149,0.0,0.0,0.0
7.228,7.035110774841343,-13.898892671021898,2.059292685564764,-0.123286597824061,-15.509890662781254,45.936202251392224,6.94743597344731,-13.984954554767063,1.9999999999999991,46.0300620741569,0.5853374355526701,-0.001039062810911993,-0.04127072854201978,0.004106627116755071,0.1465830047978179,0.00845031868897618,-0.8822193962990433,0.0023463692493197997,0.17317363859478302,-0.001056559118193123,623.505050122581,674.3523609702753,621.1104595923349,670.8251424896526,0.0,0.0,0.0
7.280000000000001,7.05290119063753,-13.880550580052278,2.064259248519866,-0.11330031408477297,-14.631378176403762,45.958101791280974,6.949161563159293,-13.983180278947259,1.9999999999999991,46.0300620741569,0.44235398742618637,-0.0002143399050652273,-0.033973228715565684,0.005985946164909254,0.38964387672455975,0.007207869134865289,-1.1155457731105125,0.0018558436846655268,0.13240172367547345,-0.0010703461517024807,622.7026106676319,661.9948033499688,620.1156063443954,658.503160041424,0.0,0.0,0.0
7.332000000000001,7.065947852470846,-13.867041515513725,2.067053468192228,-0.09716927960919856,-13.11998662886993,45.975270827492174,6.950297149530185,-13.982012622217976,1.9999999999999991,46.0300620741569,0.31218566284999233,0.0005683107345461004,-0.03702794077386652,0.00727170164410651,0.5782357850800788,0.0060753160758477195,-1.1782652649794019,0.0013340548665558005,0.0822689241283329,-0.001025441660756824,626.6144168799336,651.2134334235193,624.0179710216165,647.9417970620091,0.0,0.0,0.0
7.384,7.074846160552777,-13.857764526864983,2.067495135819976,-0.07711518579136911,-11.168700495061891,45.98889929311778,6.951035082560856,-13.981253828399671,1.9999999999999991,46.0300620741569,0.19959652908905892,0.001239360469804808,-0.0499592535023905,0.007899851551064827,0.6970889385611528,0.0050696787951629435,-1.0691648729330532,0.0008392633531216511,0.03181176606091879,-0.0009507549513674618,634.3273747246973,643.9312494808695,631.8314833898886,640.9806248527635,0.0,0.0,0.0
7.436,7.0802604155388,-13.852047592780636,2.065682588178741,-0.05537346768043235,-8.990897615762899,46.00005810727815,6.951508303700013,-13.980767215610829,1.9999999999999991,46.0300620741569,0.10765740581465673,0.0017515044435951824,-0.06912328257581865,0.007915329261569227,0.7446048213769769,0.0041822683595561325,-0.8269699052014822,0.00040167293748645137,-0.013028597028237277,-0.0008670900249891333,644.3302464482244,640.6355877103648,641.9833369273009,638.0384394071734,0.0,0.0,0.0
7.488000000000001,7.082878985530317,-13.849193235849148,2.0619570882134814,-0.0338955619701876,-6.788108609438868,46.00948111641953,6.95180747668422,-13.98045956665256,1.9999999999999991,46.0300620741569,0.03737901904500765,0.002082718508770216,-0.08951076239860076,0.007395088868614674,0.7279122995674657,0.003399633783378346,-0.5115540102776208,4.605083293569975e-05,-0.04842918413013869,-0.0007838696672753348,654.8551347942806,640.8151109461336,652.6767291366186,638.5616986131835,0.0,0.0,0.0
7.540000000000001,7.083380506939514,-13.8485129861216,2.0568191589650855,-0.014265500787282967,-4.72959845231033,46.0175362219844,6.951993652957515,-13.980268108965891,1.9999999999999991,46.0300620741569,-0.012227563392852508,0.0022348219500632357,-0.10650015647632187,0.006449055652322166,0.6599569513707113,0.0027074726522474243,-0.18409949392511216,-0.00021108940928420312,-0.07240867134675288,-0.0007091457785090245,664.3423772394203,643.46483226984,662.3284325257544,641.5090652602353,0.0,0.0,0.0
7.5920000000000005,7.082402263507458,-13.849359624748686,2.050830743434092,0.0023573602919413857,-2.9402342991388437,46.02433026675113,6.952107437748368,-13.980151091523132,1.9999999999999991,46.0300620741569,-0.04370018259169499,0.0022283315683944587,-0.11699672487313892,0.005218134201159385,0.5567644084056085,0.0020979349853643345,0.1071828809368216,-0.000366338940090104,-0.08463410009719785,-0.0006326265553895682,671.6965567706642,647.4701032239825,669.8699787124658,645.7883036126556,0.0,0.0,0.0
7.644,7.0805094474197645,-13.85115852315437,2.044523628950849,0.015289680111649634,-1.4948176324216778,46.029844788751944,6.952175505209427,-13.980081086755956,1.9999999999999991,46.0300620741569,-0.06047155598340727,0.0020952144520743807,-0.11989385020018065,0.003858811259071826,0.4352339539131824,0.0015667433996917478,0.3344979506230745,-0.00043134992802122815,-0.0863461401008204,-0.0005572281409426879,676.4604376975961,651.8986522418844,674.8329009365146,650.4590177635821,0.0,0.0,0.0
7.696,7.078169046174818,-13.853434301615472,2.03833971357375,0.024306081372295056,-0.4204352540424871,46.03405884848747,6.952215156898848,-13.980040303933427,1.9999999999999991,46.0300620741569,-0.06624137376216022,0.0018718017159799615,-0.11571230563707695,0.0025118142057747746,0.31052677318730776,0.0011119529726744842,0.48884213806800303,-0.0004257984522565894,-0.07976622324752675,-0.00048231662006349365,678.6749492628484,656.0860009746626,677.2564904892143,654.863110798185,0.0,0.0,0.0
7.748000000000001,7.07573425601651,-13.855826803717544,2.032600678035703,0.029572841125318744,0.2957012071081278,46.03701879560541,6.9522374661677455,-13.980017356291297,1.9999999999999991,46.0300620741569,-0.06451660768810717,0.001593467907052402,-0.10608542901297335,0.001287979410846321,0.19469871094059385,0.000734068058813997,0.5759327705893392,-0.0003734704392714065,-0.06761013441355421,-0.00040863891762581774,678.7568560994368,659.6591409281176,677.5518874742847,658.6324543217617,0.0,0.0,0.0
7.800000000000001,7.073442203098511,-13.858093548796244,2.0275090837476397,0.031547614511641016,0.6958013483578211,46.03885940749923,6.952249418622914,-13.980005060276675,1.9999999999999991,46.0300620741569,-0.05834324115310342,0.001291383147361543,-0.09299008018512914,0.00025942530024724783,0.09605285201042182,0.00042837193948885367,0.6086435897506058,-0.00029729149982878577,-0.05261728036789921,-0.00033759381014319723,677.2974765038083,662.4476478497661,676.3031339118616,661.5999520634393,0.0,0.0,0.0
7.852,7.071424132677557,-13.860099488466158,2.0231633444714996,0.03081713470487905,0.8395469197932526,46.03977571705135,6.952255350913217,-13.979998956194983,1.9999999999999991,46.0300620741569,-0.05018664175796721,0.0009910872607906429,-0.07834275518557499,-0.0005624437389044525,0.018890641304280465,0.00018994159918550628,0.6025748588095171,-0.00020519632621946357,-0.03705957271647679,-0.00027128675482437827,674.9119981488682,664.451112811961,674.119642380444,663.7625095036267,0.0,0.0,0.0
7.904,7.069724217282735,-13.86179795158397,2.019581868489799,0.028055033750810327,0.7933811083031536,46.03999549896266,6.952257905978756,-13.979996326001869,1.9999999999999991,46.0300620741569,-0.04190821624176385,0.0007123080417906308,-0.06364532709428707,-0.0011504876557337812,-0.03579876019453113,1.3029810509664623e-05,0.5718158948517105,-0.0001181957389771113,-0.022597366235940424,-0.00021251217401806798,672.1300974505666,665.7463482126421,671.5188248609609,665.1960189345273,0.0,0.0,0.0
7.956000000000001,7.068322349426595,-13.863207520202417,2.0167284095068423,0.023969635841668255,0.6222054840723598,46.03971333636999,6.952258659446362,-13.97999554921259,1.9999999999999991,46.0300620741569,-0.03479458562496452,0.00046871953783166384,-0.0499046883802333,-0.0014883854506257707,-0.06946644173533305,-0.00011708146577050951,0.5273516100094711,-5.861855014002173e-05,-0.010273319384436996,-0.000160011687676834,669.3414317396591,666.4332810110513,668.8878428678466,666.0108041934194,0.0,0.0,0.0
8.008000000000001,7.067156972275598,-13.864388886274593,2.0145334552311547,0.01921473832282333,0.38372788853757905,46.039110675927404,6.952258525170997,-13.979995685892938,1.9999999999999991,46.0300620741569,-0.029617002248728617,0.0002679590282069046,-0.037698394350555595,-0.0016466318037853082,-0.08502477861297182,-0.00020447190972587418,0.4770250013304266,-1.761682960931606e-05,-0.0006368736604405109,-0.0001161032220762034,666.8060410387606,666.6214960477067,666.4827272878032,666.3080336158466,0.0,0.0,0.0
8.06,7.0661452981041055,-13.86542435357659,2.0129106501241782,0.014220955446493523,0.12513701084675208,46.03832232961742,6.952258014275414,-13.979996210286707,1.9999999999999991,46.0300620741569,-0.026709107511846734,0.00011318684490562543,-0.02726116853078764,-0.0016791482379874968,-0.08634869750471891,-0.000258891697145534,0.4258616646518662,1.3450998760681284e-05,0.0062359789286968205,-8.014947922976227e-05,664.6514321963161,666.4166913043218,664.4347788984201,666.1930207089847,0.0,0.0,0.0
8.112,7.065199494534216,-13.866401368945873,2.011768272689246,0.009317864930133098,-0.11826095133899188,46.03744371163343,6.952257398208807,-13.979996843135739,1.9999999999999991,46.0300620741569,-0.026058857132559187,4.3933331365274075e-06,-0.01861976372209858,-0.0016109770145505485,-0.07742627332473886,-0.00028806405734219733,0.3770253311230606,3.376695481636103e-05,0.010524152602017958,-5.131615751228934e-05,662.9257414914996,665.9130109934534,662.793809824192,665.762601991053,0.0,0.0,0.0
8.164,7.064238445643708,-13.867400554881703,2.011016466934511,0.004768407091706736,-0.32269873551795303,46.036538384860954,6.952256809723501,-13.979997447837617,1.9999999999999991,46.0300620741569,-0.027403539959502766,-6.0949520971199274e-05,-0.011683183818986871,-0.001462423162104779,-0.06200322674063304,-0.0002978496492931378,0.33247109561978233,4.1151837392629427e-05,0.01257073291452087,-2.890604944478738e-05,661.6241462162594,665.1979905005445,661.5559759481907,665.1069239079873,0.0,0.0,0.0
8.216000000000001,7.06319536689041,-13.868487986607036,2.010571314331588,0.0007598753268813227,-0.47470069518458474,46.03564753717677,6.9522563042364816,-13.979997967339987,1.9999999999999991,46.0300620741569,-0.030320676171110766,-8.733596426164757e-05,-0.006296113501161109,-0.0012648846535193022,-0.0433379758113616,-0.00029375953665269195,0.29333872855696375,3.8850411969234275e-05,0.012800833260973445,-1.172752524654075e-05,660.7086788049156,664.3519116443698,660.6872877414518,664.3086498328609,0.0,0.0,0.0
8.268,7.062021830467323,-13.869711134623909,2.010358256140434,-0.0026057795277026107,-0.5695309955850963,46.03479635640979,6.952255896281726,-13.979998386650124,1.9999999999999991,46.0300620741569,-0.034309281584906134,-8.047678492708414e-05,-0.002273229723609749,-0.0010399858715142707,-0.024106727035288336,-0.00027982116007459754,0.2601791974507456,2.850315727535304e-05,0.011683164975836796,1.055950124210916e-06,660.1223248176365,663.4492242697165,660.1333658753182,663.4440570173414,0.0,0.0,0.0
8.32,7.0606888652957975,-13.871097782724895,2.010313236792625,-0.005280407466624924,-0.6091872556025673,46.03400065584696,6.952255580556458,-13.979998711187834,1.9999999999999991,46.0300620741569,-0.03885799386275045,-4.670369251421745e-05,0.0005866697746242757,-0.0008059887030463165,-0.006297956226575629,-0.00025901885264555623,0.23305608162644373,1.1707606853781163e-05,0.009662200815239403,1.0260493596758556e-05,659.8011897125007,662.5517611210412,659.8329499490653,662.5767459940544,0.0,0.0,0.0
8.372,7.059185874767596,-13.87265716796843,2.010382848021664,-0.007404721993660827,-0.6005332851620631,46.03320685601085,6.952255343619245,-13.97999895475225,1.9999999999999991,46.0300620741569,-0.04349690640721069,7.571597776137739e-06,0.0024723155878177546,-0.0006961697231016122,0.008700021842831132,-0.0002557064384463517,0.21181821854281796,4.198338274726636e-05,0.007160611358829563,2.5635065599863606e-05,659.6607236706501,661.7101513182176,659.7437164260394,661.7690346952812,0.0,0.0,0.0
8.424000000000001,7.057517998519395,-13.874382608808675,2.010524421361871,-0.009058881767312387,-0.5533071534525489,46.0325253805777,6.952255170044787,-13.979999133189812,1.9999999999999991,46.0300620741569,-0.04783348525422711,7.839133577983688e-05,0.0035825889243662015,-0.00043854903562178405,0.020193291075853693,-0.0002123073351749728,0.1958745239851169,1.619176370127131e-05,0.004495120697115729,2.4378706412520974e-05,659.6897714976067,660.9741083645876,659.7619308901807,661.0369181083937,0.0,0.0,0.0
8.476,7.055702682306352,-13.87625503542451,2.010705388421518,-0.009839377612291717,-0.4785483259481667,46.031934511755814,6.952255045385723,-13.979999261346437,1.9999999999999991,46.0300620741569,-0.051571335109290684,0.00015949822246127422,0.004099953209621471,-0.00015655357659063174,0.027894902607008182,-0.00018191734629249498,0.18447421341138454,-4.059471118460257e-05,0.0019434240926417285,2.584406690122827e-05,659.802816567098,660.3447497082134,659.8628447276626,660.4278396776615,0.0,0.0,0.0
8.528,7.053766039150383,-13.878246955192013,2.0109016926641874,-0.009951533435194334,-0.3874735133356143,46.03142872587177,6.9522549573653905,-13.979999351839396,1.9999999999999991,46.0300620741569,-0.05451720559462917,0.0002435126712720099,0.004183362690310816,2.780192684921842e-05,0.03190712924800191,-0.00015279783309543035,0.1768265218201434,-7.881304417482639e-05,-0.0002829494252365103,2.601518338824369e-05,659.9517214261041,659.8486629775769,660.0013241127295,659.9431763403637,0.0,0.0,0.0
8.58,7.051739094511134,-13.880326233318774,2.0110965990399277,-0.009661684169430876,-0.29032852660458436,46.03100550965962,6.952254896144435,-13.97999941478205,1.9999999999999991,46.0300620741569,-0.05657741244484894,0.0003254683657833049,0.0039748870816622575,0.00013525651683437954,0.03268553207307141,-0.00012564414049277974,0.17207339149005435,-9.932284330185917e-05,-0.002069767102805811,2.5142919181405544e-05,660.1017027169772,659.4836743514899,660.1430382951156,659.5816683624099,0.0,0.0,0.0
8.632,7.0496543785190715,-13.882459447057185,2.0112792820345633,-0.00913213723198324,-0.19565735552840244,46.03065992764207,6.952254854145538,-13.979999457963286,1.9999999999999991,46.0300620741569,-0.057745001207604764,0.00040249283925656177,0.003588166028961097,0.0002013480504075422,0.030852393340970997,-0.00010097482062619376,0.1694473477422151,-0.00011158766451958369,-0.0033645401134996394,2.3558942527836025e-05,660.2295174150296,659.2389933229639,660.2629678558543,659.3361293972288,0.0,0.0,0.0
8.684000000000001,7.047543143936542,-13.884614654357524,2.0114432905408135,-0.00845885224014689,-0.11002659615450121,46.03038555765348,6.952254825703759,-13.979999487206527,1.9999999999999991,46.0300620741569,-0.05808220861131762,0.0004729130985807339,0.003108725611949347,0.0002393508456696787,0.027100993208723927,-7.90646567342043e-05,0.16831715273015926,-0.00011849117288805031,-0.004161646582719015,2.1458537489069433e-05,660.3205385608114,659.1008679414074,660.3462050284644,659.1941689152243,0.0,0.0,0.0
8.736,7.045433281828953,-13.886763486326691,2.011585358868545,-0.007707426441363423,-0.03788020409440595,46.03017424846239,6.9522548066817675,-13.979999506765052,1.9999999999999991,46.0300620741569,-0.057701076542521025,0.0005358233782037315,0.0025982396535415165,0.00025870275376372795,0.02214453418652878,-6.0063517786726754e-05,0.16818382205945867,-0.00012216552478893532,-0.004502197197776875,1.9094850980664496e-05,660.3693195151125,659.0515578143647,660.3873957101113,659.1393589086276,0.0,0.0,0.0
8.788,7.043347951005559,-13.888882522300813,2.0117044242791,-0.0069232453001964985,0.018377572453970446,46.03001739815849,6.952254794115832,-13.979999519685759,1.9999999999999991,46.0300620741569,-0.056743817920129336,0.0005908339410415228,0.002097386680596314,0.0002646689687961631,0.016639306873307842,-4.394122770722152e-05,0.16868386369697014,-0.00012360222532418794,-0.004455880365387795,1.661213574228513e-05,660.3773839454423,659.0724399480459,660.3881790775848,659.1537632731396,0.0,0.0,0.0
8.84,7.0413048802997755,-13.890953981851988,2.0118008658546684,-0.006140267725876286,0.05813632623337237,46.0299064379148,6.952254785918012,-13.97999952811525,1.9999999999999991,46.0300620741569,-0.05536490930171513,0.000637918966552648,0.0016306071409111355,0.0002603895541584037,0.011146655790635378,-3.050019120323051e-05,0.1695668740587751,-0.00012316073023516344,-0.004110533474191364,1.4197117622719966e-05,660.3512115718873,659.1448437872821,660.3554479984224,659.2193359406185,0.0,0.0,0.0
8.892000000000001,7.039316253564584,-13.89296582117682,2.0118759646441586,-0.005384007041026517,0.08224134038809192,46.02983302555781,6.9522547806390245,-13.979999533543578,1.9999999999999991,46.0300620741569,-0.053716041233180335,0.0006773234880065259,0.0012108933849327042,0.00024861008150172585,0.0061055003209475964,-1.962345788545971e-05,0.17066578065446522,-0.0001211636222887703,-0.003560435783227736,1.1831600441521792e-05,660.3004000207571,659.2513929120686,660.2986569959078,659.318745503031,0.0,0.0,0.0
8.944,7.037389061268581,-13.894911351906222,2.0119315482764524,-0.004672058339150376,0.09261383704741558,46.02978952099896,6.952254777286513,-13.979999536991032,1.9999999999999991,46.0300620741569,-0.051934546432467754,0.0007094866301481011,0.0008434703944160979,6.99567295986389e-05,0.0006237001473081481,-3.4442629302717546e-06,0.17187208647582686,-5.57875103482952e-05,-0.002436818030427339,6.935741195986822e-06,660.1647099915457,659.4545221041532,660.1680275869271,659.4896491812425,0.0,0.0,0.0
8.996,7.035525798796489,-13.896788510051682,2.0119697235938787,-0.003873168111021389,0.09221510713328046,46.02976015089466,6.952254775189665,-13.97999953914734,1.9999999999999991,46.0300620741569,-0.05013488595033212,0.0007347694764319683,0.000528374467557543,0.0,0.0,0.0,0.17311911857975298,-3.890434937487982e-05,-0.00280597276836763,6.315023995342181e-06,660.2433389991071,659.4328176041927,660.2497448731639,659.4614125198598,0.0,0.0,0.0
9.048,7.033725491251482,-13.898598888757368,2.0119927302321705,-0.002769511131002249,0.08314588109629212,46.029749225579145,6.952254773900626,-13.979999540472985,1.9999999999999991,46.0300620741569,-0.04840326346704044,0.0007512706990039483,0.00026411498287786403,0.0003547769494554462,-0.00405462923560415,-5.89341795748581e-07,0.1743508121124998,-0.00020397438043575765,-0.0014936130930042618,6.757094279972837e-06,660.1065765238242,659.6229439190936,660.0671964628797,659.6997964730243,0.0,0.0,0.0
9.1,7.03198451615364,-13.900346957322778,2.012002820305026,-0.002050571865253528,0.06825122978231817,46.0297563157319,6.952254773124064,-13.979999541271637,1.9999999999999991,46.0300620741569,-0.04680732691407065,0.0007585987794922755,4.7218169030230386e-05,0.00016276041494035418,-0.005490389140072409,3.7668447308456725e-06,0.17553001922998557,-0.00014860672315330066,-0.0008781595811140144,5.047747481586491e-06,660.0394259849915,659.7469189481579,660.01107843144,659.8032465034223,0.0,0.0,0.0
9.152000000000001,7.030297350584824,-13.902038933485562,2.012002183479118,-0.0018075157806301584,0.05080469327691368,46.02977356661616,6.952254772667665,-13.97999954174105,1.9999999999999991,46.0300620741569,-0.04538358140906552,0.0007612995929952146,-0.00012712894516611723,4.178118331390644e-05,-0.0059977134796248945,6.633357347339613e-06,0.17663459312731822,-0.00010246129453968327,-0.00040762165011108296,3.6597252373403195e-06,659.9921317136464,659.8468241567177,659.9730822768688,659.8861524453298,0.0,0.0,0.0
9.204,7.0286575816809345,-13.903681648785039,2.0119928882859175,-0.0017468348508969827,0.033108810596788954,46.02979725907498,6.952254772407824,-13.979999542008317,1.9999999999999991,46.0300620741569,-0.04414279393693616,0.0007626500042191708,-0.00026346106308542034,1.4886326296111073e-05,-0.005821421771939239,8.41525853696722e-06,0.1776434176093803,-8.44142354668894e-05,-6.497304704620186e-05,2.525544026858269e-06,659.9646077825274,659.9220532985617,659.9475570169895,659.9530949781703,0.0,0.0,0.0
9.256,7.027058751429767,-13.905281849432322,2.0119768412840675,-0.0016824991272042004,0.016855422729142536,46.029824688467244,6.952254772266208,-13.979999542153998,1.9999999999999991,46.0300620741569,-0.04307742711360677,0.0007635118030879744,-0.00036634927804998047,2.8522754283955637e-05,-0.0051529294515856566,9.371165815968356e-06,0.17854080184210216,-8.131030264417485e-05,0.0001560846427605773,1.6103665473167602e-06,659.9537905441929,659.9750900927511,659.9350888432102,660.002710583412,0.0,0.0,0.0
9.308,7.025494961122457,-13.906845695878236,2.011955759363798,-0.0015625165849906203,0.003196700442247169,46.02985373309589,6.952254772193935,-13.979999542228358,1.9999999999999991,46.0300620741569,-0.04216706778143501,0.0007636064329016852,-0.00044033922231517824,4.780644875957247e-05,-0.004168360843970818,9.716389703127647e-06,0.17931676788092818,-8.234638627350228e-05,0.0002664106866523564,8.79015034438092e-07,659.9564163870139,660.008845849301,659.9353939277421,660.034734638314,0.0,0.0,0.0
9.360000000000001,7.02396124954954,-13.908378409781385,2.0119311354907463,-0.0013942440962407036,-0.007218992782991585,46.029882825470565,6.952254772161038,-13.979999542262217,1.9999999999999991,46.0300620741569,-0.04138331464684595,0.0007624602361877327,-0.0004900818058622229,6.142095889658966e-05,-0.0030292337917824388,9.598548588672809e-06,0.17996943646464658,-8.339137017471357e-05,0.00028380269428073923,3.138087713508316e-07,659.969333646633,660.0264181287082,659.9464484489329,660.0510386238052,0.0,0.0,0.0
9.412,7.022453784213319,-13.909884072814508,2.011904245906875,-0.0011969377936842948,-0.01417726655284087,46.02991091435672,6.952254772149519,-13.979999542274083,1.9999999999999991,46.0300620741569,-0.04069415010455784,0.0007597369665754195,-0.0005197430382727636,0.0,0.0,0.0,0.18049902553594496,-5.7395569133939556e-05,-0.0004897551505352466,3.1714164896115657e-06,660.0835786488324,659.9277319298918,660.0760145726255,659.952865826078,0.0,0.0,0.0
9.464,7.020969892529925,-13.911365583616693,2.011876135683346,-0.0009307223021672071,-0.018616932411714273,46.02994742630737,6.952254772148844,-13.979999542274792,1.9999999999999991,46.0300620741569,-0.040068913565499346,0.0007551879359219966,-0.0005331047447844645,0.0,0.0,0.0,0.18090931006434546,-5.8940504493127586e-05,-0.0001460556050413387,2.411005177587711e-06,660.0450036236797,659.9866148133966,660.0348932143439,660.0100805697141,0.0,0.0,0.0
9.516,7.019507767724387,-13.912824990209128,2.01184763041102,-0.0004972377555292904,-0.021733882697435352,46.02999019472207,6.952254772153048,-13.979999542270479,1.9999999999999991,46.0300620741569,-0.03949027491917984,0.0007478212921204996,-0.000533225383366427,0.0,0.0,0.0,0.18120393695231146,-6.990131890050665e-05,0.00019095945580789445,1.5174664825644888e-06,660.0063402777523,660.0408207241353,659.9906325118734,660.064931843804,0.0,0.0,0.0
9.568,7.018066169726619,-13.914263852111382,2.011819349434354,6.348745426055682e-05,-0.022489893973074965,46.03003411688949,6.952254772158906,-13.979999542264462,1.9999999999999991,46.0300620741569,-0.0389428613632402,0.0007362660919130492,-0.0005245310358297171,0.0,0.0,0.0,0.18140650290839175,-9.014875363891033e-05,0.0004636873305951094,6.005688895978992e-07,659.976141362638,660.082533752781,659.9521257651643,660.1098706411444,0.0,0.0,0.0
9.620000000000001,7.016644670954967,-13.915682962370207,2.01179172849844,0.000629139605857904,-0.0196277393413767,46.030076551362576,6.952254772164792,-13.979999542258414,1.9999999999999991,46.0300620741569,-0.03840074668064657,0.0007198519655144768,-0.0005110902012209791,0.0,0.0,0.0,0.18154293632299834,-0.00011537448705266099,0.0005930593521002762,-2.8799015497911625e-07,659.9655556931577,660.1016104697215,659.9318927100859,660.1336699314955,0.0,0.0,0.0
9.672,7.015243988228421,-13.917081923011217,2.011765060027148,0.000998018217278545,-0.012641711247521118,46.03010941299784,6.95225477216998,-13.979999542253083,1.9999999999999991,46.0300620741569,-0.037828820436279456,0.0006992063788272935,-0.0004956486726148477,6.423911259903793e-05,0.0027423484885648955,7.883802699908531e-06,0.18163076248678714,-0.00016123648808076232,-0.0005321498073727691,-3.8077110211449456e-06,660.1391318249727,659.9416427440133,660.0826698562489,659.9770252815869,0.0,0.0,0.0
9.724,7.013865981432553,-13.918459006837912,2.0117395319632525,0.0008628064493874313,-0.004206026179762918,46.03012699235884,6.952254772174237,-13.979999542248708,1.9999999999999991,46.0300620741569,-0.037198392259574296,0.0006773370062026384,-0.0004782991638335691,-0.00010818134472088994,0.002795571166492057,4.752965865511692e-06,0.18166483347935544,-9.604433379693605e-05,-0.0007398203914976262,-3.057376712956784e-06,660.159127430068,659.9210577837753,660.1233107593383,659.9399491473544,0.0,0.0,0.0
9.776,7.012512823016166,-13.919811857297688,2.0117152392577573,0.00041130158592357554,0.003512018681199409,46.03013727043871,6.952254772177569,-13.979999542245285,1.9999999999999991,46.0300620741569,-0.03650712788518173,0.000658437590737932,-0.000459300107213754,-0.00016540431784913576,0.0024211022126599028,2.5881279336021365e-06,0.1816445873818054,-5.9199292337646346e-05,-0.0008122825415164972,-2.497849084936016e-06,660.1629753394309,659.9147608250858,660.1392008559945,659.9247062515826,0.0,0.0,0.0
9.828000000000001,7.011186349233238,-13.921138260634606,2.0116921804368504,-4.799887332820658e-05,0.00982641724990758,46.03014194304088,6.9522547721800905,-13.979999542242691,1.9999999999999991,46.0300620741569,-0.035765451479986964,0.0006440715341849389,-0.0004399793109652746,0.0,0.0,0.0,0.1815830177182039,-0.00010372076803279184,-9.351016210270962e-05,-1.6692943410404208e-06,660.0644597489088,660.00828443605,660.030295672798,660.0332038779112,0.0,0.0,0.0
9.88,7.009887936081694,-13.92243646539507,2.0116702721601674,-0.0004947202188936203,0.015533324447899104,46.03014306715267,6.952254772181952,-13.979999542240774,1.9999999999999991,46.0300620741569,-0.03498583436602963,0.0006338290221463435,-0.0004221332884627043,-0.00013297257383254263,0.0016100318236813558,-1.269857757913552e-07,0.18150032736549385,-3.0342466076547136e-05,-0.0009469048880172625,-1.6486457652230827e-06,660.1736749926739,659.8953346171189,660.1604697531056,659.8994119034702,0.0,0.0,0.0
9.932,7.00861874147369,-13.923704956890733,2.011649377921313,-0.0009450693751658137,0.021137752539664333,46.03014026263517,6.952254772183295,-13.979999542239392,1.9999999999999991,46.0300620741569,-0.034169608185635435,0.0006279214754902392,-0.0004069890272153899,0.0,0.0,0.0,0.1814128420995627,-5.461745166111606e-05,-0.0006117775168641108,-1.6375346659414037e-06,660.1274713458026,659.9376676396085,660.1073827277472,659.9486903957381,0.0,0.0,0.0
9.984,7.007379830579333,-13.92494232950163,2.011629341403167,-0.0012607271143851508,0.025673160654805068,46.030133310506116,6.95225477218425,-13.979999542238412,1.9999999999999991,46.0300620741569,-0.033323157728937236,0.0006256167044035627,-0.0003941326844466419,0.0,0.0,0.0,0.18132144970602318,-2.9690489831129293e-05,-0.0008997230147100466,-1.4942874565570523e-06,660.1627096759776,659.8979917097582,660.150117283146,659.9023108085573,0.0,0.0,0.0
10.036,7.006171962670601,-13.926147585345769,2.0116099992610623,-0.0013704442104904107,0.02856689313870833,46.030122923169,6.952254772184915,-13.979999542237728,1.9999999999999991,46.0300620741569,-0.03245750892833126,0.0006255262456150063,-0.00038342170706376024,0.0,0.0,0.0,0.18122992905803123,-1.0846566504954494e-05,-0.001159988329281785,-1.2787666786569416e-06,660.1947655266537,659.8612841181342,660.188136384564,659.8608319364602,0.0,0.0,0.0
10.088000000000001,7.0049954203967575,-13.927320362035434,2.0115911862774123,-0.0011454309095439992,0.028650219811028735,46.03010996160359,6.952254772185373,-13.979999542237255,1.9999999999999991,46.0300620741569,-0.031591513105642274,0.0006253300367986244,-0.0003743066604964523,0.0,0.0,0.0,0.18113814040437268,-5.854013956434291e-06,-0.0013255157836514445,-1.0094540153976252e-06,660.2152159076162,659.8360089846544,660.2107542075836,659.8348804276742,0.0,0.0,0.0
10.14,7.003849705083917,-13.928461325356222,2.011572737854349,-0.0005210414477170919,0.02497793543734736,46.03009531619205,6.952254772185685,-13.979999542236934,1.9999999999999991,46.0300620741569,-0.030753536124848428,0.0006217833410971637,-0.0003663596941132465,0.0,0.0,0.0,0.1810471241800229,-2.0796254914980718e-05,-0.0013278784882466935,-7.039976004618121e-07,660.2152310335061,659.8310938097385,660.2073602989357,659.8350685919983,0.0,0.0,0.0
10.192,7.002733280924082,-13.929572469300108,2.011554494058154,0.00033195359796304476,0.017751317078674302,46.03008317143561,6.952254772185894,-13.979999542236719,1.9999999999999991,46.0300620741569,-0.029977443306756734,0.0006116228335020525,-0.0003596084710802776,0.0002559917220279847,-0.0026472910019725003,-3.247091533890832e-06,0.18096224387505927,-0.00015009500182134407,-0.00012376201492979842,7.233517635673445e-07,660.0583177316357,659.9803157614728,660.0175710008871,660.0250713331565,0.0,0.0,0.0
10.244,7.001643655445311,-13.930656893961414,2.011536304863933,0.0007860908528548433,0.010153654318880915,46.03007495503249,6.952254772186033,-13.979999542236577,1.9999999999999991,46.0300620741569,-0.029283300487034276,0.0005952043548873868,-0.0003555335928687634,8.420657470018744e-05,-0.002408255453957763,-2.4451146718978567e-06,0.18090279182371816,-0.00010374917922055724,4.5362017297741e-05,6.072512775847606e-07,660.0264660038156,660.0098357134503,659.9985968609697,660.041067775735,0.0,0.0,0.0
10.296000000000001,7.000578093631951,-13.93171772049804,2.011518045869266,0.0008324818300111359,0.003932266081610532,46.030068510038106,6.952254772186125,-13.979999542236484,1.9999999999999991,46.0300620741569,-0.028665024323213557,0.0005766861334867761,-0.0003543038626910485,0.0,0.0,0.0,0.18087439526466476,-7.582161108811002e-05,-0.0006214230018070035,-1.3522339122308204e-07,660.1178353412704,659.9192407669851,660.0958676921149,659.9404652194106,0.0,0.0,0.0
10.348,6.999534163057241,-13.932757489655097,2.0114996445843123,0.0006932575548753403,-0.001618741420438838,46.03006133834784,6.952254772186183,-13.979999542236426,1.9999999999999991,46.0300620741569,-0.028109330723328625,0.0005588679830429189,-0.00035460779097725554,0.0,0.0,0.0,0.1808665236121545,-7.218746142252832e-05,-0.00034172287805661074,1.4424751260037103e-08,660.0771072192133,659.959214024849,660.0565876816282,659.9798164917494,0.0,0.0,0.0
10.4,6.9985096233401904,-13.93377841035339,2.011481073247074,0.00044690485735625183,-0.007387535288201387,46.03005447125032,6.952254772186222,-13.979999542236387,1.9999999999999991,46.0300620741569,-0.027614189341302674,0.0005430124503032471,-0.00035517824302850546,0.0,0.0,0.0,0.18086765513798128,-6.264220073185685e-05,8.570237294035838e-07,1.5820625080955612e-07,660.0267908355099,660.0091926915402,660.0093867339638,660.0274730745141,0.0,0.0,0.0
10.452,6.997502220106331,-13.934782636207865,2.011462328807603,0.0001413310807919067,-0.012285122029766893,46.03004863795409,6.9522547721862455,-13.979999542236364,1.9999999999999991,46.0300620741569,-0.027177281645323258,0.0005298793157445148,-0.00035611663637228014,0.0,0.0,0.0,0.18087889001519158,-4.8379160369793514e-05,0.0003608854388797212,2.8016609748538723e-07,659.9735699244256,660.062580429088,659.9605650907481,660.0771349271287,0.0,0.0,0.0
10.504,6.996510002132364,-13.935771972009482,2.011443425515617,-0.00014520782208998933,-0.014820596505509378,46.03004410266757,6.952254772186259,-13.979999542236342,1.9999999999999991,46.0300620741569,-0.026784764260590226,0.000519692552732386,-0.0003577426286722325,0.0,0.0,0.0,0.1809029142079501,-3.2385571720455065e-05,0.0006636788927011065,3.7530074747059106e-07,659.928569596283,660.1083794335767,659.920383497443,660.1186416400342,0.0,0.0,0.0
10.556000000000001,6.995531805414103,-13.93674742353151,2.011424397687589,-0.0003128492631750367,-0.013582067638592165,46.030040981192464,6.95225477218627,-13.979999542236342,1.9999999999999991,46.0300620741569,-0.026409894431141973,0.0005118909786229269,-0.0003602633685039944,0.0,0.0,0.0,0.18094066917224894,-1.935534079782488e-05,0.0008239824881690271,4.4073793782205913e-07,659.9046248227993,660.133804681636,659.9003317311033,660.1405370088903,0.0,0.0,0.0
10.608,6.9945677117342155,-13.93770878627426,2.011405301535345,-0.0002696730110391657,-0.007678092565183819,46.03003938504765,6.952254772186273,-13.979999542236342,1.9999999999999991,46.0300620741569,-0.026015309438018948,0.0005050428635934036,-0.0003636351211540819,4.78001461780645e-05,0.002591863264695196,-2.502543338481632e-07,0.18098993644455025,-3.29145704352418e-05,-0.00022943354426483147,5.643050554947403e-07,660.0574996240592,659.9827757969897,660.0496878706494,659.9937140930132,0.0,0.0,0.0
10.66,6.993619285906941,-13.93865445491277,2.0113862129011655,-2.391681658488619e-05,0.0009831899891581475,46.03003946363787,6.952254772186273,-13.979999542236342,1.9999999999999991,46.0300620741569,-0.02556354210704114,0.0004971585081483558,-0.00036673073327373883,9.776519356583645e-05,0.002962280069409629,1.772529319026136e-07,0.18103725093160816,-5.7075709429583145e-05,-0.0006031451378190944,4.095827341276528e-07,660.1154158035685,659.9273674360446,660.1002954247197,659.9447606696693,0.0,0.0,0.0
10.712,6.992688985768234,-13.939582024336303,2.0113672139051317,0.00027117437298051827,0.009269723682521314,46.030040480187914,6.952254772186273,-13.979999542236342,1.9999999999999991,46.0300620741569,-0.0250437709273015,0.0004869678726256168,-0.0003680989592334387,9.45549304501044e-05,0.002603902914020698,4.291917548025904e-07,0.18106576711523092,-6.522149152407514e-05,-0.0007498345698112711,2.9812918236803416e-07,660.1382531000766,659.9061038432167,660.1205048466202,659.925509403531,0.0,0.0,0.0
10.764000000000001,6.991779178597344,-13.940489217252662,2.011348365814181,0.0005067803990152702,0.015955123631076977,46.03004212045486,6.952254772186273,-13.979999542236342,1.9999999999999991,46.0300620741569,-0.024465755840092897,0.00047452591683198354,-0.0003677188264433109,2.760120543440467e-05,0.0008077167877188545,2.3543889650223984e-07,0.1810733166508145,-4.868348779161802e-05,-0.00034042095070402833,3.3355684201415975e-07,660.0777265777557,659.9668994922257,660.0647849738759,659.9816906571482,0.0,0.0,0.0
10.816,6.990891690399486,-13.941374280410251,2.0113296953916255,0.0006905884850337037,0.021305206776356663,46.03004477674476,6.952254772186273,-13.979999542236342,1.9999999999999991,46.0300620741569,-0.023845619229348535,0.00046049502767907187,-0.0003663310190254705,0.0,0.0,0.0,0.18106629409683384,-4.697269629003437e-05,-0.0003088507956360775,3.6284627690959447e-07,660.0728012262161,659.9714533931706,660.0604278862666,659.9858382707712,0.0,0.0,0.0
10.868,6.990027907334395,-13.94223588388046,2.0113111994591613,0.0008944806349479777,0.026608632627393835,46.0300484502272,6.952254772186273,-13.979999542236342,1.9999999999999991,46.0300620741569,-0.023190159781224195,0.00044503642703464105,-0.0003650065473744453,0.0,0.0,0.0,0.18105528641457191,-5.873085460560081e-05,-0.0006401564392514121,2.864156826039029e-07,660.1215272125335,659.9224658002884,660.1055945455528,659.9399895052082,0.0,0.0,0.0
10.92,6.989189113219225,-13.943072807377986,2.011292860003209,0.0010624274448586292,0.030964639890120674,46.030052697765804,6.952254772186273,-13.979999542236342,1.9999999999999991,46.0300620741569,-0.022502521676373642,0.0004281305487622964,-0.0003636237652658178,0.0,0.0,0.0,0.18103966819346637,-7.106448930072927e-05,-0.000985485993063457,1.9772447731550655e-07,660.1722429633927,659.8713096038209,660.1525537078489,659.8921026364717,0.0,0.0,0.0
10.972,6.988376248440091,-13.943884160046618,2.011274651336736,0.0011025384611849285,0.03288968184729184,46.03005719459853,6.952254772186273,-13.979999542236342,1.9999999999999991,46.0300620741569,-0.021796695424647038,0.0004104341929430941,-0.0003618064566114227,0.0,0.0,0.0,0.1810165656934292,-7.944091319889332e-05,-0.0012697062049998227,1.0390279525675814e-07,660.2135261485896,659.8292533482027,660.1911931498055,659.8521742488941,0.0,0.0,0.0
11.024000000000001,6.987589428771801,-13.94466982118242,2.0112565377163283,0.0009350999235560946,0.030994686659210378,46.030061640915726,6.952254772186273,-13.979999542236342,1.9999999999999991,46.0300620741569,-0.02109947039613159,0.00039338702223990255,-0.00035935327833555884,0.0,0.0,0.0,0.18098514145075983,-7.90234671436127e-05,-0.0014078380011171595,1.0833755232284948e-08,660.232559269099,659.8090614058434,660.210088104891,659.8316062514015,0.0,0.0,0.0
11.076,6.986827500961339,-13.94543085131875,2.01123847081963,0.0005406363833195145,0.024507368783252968,46.030065386027616,6.952254772186273,-13.979999542236342,1.9999999999999991,46.0300620741569,-0.020447992418105024,0.0003789665800562894,-0.000356347327591721,-0.00015047185888154418,-0.0027136595415531302,9.60806511413093e-07,0.18094774906965028,-9.138559553027773e-06,-0.00028658177647990983,-4.124833666622771e-07,660.0626971458519,659.9784680657957,660.0589521202173,659.9799287169451,0.0,0.0,0.0
11.128,6.986087884552004,-13.946169657838796,2.0112203915248,0.00017047822763745568,0.015765544175573125,46.03006742140628,6.952254772186273,-13.979999542236342,1.9999999999999991,46.0300620741569,-0.01987676491684044,0.00036847969570132316,-0.00035379651982286495,-9.876309171087387e-05,-0.0029547490026942402,5.760900634420696e-07,0.18091615203458397,-1.4798248731561846e-05,3.629052721644413e-05,-3.1775474734953874e-07,660.0166742568343,660.0227958418225,660.0115792668702,660.0261307580545,0.0,0.0,0.0
11.18,6.985367324178627,-13.946889360071102,2.011202242373435,-1.3806843167878761e-05,0.007517683201609059,46.030068705558755,6.952254772186273,-13.979999542236342,1.9999999999999991,46.0300620741569,-0.019392850595277678,0.00036080336712489963,-0.00035254773038126365,-4.0432960278248325e-05,-0.0025958083579774773,3.461392310738479e-07,0.1809004858073586,-2.873598055280226e-05,0.00017302051804502817,-2.6235704553692233e-07,659.9987532048643,660.039849389236,659.989841490643,660.0473073254452,0.0,0.0,0.0
11.232000000000001,6.984662791835274,-13.94759295812179,2.011183985888246,-7.586461380690694e-05,0.0007904397985687113,46.03006941823817,6.952254772186273,-13.979999542236342,1.9999999999999991,46.0300620741569,-0.018985940927530302,0.000354405055575964,-0.0003524362563294758,-7.053206548772906e-06,-0.0012215987748506122,1.053844521612244e-07,0.18090033796908098,-3.731569985463832e-05,-8.417419378146083e-05,-1.911497049005419e-07,660.0364985293032,660.0018948777536,660.0253408149883,660.0119942209012,0.0,0.0,0.0
11.284,6.983971816891605,-13.948282958253943,2.0111656116005574,-9.111537146298153e-05,-0.004671378737939669,46.03006979718279,6.952254772186273,-13.979999542236342,1.9999999999999991,46.0300620741569,-0.01864036267103659,0.0003484645692427732,-0.00035287025710407986,0.0,0.0,0.0,0.18091024939689915,-3.741193559927941e-05,-0.00028468917550289707,-1.6139225471646143e-07,660.0652463774461,659.9735031774848,660.0541441471975,659.9837127831785,0.0,0.0,0.0
11.336,6.983292355148876,-13.948961458961833,2.011147130677629,-9.4340949673262e-05,-0.010292988322749061,46.0300698318008,6.952254772186273,-13.979999542236342,1.9999999999999991,46.0300620741569,-0.018349816002319483,0.0003427238549464536,-0.000352997153313804,0.0,0.0,0.0,0.180921515049806,-3.512916131228276e-05,4.3434424841417015e-05,-1.6230497413114988e-07,660.0184486634878,660.0208142286167,660.0079933263078,660.0303703894488,0.0,0.0,0.0
11.388,6.982622421286274,-13.949630508142274,2.0111285633421403,-8.149601090310548e-05,-0.0153089504335708,46.03006946905877,6.952254772186273,-13.979999542236342,1.9999999999999991,46.0300620741569,-0.018113199746062212,0.0003370703413173746,-0.000352911269209347,0.0,0.0,0.0,0.18093441846213162,-3.3458057372663997e-05,0.00040062591567697207,-1.549351455927818e-07,659.9676218139066,660.072201170173,659.9576621045068,660.0813010642072,0.0,0.0,0.0
11.440000000000001,6.981960273429887,-13.95029191222153,2.011109932675555,-4.3251397016231715e-05,-0.018265087559688403,46.03006875040247,6.952254772186273,-13.979999542236342,1.9999999999999991,46.0300620741569,-0.017919284623562827,0.0003313292827749166,-0.0003529836200400168,0.0,0.0,0.0,0.18095186201906427,-3.298317266082427e-05,0.0007163398041770139,-1.4010424954048786e-07,659.9229581009926,660.1175964806883,659.9131740793796,660.1266015774311,0.0,0.0,0.0
11.492,6.981304859687428,-13.950946778810845,2.011091267289662,2.4706909797500883e-05,-0.01772329215149757,46.03006772467174,6.952254772186273,-13.979999542236342,1.9999999999999991,46.0300620741569,-0.017743991688344694,0.000325255868060883,-0.0003534990973297959,0.0,0.0,0.0,0.18097572626431335,-3.415458459130525e-05,0.0009069778805065906,-1.1827819467292923e-07,659.8964685517142,660.1450719563749,659.8864108782396,660.1544706939516,0.0,0.0,0.0
11.544,6.98065625670419,-13.951595064429501,2.0110726052056336,0.00011565028572985605,-0.01263674093874327,46.03006652572392,6.952254772186273,-13.979999542236342,1.9999999999999991,46.0300620741569,-0.017552053909104637,0.0003186085366225015,-0.000354593455837648,3.2204461577531586e-05,0.0023595481833694892,-3.9221737147629594e-07,0.18100612816580486,-4.933069220474126e-05,-1.3769882574447834e-05,4.75021719334561e-08,660.030204469524,660.012231751386,660.016285376289,660.0264140364961,0.0,0.0,0.0
11.596,6.98001594329773,-13.95223528483271,2.011053993386763,0.00018222147038816442,-0.004218162751873974,46.03006567949881,6.952254772186273,-13.979999542236342,1.9999999999999991,46.0300620741569,-0.01730469416881026,0.0003113064576859581,-0.000355779013551099,1.2800516107222244e-05,0.002951725794758728,-2.6155559966792645e-07,0.1810367879384185,-4.437197779291567e-05,-0.0004474479683648834,1.8355469488558663e-08,660.0919685402414,659.9518853190503,660.0793822869647,659.9645756811489,0.0,0.0,0.0
11.648,6.979386371785734,-13.952864930073055,2.0110354835097466,0.00018319650231168582,0.004216076561961858,46.030064998884356,6.952254772186273,-13.979999542236342,1.9999999999999991,46.0300620741569,-0.016986014669881512,0.0003037917862946939,-0.00035599906690565687,-6.313088116505282e-06,0.002685700860280485,-2.2288001388984953e-07,0.1810556968826244,-3.703948436779422e-05,-0.000619052691303094,1.8698883732410474e-08,660.1157785416564,659.9289063982621,660.1052819193518,659.9395094094343,0.0,0.0,0.0
11.700000000000001,6.978769996999689,-13.95348144774812,2.0110171153096092,0.00015130807419878577,0.011241257418702584,46.03006441544064,6.952254772186273,-13.979999542236342,1.9999999999999991,46.0300620741569,-0.01660324912356196,0.000296554076588925,-0.00035512342618055514,-1.2196148842187366e-05,0.0021115057243948966,-1.8973885500602185e-07,0.18106030399844847,-3.328399944471854e-05,-0.0006770671221229636,1.902595565230066e-08,660.1236116389157,659.9212851667113,660.1141855588277,659.9308193988404,0.0,0.0,0.0
11.752,6.978168792958445,-13.954082761625175,2.0109989057824667,0.00011252606588147135,0.016706416000899157,46.03006380020608,6.952254772186273,-13.979999542236342,1.9999999999999991,46.0300620741569,-0.01617195978683762,0.000289762095151231,-0.00035353429074267356,0.0,0.0,0.0,0.18105380376728647,-3.592579793831677e-05,-0.0001334280911991829,-3.6237551361329766e-08,660.0465141057329,659.9982777101981,660.0361814427182,660.0084102476173,0.0,0.0,0.0
11.804,6.977584248801227,-13.954667292014337,2.010980850511717,5.906891227720146e-05,0.022100765291965935,46.03006307249195,6.952254772186273,-13.979999542236342,1.9999999999999991,46.0300620741569,-0.015701481842367145,0.00028348476886828775,-0.0003520164263232083,0.0,0.0,0.0,0.1810440188537222,-3.289241720786933e-05,-0.00045114807032947164,-2.1018685785119593e-08,660.0910991078698,659.9532317303671,660.0816731953975,659.9625430471718,0.0,0.0,0.0
11.856,6.977017733197126,-13.95523357610799,2.0109629333231425,-4.1478711737213875e-06,0.02691311844371083,46.0300623563749,6.952254772186273,-13.979999542236342,1.9999999999999991,46.0300620741569,-0.015193371070976366,0.0002778407383988664,-0.00035062127129471615,0.0,0.0,0.0,0.18103196216201808,-2.893081924821193e-05,-0.0007991718583070851,-6.0616122428003254e-09,660.1398152096135,659.9039498298939,660.1315595891319,659.9121747177785,0.0,0.0,0.0
11.908000000000001,6.976470388520439,-13.955780380485969,2.0109451333578092,-6.0015934147117184e-05,0.029714298100867353,46.03006169367422,6.952254772186273,-13.979999542236342,1.9999999999999991,46.0300620741569,-0.014658215464875354,0.00027285014218387073,-0.0003490785873266886,0.0,0.0,0.0,0.18101564508921608,-2.4723602616381875e-05,-0.0011083619168297178,7.818505801898341e-09,660.1828669325747,659.8601342471319,660.1758483289713,659.8671995245984,0.0,0.0,0.0
11.96,6.975942703790761,-13.956307154820676,2.0109274242904887,-8.741937005681356e-05,0.02905873101371688,46.030061117135034,6.952254772186273,-13.979999542236342,1.9999999999999991,46.0300620741569,-0.01411938500869262,0.0002683638672998452,-0.0003472140411354955,0.0,0.0,0.0,0.1809941945681826,-2.1295243316911455e-05,-0.0012952044472979115,1.9877417475019144e-08,660.2084869160666,659.83351274545,660.2024781924177,659.839634957785,0.0,0.0,0.0
12.012,6.975434081919681,-13.95681449400044,2.01090977254533,-6.756265488283136e-05,0.023887677588471923,46.030060660279354,6.952254772186273,-13.979999542236342,1.9999999999999991,46.0300620741569,-0.01361154769242499,0.00026405183166395093,-0.00034501721319676393,1.4058421802847767e-05,-0.0023823800224867632,-1.2692480087106888e-07,0.1809685767954195,-2.516303947562748e-05,-0.0003644372904551979,7.501875214476117e-08,660.0758507939993,659.9648821383897,660.068891991553,659.9722575876815,0.0,0.0,0.0
12.064,6.974942566719262,-13.957304432280642,2.010892137350944,-6.284538051518657e-06,0.015460497266744781,46.03006045867605,6.952254772186273,-13.979999542236342,1.9999999999999991,46.0300620741569,-0.013172810990940458,0.0002594780647750617,-0.0003429449040173634,2.284367700928448e-05,-0.0029504766469624693,-4.612243406371212e-08,0.18094456792404556,-2.906852121710495e-05,5.6194523297281454e-05,5.030234133434257e-08,660.0159913336722,660.0237175548451,660.0078510418958,660.0321362645725,0.0,0.0,0.0
12.116,6.974465261633755,-13.957780004276886,2.0108744766046227,5.9143891667550464e-05,0.007001951518955886,46.030060389223344,6.952254772186273,-13.979999542236342,1.9999999999999991,46.0300620741569,-0.012818359901527026,0.00025441252458420347,-0.0003417178295013109,2.04960606376009e-05,-0.0027033293225792567,-7.214112943699146e-09,0.18093057490374664,-2.9384448391983484e-05,0.00022971103391707028,3.782884699778973e-08,659.9910223193195,660.0480807908289,659.982757183346,660.0565546267532,0.0,0.0,0.0
12.168000000000001,6.973999255487649,-13.95824426331514,2.0108567595911433,0.00011059971784846737,-0.00013065554144960564,46.03006041031694,6.952254772186273,-13.979999542236342,1.9999999999999991,46.0300620741569,-0.012541151380060567,0.00024890837023715045,-0.0003413263776211678,1.5018473813801917e-05,-0.002160686397076462,2.1516307483357913e-08,0.18092748657947413,-2.8389276790125076e-05,0.0002962467903756061,2.7104925345698732e-08,659.9813484726421,660.0576415995688,659.9733369860476,660.0658021834886,0.0,0.0,0.0
12.22,6.973542086981556,-13.958699787360247,2.0108389735937724,0.00014963646502339,-0.005730383208957462,46.030060517791156,6.952254772186273,-13.979999542236342,1.9999999999999991,46.0300620741569,-0.01232607553788577,0.0002431084542009894,-0.00034144507230499913,0.0,0.0,0.0,0.1809325230644341,-2.3593397315228517e-05,-0.000269981922228758,3.261021346841695e-08,660.0614095443879,659.977791298103,660.0547802010367,659.9846020485998,0.0,0.0,0.0
12.272,6.973091771717505,-13.959148652502728,2.0108211220454018,0.0001973366556173048,-0.011327617240527166,46.03006072318325,6.952254772186273,-13.979999542236342,1.9999999999999991,46.0300620741569,-0.012163575034859481,0.0002370552172035298,-0.000341456909152797,0.0,0.0,0.0,0.1809395323265427,-2.535134705977364e-05,4.577921552398873e-05,2.8354085639954347e-08,660.0168585122437,660.0226769240435,660.0097162148681,660.0299761287299,0.0,0.0,0.0
12.324,6.9726464287624905,-13.959592831356412,2.010803216755545,0.00025177748636022034,-0.016578898713812774,46.03006100186544,6.952254772186273,-13.979999542236342,1.9999999999999991,46.0300620741569,-0.01205318117154055,0.00023066262614974278,-0.0003412861030087968,0.0,0.0,0.0,0.1809473977578159,-2.7925898299720217e-05,0.00040226039871489225,2.2551495815015813e-08,659.9666449256247,660.0732655287146,659.9587526439082,660.0812813397288,0.0,0.0,0.0
12.376000000000001,6.972204340332216,-13.960034130926202,2.0107852718708594,0.0002964984585043694,-0.020085307735355884,46.03006134279987,6.952254772186273,-13.979999542236342,1.9999999999999991,46.0300620741569,-0.011986273229696904,0.00022392960276790998,-0.0003411677881899217,0.0,0.0,0.0,0.18095797410398298,-3.0635833235829564e-05,0.0007339712713308764,1.545699727948366e-08,659.9200359259447,660.1203648313689,659.911351446365,660.1291321615505,0.0,0.0,0.0
12.428,6.971764368823626,-13.960473749874875,2.0107673048630144,0.00031157922662699493,-0.020365184108303472,46.030061738426234,6.952254772186273,-13.979999542236342,1.9999999999999991,46.0300620741569,-0.011941443138659791,0.0002170162493303669,-0.00034132177908082764,0.0,0.0,0.0,0.18097285900357296,-3.248794876652597e-05,0.0009583296310357002,7.203152724004534e-09,659.888684297064,660.1523888486691,659.8794488967167,660.1616603195424,0.0,0.0,0.0
12.48,6.971326402424315,-13.960911803796222,2.010749339081761,0.0002791306849399764,-0.0162464553512978,46.03006217393733,6.952254772186273,-13.979999542236342,1.9999999999999991,46.0300620741569,-0.011885414747795487,0.00021025436553837534,-0.0003418705808539403,-1.1299707965030988e-05,0.0012631066504045706,8.308566352754991e-08,0.18099250781530754,-2.8051278026509685e-05,0.0005073010248097753,-3.168843571024275e-08,659.9527762513479,660.0892793359942,659.9446978567757,660.0971804632112,0.0,0.0,0.0
12.532,6.970891685530803,-13.961346972128712,2.010731405202149,0.0002067499961317597,-0.008156163157208197,46.030062495588986,6.952254772186273,-13.979999542236342,1.9999999999999991,46.0300620741569,-0.011778432579227891,0.00020407384441366275,-0.000342638288435288,-2.5169065907236455e-05,0.0029489181067560875,7.53736374045741e-08,0.18101421648062563,-2.0581858085419036e-05,-0.0003181849070201906,-3.571656537550151e-08,660.0697510135599,659.9732612914308,660.063790250882,659.9790250296728,0.0,0.0,0.0
12.584000000000001,6.970462607024818,-13.961776724538328,2.0107135384216788,0.00014264789284820962,0.0004981441054059241,46.03006269877428,6.952254772186273,-13.979999542236342,1.9999999999999991,46.0300620741569,-0.011598026535913963,0.00019864617224171766,-0.0003428689243702803,-1.847881058584663e-05,0.0027964630516979375,4.9616460578786004e-08,0.1810294507168748,-2.0868428609710092e-05,-0.0005270116437431951,-3.0766986200576074e-08,660.0998559405909,659.9438053022221,660.0938275418906,659.9496646384941,0.0,0.0,0.0
12.636000000000001,6.970041756886599,-13.962198326184334,2.0106957688299865,0.00010013976772366063,0.007940798464439021,46.03006282506588,6.952254772186273,-13.979999542236342,1.9999999999999991,46.0300620741569,-0.011348164136282892,0.0001938092485366356,-0.00034233071844143786,-1.1768067080269822e-05,0.0022658388812889694,2.927872928771115e-08,0.1810349742540745,-2.1705970246928776e-05,-0.0006051667895960611,-2.6152018150646554e-08,660.1112232312756,659.9326734320773,660.1049691918438,659.9387842335675,0.0,0.0,0.0
12.688,6.969631325633136,-13.962609470635424,2.0106781119984087,7.150194671272618e-05,0.013679633954155997,46.03006289889113,6.952254772186273,-13.979999542236342,1.9999999999999991,46.0300620741569,-0.011043543349546703,0.00018937969254396525,-0.0003412073038009767,0.0,0.0,0.0,0.18103208372419438,-2.4827956712325093e-05,-1.6045570444043832e-06,-1.721345480912414e-08,660.0256485167614,660.0181198430263,660.018529193692,660.0251438279774,0.0,0.0,0.0
12.74,6.969232979370513,-13.963008404280536,2.0106605681321073,3.7441287929197536e-05,0.019129549170661033,46.030062946491064,6.952254772186273,-13.979999542236342,1.9999999999999991,46.0300620741569,-0.010696277972460932,0.00018529171555378162,-0.00034002393887486154,0.0,0.0,0.0,0.18102591360327663,-2.2958753291710977e-05,-0.0003090214507908941,-1.822456012748421e-08,660.0690345373305,659.9744778428469,660.0624452478942,659.9809670609164,0.0,0.0,0.0
12.792,6.968848208080917,-13.963393554142433,2.010643127836708,-5.5467897947675855e-06,0.024279287344890956,46.0300629532444,6.952254772186273,-13.979999542236342,1.9999999999999991,46.0300620741569,-0.010307730246253132,0.00018161541618405222,-0.0003389392795029146,0.0,0.0,0.0,0.18101831288106585,-2.0371875315649144e-05,-0.0006593150297813226,-1.8393976451321668e-08,660.1183902458074,659.9247974892353,660.1125376898947,659.930549814256,0.0,0.0,0.0
12.844000000000001,6.968478351830663,-13.963763497741928,2.010625777341195,-4.86029593892676e-05,0.027768638203520084,46.03006296801072,6.952254772186273,-13.979999542236342,1.9999999999999991,46.0300620741569,-0.009885698818334288,0.00017839733936868935,-0.00033780158637883377,0.0,0.0,0.0,0.18100822938462385,-1.737844136268232e-05,-0.0009893017845407355,-1.8702692053700258e-08,660.1647361460145,659.8780069710083,660.159735577262,659.8829060611839,0.0,0.0,0.0
12.896,6.968124200449713,-13.96411738372999,2.0106084997840727,-7.789286607416543e-05,0.02810539472975631,46.03006292679711,6.952254772186273,-13.979999542236342,1.9999999999999991,46.0300620741569,-0.009450676572226903,0.00017558234518290415,-0.0003364373012325211,0.0,0.0,0.0,0.18099449663865433,-1.4604402821243744e-05,-0.0012166961101003993,-1.7845522048490995e-08,660.1964129265903,659.8457057822852,660.19220488666,659.8498171622185,0.0,0.0,0.0
12.948,6.967785542247639,-13.964455408531512,2.0105912745413557,-7.969074259690178e-05,0.024080676592208798,46.03006284359435,6.952254772186273,-13.979999542236342,1.9999999999999991,46.0300620741569,-0.009035228617452741,0.00017299338936360167,-0.00033484662731321377,2.3578359348320424e-06,-0.0010440459774630523,-1.798916613167277e-08,0.1809777719385351,-1.370282326399837e-05,-0.0008566406911270136,-9.65669777848301e-09,660.144627154765,659.8967300237371,660.1406982064086,659.9006069276647,0.0,0.0,0.0
13.0,6.967460819715154,-13.9647791818895,2.0105740754867907,-4.828758239232315e-05,0.016019745278613533,46.030062716294196,6.952254772186273,-13.979999542236342,1.9999999999999991,46.0300620741569,-0.008678896165720817,0.00017034876464422464,-0.000333214356485815,1.3657514422174901e-05,-0.0029553798118684875,-5.996606477446683e-08,0.1809606982778213,-1.7718473745830263e-05,4.921078266133857e-05,8.059312785687406e-09,660.0157862484724,660.0247561066026,660.010761816244,660.0298250712146,0.0,0.0,0.0
13.052,6.967147316746158,-13.96509153510571,2.0105568751091702,-3.5054651677893294e-06,0.007296484878967415,46.03006260920265,6.952254772186273,-13.979999542236342,1.9999999999999991,46.0300620741569,-0.00840483499626226,0.00016741277471369822,-0.00033209480921162675,1.5173303865636482e-05,-0.0028302100114541307,-3.227962455858356e-08,0.18094958525684812,-1.8830589124311726e-05,0.0002649421355525673,3.714152710829373e-10,659.984974869679,660.0550740957057,659.979612130551,660.0604382788331,0.0,0.0,0.0
13.104000000000001,6.966842098015142,-13.965395535777613,2.0105396489729888,3.7970589455151116e-05,-0.0002893613135140269,46.03006251995621,6.952254772186273,-13.979999542236342,1.9999999999999991,46.0300620741569,-0.008209662611626808,0.00016414079848185798,-0.00033158780856279777,1.2805279080201808e-05,-0.002323331480248032,-2.7232321166233814e-08,0.18094619208060886,-1.864903716670571e-05,0.00035097768292149955,4.253902256473907e-10,659.9726176966913,660.0672738961637,659.9673067216854,660.0725864228272,0.0,0.0,0.0
13.156,6.966542616483281,-13.965693846960296,2.0105223857216843,7.117161431972743e-05,-0.006155514394128308,46.03006241387827,6.952254772186273,-13.979999542236342,1.9999999999999991,46.0300620741569,-0.00807907972962361,0.00016059460616764425,-0.00033147717898502276,0.0,0.0,0.0,0.18094876481188663,-1.4411351273543595e-05,-0.00027697394647364714,-7.14059953194156e-09,660.0615127713361,659.9785183551045,660.0573884995459,659.9826035665855,0.0,0.0,0.0
13.208,6.966246867932571,-13.965988564108397,2.0105050864074943,0.00010959949871652799,-0.011581541886436496,46.03006227344746,6.952254772186273,-13.979999542236342,1.9999999999999991,46.0300620741569,-0.007999689508514263,0.0001568197854729583,-0.00033138353460645663,0.0,0.0,0.0,0.18095355422857826,-1.5625088940189317e-05,2.009517674131624e-05,-4.2001706401515895e-09,660.0194871390665,660.0207603408019,660.0150250402207,660.0251991368111,0.0,0.0,0.0
13.26,6.9659530644639505,-13.966281560920313,2.0104877576789684,0.0001592082423845316,-0.016888794188533673,46.030062141061464,6.952254772186273,-13.979999542236342,1.9999999999999991,46.0300620741569,-0.007969907025896622,0.00015273402634309607,-0.00033114248847880914,0.0,0.0,0.0,0.18095873892799652,-1.7739665841502855e-05,0.0003664827234432611,-1.4346289252183452e-09,659.9705747890301,660.0699062132305,659.9655176809401,660.0749545759788,0.0,0.0,0.0
13.312000000000001,6.9656595247925495,-13.966574606805043,2.0104704087844993,0.00020877611359606662,-0.020805986374014818,46.03006202303616,6.952254772186273,-13.979999542236342,1.9999999999999991,46.0300620741569,-0.007983779491136612,0.0001482767697818578,-0.00033087741257642673,0.0,0.0,0.0,0.1809652337850644,-2.035705364504142e-05,0.0007048590536161718,1.0344333653538084e-09,659.9229007737728,660.1178653540187,659.9171045206291,660.1236655730744,0.0,0.0,0.0
13.364,6.965365039883428,-13.96686898096875,2.010453050772648,0.00024161861724298763,-0.021854301366741713,46.03006193561901,6.952254772186273,-13.979999542236342,1.9999999999999991,46.0300620741569,-0.008023095904893047,0.00014351078173811967,-0.0003307504974643718,0.0,0.0,0.0,0.1809742760454784,-2.2722479704614366e-05,0.0009560933904024778,2.8742383571619408e-09,659.8876523730264,660.1535014346538,659.8811870278283,660.1599800296023,0.0,0.0,0.0
13.416,6.965069320243357,-13.967164997991924,2.0104356980921128,0.00024060544948835,-0.018775148033337526,46.03006189278105,6.952254772186273,-13.979999542236342,1.9999999999999991,46.0300620741569,-0.008057437239120856,0.0001386501426337046,-0.00033087879647899387,0.0,0.0,0.0,0.18098655142763706,-2.390554047005931e-05,0.001036949812719337,3.7851201595145465e-09,659.8765678961086,660.1651099528214,659.869767921159,660.1719278461635,0.0,0.0,0.0
13.468,6.96477336440949,-13.967461615042987,2.0104183698862794,0.00019747695931570847,-0.011332106575463788,46.030061899849635,6.952254772186273,-13.979999542236342,1.9999999999999991,46.0300620741569,-0.008047909966733281,0.00013404025912407602,-0.0003312448011939674,-1.8584112520565528e-05,0.002868353126335619,-2.3756682898802507e-09,0.18100127630525856,-1.6074823595570383e-05,-0.00020420655959355375,4.505618430642163e-09,660.052538898155,659.9897969100493,660.0479730407288,659.9943881269942,0.0,0.0,0.0
13.520000000000001,6.96447943480736,-13.96775645347227,2.01040108930289,0.00013938863907708265,-0.002640373515381497,46.03006192646306,6.952254772186273,-13.979999542236342,1.9999999999999991,46.0300620741569,-0.007965909518059703,0.00012997722672803357,-0.00033136910112249843,-1.8967544990664322e-05,0.0028522914547370022,1.7095121913658895e-09,0.1810130119405942,-1.4245054262676197e-05,-0.0004527785481345277,2.486371179246615e-09,660.0879323211062,659.9549116472642,660.0838822344414,659.9589762983942,0.0,0.0,0.0
13.572000000000001,6.964190192289253,-13.968046711708062,2.01038387818191,9.000735507864057e-05,0.005070707111437302,46.03006195080318,6.952254772186273,-13.979999542236342,1.9999999999999991,46.0300620741569,-0.0078113029809987865,0.0001264813784701923,-0.0003309759160756768,-1.477013828902273e-05,0.0023733847544659043,3.7206396392472455e-09,0.18101835550320103,-1.4158537102677916e-05,-0.0005481223253495993,1.2553282203311764e-09,660.1016177225861,659.9414652907102,660.0975889505216,659.9455019697623,0.0,0.0,0.0
13.624,6.963907973764211,-13.968329929500083,2.0103667496090116,5.3001915299075956e-05,0.011069312271016473,46.03006197242666,6.952254772186273,-13.979999542236342,1.9999999999999991,46.0300620741569,-0.007597435004342909,0.00012344097640895472,-0.00033013563550557835,0.0,0.0,0.0,0.1810175748671403,-1.8344298641757336e-05,9.850119466747521e-05,2.1371514666780935e-09,660.0101172160308,660.0329480161884,660.0048980832797,660.0381787642423,0.0,0.0,0.0
13.676,6.963634580457888,-13.968604209739231,2.0103497059971858,1.1609316190648857e-05,0.01653359296478986,46.03006200095804,6.952254772186273,-13.979999542236342,1.9999999999999991,46.0300620741569,-0.007338099038864297,0.00012078064735481628,-0.0003291753368299138,0.0,0.0,0.0,0.18101379357860456,-1.6368109356705264e-05,-0.0001963295332949183,1.5446781120997677e-09,660.0517476049199,659.9911656940294,660.0470900099212,659.9958322397885,0.0,0.0,0.0
13.728,6.963371579012489,-13.968867896866616,2.010332742192532,-4.03450517564108e-05,0.021986666383657878,46.03006203403017,6.952784121369248,-13.979469479404317,1.9999999999999991,46.0300620741569,-0.007035107501949159,0.00011858300835706784,-0.00032828608994707237,0.0,0.0,0.0,0.18100904418704805,8.923051188568789e-06,0.0007506252330734343,8.543800415966284e-10,659.9131850442327,660.1295245062165,659.9157293436944,660.1269857623192,0.0,0.0,0.0
13.780000000000001,6.963120518337672,-13.969119351265002,2.010315849715428,-7.4417026595230935e-06,0.02903379763360705,46.030062062975006,6.95428626575823,-13.97796531824879,1.9999999999999991,46.0300620741569,-0.006687872429605811,0.00011674953279612371,-0.00032764071583872036,4.393184566866975e-05,0.0030629440815396914,9.22418794977764e-09,0.18100528698981544,5.579335805084165e-05,0.002807069061983667,-3.062284304523969e-09,659.6134683529901,660.4288875889052,659.6293609279218,660.4129973027274,0.0,0.0,0.0
13.832,6.962883579086488,-13.96935634367905,2.010299019610111,0.0003744410381691947,0.04467535937159695,46.0300621346521,6.956025533808173,-13.976223760302783,1.9999999999999991,46.0300620741569,-0.00626210506076282,0.0001136493879191673,-0.0003278739599302773,0.0001922696796408965,0.00717822225449465,7.615983864289399e-09,0.181009024312057,5.723578703627444e-05,0.004629682408146842,-3.9597211925061415e-09,659.3536289350917,660.6885878313733,659.3699365329826,660.6722908714274,0.0,0.0,0.0
13.884,6.962665757391893,-13.969573946299235,2.0102822496597557,0.0012293336837945195,0.07737803420935743,46.03006260716447,6.957630381424627,-13.974616778751603,1.9999999999999991,46.0300620741569,-0.005652716195794496,0.00010560003090710677,-0.00032928051769216945,0.00034580171125839557,0.013705402154976514,-2.961630490518214e-10,0.18102321149824765,2.639198919219144e-05,0.0043072378172052395,-1.0781139783809606e-08,659.4045158456328,660.6388477448155,659.4120100866495,660.631307760923,0.0,0.0,0.0
13.936,6.962477358877078,-13.96976202258371,2.010265548024372,0.0024335052885782185,0.12962390268336588,46.03006405542537,6.958956504780097,-13.973288763274718,1.9999999999999991,46.0300620741569,-0.004697680813834907,8.879546564818109e-05,-0.00033085316027010864,0.0004320420882645926,0.0198931750457794,-1.6647047892847656e-07,0.1810377149166067,-1.4086926195183903e-05,0.0022481299373820225,1.9076819908932985e-08,659.7045608073652,660.3408740941745,659.700599396549,660.3449372762366,0.0,0.0,0.0
13.988000000000001,6.9623346394066665,-13.969904483369632,2.0102489184196335,0.0037273442839077294,0.19575230801200297,46.03006731749601,6.959976552857066,-13.972267130687552,1.9999999999999991,46.0300620741569,-0.003245345419507463,6.116416978103507e-05,-0.00032997253208583795,0.00042267546957554854,0.023257009519258402,-1.1783863097684739e-07,0.18102674544670055,-4.614098125630431e-05,-0.00060740874352503,-6.55364436867742e-08,660.1168174169931,659.9306698250149,660.1034955373071,659.943632152935,0.0,0.0,0.0
14.040000000000001,6.962257907278363,-13.969981085053034,2.0102323469248686,0.004838836791061995,0.26484779792796287,46.03007197240355,6.960718240250379,-13.971524220212785,1.9999999999999991,46.0300620741569,-0.0012179627872682603,2.3098254711439408e-05,-0.00032400726830753013,0.0003302974952448008,0.02256986427735277,-2.293127746281008e-07,0.1809649595531059,-6.222851837723308e-05,-0.003377985768525568,-1.2459878953654597e-07,660.5138116337828,659.533951269095,660.4957554610098,659.551343144683,0.0,0.0,0.0
14.092,6.962267988561676,-13.969970917753441,2.0102157522449184,0.005577456392920085,0.32456531225964375,46.030076467809025,6.961234900437419,-13.971006666645161,1.9999999999999991,46.0300620741569,0.0013568373365471591,-2.28633011143915e-05,-0.0003123601089570793,0.00018771301391010348,0.017836885232984583,-3.847702250440235e-07,0.18084909951701725,-6.293730077867761e-05,-0.005431388075036765,-1.627390583626912e-07,660.8053179572988,659.2403921737581,660.7869625993761,659.2578881582009,0.0,0.0,0.0
14.144,6.962382303613674,-13.969856349169836,2.010198979363232,0.005854210095822401,0.36443374333424405,46.03007903484619,6.961586978899538,-13.97065394717329,1.9999999999999991,46.0300620741569,0.004347485196660814,-7.290252933720267e-05,-0.00029737675651367486,2.835366330725454e-05,0.010044484129125985,-5.392487630621624e-07,0.1807071057601207,-5.1761622056428186e-05,-0.006469567000689496,-1.6124332814109e-07,660.9496226201418,659.0921742783943,660.9344541457291,659.1064908055282,0.0,0.0,0.0
14.196,6.962611603589739,-13.969626352105578,2.0101818313341666,0.005667957408737753,0.37784462106681765,46.030078581876715,6.96183225764557,-13.970408138528482,1.9999999999999991,46.0300620741569,0.007545055374601329,-0.00012281032689386148,-0.0002838394716503204,0.0,0.0,0.0,0.1805921425908254,-7.941132482350299e-05,-0.006210822579114506,-3.4556009325330854e-07,660.9149679974078,659.1233368562101,660.8914239999652,659.1450274534658,0.0,0.0,0.0
14.248000000000001,6.962957991340073,-13.969278556124513,2.0101641349590813,0.005015157838417454,0.36272649219961156,46.03007490082548,6.9620235003016235,-13.97021639642857,1.9999999999999991,46.0300620741569,0.01070196719491869,-0.000168544811522243,-0.00027689591016127337,-0.00027706756899964166,-0.008889270887722149,-7.079348964172529e-07,0.18056020643728937,6.291361665524458e-06,-0.0055245386263993905,-1.492873576154017e-08,660.8034399813798,659.2316880260586,660.8051885093804,659.229852536937,0.0,0.0,0.0
14.3,6.963414393264487,-13.968819808375647,2.010145822035774,0.004070536212010969,0.32104452600007977,46.0300697031045,6.962202629073696,-13.970036696161218,1.9999999999999991,46.0300620741569,0.013571271101661491,-0.00020641307350092604,-0.0002796540708734258,-0.00033508856079598125,-0.017199399442544682,-5.966430213109488e-07,0.1806439610722705,2.3629686422887498e-05,-0.003929550361658488,5.374598891178257e-08,660.57438247526,659.4618674054243,660.5812558866434,659.4552802744537,0.0,0.0,0.0
14.352,6.963965393126586,-13.968265418418962,2.010126987142343,0.00303508365082065,0.25836589725483794,46.03006433296898,6.962405676338975,-13.969832921800533,1.9999999999999991,46.0300620741569,0.015941408959217883,-0.00023484892164647524,-0.0002916698193988448,-0.00035274666444083685,-0.023291158754983547,-4.387938515354242e-07,0.18083606465645222,3.613091326556904e-05,-0.0019793735433797192,1.0927907882692383e-07,660.2973984022249,659.7439108626311,660.3079875705696,659.733918187071,0.0,0.0,0.0
14.404,6.964589175119554,-13.967637275816987,2.010107894504061,0.0019870041598721044,0.18238139064369882,46.030060029609686,6.962654989211396,-13.969582530913772,1.9999999999999991,46.0300620741569,0.017662144808519305,-0.000253530782963218,-0.000309135159197399,-0.00034806605996526643,-0.026611917586583343,-2.600071081925406e-07,0.18109078640942938,4.917920428946959e-05,2.3310855134989206e-05,1.3541141182423016e-07,660.0143125055682,660.0349594911737,660.0286950549266,660.0213271049848,0.0,0.0,0.0
14.456000000000001,6.9652600850157045,-13.96696125368906,2.010088927002381,0.0009948969629091596,0.10166043920403803,46.030057463094444,6.962967800548396,-13.96926813889513,1.9999999999999991,46.0300620741569,0.0186578771174647,-0.00026276338968317034,-0.0003264558285736503,-0.00031948739496796363,-0.0270388588593247,-9.715467180733448e-08,0.1813410858989293,6.031412616675164e-05,0.0018307996232787005,1.308984163694901e-07,659.7596634336928,660.2982964779284,659.7772117328503,660.2814867717192,0.0,0.0,0.0
14.508000000000001,6.965951422103155,-13.966264359860526,2.0100704963888973,0.00012637072131574249,0.024435860731804482,46.03005643053721,6.963347941285729,-13.968885795783416,1.9999999999999991,46.0300620741569,0.018929676365138162,-0.0002634584198019475,-0.0003383657181157009,-0.000269525031606083,-0.024837224577557583,5.805550674475423e-10,0.18152219521039908,6.752157857869925e-05,0.003258348988088468,1.177830633902385e-07,659.5587658389197,660.5060459747941,659.578337391741,660.4871538371676,0.0,0.0,0.0
14.56,6.966638081448841,-13.965572041319518,2.01005292984765,-0.0005592955918467249,-0.042329764510266245,46.03005686374124,6.963799119590822,-13.968431706031456,1.9999999999999991,46.0300620741569,0.0185472945268588,-0.0002570804498158482,-0.000342053074714855,-0.0002018505532934249,-0.02052474498563005,8.863465875417897e-08,0.18159607724572518,6.901099720589982e-05,0.004206346406768086,7.7398452919328e-08,659.4251920026504,660.6429035722399,659.4450801761539,660.6234797687895,0.0,0.0,0.0
14.612,6.967298750373781,-13.964905943726379,2.0100364009316314,-0.0010289752261924258,-0.09354890948052338,46.030057917676466,6.964308302618906,-13.967919055421763,1.9999999999999991,46.0300620741569,0.017634429767741037,-0.0002455143802201186,-0.00033722605154781006,-0.0001275423343462318,-0.014791175717611415,1.2536509171717935e-07,0.18155427994419207,6.599746803285855e-05,0.004623238210822109,4.228065206518253e-08,659.3656663085575,660.7012602848556,659.3845997659909,660.6825985122172,0.0,0.0,0.0
14.664,6.967917468302033,-13.964282314051257,2.0100209016111124,-0.001279197571384919,-0.12632168075091024,46.03005897694884,6.964861056931183,-13.967362308094886,1.9999999999999991,46.0300620741569,0.01634984730954097,-0.00023079189793498772,-0.00032613582415630464,-5.508868960211627e-05,-0.008393307723794688,1.3458667460834705e-07,0.1814190642285872,5.94780156178794e-05,0.004530090042546433,1.682176079228654e-08,659.3772735932519,660.6844852304994,659.3942774678593,660.6676076449182,0.0,0.0,0.0
14.716,6.968484457194118,-13.963711139964884,2.0100062573863835,-0.0013268412723386358,-0.13999782839203775,46.03005968404127,6.9654423660508975,-13.966776647883789,1.9999999999999991,46.0300620741569,0.014867022469403648,-0.00021486322064107635,-0.0003124251858504719,4.02373476495985e-06,-0.0013818375359081652,7.786419489421177e-08,0.1812316481605617,5.25268160614238e-05,0.003744798785778755,2.2256719759756355e-08,659.4862202038319,660.5677898183781,659.5012548889814,660.5529025862646,0.0,0.0,0.0
14.767999999999999,6.968996215798988,-13.96319603853044,2.0099921818872364,-0.0011945506449275822,-0.1361126892347325,46.0300600821836,6.966037636022589,-13.96617687981478,1.9999999999999991,46.0300620741569,0.01335419879603103,-0.00019943814643658448,-0.00029974863066764145,7.020450604977074e-05,0.0035094202856629313,1.693608990056068e-07,0.18103694910918314,3.634709564745965e-05,0.003202497481550466,-1.896603998782191e-08,659.5615017504862,660.4840084839947,659.5718089412682,660.4736105502868,0.0,0.0,0.0
14.820000000000002,6.969454949163902,-13.96273483131861,2.009978346956069,-0.0009164173793546043,-0.11716445950007592,46.030060143913694,6.9666315462347335,-13.9655785165972,1.9999999999999991,46.0300620741569,0.011958600780765657,-0.0001860525389791686,-0.0002905928032987804,0.00010295831946813658,0.008076744265838128,1.2879711376539768e-07,0.18086979148361745,2.6003387170400735e-05,0.002143450922719887,-5.825757986667255e-09,659.7099210847189,660.3278414287455,659.7173148511853,660.3204222449909,0.0,0.0,0.0
14.872000000000002,6.969867618190334,-13.96232050002635,2.0099644463821034,-0.0005939751317026311,-0.08739867725860984,46.03006012786738,6.967211219566713,-13.964994565654765,1.9999999999999991,46.0300620741569,0.010797227370211163,-0.00017557336896046374,-0.0002860773728582929,0.0001102327127794726,0.011079218380368752,1.2343816186132573e-07,0.18075092074272836,2.1458923103110454e-05,0.0010738527122396398,-3.5769115497899266e-09,659.8600042840052,660.1719805730653,659.8661079113369,660.1658599659977,0.0,0.0,0.0
14.924000000000001,6.970244527193753,-13.961942590520298,2.0099502413083483,-0.0002656630774186017,-0.05143220952777855,46.03006022156543,6.967766972561926,-13.964434874322958,1.9999999999999991,46.0300620741569,0.009945002345545819,-0.00016817074097740217,-0.0002858777717077781,0.0001092422751978195,0.012535800750111653,1.1973377338256873e-07,0.18068479390766287,1.7133766172697504e-05,7.042053278003956e-05,-4.1560805504705055e-09,660.0018265220265,660.0267645712747,660.0066952883857,660.0218729329886,0.0,0.0,0.0
14.976,6.970597780368822,-13.961588783316545,2.0099355762990854,4.794650502760277e-05,-0.0137617142503897,46.03006059977591,6.968294657550195,-13.963903765738598,1.9999999999999991,46.0300620741569,0.009434960183387093,-0.00016376433548333285,-0.00028884350514632494,0.0001017467623630302,0.012534636726066242,1.4117409626839893e-07,0.18066512118515263,1.3087858191702366e-05,-0.0007741580790443349,-1.9619114274775303e-08,660.1221366168909,659.9053611690161,660.1258094805241,659.9015783909795,0.0,0.0,0.0
15.028,6.970939820583549,-13.961246393994859,2.0099203809559345,0.00032562148396374956,0.021657721959941246,46.03006107035724,6.968788565015983,-13.963406970138951,1.9999999999999991,46.0300620741569,0.009261465826050062,-0.00016209881350443052,-0.00029337301374588256,8.639251540453345e-05,0.011302165220349476,1.101716026350916e-07,0.1806784832126683,1.052809682963506e-05,-0.0014128640915234674,-1.8317913980133826e-08,660.2137492924833,659.8143224422197,660.2166963772946,659.8112720673415,0.0,0.0,0.0
15.08,6.97128215988439,-13.960903675439305,2.0099046563253724,0.000546249345539566,0.0516457336351348,46.030061593206426,6.9692511043233925,-13.962942023274977,1.9999999999999991,46.0300620741569,0.009386689177906509,-0.0001627272461529986,-0.0002982558721358854,6.510857975713367e-05,0.009121662107565086,9.062597060357575e-08,0.18071301352520375,9.867792076089433e-06,-0.0018025891469043865,-2.2201128919633808e-08,660.2702073339503,659.7595878305074,660.2729554159708,659.7567145916793,0.0,0.0,0.0
15.132,6.971634380002602,-13.960550840967466,2.0098884493957936,0.0006979407613462806,0.07399572747156516,46.030062069311946,6.969683919403634,-13.962507300781771,1.9999999999999991,46.0300620741569,0.00974868515651757,-0.00016505517117071456,-0.00030276819497619087,4.1139662062400495e-05,0.006348252201626164,6.970177076304428e-08,0.18076014481924385,1.0850583545893887e-05,-0.0019454634727959696,-2.4681015410388564e-08,660.2915949031756,659.7405615241495,660.2946158403831,659.7374012861686,0.0,0.0,0.0
15.184,6.972003461307019,-13.960180752775393,2.009871837550522,0.0007780984433642714,0.08758086265150584,46.03006241896334,6.970091885751761,-13.962097799104887,1.9999999999999991,46.0300620741569,0.010270974934681196,-0.0001684273953381638,-0.0003066228294337551,1.745708235066329e-05,0.003339456077935464,5.019284138958772e-08,0.1808146153891247,1.2995650604749788e-05,-0.001864012866223353,-2.504227517490746e-08,660.2810116146558,659.7537897435908,660.2846423287485,659.750017345191,0.0,0.0,0.0
15.235999999999999,6.97239346697273,-13.959789248364588,2.0098549162321557,0.0007921534773765752,0.09240666175191271,46.03006261755815,6.97048471273069,-13.961703663021392,1.9999999999999991,46.0300620741569,0.010872212602394588,-0.0001722061682065839,-0.00030981548268351063,0.0,0.0,0.0,0.18087335402070207,1.4561247703609057e-05,-0.0014329365829779239,-1.1266540416476541e-08,660.2207445394796,659.8167520941593,660.2248595104702,659.8125721543303,0.0,0.0,0.0
15.288000000000002,6.972805618419389,-13.959375066728747,2.0098377908573157,0.0007473664223756081,0.08985164848840264,46.030062717246956,6.970867706077179,-13.961319499366486,1.9999999999999991,46.0300620741569,0.011478580639844175,-0.00017583761456775376,-0.00031230541019066087,-7.769039918616552e-06,-0.000625890737021945,1.2534929595052458e-08,0.18093260855776885,1.453157933693591e-05,-0.001804224332510727,-1.7895997266509953e-08,660.2749049864175,659.7651520801691,660.2789928201466,659.760961900002,0.0,0.0,0.0
15.340000000000002,6.973238673310044,-13.958939460697449,2.009820569737848,0.0006418714476410861,0.07963863847741583,46.030062677033996,6.97125111281784,-13.960934902227553,1.9999999999999991,46.0300620741569,0.01202405541976281,-0.00017877539153340227,-0.00031446492329816826,-3.931135749653237e-05,-0.004290283826143729,2.03661993514658e-08,0.1809925762981633,2.6653659060646397e-05,-0.0006662113246787952,-1.992637296589812e-08,660.1123972885609,659.9302343210132,660.119932689139,659.9225863682448,0.0,0.0,0.0
15.392000000000001,6.973689054486413,-13.958486067494697,2.009803359805768,0.0005257440873022886,0.06437314836609527,46.03006257133594,6.9716405112758535,-13.960544163580126,1.9999999999999991,46.0300620741569,0.01244928397585061,-0.0001806576301476118,-0.00031608600654877295,-3.79357085544794e-05,-0.0055675094987184415,1.4492388696564628e-08,0.18104780643079688,2.7456820107351274e-05,-0.00014017392300496668,-1.5608103617914535e-08,660.0384813742777,660.006376611204,660.0462583303745,659.9985127309266,0.0,0.0,0.0
15.444,6.974151615844054,-13.958020142535247,2.0097862610504187,0.0004191865411428396,0.04676534055310542,46.03006246415848,6.9720377591159695,-13.960145345081399,1.9999999999999991,46.0300620741569,0.012722091157341861,-0.00018151050461220826,-0.0003168086168936398,-3.4267791505722186e-05,-0.006044277223948019,1.1532786807848317e-08,0.18109157472350262,2.7873259565258632e-05,0.00031173359339126345,-1.2307470111988107e-08,659.974929763822,660.0716585031237,659.9828352301263,660.0636859355387,0.0,0.0,0.0
15.496,6.974620544879856,-13.957547639023424,2.009769356240901,0.0003241176249794562,0.028949422955366663,46.03006237996998,6.972443846803363,-13.95973742098714,1.9999999999999991,46.0300620741569,0.012832377284485105,-0.00018144706669243705,-0.00031645619204705866,-3.0198281051769952e-05,-0.005854239044785578,9.82773733797837e-09,0.18111949995438556,2.8525867747266866e-05,0.0006733444449877695,-9.931579351884468e-09,659.9238806547057,660.1237911517578,659.9319792185959,660.1156399392261,0.0,0.0,0.0
15.548,6.975090060320236,-13.957074486797579,2.0097527025269017,0.00024322860464620326,0.012686072173298747,46.03006232663378,6.972862963549329,-13.959316123566754,1.9999999999999991,46.0300620741569,0.012787761589256843,-0.00018059303560621817,-0.0003150190596857943,-2.486515742235048e-05,-0.005127741627645179,8.602417321577748e-09,0.18112965068126605,2.9014014214942534e-05,0.0009350654872234819,-8.375123024797308e-09,659.8867207503874,660.1613150104599,659.8949631453376,660.1530295616047,0.0,0.0,0.0
15.6,6.975554972721555,-13.956606012803462,2.0097363268754656,0.00018093924338703597,-0.0006847064967862589,46.03006230078965,6.973292130184797,-13.958884456984237,1.9999999999999991,46.0300620741569,0.01260981648266873,-0.0001791033025033701,-0.0003126559812043373,-1.8065176635523815e-05,-0.004012516902422669,7.417114551069224e-09,0.181122707557815,2.888436028611247e-05,0.001080486628553991,-7.4057649570224604e-09,659.8658615051694,660.1818385411343,659.8740699087292,660.17359295417,0.0,0.0,0.0
15.652,6.976011101549058,-13.956146511296492,2.009720226258228,0.00014039051965417603,-0.010293002142405971,46.030062293666916,6.973733469778216,-13.958440299318356,1.9999999999999991,46.0300620741569,0.01232992604225336,-0.00017716644246408295,-0.00030966472481680106,-1.0548045841048842e-05,-0.002671614507547669,6.063487147443207e-09,0.1811016705856643,2.825448912512058e-05,0.0011206466789721327,-6.7691535041167954e-09,659.8597687809172,660.1870052455704,659.8677995780232,660.1789408469556,0.0,0.0,0.0
15.703999999999999,6.976455535682317,-13.955698975589364,2.0097043716818193,0.00012174735476226885,-0.01584394180151417,46.03006229771843,6.974181786062357,-13.957988935403177,1.9999999999999991,46.0300620741569,0.011984869803015863,-0.00017498660008273355,-0.000306430340638499,0.0,0.0,0.0,0.18107122503500914,2.5947926225936698e-05,0.000578586069874959,-4.676195355156342e-09,659.9366381098414,660.1088250390496,659.9440167216704,660.1014223717515,0.0,0.0,0.0
15.756000000000002,6.976886671145051,-13.95526505845531,2.009688715127578,0.00011817292174531794,-0.01860602202779611,46.0300623111202,6.974632248357013,-13.957535336760678,1.9999999999999991,46.0300620741569,0.01160809524667247,-0.0001727397918442512,-0.00030355335131961465,0.0,0.0,0.0,0.1810387771447128,2.7288466713311522e-05,0.001009013848093632,-4.9546381398605425e-09,659.8744239755747,660.1695900214196,659.8821844138341,660.1618055244585,0.0,0.0,0.0
15.808000000000002,6.977303881419263,-13.954845410333755,2.0096731997415933,0.0001346250201934032,-0.018253384042056838,46.03006233023279,6.9750809060513355,-13.957083523670793,1.9999999999999991,46.0300620741569,0.011223711419893251,-0.00017056430588769468,-0.0003011559721868321,0.0,0.0,0.0,0.18100733118258522,2.7786142531055133e-05,0.001340754802780917,-5.3532952051039226e-09,659.8263995936787,660.2161963234363,659.8343012838438,660.2082695611638,0.0,0.0,0.0
15.860000000000001,6.977707567597443,-13.954439629723469,2.0096577690302637,0.00018087664103391622,-0.013289609123996777,46.03006235717364,6.97552859084228,-13.956632700196545,1.9999999999999991,46.0300620741569,0.01086458808736557,-0.00016867263626310622,-0.00029898379212752997,1.988578073498895e-05,0.002383711898629332,3.083831515502175e-09,0.18097619235561496,1.9234594944831382e-05,0.0005626659082505633,-7.0203098203411195e-09,659.937755685128,660.1034965384462,659.9432154337092,660.0979992355016,0.0,0.0,0.0
15.912,6.978099553956137,-13.954045858038587,2.009642368225338,0.00024016614251666177,-0.004250184604222066,46.030062391209285,6.975970025041164,-13.956188269694156,1.9999999999999991,46.0300620741569,0.010572307366933754,-0.00016730348580976556,-0.0002971278289703071,1.7700537225081942e-05,0.0032936512976246305,-1.1611448939085895e-09,0.18094799848744347,1.8148314943009182e-05,0.00012407762616187604,-6.207505983962609e-09,659.9997423950268,660.0402521920995,660.0048944729491,660.0350660083178,0.0,0.0,0.0
15.964,6.978482865723069,-13.953660998833364,2.009626946343656,0.00027866580338253166,0.005793659075230557,46.03006242944267,6.976402376404825,-13.955753149532136,1.9999999999999991,46.0300620741569,0.01037040483653044,-0.0001664190416405553,-0.0002960528353792849,9.931466087013215e-06,0.003353732706469239,-3.392978558087987e-09,0.1809289314966431,1.9645732327719753e-05,-0.00011631644132663256,-6.204255190434444e-09,660.0333430454754,660.00580859378,660.038921363028,660.000195630695,0.0,0.0,0.0
16.016,6.9788608396869725,-13.95328162046156,2.009611463875952,0.0002990025758830733,0.015264502791695785,46.03006246412302,6.976824088142408,-13.955328860803586,1.9999999999999991,46.0300620741569,0.010259680940607876,-0.00016582041803395224,-0.00029574371512346793,5.130563161252093e-06,0.0030200498278935128,-5.0871689483141095e-09,0.1809201073018384,2.0367311456209215e-05,-0.0002773174215819842,-6.321995074823091e-09,660.0559828487349,659.982796436177,660.0617661611907,659.9769774126548,0.0,0.0,0.0
16.067999999999998,6.9792365804794105,-13.952904519522493,2.0095958985003985,0.00030917375130364505,0.023281113740954762,46.03006248918354,6.9772345310842345,-13.95491611907922,1.9999999999999991,46.0300620741569,0.010230011103972602,-0.00016537276569508446,-0.0002959798956594421,2.402758500867337e-06,0.0024411259893740945,-6.390270526914705e-09,0.1809200811478216,2.0488516974741452e-05,-0.000377323190702413,-6.3824876832565405e-09,660.070221868517,659.9685856050576,660.0760394083818,659.9627317630841,0.0,0.0,0.0
16.119999999999997,6.979612677764689,-13.952527019151901,2.0095802444260324,0.00031241868217531094,0.029326575695051395,46.03006250017211,6.977638175521685,-13.954510375180599,1.9999999999999991,46.0300620741569,0.010264894091136737,-0.0001649981749789239,-0.0002965354772155425,0.0,0.0,0.0,0.18092682891668044,2.070283715403074e-05,0.00024744345106259246,-8.9108790870249e-09,659.981385883456,660.0577612521878,659.9872582510168,660.0518401579607,0.0,0.0,0.0
16.171999999999997,6.979991084873625,-13.952147097297612,2.0095645092124257,0.0003097496680501431,0.03447589284361057,46.030062493010846,6.97803808367364,-13.954108558024396,1.9999999999999991,46.0300620741569,0.010347838075929493,-0.0001646382755889618,-0.0002970148614401749,0.0,0.0,0.0,0.1809362372432726,2.034384101943251e-05,-8.577657016772887e-05,-8.76753094715685e-09,660.029117865966,660.0104808483162,660.034887956338,660.0046619811246,0.0,0.0,0.0
16.224,6.980373404439521,-13.951763091415675,2.009548708424784,0.0003002983156378027,0.03911381265475051,46.030062471291394,6.97843217689194,-13.953712678424802,1.9999999999999991,46.0300620741569,0.010473582629551786,-0.00016424070335256056,-0.0002972032359340563,0.0,0.0,0.0,0.18094570798988346,2.0251800055502662e-05,-0.00046028415788568986,-8.319027572512178e-09,660.0826893595315,659.9573562403142,660.08843401055,659.9515643654257,0.0,0.0,0.0
16.276,6.980761006372489,-13.951373575578206,2.0095328596315967,0.00028021846452771853,0.04186462767469548,46.03006243183014,6.978820865768182,-13.953322262931543,1.9999999999999991,46.0300620741569,0.010632526581999365,-0.000163732701788961,-0.0002973250707793044,0.0,0.0,0.0,0.18095688265602786,2.0612506158533366e-05,-0.0008093010885017009,-7.50220354932841e-09,660.1325937292517,659.9079539709288,660.1384429281669,659.9020611677795,0.0,0.0,0.0
16.328,6.981154633636831,-13.95097776705326,2.009516982305378,0.00024861337537288454,0.041164233104997436,46.03006237397458,6.979207439754736,-13.952933967316731,1.9999999999999991,46.0300620741569,0.010801927822316381,-0.0001630167607812857,-0.00029764642548782096,0.0,0.0,0.0,0.18097174851748568,2.1649410818905386e-05,-0.0010368165556587626,-6.2997829674359445e-09,660.1651657354842,659.8760189199465,660.1713132459593,659.8698337567465,0.0,0.0,0.0
16.38,6.9815539266880835,-13.95057601881355,2.0095011004743744,0.00020916143485061081,0.03580257987700846,46.03006231913083,6.979595702822158,-13.952543937172424,1.9999999999999991,46.0300620741569,0.010946489992819764,-0.0001620031773382944,-0.00029835706770340415,-1.3471656336909867e-05,-0.002469733269770612,-9.350011132974053e-09,0.1809913986739273,2.8592284496381524e-05,-9.743404402104991e-05,-1.7962186442728066e-09,660.0308204284613,660.0112124625682,660.0389591267159,660.0030634728638,0.0,0.0,0.0
16.432,6.981957104489653,-13.950170153441796,2.009485244973463,0.00018437309831227352,0.027060761979377988,46.03006227234358,6.979984200724173,-13.952153611077994,1.9999999999999991,46.0300620741569,0.011026639577270568,-0.00016068464183109662,-0.0002991827078597215,-3.877318681770646e-06,-0.003074823675892584,-4.106080548109945e-09,0.1810121602003864,2.6367182973622348e-05,0.00032520353476146345,-2.6956559714666324e-09,659.9713798823052,660.0715165171106,659.9788830141657,660.0639995083177,0.0,0.0,0.0
16.483999999999998,6.982361391607709,-13.949763033898732,2.009469450634951,0.00018908887446546384,0.01815272888290695,46.03006223614642,6.980375891156184,-13.951759977725132,1.9999999999999991,46.0300620741569,0.01102601154954146,-0.00015928086554309185,-0.0002994772091245504,4.458415189810376e-06,-0.002868429649166373,-1.6083429173813007e-09,0.18102658708329786,2.3544318124633756e-05,0.0005240512308646095,-2.8313306463282886e-09,659.9437602432582,660.099729862119,659.9504592008171,660.0930167387646,0.0,0.0,0.0
16.535999999999998,6.982763962959968,-13.949357592791893,2.009453745955587,0.00020820847978554602,0.01051454442854147,46.03006220784382,6.980768898369197,-13.951364888639558,1.9999999999999991,46.0300620741569,0.010950580762645186,-0.00015800769849720912,-0.00029910159250040537,7.1382009157075424e-06,-0.002327874275973804,-9.118992276682347e-11,0.18103240352157465,2.2158474307417357e-05,0.0006163162650414148,-2.779390532396662e-09,659.9309339924922,660.112788363682,659.9372384489058,660.1064701911894,0.0,0.0,0.0
16.587999999999997,6.9831624348530195,-13.948956314955788,2.0094381460658464,0.00022992353243458393,0.004687587200749963,46.030062187392474,6.981161731596757,-13.950969821692306,1.9999999999999991,46.0300620741569,0.010815540247988758,-0.0001569402426855276,-0.0002981896812128025,0.0,0.0,0.0,0.18103043255303575,2.415894947689924e-05,8.008217575083074e-06,-2.381079619209609e-09,660.0172377292963,660.0263997837249,660.0241122506011,660.019512097719,0.0,0.0,0.0
16.639999999999997,6.983554995942875,-13.94856109432155,2.009422652192753,0.00025917197524103494,-0.0005945774263926289,46.030062173174606,6.981557653276754,-13.950571522116064,1.9999999999999991,46.0300620741569,0.010634906705180951,-0.00015610203271507672,-0.00029719073616798033,0.0,0.0,0.0,0.18102503172252596,2.292369976481734e-05,0.0003354353367131385,-2.0722857984258273e-09,659.970660589602,660.0727306787816,659.9771845960322,660.0661961393744,0.0,0.0,0.0
16.692,6.9839400869383,-13.948173567920085,2.009407256301556,0.000298612393613504,-0.005459049253084631,46.03006216584298,6.981955648330352,-13.950171042025863,1.9999999999999991,46.0300620741569,0.010411724955786846,-0.00015557591620104027,-0.0002962891755193248,0.0,0.0,0.0,0.18101825937063792,2.0976444346979242e-05,0.0007086806026285294,-1.9185049896613854e-09,659.9176278651817,660.1254534528229,659.9235981100152,660.1194744088369,0.0,0.0,0.0
16.744,6.9843163435831235,-13.947795176494934,2.00939194644822,0.00034055585620500363,-0.008481791913781862,46.03006217032007,6.982352112226635,-13.949772020684994,1.9999999999999991,46.0300620741569,0.010155023421598002,-0.00015542393999695456,-0.00029529340903772163,0.0,0.0,0.0,0.18100861473769195,1.8447338822960277e-05,0.00105155869484243,-2.011033397219649e-09,659.8689367930527,660.1737028582215,659.874186705632,660.1684441911387,0.0,0.0,0.0
16.796,6.98468301017333,-13.947426730963281,2.0093767070192117,0.0003725311857902636,-0.008111179461264474,46.03006219425151,6.982744332045544,-13.949377286396775,1.9999999999999991,46.0300620741569,0.009887130402522641,-0.00015562083631809402,-0.00029404142270324224,0.0,0.0,0.0,0.1809950047655166,1.58920902353389e-05,0.001270221327235387,-2.5097415916078446e-09,659.8378511932557,660.2041705379619,659.8423719721798,660.199638339109,0.0,0.0,0.0
16.848,6.985040407943532,-13.94706791878007,2.009361516835949,0.0003801299333068551,-0.0031543112819407654,46.030062242760835,6.983134520080864,-13.948984678183592,1.9999999999999991,46.0300620741569,0.009642736708252721,-0.0001560222700075185,-0.00029248921182402197,-1.8321027430774193e-06,0.0023372368055609217,3.714957691597957e-09,0.18097767141738605,1.4916827430931462e-05,0.00038628903559893553,-4.853214224644897e-09,659.963513149181,660.0777873237163,659.9677487735286,660.0735255262775,0.0,0.0,0.0
16.9,6.985390255892026,-13.946716962293536,2.00934634868312,0.0003550049397670365,0.005379391779811998,46.03006230045731,6.98352015110771,-13.948596763310093,1.9999999999999991,46.0300620741569,0.00946155733385217,-0.0001563689937827107,-0.00029090688337202273,-1.2166925586812988e-05,0.003028347043486901,-2.2450337394836307e-10,0.18096012863705008,1.8630372848975496e-05,-7.306657969302134e-05,-4.646914664464385e-09,660.0280171326305,660.0125122340012,660.0333106121074,660.0071928485065,0.0,0.0,0.0
16.951999999999998,6.985735310549956,-13.946370987895964,2.009331172630369,0.0003114845971722166,0.014167657146350952,46.030062348105666,6.983898948279623,-13.948215848077123,1.9999999999999991,46.0300620741569,0.009361688649865084,-0.00015640692580676577,-0.00028983789223905275,-1.5302338413010183e-05,0.002827944249436905,-1.7677129056947518e-09,0.18094865709305455,2.05625288979263e-05,-0.0002812772724477737,-5.090067728827136e-09,660.0571480927755,659.9828894805343,660.0629904061408,659.977018262975,0.0,0.0,0.0
17.003999999999998,6.986078413225392,-13.946027022256425,2.009315964861517,0.0002683112202448368,0.021664674646787268,46.03006237893268,6.9842698276125335,-13.947843048297342,1.9999999999999991,46.0300620741569,0.00933742535205131,-0.00015605161379168402,-0.0002893402040435797,-1.3581638313297639e-05,0.0022736650640240545,-2.770456871947904e-09,0.18094458638428365,2.0891541416046497e-05,-0.0003815388912316698,-5.378313554251675e-09,660.0713026161674,659.9685804821017,660.0772377095903,659.9626146190859,0.0,0.0,0.0
17.055999999999997,6.986421963054381,-13.945682550465271,2.0093007133844307,0.0002314766601808496,0.027343226830526174,46.03006239304359,6.984634932652272,-13.947476221230714,1.9999999999999991,46.0300620741569,0.009373245062741908,-0.0001553472080754949,-0.0002892527447056934,0.0,0.0,0.0,0.18094672312341495,1.6749082196113216e-05,0.00018762481186496068,-6.6701803425308626e-09,659.9909004121847,660.0491116273935,659.9956527238,660.0443227567066,0.0,0.0,0.0
17.107999999999997,6.986767790202932,-13.945335650864076,2.009285417393865,0.00018508580279695753,0.032505724372775095,46.03006243871203,6.984994014943026,-13.947115599570287,1.9999999999999991,46.0300620741569,0.00945554886581216,-0.00015431228355890255,-0.0002891879632437695,0.0,0.0,0.0,0.18095129778330338,1.8591690810570083e-05,-0.0001579138111241073,-7.615012715664077e-09,660.0399659004914,660.0002831978169,660.0452400472138,659.9949665115854,0.0,0.0,0.0
17.16,6.987117471721396,-13.944984659387028,2.0092700828093304,0.00012697166922606283,0.03700258996826835,46.030062401063034,6.9853494678577785,-13.9467587972936,1.9999999999999991,46.0300620741569,0.009580438993120482,-0.00015284016109229104,-0.000289023458735026,0.0,0.0,0.0,0.1809569241240169,2.154778427649816e-05,-0.0005327458773414539,-6.855304255760856e-09,660.0930616348302,659.9474586414082,660.099179335996,659.9413015585374,0.0,0.0,0.0
17.212,6.987472317202462,-13.944628182693494,2.0092547199459183,7.139591817216517e-05,0.03935838855402853,46.03006235903711,6.9857018633188135,-13.946405177198052,1.9999999999999991,46.0300620741569,0.00973643183700214,-0.0001508789111568408,-0.00028892358116453746,0.0,0.0,0.0,0.1809648849599096,2.5032037844341007e-05,-0.0008633631967310701,-5.971528459236042e-09,660.1398271610213,659.9010479185704,660.1469390955217,659.8939002520976,0.0,0.0,0.0
17.264,6.987832936600423,-13.944265555178541,2.0092393428522843,3.8450982199717324e-05,0.03804635744782297,46.030062319511174,6.986053430330716,-13.946052408207393,1.9999999999999991,46.0300620741569,0.009898639988451802,-0.00014852635499047604,-0.0002891232818266993,0.0,0.0,0.0,0.1809770350547718,2.8087934210845778e-05,-0.001055459630453948,-5.145667528077075e-09,660.1670065264384,659.8743835730468,660.1749906529898,659.8663673013897,0.0,0.0,0.0
17.316,6.988198783884331,-13.943897324982947,2.0092239704100243,4.862525299785142e-05,0.032025984557176104,46.030062287460005,6.986405088642806,-13.945699467131053,1.9999999999999991,46.0300620741569,0.010030321893478638,-0.00014606334379667972,-0.0002897485253773247,1.0404496984092618e-05,-0.0026419204402927604,-6.1310028386731906e-09,0.18099400605294574,2.549233893231934e-05,-1.0113625108361737e-05,-2.2719317560335155e-09,660.0188719270831,660.0232521939063,660.0261265156274,660.0159849897317,0.0,0.0,0.0
17.368,6.988567908887826,-13.943525523585732,2.009208628463519,0.00010216847391702315,0.023132212595397002,46.0300622657326,6.986760660238007,-13.945342437276544,1.9999999999999991,46.0300620741569,0.010093545269688793,-0.00014390239349962718,-0.00029044594873853713,2.1508515123297216e-05,-0.003064334932895487,-2.585619882579695e-09,0.1810115092077466,2.0619098729366425e-05,0.0003741400916428869,-3.08836440961716e-09,659.9652049846966,660.0776428424101,659.9710697698006,660.0717618994731,0.0,0.0,0.0
17.419999999999998,6.988937514892703,-13.94315308691374,2.009193346418118,0.0001694385802334959,0.014436707601484819,46.03006223918659,6.987118080106936,-13.94498330314499,1.9999999999999991,46.0300620741569,0.01007640355270952,-0.0001423246845088995,-0.0002906330016967119,2.2230748402110764e-05,-0.0027625679011885782,-1.7324286870518664e-09,0.1810228948085258,1.8533271628517205e-05,0.0005501721828149593,-2.8411163912115876e-09,659.9406656685513,660.1026479655137,659.9459371901349,660.0973619606563,0.0,0.0,0.0
17.471999999999998,6.989304872511383,-13.942782890217385,2.0091781473340253,0.00022860786469489238,0.0072226836021636945,46.03006221000616,6.9874767320651205,-13.944622762663512,1.9999999999999991,46.0300620741569,0.009987457526420992,-0.00014135177512522397,-0.00029022104918359417,1.7934562109965014e-05,-0.0021647153288816365,-1.1527016373359695e-09,0.18102655418407973,1.8128438581183605e-05,0.0006233261441526004,-2.440434545608491e-09,659.9303765550357,660.1130797006979,659.9355339464588,660.107910180954,0.0,0.0,0.0
17.523999999999997,6.989667752074191,-13.942417285416614,2.009163042341205,0.0002768924485854411,0.001713531482310863,46.03006214680998,6.987837337501541,-13.944260059015233,1.9999999999999991,46.0300620741569,0.009843148478932614,-0.0001408710659140323,-0.0002893607021946615,0.0,0.0,0.0,0.18102360308676488,2.2884156773767043e-05,8.757548116623679e-05,-1.5517822679755716e-09,660.0059342715874,660.0373960863259,660.0124481078263,660.030873901302,0.0,0.0,0.0
17.576,6.990024453193326,-13.942058069359367,2.0091480307394383,0.00033644936511608516,-0.0035271847822597553,46.03006209100913,6.988198859046444,-13.943896285900923,1.9999999999999991,46.0300620741569,0.009654607163360526,-0.00014085166493511678,-0.0002885165964318205,0.0,0.0,0.0,0.18101861186808918,1.97039657465821e-05,0.00043130087504404343,-3.760495235867659e-10,659.9573214749247,660.0857795567799,659.9629331652017,660.0801668281813,0.0,0.0,0.0
17.628,6.990373459929236,-13.94170685269451,2.009133103644381,0.0004034464909067321,-0.007999285196919606,46.03006205274278,6.988558366642718,-13.94353446016693,1.9999999999999991,46.0300620741569,0.009425081007487459,-0.00014139623127581579,-0.00028771384667263157,0.0,0.0,0.0,0.18101210569086013,1.547616497731795e-05,0.0007945365277694512,4.318634178957996e-10,659.9060443723665,660.136757417916,659.9104543456542,660.132351348065,0.0,0.0,0.0
17.68,6.990713545384186,-13.941364949967397,2.009118249749149,0.00045574142016451815,-0.010210187917892846,46.030062036690325,6.988920139987933,-13.943170257439911,1.9999999999999991,46.0300620741569,0.009167076416237901,-0.00014248986693596386,-0.0002867684324420161,0.0,0.0,0.0,0.18100263830907456,1.1268332230779906e-05,0.0011138172301482915,7.770800869746307e-10,659.8609562119286,660.1814104523218,659.8641686562446,660.1782038548356,0.0,0.0,0.0
17.732,6.991044213955337,-13.941032907166813,2.0091034540355945,0.0004673811586697548,-0.00867186550795376,46.03006205427042,6.989279886331094,-13.942808056668001,1.9999999999999991,46.0300620741569,0.008906369578544482,-0.00014390254780004605,-0.0002855619559041447,0.0,0.0,0.0,0.18098952569498425,8.311762101192472e-06,0.001290518939025561,4.2608686637116133e-10,659.8359145691442,660.2058562051703,659.8382838204964,660.2034906323022,0.0,0.0,0.0
17.784,6.9913661439021535,-13.940710026412665,2.0090886962458727,0.00041845743882415443,-0.0024289194050049583,46.03006210619236,6.989636932957026,-13.942448654272429,1.9999999999999991,46.0300620741569,0.008680178972887555,-0.00014518988209119384,-0.0002840962302728017,-2.4527920253574255e-05,0.002686397283840641,4.2833390555043434e-10,0.18097342998943933,1.743442774151515e-05,0.00021217501984093943,-7.956624547419299e-10,659.9878526481989,660.0532515777924,659.9928164645905,660.0482838090048,0.0,0.0,0.0
17.836,6.991681403333108,-13.94039413132583,2.009073950788212,0.0003339130221866172,0.00645703544485962,46.03006216515291,6.989987686691112,-13.942095756172483,1.9999999999999991,46.0300620741569,0.008525417075329897,-0.00014585577702818465,-0.00028275325902003796,-2.871778751530874e-05,0.003041669172080913,2.246976632289375e-10,0.18095891030695913,2.078385664314056e-05,-0.0001515267143610364,-1.9532173930053583e-09,660.0388539306916,660.00161483991,660.0447681307503,659.9956894341183,0.0,0.0,0.0
17.887999999999998,6.991992845924479,-13.940082208878207,2.009059191685837,0.00025739559563769704,0.015046143885570394,46.030062210383086,6.990330180242519,-13.941751415756821,1.9999999999999991,46.0300620741569,0.008452243226176761,-0.00014577229052582157,-0.00028191905339935937,-2.3104139092615048e-05,0.002720044517371071,4.204845923841389e-10,0.18095057870358316,2.0691307742010866e-05,-0.0003286771557954916,-2.975038852642793e-09,660.0639206534596,659.9761979571864,660.0698054408191,659.9702958555247,0.0,0.0,0.0
17.939999999999998,6.992303227957466,-13.93977135142078,2.009044400420335,0.00020063395877045685,0.022109684568309328,46.03006224001139,6.990667247120577,-13.941412820620794,1.9999999999999991,46.0300620741569,0.00845147629783105,-0.00014508311377470017,-0.00028156510419397637,-1.6419553562104958e-05,0.0021082985357658434,5.155334213734381e-10,0.18094874840720723,2.0072005214638875e-05,-0.0004054421377772044,-3.654175741411285e-09,660.0749139813553,659.9651501441513,660.0806204121544,659.959422473019,0.0,0.0,0.0
17.991999999999997,6.992614795602542,-13.939459193364284,2.009029569475599,0.00015656782353418934,0.027524136828869925,46.03006225845523,6.990999380919259,-13.941079422124528,1.9999999999999991,46.0300620741569,0.00850644172308586,-0.00014396675240338158,-0.00028149945222433897,0.0,0.0,0.0,0.18095178035729428,1.574262483806698e-05,9.832801427181147e-05,-3.8554580800847814e-09,660.0038699015317,660.036360300833,660.0083432438098,660.031865793899,0.0,0.0,0.0
18.043999999999997,6.992929281373214,-13.93914390961903,2.009014701032009,0.00010230744059034677,0.032679602062581824,46.03006226841678,6.991325837195529,-13.9407519120524,1.9999999999999991,46.0300620741569,0.00860678651546619,-0.00014245590437718348,-0.00028134752798609434,0.0,0.0,0.0,0.1809559365991532,1.8669124173672464e-05,-0.0002601859787003651,-4.064029814110754e-09,660.054617628913,659.9858271160567,660.0599235459879,659.9804980917573,0.0,0.0,0.0
18.096,6.993248233095345,-13.93882386227973,2.0089998022279874,4.4475642499940116e-05,0.036856749063109345,46.03006226934419,6.991646890127103,-13.940429926115614,1.9999999999999991,46.0300620741569,0.008748389185430418,-0.0001404698286393542,-0.00028112815344385876,0.0,0.0,0.0,0.1809611753896715,2.2273637765629545e-05,-0.0006389159025929566,-4.084128692297826e-09,660.108166271373,659.93252995958,660.1144982192175,659.9261736410422,0.0,0.0,0.0
18.148,6.993572846971138,-13.93849777664711,2.0089848821758785,3.6615998932836075e-06,0.03848882120661116,46.03006228619155,6.991966331434402,-13.940109555220081,1.9999999999999991,46.0300620741569,0.0089165805402002,-0.00013805269866970865,-0.0002810520181879655,0.0,0.0,0.0,0.18096927161994247,2.567849831777133e-05,-0.0009491382627151938,-4.425388781396631e-09,660.1520399359554,659.8890138146027,660.1593401105249,659.8816861326123,0.0,0.0,0.0
18.2,6.993903500752632,-13.93816523827246,2.0089699528796245,2.6476328874366995e-06,0.03609128541682857,46.03006232844996,6.992284211758817,-13.939790723055511,1.9999999999999991,46.0300620741569,0.009083056367711345,-0.0001354430101609397,-0.00028130768988851297,0.0,0.0,0.0,0.18098169053666735,2.7658131351900587e-05,-0.0011000284909780794,-5.316352179496844e-09,660.1735095545548,659.8680698213831,660.1813707403237,659.8601754493561,0.0,0.0,0.0
18.252,6.994239313379112,-13.937827163749676,2.0089550340737454,5.1205022154247724e-05,0.028962362806355797,46.03006235141376,6.992603785469078,-13.939470130619222,1.9999999999999991,46.0300620741569,0.009208557115389948,-0.0001330545781863508,-0.00028193068739530496,2.0145177055710084e-05,-0.0028893039719304803,6.597221974808177e-09,0.18099815000109482,1.974083437035887e-05,9.640039872287629e-05,-8.16592843341549e-09,660.0046123790432,660.0376924874511,660.0102125946428,660.0320472757304,0.0,0.0,0.0
18.304,6.994578021480708,-13.93748593262433,2.008940151249745,0.00011600838305696925,0.019813306050551965,46.030062351414735,6.992924751636443,-13.93914796749563,1.9999999999999991,46.0300620741569,0.009258907573341999,-0.00013122014918294658,-0.00028246797808629447,2.208495080654753e-05,-0.0030761187524497545,3.2600247985273074e-09,0.1810133955801672,1.7628377494813438e-05,0.0004096681499603345,-6.972183595854305e-09,659.9606108355647,660.0823161801014,659.9656129966244,660.0772762886899,0.0,0.0,0.0
18.355999999999998,6.994916740191445,-13.937144580279119,2.008925331064315,0.00017786997022435167,0.011248017862096652,46.03006233461931,6.993250692844178,-13.938820583596172,1.9999999999999991,46.0300620741569,0.009228517936134053,-0.00012999123239838513,-0.0002824895589269033,1.944683751201419e-05,-0.0026904526346500503,7.974967290461524e-10,0.18102235990647336,1.690264202306656e-05,0.0005651021045454301,-5.740509711643553e-09,659.9387594854927,660.1045297743062,659.9435584906075,660.0997001473097,0.0,0.0,0.0
18.407999999999998,6.995252783403749,-13.936805933745193,2.0089105925429673,0.00022821859311724805,0.004328541836374586,46.03006230927585,6.993579653179989,-13.938489933650619,1.9999999999999991,46.0300620741569,0.009128371350025796,-0.00012929409050180447,-0.0002819741174939864,1.36348518016716e-05,-0.0018511774155398372,-8.022044324931408e-10,0.18102422279918856,1.7332627837552488e-05,0.0005535341942548113,-4.637468473189663e-09,659.9403802014409,660.1029781073518,659.945304735393,660.0980290663405,0.0,0.0,0.0
18.459999999999997,6.995584014914363,-13.936472242215615,2.008895940600476,0.00027332040980634675,-0.0009992082082997764,46.03006210056307,6.993910154718646,-13.938157469811172,1.9999999999999991,46.0300620741569,0.0089756627996536,-0.00012901893334374024,-0.0002811826989578677,0.0,0.0,0.0,0.1810213808300952,2.039281431353348e-05,0.00014863423195369163,-5.933694112962032e-10,659.9975425907156,660.0456859499081,660.0033495448339,660.0398760817568,0.0,0.0,0.0
18.512,6.99590880053723,-13.936145231186018,2.008881374067823,0.0003314706801238507,-0.006069312032558468,46.030061987633424,6.9942410869656255,-13.937824429282005,1.9999999999999991,46.0300620741569,0.008779955854298898,-0.00012918906950908803,-0.00028035199872808724,0.0,0.0,0.0,0.1810161862075172,1.7074201259759448e-05,0.0005015738957287805,1.7825006526012096e-09,659.9476316667809,660.0953563459317,659.9525003137561,660.0904986246287,0.0,0.0,0.0
18.564,6.996225688878687,-13.935826442936447,2.008866885904162,0.0003922191556738901,-0.010047974400321718,46.030061902728626,6.99457403217131,-13.937489304214742,1.9999999999999991,46.0300620741569,0.008545927254247337,-0.00012989208159997788,-0.0002795176214123868,0.0,0.0,0.0,0.18100920836471632,1.3104184186837145e-05,0.0008678027818955693,3.56246624833978e-09,659.8958795698902,660.1467852061912,659.8996225554833,660.1430633504004,0.0,0.0,0.0
18.616,6.996533611462198,-13.935517023458235,2.008852465064078,0.00043305709214086594,-0.011393160893266214,46.03006180080039,6.994904618035832,-13.937156491611184,1.9999999999999991,46.0300620741569,0.008289145100561744,-0.00013106755830750666,-0.0002785118600661371,0.0,0.0,0.0,0.180999152876642,9.319004139470618e-06,0.001157237895702531,5.683523847560974e-09,659.8549659336821,660.187232354475,659.8576366408225,660.1845944531957,0.0,0.0,0.0
18.668,6.996832342166132,-13.935217231807568,2.0088380959759093,0.0004301183147751902,-0.008691904784936253,46.03006176616768,6.995229607556836,-13.93682932550226,1.9999999999999991,46.0300620741569,0.008038401502997687,-0.00013244647475425976,-0.0002772974243627178,0.0,0.0,0.0,0.1809861484624369,6.961151780737858e-06,0.001273391368249821,6.4361670568884806e-09,659.8384636913568,660.2031422939406,659.8404647877089,660.2011779362621,0.0,0.0,0.0
18.72,6.997122913304261,-13.934925993648358,2.0088237574977224,0.00037027239162096894,-0.0014499147449867909,46.030061789858266,6.995551254575763,-13.936505683755307,1.9999999999999991,46.0300620741569,0.007832557335813149,-0.00013357263918731008,-0.00027591203496399953,-2.5829205266935457e-05,0.0028620223730461748,-4.622044114297493e-09,0.18097123771557658,1.7220902286687898e-05,6.113211278937093e-05,7.619324780436963e-09,660.0093338939505,660.0316509363624,660.0142600354415,660.0267671267738,0.0,0.0,0.0
18.772,6.9974076723753695,-13.93464083662002,2.0088094254043836,0.00029003128041392684,0.00743012973484653,46.03006183806652,6.9958700969638485,-13.936185006949552,1.9999999999999991,46.0300620741569,0.007702908133781649,-0.00013403961885675135,-0.00027478387591737597,-2.606053939462939e-05,0.0029541197730158257,1.1336956682381808e-09,0.180959388982703,1.9161734979097713e-05,-0.00022191086099607302,4.552560349490176e-09,660.0491104988514,659.9913620816939,660.0545806236387,659.98591665033,0.0,0.0,0.0
18.823999999999998,6.997689475368537,-13.934358747703923,2.0087950772434513,0.00022282425849218555,0.015554944790996417,46.0300618850588,6.996182753026641,-13.935870744751517,1.9999999999999991,46.0300620741569,0.007652409271747887,-0.00013382357183407403,-0.00027414021265399747,-1.994743886168588e-05,0.0025303661436349863,5.0654617574785665e-09,0.18095354646808065,1.87300461514637e-05,-0.00035488606108573294,2.157388865859911e-09,660.0679916066033,659.9722452937699,660.0733319954577,659.9669160374139,0.0,0.0,0.0
18.875999999999998,6.997970924786414,-13.934076984807326,2.0087806976826443,0.00017191218531438117,0.021697819439605966,46.030062254519244,6.994362198300983,-13.937699633944987,1.9999999999999991,46.0300620741569,0.0076690188394877585,-0.0001330885596544785,-0.00027403040309464005,0.0,0.0,0.0,0.18095468468596235,-6.915515840723543e-05,-0.004887877031177564,-3.566090708076782e-09,660.7257359770077,659.3138386085309,660.7060495967144,659.3335467847409,0.0,0.0,0.0
18.927999999999997,6.998253770125621,-13.933793690403006,2.008766265644527,-0.00017002447083419732,0.014361865097512558,46.030063015363126,6.988558016473846,-13.943530355294314,1.9999999999999991,46.0300620741569,0.007712821665002127,-0.000131467864754809,-0.00027571310158591266,-0.00022867400836535013,-0.007120499723734371,1.732656534159134e-07,0.18097581233196408,-0.00020339160796418662,-0.017004364015560155,-8.156654190738421e-08,662.4668094726544,657.5655466178715,662.4088644137557,657.6234650013494,0.0,0.0,0.0
18.979999999999997,6.9985346651189655,-13.933512069150312,2.00875180243567,-0.0016679670050896193,-0.04599871764477733,46.03006443140649,6.9816227043323735,-13.950497372618829,1.9999999999999991,46.0300620741569,0.007543269196319547,-0.0001234690576613538,-0.0002830516799866086,-0.0007128454529309875,-0.031012874781425254,1.2732119302507566e-07,0.18105410823602355,-0.00023004835026767625,-0.023186017842162055,-9.424302973691429e-08,663.3489454401167,656.6793570066053,663.2834873492686,656.744948730304,0.0,0.0,0.0
19.032,6.998793362387789,-13.933252117589248,2.0087373955307575,-0.004765905757106829,-0.1956880446942644,46.030073093611456,6.975021256995224,-13.957128996481975,1.9999999999999991,46.0300620741569,0.0065543453570214615,-9.695949747023655e-05,-0.000296464524121446,-0.0012496248558232959,-0.06367470472053006,-3.0793699954029703e-08,0.18119087845379792,-0.00013894362476863026,-0.020725155904966677,-2.1484797144751572e-07,662.9922301541212,657.0495781300956,662.9522391188127,657.0887330813304,0.0,0.0,0.0
19.084,6.998981893227803,-13.933061569056514,2.008723161220267,-0.009158169467230625,-0.4401624887599348,46.03010275130893,6.969361683787864,-13.962814439617963,1.9999999999999991,46.0300620741569,0.003928057976426414,-3.867682857544172e-05,-0.0003005958389135068,-0.0015887432865931083,-0.09335412092284698,4.3819689674737604e-07,0.18123193344634414,-9.847616670501666e-07,-0.011493369317023695,-9.919636445270601e-07,661.6722783186008,658.3984514326418,661.669258200947,658.3959786551568,0.0,0.0,0.0
19.136,6.999023339260211,-13.933017370023396,2.0087090327878467,-0.014012384823080478,-0.7522287768817093,46.03016333836731,6.9647996846757385,-13.967397291074116,1.9999999999999991,46.0300620741569,-0.0010675025063500041,5.9552737653869636e-05,-0.00025955604510880144,-0.0016088233392290547,-0.11026728399475852,-1.695226387924705e-06,0.1808277163667024,0.00011837793766352877,0.000861183451499499,-1.477522797144583e-06,659.9083101671207,660.187304005182,659.9379398444718,660.149503352668,0.0,0.0,0.0
19.188,6.9988209084601225,-13.933216816368564,2.0086942603716755,-0.01835796026199626,-1.0839112356364347,46.030248584107206,6.961272108730167,-13.97094099082835,1.9999999999999991,46.0300620741569,-0.008826799898450562,0.0001976151331040208,-0.00013295189066411976,-0.0013217428272258476,-0.10960053422930224,-3.962438996193681e-06,0.1796063733744157,0.00018301186766602563,0.012887547136695713,-2.4312232367656336e-06,658.1887399742001,661.911419234024,658.2342583016081,661.852724963362,0.0,0.0,0.0
19.24,6.998273463633808,-13.93376208168533,2.008677045949594,-0.021470053877421545,-1.382018408550356,46.03033549465144,6.958626573576237,-13.973598617988861,1.9999999999999991,46.0300620741569,-0.019285205632187753,0.00036750312874274653,9.51063145859264e-05,-0.0008368586100773699,-0.09139365998922673,-6.9991269230640695e-06,0.17746969454744202,0.00019374473791055862,0.022129729064778007,-3.1590163323867325e-06,656.8565830392654,663.2147615141569,656.9032400491614,663.1511339772903,0.0,0.0,0.0
19.291999999999998,6.9972925162959525,-13.934743072257364,2.0086544037385505,-0.0229608219329265,-1.600137793134254,46.03039395645392,6.956689548920278,-13.97554449614111,1.9999999999999991,46.0300620741569,-0.031926265594764816,0.0005561489619681427,0.00038908829505784654,-0.00026713002152320626,-0.05939970662147589,-1.0101775261884686e-05,0.1748613828856479,0.0001609654800026741,0.027345074176582482,-3.3174234019548834e-06,656.0895135495633,663.9241344078051,656.1263920519315,663.8694210471797,0.0,0.0,0.0
19.343999999999998,6.995816729549483,-13.936222636751186,2.008622662547506,-0.02274937636847825,-1.707159565774408,46.03040244003846,6.9552990235842636,-13.97694137704277,1.9999999999999991,46.0300620741569,-0.04588434263709313,0.0007484427303208886,0.0006661216721452478,0.0002938393437176343,-0.019342576724689794,-1.2415436673118315e-05,0.17271110598349207,9.823377538601388e-05,0.028349464784747723,-2.667704141839937e-06,655.9236365869467,664.0268604057446,655.9443564471947,663.9917052043189,0.0,0.0,0.0
19.395999999999997,6.993821332137022,-13.938226845289197,2.0085786407615767,-0.020960940017161967,-1.6898428031929398,46.03035608740759,6.95431757297435,-13.977927313453096,1.9999999999999991,46.0300620741569,-0.06009776348665576,0.0009297025146627116,0.0008279153925487752,0.0008047471280426624,0.02273205972770558,-1.3739172613019705e-05,0.17208416801502308,7.940467048059199e-06,0.025649090191067044,-1.2274348564123106e-06,656.304468165596,663.6129634293408,656.303324075924,663.6073330874135,0.0,0.0,0.0
19.448,6.991321658148931,-13.940741222857056,2.0085211338463904,-0.017874451085982235,-1.5520383672913023,46.03027086516069,6.953635182877745,-13.978612822444894,1.9999999999999991,46.0300620741569,-0.07346817935690905,0.0010869521458157698,0.0008047758758704799,0.001165606350948891,0.06141172127005855,-1.2442420320561644e-05,0.17370263549672832,-7.693531077296333e-05,0.02018725675424335,8.3637054014362e-08,657.1100290201199,662.8383902053774,657.088251012828,662.8604405648746,0.0,0.0,0.0
19.5,6.988371175091682,-13.94371258292816,2.0084521343393082,-0.013983025866688602,-1.3115746661803662,46.03017113537343,6.953167201337362,-13.979082942900662,1.9999999999999991,46.0300620741569,-0.08500169055242433,0.0012109632243830226,0.0005866224950109365,0.0013794149961949844,0.09257332460892283,-1.0106017780436584e-05,0.17760232421078442,-0.00015015836245934428,0.013087655610229072,1.331293968460275e-06,658.1854729943834,661.8703780731857,658.1462806700931,661.9167026804579,0.0,0.0,0.0
19.552,6.985055100613143,-13.947055322385784,2.00837713493354,-0.00969844028167735,-0.9955808045545964,46.03008144452654,6.952850381380622,-13.979401210876794,1.9999999999999991,46.0300620741569,-0.0939149608944762,0.0012967091720460444,0.00022715774696351363,0.0014613397127128385,0.1137500836556145,-6.984642960849975e-06,0.18308207891464964,-0.00020964536863137803,0.005413256305465512,2.086487985192092e-06,659.3728344300245,660.8547530519119,659.3188450142741,660.9201581698655,0.0,0.0,0.0
19.604,6.981481206833332,-13.950660673186281,2.008304375962673,-0.005364039958382724,-0.6359387400385592,46.03001924310076,6.952638555126868,-13.979614005271678,1.9999999999999991,46.0300620741569,-0.09969811381659306,0.0013426686458318754,-0.00017571900967245795,0.001436431024323874,0.1239360939203338,-3.8403047853757745e-06,0.18891956057132417,-0.00025648486771747585,-0.0018875802628062835,2.26522201763635e-06,660.5189522302081,659.9084436266032,660.4522188714086,659.9877794969902,0.0,0.0,0.0
19.656,6.977769296595463,-13.954407379911265,2.008243199924011,-0.0012703324085065173,-0.26503592156879124,46.029991289815165,6.952498665209608,-13.979754534544318,1.9999999999999991,46.0300620741569,-0.1021378209230737,0.0013501855904667404,-0.0005152618070610185,0.0013206422259252975,0.12351361993935908,-1.2543866310893619e-06,0.19377008180786554,-0.00028742671490108996,-0.008102025822320807,1.92728162656471e-06,661.4980346979033,659.1095185284026,661.4216718711391,659.196837605675,0.0,0.0,0.0
19.708,6.974040686851821,-13.958172410261374,2.0082019515413894,0.00234913765482438,0.08796009132193884,46.0299942469056,6.952407431712059,-13.979846185014148,1.9999999999999991,46.0300620741569,-0.10130281511693448,0.0013229664941235679,-0.0007114461143486709,0.0011354945956268902,0.11397452615343222,4.3424153601008606e-07,0.19658218904821634,-0.00030106961876174133,-0.012805258059070748,1.265799120048819e-06,662.2278159095862,658.4967139352714,662.1458378219911,658.586172668454,0.0,0.0,0.0
19.759999999999998,6.970408849906232,-13.961840505707164,2.008186140535458,0.0053325872051185825,0.3995408945885849,46.030018052849066,6.95234870124965,-13.979905183895442,1.9999999999999991,46.0300620741569,-0.09750010373857856,0.0012664717816333634,-0.0007306992208759935,0.0009062717608816627,0.09743369485130156,1.1667910234620664e-06,0.19684976930620496,-0.00029831400704771006,-0.01580499672298871,5.097668006214071e-07,662.6676283435636,658.0834390344319,662.5844008248519,658.1700671956347,0.0,0.0,0.0
19.811999999999998,6.966971987907222,-13.965311777196694,2.008197356899377,0.007594474123034193,0.653070761629314,46.030050263471274,6.952311416769344,-13.979942638777576,1.9999999999999991,46.0300620741569,-0.0912147929711399,0.001187219625038613,-0.0005895017743560238,0.0006584760375677557,0.07628426645918321,1.1156915578729923e-06,0.19468215922381893,-0.00028180784006907975,-0.01710508785454659,-1.444881006836384e-07,662.8161271738428,657.8662776323476,662.7357959524245,657.9464005674317,0.0,0.0,0.0
19.863999999999997,6.963807931592752,-13.968506943484845,2.008233109264263,0.009119190332046072,0.8391963042482352,46.03007974838061,6.952288106213944,-13.97996605586861,1.9999999999999991,46.0300620741569,-0.08304369506791014,0.0010921008881198877,-0.0003424010774227912,0.0004134664684104086,0.05298041302446669,4.459411609677175e-07,0.19069206227767055,-0.0002546300861854366,-0.01689287121096808,-5.211858301056464e-07,662.7085719755952,657.8263299877935,662.6348990358565,657.8976453075879,0.0,0.0,0.0
19.916,6.960971477458841,-13.971370089012364,2.0082875584813604,0.009946519966690997,0.9554739821083859,46.03009950108682,6.95227378256811,-13.979980444976762,1.9999999999999991,46.0300620741569,-0.07362947152817188,0.00098781177558696,-6.132792551023624e-05,0.00018972233155399622,0.029712088502160422,-1.4292675597608218e-07,0.18576964745761318,-0.00022069925087865393,-0.015455037636888505,-7.265019688713793e-07,662.401865941876,657.9380059132502,662.3372229353097,657.9990447492597,0.0,0.0,0.0
19.968,6.958494008896106,-13.973869092279143,2.0083528235200405,0.010160712200235646,1.0052773538040054,46.030106542187035,6.95226515824166,-13.97998910871786,1.9999999999999991,46.0300620741569,-0.06360270942870563,0.0008803907742118945,0.00018539029263016832,-2.850579764116824e-06,0.008259366809016134,-7.703289610286274e-07,0.18083534115836708,-0.0001826002021266832,-0.013128172136624056,-6.523406617719725e-07,661.9619793312728,658.170978119651,661.9083189373221,658.2213200912478,0.0,0.0,0.0
20.02,6.956385013847609,-13.975994116609384,2.0084204394643006,0.009869455933250797,0.9965205467743202,46.03010188253507,6.952260093038706,-13.979994197069301,1.9999999999999991,46.0300620741569,-0.05353569611587404,0.0007749306860896771,0.0003468637388971558,-0.000159642473912373,-0.010041205130861755,-1.1819093869211727e-06,0.17665777725977969,-0.00014227593559342484,-0.010277370484140326,-4.112101071208993e-07,661.4577541696749,658.4897489237211,661.416180563502,658.5292244816706,0.0,0.0,0.0
20.072,6.954635031983489,-13.977754632739051,2.0084827432083694,0.009193375673422996,0.9400848280209456,46.03008898905701,6.952257211884386,-13.979997091390521,1.9999999999999991,46.0300620741569,-0.04390896671065908,0.0006754781802173575,0.00040109534597654805,-0.00026446457924483754,-0.024402841890765876,-1.163421386617434e-06,0.1736972930164475,-0.00010724141307420171,-0.007225091040907548,-1.5121831282940436e-07,660.9475428165345,658.8587262548288,660.9166214999985,658.8889051296047,0.0,0.0,0.0
20.124,6.9532195048542365,-13.979175517010688,2.0085338794279877,0.008289589503038212,0.8484574498299297,46.030071910082505,6.952255643646999,-13.979998666794557,1.9999999999999991,46.0300620741569,-0.03509192538101906,0.00058473548848207,0.0003513629177518119,-0.00032509335461188525,-0.034480077368360916,-9.442408358185816e-07,0.17210918604508676,-7.835317120261814e-05,-0.004260625648628526,1.260496103531529e-07,660.4779347779038,659.2417762534245,660.4559816277197,659.2644688103627,0.0,0.0,0.0
20.176,6.952103053778892,-13.980292718774054,2.0085702459074466,0.007252048646134856,0.7343072349053801,46.03005436287906,6.952254844957584,-13.979999469133714,1.9999999999999991,46.0300620741569,-0.02733562304766109,0.0005041909337130073,0.00021994047449347076,-0.0003583770467004359,-0.04036738949549635,-4.989791718817868e-07,0.17179090987805687,-5.115283924047993e-05,-0.0015951972687764417,3.3265305586877593e-07,660.0782083363952,659.6091579710728,660.0645609488901,659.6246584134087,0.0,0.0,0.0
20.227999999999998,6.951243724330073,-13.981148930099069,2.0085904822929574,0.006176839858010084,0.609459425741478,46.0300391820585,6.952254482830424,-13.979999832915524,1.9999999999999991,46.0300620741569,-0.02077695610806158,0.00043450892298112144,3.910119023986801e-05,-0.0003590680459462757,-0.04247414980132735,3.0999941820424146e-08,0.17247047586475395,-3.0430731689095724e-05,0.0006286544730623803,4.6126630062132945e-07,659.7649530156679,659.9353871806353,659.757560071219,659.9453333263102,0.0,0.0,0.0
20.279999999999998,6.95059687857405,-13.981789613276273,2.0085951286873125,0.005139425424927214,0.48413538733465333,46.030027859173764,6.952254357420334,-13.979999958898496,1.9999999999999991,46.0300620741569,-0.015451071835319036,0.0003755327446676482,-0.00015777515261952823,-0.00033839690984170597,-0.0414072728728864,5.656860864443683e-07,0.17380438353055214,-1.4478697411133597e-05,0.002327538396055368,5.075158191995817e-07,659.5432171224694,660.2021861838459,659.5404967618491,660.2077140946129,0.0,0.0,0.0
20.331999999999997,6.950118506098874,-13.98225961887734,2.008586086694398,0.0041915289810395,0.3665003074966188,46.030020833762805,6.952254351830437,-13.979999964513741,1.9999999999999991,46.0300620741569,-0.011309045497858498,0.0003265348461039593,-0.0003426122361833193,-0.00030277627699672687,-0.037904759195009394,1.0414713092831988e-06,0.17545755752842288,-2.9622606784068014e-06,0.0034800090359452234,4.858828948235142e-07,659.4089668201193,660.399497576151,659.4094691768455,660.401685670272,0.0,0.0,0.0
20.384,6.949767820149818,-13.98260052823459,2.008566045097792,0.0033680895250302193,0.26243724574998234,46.03001776765832,6.952254399926341,-13.979999916197889,1.9999999999999991,46.0300620741569,-0.008238635658930083,0.000286404815155947,-0.0004959828298213011,-0.0002575580781753354,-0.03273881313754433,1.4174667573887178e-06,0.17715441518838557,4.351972254000778e-06,0.0041123022151224094,4.1682795323903735e-07,659.3522230044078,660.5249022132429,659.3546193643379,660.524817099165,0.0,0.0,0.0
20.436,6.949509083820228,-13.98284878214704,2.0085379687619223,0.0026883685272073507,0.17556982490646653,46.0300179061415,6.952254465989058,-13.979999849833147,1.9999999999999991,46.0300620741569,-0.0060857111646913185,0.000253799564445929,-0.0006079593136613217,-0.0002079108890241684,-0.026651599850462483,1.7009914863924597e-06,0.17870349446368677,7.99796513484349e-06,0.0042881477388214346,3.1388220312257626e-07,659.3592173809324,660.5829666193317,659.3623678425639,660.5815590596446,0.0,0.0,0.0
20.488,6.9493126856465235,-13.98303457702388,2.0085047157641527,0.002157338705318223,0.10745442836875514,46.030020327618395,6.952254532053636,-13.97999978346657,1.9999999999999991,46.0300620741569,-0.004674469242806302,0.0002272821054647222,-0.0006765638674432113,-0.00015852409491121908,-0.020299249442365212,1.826503609180137e-06,0.17999448988936886,8.750731710042806e-06,0.004094966696318536,2.194440130959871e-07,659.4144377438408,660.583324921931,659.4175407659167,660.5814418184415,0.0,0.0,0.0
20.54,6.9491555366405935,-13.983181454727912,2.008468778652349,0.0017665850051795976,0.05789342889287514,46.030024173904174,6.952254590171419,-13.979999725083127,1.9999999999999991,46.0300620741569,-0.003825091693261807,0.000205447540731929,-0.000706009547167189,-0.00011334534997684146,-0.014218624954943738,1.8726607898806335e-06,0.18098929230113697,7.600659989676383e-06,0.0036327305822004717,1.211952229314278e-07,659.5022682516167,660.5391320031819,659.5047707264913,660.5373042076125,0.0,0.0,0.0
20.592,6.949020899804877,-13.983306472166934,2.0084321478771305,0.0014995280737485114,0.025347769603522568,46.03002877974749,6.95225463778161,-13.979999677255316,1.9999999999999991,46.0300620741569,-0.003367909647093069,0.00018702388875805373,-0.0007038282237216435,-7.45483549208139e-05,-0.00880182444996217,1.8385737300064657e-06,0.18169822996698679,5.228760074648624e-06,0.0029995308194599103,3.9720312300915186e-08,659.6085397190807,660.4643552346885,659.6101400101884,660.462976871905,0.0,0.0,0.0
20.644,6.948897791525966,-13.983420809211536,2.0083963020488262,0.0013346013758931924,0.007359072821132193,46.03003365621664,6.952254675015273,-13.979999639851469,1.9999999999999991,46.0300620741569,-0.003153551346703593,0.00017092872573272526,-0.000678388900173213,-4.344745929946141e-05,-0.004300578589740185,1.7441709566296198e-06,0.182156088709573,2.2849885874028814e-06,0.002285501728285379,-3.0853625080058585e-08,659.7209185351469,660.3725157273959,659.7214841705178,660.3717798461491,0.0,0.0,0.0
20.695999999999998,6.948780097590203,-13.983530669356375,2.0083622489845374,0.0012471380685614133,0.0009189088701208162,46.030038705688426,6.952254703178703,-13.979999611559313,1.9999999999999991,46.0300620741569,-0.0030592221408006653,0.00015630016516492417,-0.0006376711776733634,0.0,0.0,0.0,0.18240880816156524,-8.524041225289362e-06,0.0012469991235183964,4.894589158894884e-07,659.8752822629693,660.2280165672963,659.8742096767324,660.231798769479,0.0,0.0,0.0
20.747999999999998,6.948665504855918,-13.98363836838953,2.0083305947011203,0.0011894691464920772,0.002269652048064929,46.03004564495074,6.95225472394101,-13.979999590702107,1.9999999999999991,46.0300620741569,-0.002993784347443492,0.00014257130136358938,-0.0005884871305148352,0.0,0.0,0.0,0.18250367658842173,-4.124708051822054e-06,0.0015439526699201156,3.4474117169820096e-07,659.8346577286908,660.2732198514014,659.8344375785804,660.275348599961,0.0,0.0,0.0
20.799999999999997,6.9485543180031435,-13.98374353177211,2.0083016272300407,0.0011470424963303995,0.009922902487585445,46.030052181324976,6.952254738931038,-13.979999575643559,1.9999999999999991,46.0300620741569,-0.002895230023837801,0.00012957706807360854,-0.000536153818947914,-8.762340626565935e-06,0.0032605985771823782,1.6766148062421175e-06,0.18248346417004851,2.689510973941109e-06,0.0002771388968212183,-3.93954310454358e-07,660.0147044955561,660.0944030263119,660.0143795052865,660.0925461544236,0.0,0.0,0.0
20.852,6.948448798981912,-13.983843769826041,2.0082753953651253,0.001154068880271613,0.020950127761992933,46.030056557092024,6.952254749563865,-13.979999564962132,1.9999999999999991,46.0300620741569,-0.0027162287154761907,0.00011704445529504238,-0.00048454699531509833,8.969252487181934e-06,0.003858019815087792,1.2223392948555371e-06,0.18238444900703438,-3.3550324088083023e-06,-0.00019916555141515405,-3.2248817836874873e-07,660.0811192474133,660.0234387255108,660.0792707001036,660.0235012173277,0.0,0.0,0.0
20.904,6.948352275245221,-13.983935618651014,2.0082517771946877,0.0011952473078632715,0.03225207714449848,46.03005995313294,6.9522547569897535,-13.979999557502301,1.9999999999999991,46.0300620741569,-0.0024408004875977386,0.00010453929793136337,-0.0004361923711842236,1.521661424160295e-05,0.0036715963192890167,9.53449942705174e-07,0.18223513364632776,-7.405080809046225e-06,-0.0004944652892982659,-2.972065840168412e-07,660.1204331339758,659.9774931436122,660.1175013101799,659.9787792965972,0.0,0.0,0.0
20.956,6.948268149798193,-13.984015558214532,2.008230541497134,0.0012340106233128991,0.0421217436227636,46.03006254519609,6.952254762103422,-13.979999552365262,1.9999999999999991,46.0300620741569,-0.0020749182318137217,9.189129333761836e-05,-0.0003927118040434001,1.0509572052325774e-05,0.0030219790621445267,7.007174852763784e-07,0.18205866385866212,-8.24580679459988e-06,-0.0006601623091612902,-2.6078038898130886e-07,660.1402239437735,659.9498504456967,660.1371536511556,659.9514770296773,0.0,0.0,0.0
21.008,6.948199326070611,-13.984080585716484,2.008211390270299,0.0012494275101068396,0.049547817091498275,46.03006440914432,6.952254765578892,-13.979999548873908,1.9999999999999991,46.0300620741569,-0.0016368497530222042,7.921156680444177e-05,-0.0003550315986047118,1.29476908608037e-06,0.0021096874563788772,4.892219163803779e-07,0.18187351621763706,-7.3568362273134046e-06,-0.000719371443424066,-2.2404135945537271e-07,660.1444102696831,659.9374249489731,660.1416948806345,659.9389000886724,0.0,0.0,0.0
21.06,6.9481487031013955,-13.984127782799035,2.008194306025511,0.0012350718876860214,0.054359801738133824,46.03006586620432,6.952254767911454,-13.979999546530683,1.9999999999999991,46.0300620741569,-0.0011607347215605301,6.697122654834715e-05,-0.0003247812583487551,-9.798624085281771e-06,0.001416272915017057,4.0078042179293355e-07,0.18169610817516377,-5.145430996430816e-06,-0.0008251783859656249,-2.22774619083687e-07,660.1552545593,659.9187619604817,660.1531724636064,659.9196106870202,0.0,0.0,0.0
21.112,6.9481155228475835,-13.984157701251576,2.0081782473245195,0.0011869582169945817,0.05689605732479457,46.03006678422167,6.95225476945774,-13.979999544977332,1.9999999999999991,46.0300620741569,-0.0006487790133950361,5.496865686531082e-05,-0.0002999104658007601,0.0,0.0,0.0,0.18153952676536492,-1.0114265085596642e-05,-0.0006276736314718192,-9.832183205278139e-08,660.1242133553142,659.9425577868064,660.1210607326793,659.9451666076769,0.0,0.0,0.0
21.163999999999998,6.948101587475781,-13.98416865990402,2.0081638183314867,0.0010937447465633075,0.05664122973313848,46.0300674625357,6.952254770470124,-13.979999543960316,1.9999999999999991,46.0300620741569,-0.00011497788746967513,3.516660262829323e-05,-0.0002275693263405816,-1.838544749112178e-05,-0.000224329370210733,7.772456254545488e-08,0.18086652974754724,-1.073711636239734e-05,-0.0008317212002023012,-1.4043555602230926e-07,660.1385058156131,659.8985503535499,660.135059276191,659.901220132778,0.0,0.0,0.0
21.215999999999998,6.948105813193433,-13.984161328060088,2.0081486399880166,0.0009243269862047412,0.052975198020541944,46.0300676730791,6.952254771124499,-13.979999543302952,1.9999999999999991,46.0300620741569,0.0003570052112003074,3.390939566974255e-05,-0.0002761567387515395,-5.1367417897457536e-05,-0.0016035737747767454,2.5278758536256675e-08,0.1814032180754656,1.4526930354812075e-05,-0.0004280104428493577,-1.2619949209360923e-07,660.0892710581041,659.9715016174334,660.0930588105823,659.96701410754,0.0,0.0,0.0
21.267999999999997,6.948127839320139,-13.984136299993343,2.0081344453126277,0.0008180452445155201,0.04679133227499843,46.03006750595841,6.952254771541753,-13.97999954288379,1.9999999999999991,46.0300620741569,0.0008054958630605595,2.5399392983514625e-05,-0.00026123610335287317,-2.4219062544673074e-05,-0.0022812595148025373,-5.326487897857349e-08,0.18128693377732225,6.213394993856558e-06,-0.00020487095888843578,-9.461446105052068e-08,660.0560286281905,659.999446241293,660.0575362580743,659.9974144027158,0.0,0.0,0.0
21.32,6.948164350114077,-13.984096888280684,2.0081212374078508,0.0007742379386066009,0.039333021136917605,46.030067146830206,6.952254771803899,-13.97999954262045,1.9999999999999991,46.0300620741569,0.001177570326614647,1.7888796335478694e-05,-0.0002488596808262906,-1.1243391539985932e-05,-0.002615690811844403,-1.0496326278794886e-07,0.1811647831532979,8.253501374166115e-07,-2.1935073652430996e-05,-6.861005306616754e-08,660.0279698813421,660.021957306036,660.0280149513793,660.0215322136337,0.0,0.0,0.0
21.372,6.94821296012487,-13.984045475330234,2.0081084820086996,0.0007392153522877281,0.031354659997411376,46.03006666757843,6.952254771965883,-13.979999542457726,1.9999999999999991,46.0300620741569,0.0014745249749885353,1.0844177307018062e-05,-0.00024199847536100056,-1.3140785206174174e-05,-0.0026877826968785905,-1.3699949279614255e-07,0.18108289960531518,5.84502988123568e-07,0.00012276878659682347,-4.714535554107217e-08,660.0055241333738,660.0406583238487,660.0055600501641,660.0403612845452,0.0,0.0,0.0
21.424,6.948270907688,-13.9839848896824,2.0080959847376083,0.0006910408934412066,0.023547831896195217,46.0300661286291,6.952254772064068,-13.979999542359097,1.9999999999999991,46.0300620741569,0.0016957064809731543,4.281040459952354e-06,-0.0002382612322294522,-1.8161924592396648e-05,-0.00255008585607227,-1.5376496194375891e-07,0.18102404053323104,1.985641649093996e-06,0.00022602174230986047,-2.9896754633080724e-08,659.9892700015096,660.0542125034052,659.9897527909997,660.0535641749284,0.0,0.0,0.0
21.476,6.94833552775001,-13.98391785281583,2.0080836194394664,0.0006302087787017279,0.016434380843624235,46.03006557435283,6.95225477212221,-13.979999542300693,1.9999999999999991,46.0300620741569,0.001845990863077194,-1.6860010044666367e-06,-0.00023667939527171467,-2.1583949081563163e-05,-0.002261043959135507,-1.592583017025091e-07,0.180982733731796,3.339931718589569e-06,0.00028897714973369793,-1.6332699091108824e-08,659.9791626752005,660.0624223906281,659.9800688011397,660.0614259185446,0.0,0.0,0.0
21.528,6.948404416364701,-13.98384680821878,2.0080712975579846,0.000563300345161254,0.010339773995705355,46.03006502393299,6.9522547721556425,-13.979999542267107,1.9999999999999991,46.0300620741569,0.0019341623989042069,-6.9795527612038725e-06,-0.0002365713204793626,0.0,0.0,0.0,0.18095512329897914,-4.513312000101437e-06,-0.000404815545851646,-6.196436741239304e-08,660.0785285092245,659.9619406147951,660.0770715167828,659.9630546186058,0.0,0.0,0.0
21.58,6.9484755018266116,-13.983773850555627,2.008058958699895,0.0004739554051048645,0.004293457603388306,46.03006435175167,6.95225477217412,-13.979999542248544,1.9999999999999991,46.0300620741569,0.0019683448013962093,-1.152757657961332e-05,-0.0002374571703521432,-3.331030789662211e-05,-0.002056087626453489,-2.0084524051014978e-07,0.18093843531973072,9.967942324454142e-06,0.0006010232472656938,2.4086862666543532e-08,659.9327246334667,660.1067515278004,659.9356308582234,660.1039794537475,0.0,0.0,0.0
21.631999999999998,6.948546816762694,-13.983700954983398,2.0080465650965627,0.0003767462158793876,-0.0011973594799102845,46.030063735772444,6.952254772183759,-13.97999954223886,1.9999999999999991,46.0300620741569,0.0019495997328286801,-1.5156769069814421e-05,-0.000238908294320096,0.0,0.0,0.0,0.18092967751480496,-3.121009649816658e-07,4.9212792010803033e-05,-3.5069820879417443e-08,660.0126666889443,660.0265949368821,660.012480668262,660.0265867079768,0.0,0.0,0.0
21.683999999999997,6.948616554161304,-13.983629923545687,2.0080340944729898,0.0002581642699006684,-0.006409919723384457,46.0300630230629,6.952254772188328,-13.97999954223427,1.9999999999999991,46.0300620741569,0.0018840755034217269,-1.7799362093733117e-05,-0.00024067873257909645,0.0,0.0,0.0,0.1809271545357629,3.77987770998088e-06,0.00032056408881709394,-2.0235572393769414e-08,659.973363785731,660.0657457870225,659.9743844273037,660.0646132118701,0.0,0.0,0.0
21.735999999999997,6.948683061533718,-13.983562387495207,2.0080215372470605,0.0001283606103200908,-0.01079228275540373,46.030062262576955,6.952254772190102,-13.979999542232488,1.9999999999999991,46.0300620741569,0.001775888945566977,-1.9287882900652135e-05,-0.00024249334900426438,0.0,0.0,0.0,0.1809284806489317,9.25109460783354e-06,0.000601038920965509,-4.349887549301328e-09,659.9326482350841,660.1064754624173,659.935271492391,660.1038287950252,0.0,0.0,0.0
21.788,6.948744985551447,-13.983499662902666,2.0080088924723354,2.1495383933697504e-05,-0.013173369840380512,46.03006157927605,6.952254772190426,-13.97999954223216,1.9999999999999991,46.0300620741569,0.001637118228422783,-1.965350880707155e-05,-0.0002442079039150384,0.0,0.0,0.0,0.18093227723603997,1.4672416194962228e-05,0.0008311841286417751,9.95953695474196e-09,659.8991622564655,660.1400852281192,659.9033696969012,660.1359344514206,0.0,0.0,0.0
21.84,6.948801636264824,-13.98344239487569,2.0079961646980156,-2.313356721397422e-05,-0.012453619764517483,46.03006098090132,6.952254772190071,-13.979999542232521,1.9999999999999991,46.0300620741569,0.0014899529634174126,-1.9256668418522354e-05,-0.00024570314184596163,0.0,0.0,0.0,0.18093723491217856,1.805978147642254e-05,0.0009435636837253678,2.284986183759876e-08,659.8827633319831,660.1566598377541,659.8879715902068,660.1515802368028,0.0,0.0,0.0
21.892,6.948852376084703,-13.983391188943317,2.007983598878133,2.335822091942306e-05,-0.008052237641207813,46.03006051780055,6.952254772189457,-13.979999542233138,1.9999999999999991,46.0300620741569,0.0013667557758754046,-1.878360416355586e-05,-0.0002477256460598604,2.9329463541333298e-05,0.002016382605419271,-1.2073621171200084e-07,0.18094284498566277,6.293974393356046e-06,0.00010911527840751906,7.587477239433864e-08,660.0033360695174,660.0362077592487,660.00533894196,660.0346252326602,0.0,0.0,0.0
21.944,6.948901572121492,-13.983341630020002,2.0079704400864165,0.0001404301198933327,-0.001074678643954785,46.030060320829605,6.952254772188805,-13.979999542233797,1.9999999999999991,46.0300620741569,0.0012924879294568393,-1.9029910524111028e-05,-0.0002482312578502776,4.019859449699014e-05,0.0023301010028587803,-4.6895031989788225e-08,0.18095320197186712,-2.244937219482424e-06,-0.0002287412116351342,5.350251333791194e-08,660.0529240825117,659.9871329792771,660.0524328599973,659.9879206089373,0.0,0.0,0.0
21.996,6.948947665149255,-13.983295295816125,2.0079577613113213,0.0002444606286179807,0.0052873335988039075,46.03006026873067,6.952254772188212,-13.979999542234392,1.9999999999999991,46.0300620741569,0.0012814675672238717,-2.026446470056991e-05,-0.00024912708560089993,3.146789478081678e-05,0.0020429886702592734,-1.2102200761077517e-08,0.18095272072369564,-3.6512767992902412e-06,-0.00036262577021083103,4.211739462495693e-08,660.0721965468457,659.9678709371001,660.0712732783984,659.969027651513,0.0,0.0,0.0
22.048,6.948995491964689,-13.983247322988396,2.0079447453853954,0.00031486159160284277,0.010526624425435964,46.03006030749839,6.952254772187717,-13.979999542234887,1.9999999999999991,46.0300620741569,0.0013232455694233006,-2.2312127931353464e-05,-0.0002504995618272618,1.7944892037580836e-05,0.001535656762690528,1.4197746997355626e-08,0.18096834343384507,-2.7262490033659905e-06,-0.00041842556824442904,3.187826833476931e-08,660.0803752149224,659.9604198525233,660.0796870529928,659.9612847244949,0.0,0.0,0.0
22.099999999999998,6.949046811585303,-13.983195940762117,2.0079314423326133,0.0003448464208634447,0.014050274962134835,46.03006040626388,6.952254772187325,-13.97999954223528,1.9999999999999991,46.0300620741569,0.0015460019095148909,-2.730563673896638e-05,-0.00027585487024896704,0.0,0.0,0.0,0.18122881882970282,-1.3932837268219014e-06,-0.0001849554319109256,3.4914205963149485e-08,660.0527088392503,659.9996321783302,660.0524087019679,660.0001257311085,0.0,0.0,0.0
22.151999999999997,6.949100778998442,-13.983141973683768,2.007918435866757,0.00034194989578687195,0.01597362397617043,46.03006057916285,6.952254772187025,-13.97999954223558,1.9999999999999991,46.0300620741569,0.001511134589106087,-2.7429694936587897e-05,-0.00024904168525252543,0.0,0.0,0.0,0.18096932006527938,-1.144278791631023e-06,-0.00023660541218545073,3.1316163807090437e-08,660.0542878125943,659.9865703107075,660.0540486316681,659.9869829813038,0.0,0.0,0.0
22.203999999999997,6.9491588961742226,-13.983083892168091,2.007905468923208,0.00031083677291092937,0.016861817944217934,46.030060799655075,6.952254772186802,-13.979999542235804,1.9999999999999991,46.0300620741569,0.0016274260883379524,-2.9842783493859865e-05,-0.0002489245282312724,0.0,0.0,0.0,0.18097082576431947,-2.0816188237731593e-06,-0.00039780724211615966,2.670822916819708e-08,660.0774182207158,659.963519132315,660.0768993311355,659.9641860572791,0.0,0.0,0.0
22.256,6.949221348633337,-13.98302147969459,2.0078924945811196,0.0002445130380238772,0.01621090965165685,46.03006107116574,6.952254772186641,-13.979999542235966,1.9999999999999991,46.0300620741569,0.001744529458281826,-3.1819677354990316e-05,-0.00024906756267883533,0.0,0.0,0.0,0.1809757917601416,-1.3004367094796986e-06,-0.0005051789886465281,2.1049213860814925e-08,660.0927134221854,659.94845450327,660.0924013514741,659.9488832437216,0.0,0.0,0.0
22.308,6.949287819898362,-13.982955017709282,2.0078795157767453,0.00014184018672609721,0.013465258604330382,46.03006137612855,6.952254772186526,-13.979999542236081,1.9999999999999991,46.0300620741569,0.0018467876595396123,-3.3045411491880087e-05,-0.00024914339206419807,0.0,0.0,0.0,0.18098091653060783,1.5994700049739544e-06,-0.0005189683572909471,1.4674494356210488e-08,660.0943823086017,659.9470218053516,660.0948784649831,659.9466068271367,0.0,0.0,0.0
22.36,6.94935733032738,-13.98288545261171,2.0078665411058854,1.5305497024410232e-05,0.008385480625855344,46.030061700438104,6.952254772186445,-13.979999542236161,1.9999999999999991,46.0300620741569,0.0019148781716391496,-3.3245535232060906e-05,-0.00024914116116576366,-2.6295943905012808e-05,-0.0012256312049152712,6.677602403834227e-08,0.18098581922905593,1.651279353663376e-05,6.269673730459606e-05,-1.6055194058967144e-08,660.0095711665908,660.0321321554096,660.0142300503186,660.0273844712322,0.0,0.0,0.0
22.412,6.94942819095353,-13.98281445293236,2.0078535792523047,-8.257712561767783e-05,0.0020476573569974724,46.03006194052999,6.952254772186389,-13.979999542236216,1.9999999999999991,46.0300620741569,0.0019304087402093992,-3.2347958384267604e-05,-0.00024904302969659664,-1.06230253053748e-05,-0.0010153608578919175,3.228046285963101e-08,0.18099004729667437,1.5068689045717414e-05,0.0001912467534064653,-8.732601674055675e-09,659.9915492411862,660.0503133795312,659.995817197364,660.0459974087963,0.0,0.0,0.0
22.464,6.949498398719943,-13.982744034668979,2.0078406380682314,-8.590149821665268e-05,-0.003347126931114238,46.030062188198585,6.952254772186351,-13.979999542236255,1.9999999999999991,46.0300620741569,0.0018931818294753698,-3.094096859866716e-05,-0.00024876823509326453,0.0,0.0,0.0,0.18099255772961753,1.1954513928233054e-05,1.7375454808602785e-05,-2.298882041353484e-09,660.0168020333518,660.0251559897762,660.0202006435279,660.0217446719153,0.0,0.0,0.0
22.516,6.949566210309403,-13.98267600183756,2.0078277234875928,-2.583384677508256e-05,-0.00869498731327169,46.03006243256721,6.952254772186326,-13.979999542236278,1.9999999999999991,46.0300620741569,0.0018094361220868586,-2.9765123500970203e-05,-0.0002483973756618702,0.0,0.0,0.0,0.1809939495671811,9.988353218108742e-06,0.0002784302080199273,-7.4262053784413355e-09,659.9799442761431,660.0620935606693,659.9827688283809,660.0592282174564,0.0,0.0,0.0
22.567999999999998,6.949630004998552,-13.982612075075348,2.007814838055205,8.435887327082464e-05,-0.013389075243671156,46.03006262962593,6.95225477218631,-13.979999542236301,1.9999999999999991,46.0300620741569,0.00168158567452235,-2.9325552183862638e-05,-0.00024794526036861167,0.0,0.0,0.0,0.18099428520010105,5.148092373270638e-06,0.0005595398215346882,-1.1555588397537131e-08,659.9406145881331,660.1014527355561,659.9420490726179,660.0999546001992,0.0,0.0,0.0
22.619999999999997,6.9496884232432246,-13.982553736082227,2.0078019829011886,0.00022087371707630882,-0.01626466179710667,46.030062775414684,6.952254772186299,-13.97999954223631,1.9999999999999991,46.0300620741569,0.0015201336134164022,-2.9981279672876278e-05,-0.00024740716323217067,0.0,0.0,0.0,0.1809934806785436,-1.9449841191610694e-06,0.0008032600970881562,-1.4624160701392286e-08,659.9069014709064,660.1351373475399,659.9063068838952,660.1356507411473,0.0,0.0,0.0
22.671999999999997,6.949740712755677,-13.98250185251974,2.0077891574333973,0.0003433240888977481,-0.016181561565245656,46.03006288494369,6.952254772186288,-13.97999954223631,1.9999999999999991,46.0300620741569,0.0013458115685474198,-3.181518767894385e-05,-0.00024680281205040545,0.0,0.0,0.0,0.18099174665612672,-9.70020195998502e-06,0.0009421313398398508,-1.692147942896734e-08,659.8881899362295,660.1537711629401,659.8853796259544,660.1564866239804,0.0,0.0,0.0
22.724,6.949787060270744,-13.982456307588729,2.007776359759394,0.00039847535270084387,-0.012443016712314238,46.03006296491537,6.952254772186288,-13.97999954223631,1.9999999999999991,46.0300620741569,0.0011880708144360128,-3.4510297175840346e-05,-0.0002461756416381653,3.1798497040024788e-06,0.0017010227204300795,5.621702067325386e-09,0.18098956767696597,-1.6795049040964365e-05,0.0002640507606171558,-2.0627164082785542e-08,659.9857319406153,660.0561569576655,659.9808908613367,660.0608832405927,0.0,0.0,0.0
22.776,6.949828736350674,-13.982415814728887,2.0077635862417225,0.00033154365353516035,-0.006415746738093019,46.03006299245754,6.952254772186288,-13.97999954223631,1.9999999999999991,46.0300620741569,0.001075994715918039,-3.7229398867975634e-05,-0.0002456038046260654,-3.703220694088827e-05,0.0021493319806753044,-9.220105283083157e-09,0.18098782435114974,-2.177978024978412e-06,-6.634500234244936e-05,-1.5895067724750926e-08,660.0306530121007,660.0111358393904,660.0299886549609,660.0117121735133,0.0,0.0,0.0
22.828,6.94986767658851,-13.982378323097171,2.007750833052713,0.0001918608125208165,-5.3760390823436866e-05,46.030063003474346,6.952254772186288,-13.97999954223631,1.9999999999999991,46.0300620741569,0.001021437995337677,-3.899054886729086e-05,-0.0002451215692487684,-4.9931398275907676e-05,0.0020730780455474876,-1.4125636439705282e-08,0.18098697354193677,5.792112409935125e-06,-0.0002588287726828615,-1.4369261681953581e-08,660.0569062764749,659.9848346830726,660.0585161400343,659.9831450457106,0.0,0.0,0.0
22.88,6.9499058878317355,-13.98234166085508,2.0077380978238892,5.087025607085544e-05,0.005509059194629146,46.03006295449735,6.952254772186288,-13.97999954223631,1.9999999999999991,46.0300620741569,0.0010218550829809597,-3.944335466959236e-05,-0.0002446806655782157,-4.406036186618029e-05,0.00169868898900658,-2.3388238648163717e-08,0.1809866169086481,7.694997206270853e-06,-0.000353177863689402,-1.005245565923151e-08,660.0700586457043,659.9716559037776,660.0722223818157,659.9694361543322,0.0,0.0,0.0
22.932,6.949945098306157,-13.982303943340327,2.0077253798866788,-6.0248464579972945e-05,0.009662981676713388,46.030062876201924,6.952254772186288,-13.97999954223631,1.9999999999999991,46.0300620741569,0.0010667281440285407,-3.8737724921780555e-05,-0.00024426855919451633,-3.254064676114622e-05,0.0011760652014703825,-2.7688610774323128e-08,0.1809866520614018,7.171261763208055e-06,-0.0003746722964477708,-6.8846251620429595e-09,660.073193645626,659.9685195415833,660.0752169823119,659.9664577415681,0.0,0.0,0.0
22.983999999999998,6.949986574884622,-13.982263784161322,2.0077126789893467,-0.00014256193894546013,0.012273319054418023,46.030062771595475,6.952254772186288,-13.97999954223631,1.9999999999999991,46.0300620741569,0.0011417787568962965,-3.7183406012376503e-05,-0.00024387364670706027,0.0,0.0,0.0,0.18098697244853965,-1.8422768460430308e-06,-0.000113110237183185,-1.4649276599602351e-08,660.0372499660352,660.00450842284,660.0366846799639,660.0049925940251,0.0,0.0,0.0
23.035999999999998,6.950031103539515,-13.98222031337191,2.0076999954643093,-0.0002379958211538109,0.014049284955243636,46.030062621797434,6.952254772186288,-13.97999954223631,1.9999999999999991,46.0300620741569,0.0012351268790356657,-3.491452943873285e-05,-0.00024347572697361867,0.0,0.0,0.0,0.18098736861346096,3.018735383838426e-06,-0.00029352822071760336,-1.1539051860563827e-08,660.0622573483865,659.9795124962145,660.0630851556776,659.9786206666556,0.0,0.0,0.0
23.087999999999997,6.950079155711106,-13.982172982587842,2.007687329974686,-0.00034380280215594517,0.01477063688184476,46.03006245298725,6.952254772186288,-13.97999954223631,1.9999999999999991,46.0300620741569,0.001339231586712387,-3.1790033809625854e-05,-0.00024307858062168377,0.0,0.0,0.0,0.18098785550674984,9.338766657843998e-06,-0.0004486432371940739,-8.023947437790536e-09,660.0834530376324,659.9583274048515,660.086090490424,659.9556449934411,0.0,0.0,0.0
23.139999999999997,6.950130849676543,-13.9821216049942,2.00767468333984,-0.0004237528802401309,0.013753758727233655,46.030062286300115,6.952254772186288,-13.97999954223631,1.9999999999999991,46.0300620741569,0.0014422227400641427,-2.7849270672542214e-05,-0.00024270308458124688,0.0,0.0,0.0,0.18098861057629603,1.5569918396292612e-05,-0.0005377353941413747,-4.445836261484147e-09,660.0952626434871,659.9465359879426,660.0996845460696,659.9420884313312,0.0,0.0,0.0
23.192,6.9501857634611905,-13.982066572041102,2.007662056723515,-0.0004357035349453541,0.010484094052879363,46.03006213918121,6.952254772186288,-13.97999954223631,1.9999999999999991,46.0300620741569,0.0015268011367457579,-2.348205270516606e-05,-0.00024236774566055772,0.0,0.0,0.0,0.18098977699775146,1.9552999520992013e-05,-0.000521023561349994,-1.3665394723006588e-09,660.092333329746,659.9495011415714,660.0978981352766,659.9439275147492,0.0,0.0,0.0
23.244,6.950242798635795,-13.982009021426578,2.0076494518345576,-0.00034657130117108097,0.004846189816196831,46.03006201988485,6.952254772186288,-13.97999954223631,1.9999999999999991,46.0300620741569,0.0015726487436271415,-1.9423857026303535e-05,-0.00024207478127596062,4.466445115952675e-05,-0.002176559558151283,-4.6121265357781266e-08,0.18099132084765998,1.986248932532774e-06,0.00046463341764414534,1.767751522954908e-08,659.9544683769726,660.0873741000427,659.9550831320007,660.0868573719697,0.0,0.0,0.0
