Time_s,X,Y,Z,Roll_deg,Pitch_deg,Yaw_deg,Ref_X,Ref_Y,Ref_Z,Ref_Yaw,vx,vy,vz,p,q,r,T_pert,tau_x,tau_y,tau_z,RPM_0,RPM_1,RPM_2,RPM_3,Wind_X,Wind_Y,Wind_Z
0.052000000000000046,-1.024271419825124e-12,-16.499999999995325,0.010054993621297819,-1.06672984287084e-09,4.872193690724308e-09,89.99999999886698,-5.656080062453237e-23,-16.5,0.014464867854085735,89.99999999971945,8.447525424778376e-11,2.573226139840486e-11,0.0009999492276403787,0.0,0.0,0.0,0.13101391654392738,7.293728222634172e-11,-3.019324251211312e-10,1.7343577401008768e-11,658.9128024970772,658.9128024317436,658.9128025659993,658.9128024590468,0.0,0.0,0.0
0.10400000000000009,-1.4537658272502637e-12,-16.499999999993953,0.010106992875912935,-1.5141517584623818e-09,6.297184586313433e-09,89.99999999920747,-5.656080062453237e-23,-16.5,0.027872386655924238,89.99999999971945,7.706562345190132e-12,2.4004752911944128e-12,0.0009999973884611962,0.0,0.0,0.0,0.5574704292577705,7.132220706527151e-11,-2.944732834069891e-10,1.0416603422472567e-11,668.3095400201752,668.309539957404,668.309540068728,668.3095399658318,0.0,0.0,0.0
0.15600000000000014,3.4279516661297215e-08,-16.49999996557073,0.01034571659614858,-0.0002599153449231333,0.0005243402320702159,90.00024451615845,-5.656080062453237e-23,-16.5,0.04988052804296929,89.99999999971945,1.3922565545124026e-06,-3.952139552378783e-07,0.010327992895644905,0.0,0.0,0.0,1.1611886981839872,1.0992290399531659e-05,-2.4420183617324687e-05,-4.974737784687932e-06,681.3991283322728,681.3954236938102,681.388815947363,681.3790457637173,0.0,0.0,0.0
0.20800000000000018,-5.554008732570695e-08,-16.499999671805853,0.011796626857643202,-0.0006883571351122642,0.0013944328276111345,90.00063662652404,-5.656080062453237e-23,-16.5,0.07930197671112224,89.99999999971945,8.639857683340053e-06,3.217939863140333e-06,0.04262331345346852,0.0,0.0,0.0,1.7378613290910767,3.3388831209273624e-05,-7.001050132055781e-05,-1.2952304689746648e-05,693.6773661418116,693.6674413347162,693.6522841131219,693.6242605707088,0.0,0.0,0.0
0.26000000000000023,-4.814334737390393e-07,-16.499998697668094,0.01554996190237865,-0.0009975627527717584,0.0020740476778273184,90.00098055349474,-5.656080062453237e-23,-16.5,0.11471958995594762,89.99999999971945,2.253287798214397e-05,1.006659886741151e-05,0.09470147537408122,0.0,0.0,0.0,2.238629220652747,5.417688159940195e-05,-0.00011467223181417035,-1.99495704082492e-05,704.1664114520578,704.1502608016831,704.1290886760527,704.0840071356652,0.0,0.0,0.0
0.3120000000000003,-1.403218629115109e-06,-16.499996690003073,0.02255026877947865,-0.0010492872956260853,0.0023378734354435496,90.00124823188597,-5.656080062453237e-23,-16.5,0.15478502333384989,89.99999999971945,4.1021610174580254e-05,1.8929436526037622e-05,0.16369407380261963,0.0,0.0,0.0,2.618384940034033,6.640251827333239e-05,-0.00014717568444942898,-2.5395542926269125e-05,712.0181982771259,711.9968717144848,711.9705335032367,711.9141372237387,0.0,0.0,0.0
0.3640000000000001,-2.8497105741169444e-06,-16.49999350558359,0.03355498410871639,-0.0007522222400937475,0.002018210066045168,90.00142961611205,-5.656080062453237e-23,-16.5,0.19834257833568275,89.99999999971945,6.120010370469828e-05,2.8039490094211674e-05,0.24550254345679995,0.0,0.0,0.0,2.856201326558512,6.443429755571356e-05,-0.000157653766076748,-2.9085842714163605e-05,716.8917982295792,716.8673527387942,716.8345313625815,716.7762858744277,0.0,0.0,0.0
0.41600000000000015,-4.6613020010713326e-06,-16.49998931807467,0.04908142993219468,-9.176219230918929e-05,0.001026965441149395,90.00152075617531,-5.656080062453237e-23,-16.5,0.2444608221996299,89.99999999971945,7.9637463667915e-05,3.5308112380414756e-05,0.335296655228413,0.0,0.0,0.0,2.9531489134644415,4.5384127469915426e-05,-0.00013869728858499622,-3.094010624855623e-05,718.8688703258448,718.8444675662533,718.8020634365731,718.753918178213,0.0,0.0,0.0
0.46799999999999997,-6.47939415923161e-06,-16.499984672906503,0.06939726037947654,0.0008429220042207189,-0.0006094043260009325,90.00152262717322,-5.656080062453237e-23,-16.5,0.2924195984772763,89.99999999971945,9.246894490133827e-05,3.843483272451572e-05,0.4283444102293686,0.0,0.0,0.0,2.9240541612776667,1.0382732094132593e-05,-8.688221537134557e-05,-3.097817209043664e-05,718.2746664153145,718.2546441896816,718.1985456664795,718.1730856970066,0.0,0.0,0.0
0.52,-7.800233422075104e-06,-16.499980465096865,0.09453576074210396,0.0018550984591661304,-0.0027276024898174526,90.00144102652364,-5.656080062453237e-23,-16.5,0.3416788632904029,89.99999999971945,9.542648029313783e-05,3.505692106944609e-05,0.5203553758184587,0.0,0.0,0.0,2.7926515319032346,-3.502013236543455e-05,-3.816517196754469e-06,-2.9317989910172368e-05,715.5875640970953,715.5773612726668,715.5034696014692,715.5116680000104,0.0,0.0,0.0
0.5720000000000001,-8.091804307174793e-06,-16.499977830193018,0.12432997374629984,0.0026655865735941,-0.005024619257425905,90.00128604161974,-5.656080062453237e-23,-16.5,0.3918432295534576,89.99999999971945,8.40185909471887e-05,2.311248023829535e-05,0.607792069410207,0.0,0.0,0.0,2.5863104357930844,-8.141550472519941e-05,0.00010337594588673541,-2.6164789820217782e-05,711.3466123640779,711.3524159493063,711.2578572842898,711.3066975741093,0.0,0.0,0.0
0.6240000000000001,-6.951881735036156e-06,-16.499977957113718,0.15845817893360276,0.002963760604910812,-0.007076278372003398,90.00107119304863,-5.656080062453237e-23,-16.5,0.44262887758017755,89.99999999971945,5.406562982104659e-05,1.5254043225484458e-06,0.6880835666407843,0.0,0.0,0.0,2.3359520231742987,-0.00011679392866539586,0.00022184293015858783,-2.1793650975630903e-05,706.1648232485204,706.1927882981938,706.0773133442326,706.1674689195878,0.0,0.0,0.0
0.6760000000000002,-4.270406650411298e-06,-16.49998184801271,0.1964977115741415,0.002484259257192209,-0.008385202786581175,90.00081247833464,-5.656080062453237e-23,-16.5,0.4938354933521529,89.99999999971945,2.736175639816408e-06,-2.8813518472035324e-05,0.7597518808974003,0.0,0.0,0.0,2.0692813786514384,-0.00012880465945747267,0.000333927019481687,-1.653004633446102e-05,700.6009150278802,700.6559531479711,700.5232213657442,700.6473884704739,0.0,0.0,0.0
0.7280000000000002,-3.520752476087635e-07,-16.49999006199827,0.23797746862869362,0.0010897683842691758,-0.008447093047923794,90.00052742913257,-5.656080062453237e-23,-16.5,0.545323807075738,89.99999999971945,-7.011768809282255e-05,-6.414467328338313e-05,0.8221016835186823,0.0,0.0,0.0,1.793661176465557,-0.00010753889795216849,0.00041914007134254274,-1.073066105871554e-05,694.8025727446105,694.8868770326601,694.7452435443614,694.8877433274856,0.0,0.0,0.0
0.7800000000000002,4.039480100405552e-06,-16.500002478288394,0.2824027403873889,-0.0011541376560755252,-0.006834074333818277,90.0002336510838,-5.656080062453237e-23,-16.5,0.5969983116619324,89.99999999971945,-0.00016056714005751132,-9.740837771860632e-05,0.8748849182381839,0.0,0.0,0.0,1.5241158254103482,-4.792626606385267e-05,0.0004548857483886174,-4.753685582070542e-06,689.0856327404073,689.1966476579191,689.0599476022434,689.1971127455782,0.0,0.0,0.0
0.8320000000000003,7.746589356638516e-06,-16.500018122741785,0.3292818465517799,-0.003930797975167857,-0.0032928789417654607,89.9999478525709,-5.656080062453237e-23,-16.5,0.6487943519941037,89.99999999971945,-0.0002594396731290278,-0.00011869377751337993,0.9183441682947313,0.0,0.0,0.0,1.2717721019102033,4.7465771425094804e-05,0.00041980715377248695,1.0609445781104372e-06,683.693896173772,683.8223675743874,683.709783874579,683.8121544974468,0.0,0.0,0.0
0.8839999999999999,9.402626755951298e-06,-16.500035097106423,0.3781466580631885,-0.006585286960196701,0.0020588877784811707,89.99970742853448,-5.656080062453237e-23,-16.5,0.7006687011803812,89.99999999971945,-0.0003509212283119161,-0.0001160034043219144,0.953047202917233,-0.0007430539617592055,0.0019320261159986515,-6.131664009059586e-05,1.044524778850759,0.0004490680958598613,-0.00044138533188296515,2.7955516094259914e-05,678.843738777994,678.8458663552527,679.0433437604652,678.7967790526519,0.0,0.0,0.0
0.9359999999999999,7.811829417264427e-06,-16.500050760328552,0.42856645113271974,-0.00748052299404096,0.007534987039207979,89.99954002757889,-5.656080062453237e-23,-16.5,0.752592813273509,89.99999999971945,-0.00039889992913858484,-6.893698521131339e-05,0.9798354706758108,0.0,0.0,0.0,0.8468828051717594,0.0002498196947878736,0.0001337868273471368,9.358228824699971e-06,674.545909747862,674.652809919688,674.6408851379769,674.6085513102101,0.0,0.0,0.0
0.988,2.6076703517434245e-06,-16.500062406169437,0.48016206435129577,-0.006547141697926693,0.013331582706065366,89.99938943636661,-5.656080062453237e-23,-16.5,0.8045480718714191,89.99999999971945,-0.0004040372677667181,9.928795573685949e-06,0.9997682767430138,0.000492630467921231,0.0017563710209933276,-3.342222818503409e-05,0.6799107992966587,0.00010275380325414416,-0.0007692502374445964,2.441539682833466e-05,671.0432519537754,670.8565081949524,671.1385377275838,670.8942375874036,0.0,0.0,0.0
1.04,-5.665082238794173e-06,-16.50006737651863,0.5326111429245218,-0.004007913080970336,0.018112669984630233,89.99930657699596,-5.656080062453237e-23,-16.5,0.8565224933733969,89.99999999971945,-0.00034678483433673457,0.00010179880806907935,1.0139350395027826,0.0,0.0,0.0,0.5427935532974377,0.0002814267595447282,-0.00034810868219871817,1.4107829466525595e-05,667.9784375805187,667.9596707852551,668.0962354306357,667.9190707716551,0.0,0.0,0.0
1.092,-1.5678914606235214e-05,-16.50006352588142,0.5856448374844211,0.00043379706056813713,0.021419062652476683,89.99925763574686,-5.656080062453237e-23,-16.5,0.9085084704357087,89.99999999971945,-0.00022858671051600014,0.00019673491900496775,1.0233318884880886,0.0,0.0,0.0,0.4340759882396217,0.000193363668707648,-0.0006096895483467708,1.5103549354298126e-05,665.6423262466358,665.5247365726774,665.738404409184,665.5115991893575,0.0,0.0,0.0
1.1440000000000001,-2.52718598332099e-05,-16.50004951225844,0.6390456666814972,0.006043992536220904,0.022441103595509364,89.99925473859822,-5.656080062453237e-23,-16.5,0.9605012471176994,89.99999999971945,-5.2166283976646426e-05,0.0002691094059028962,1.0289340642727152,0.0,0.0,0.0,0.35097075047774773,3.221540543140763e-05,-0.0008435871548975617,1.5162492445553348e-05,663.8700836462665,663.6402834993262,663.9209523967074,663.6729194844204,0.0,0.0,0.0
1.1960000000000002,-3.183862739644757e-05,-16.50002512568966,0.69264464587277,0.011179977531884744,0.020008829848168343,89.99929126348567,-5.656080062453237e-23,-16.5,1.0124979011985418,89.99999999971945,0.00017880073323667153,0.0002849011129444671,1.031645701856637,0.0016687029594757892,-0.0013302466956642371,1.6163193514099494e-05,0.28990698241037194,-0.000807620586856258,-0.0004844606825063436,8.619324663812578e-06,662.6009579238485,662.2342702561342,662.3955676389587,662.4872758740945,0.0,0.0,0.0
1.2480000000000002,-3.3049788262068176e-05,-16.499991743566778,0.7463152794429946,0.014052180217733069,0.014408229447906252,89.99934126283672,-5.656080062453237e-23,-16.5,1.0644966733149472,89.99999999971945,0.0004304580779180047,0.00022509950143105706,1.0322132094293646,0.00036731387376529246,-0.0021615652233154827,1.8616671938070983e-05,0.24754722552217956,-0.00048722828488860834,-0.00021365413726069605,6.72166201597739e-06,661.5841250523904,661.3849367541666,661.4642377182573,661.5419843368106,0.0,0.0,0.0
1.3000000000000003,-2.770330961085859e-05,-16.499952154472425,0.7999669232039742,0.012975214687788813,0.007248428603931159,89.99940032418412,-5.656080062453237e-23,-16.5,1.1164965302517906,89.99999999971945,0.0006515065279166847,8.404712035619078e-05,1.031294621466696,-0.000749485080291103,-0.0025221837261899206,2.137482898369921e-05,0.22030388358871456,-0.00015222340588174368,-3.8052375844913576e-05,4.530299142179202e-06,660.9121248538006,660.8580001011759,660.8813547766146,660.9138305943067,0.0,0.0,0.0
1.3519999999999999,-1.63560453610874e-05,-16.49990984907453,0.853538930192742,0.009864055072637518,-0.0004721423287165261,89.99946503764023,-5.656080062453237e-23,-16.5,1.1684968843679675,89.99999999971945,0.0008138009455490106,-7.55856405853832e-05,1.0294120191507692,-0.001174131884566399,-0.002606644043892908,2.2643459859078967e-05,0.2049817368159026,-2.1873644055919544e-05,0.00010565448248475934,2.7584501338542965e-06,660.5364914712081,660.5603354317203,660.537899526075,660.5741935108656,0.0,0.0,0.0
1.4040000000000004,-5.47840184792722e-07,-16.499868516738744,0.906994692216147,0.006163377905402118,-0.008054139834121902,89.99953184740528,-5.656080062453237e-23,-16.5,1.2204974158561033,89.99999999971945,0.0009032116148785322,-0.0002138910838437512,1.0269860530139165,-0.0012634932502582894,-0.002476236961697914,2.2736487937218543e-05,0.1986228767499867,1.7602598540069638e-05,0.0002299447268866295,1.3658090284447972e-06,660.3743281831646,660.4447947692391,660.3831196284683,660.4435643906277,0.0,0.0,0.0
1.456,1.790066988531956e-05,-16.499831711226136,0.9603160713868837,0.00242782629497924,-0.014913961961247295,89.99959788774831,-5.656080062453237e-23,-16.5,1.27249796188242,89.99999999971945,0.0009138837098183004,-0.00031757909012822966,1.0243303944633413,-0.0012378543418186448,-0.0021619343215944593,2.197425233036798e-05,0.19873425774654052,4.204190134556344e-05,0.0003327978533750618,2.9572802124380433e-07,660.3601631212008,660.4668640105284,660.3729500795943,660.4557157942148,0.0,0.0,0.0
1.508,3.71773323958038e-05,-16.499802581803564,1.0134985022148546,-0.0011198381036387369,-0.020558109173154628,89.99966096934601,-5.656080062453237e-23,-16.5,1.3244984486536715,89.99999999971945,0.0008466162707251619,-0.00038368433122430153,1.021672340689367,-0.0011508724995475657,-0.001694817159467356,2.060624978891878e-05,0.20323920589068756,6.814030758932517e-05,0.0004093173918834203,-4.967810041478455e-07,660.446410283988,660.582301375027,660.4644307937898,660.5615347312739,0.0,0.0,0.0
1.56,5.5585077372030614e-05,-16.499783656616614,1.066546856876298,-0.004783557082668145,-0.025013150789543154,89.99973559322204,-5.656080062453237e-23,-16.5,1.3764988506491465,89.99999999971945,0.0007133310373384344,-0.0004181073633411212,1.019164271259498,-0.0012766026298639394,-0.0013157302635225807,2.558749971491849e-05,0.21049529771036113,0.00021191213154444854,0.0005465778517358159,-3.8025097960167263e-06,660.5716375046251,660.7874603091544,660.6214215026372,660.7166497130073,0.0,0.0,0.0
1.612,7.136525302699925e-05,-16.4997768932697,1.1194721709316298,-0.00915422775136098,-0.028700188826896938,89.99980566518263,-5.656080062453237e-23,-16.5,1.4284991667760278,89.99999999971945,0.0005325159205595676,-0.0004297246534865188,1.0169039768865404,0.0,0.0,0.0,0.21919855823915313,-0.00012650623113703285,0.0003556366639607873,3.953776551952654e-06,660.8288482033369,660.8940276561165,660.8037957808689,660.940946004837,0.0,0.0,0.0
1.6640000000000001,8.253192327175617e-05,-16.499783779981627,1.1722891224480336,-0.013537126469746339,-0.030641351009052503,89.99988717377559,-5.656080062453237e-23,-16.5,1.4804994068808617,89.99999999971945,0.000298286981372692,-0.00040256575763295417,1.0149444681441935,0.0,0.0,0.0,0.2283671630941395,7.02625000423983e-05,0.000667426439996518,2.29546728340288e-06,660.9616780343142,661.1714591656184,660.9880097623768,661.1578273057638,0.0,0.0,0.0
1.7160000000000002,8.709479090328583e-05,-16.49980497410135,1.2250139707835717,-0.017895254418736167,-0.030182367772347164,89.99997029215228,-5.656080062453237e-23,-16.5,1.5324995844656653,89.99999999971945,1.825938313659463e-05,-0.000337408502308639,1.013301042150853,0.0,0.0,0.0,0.23733764724883777,0.0003129502280882847,0.0009420109921582146,6.044066296154013e-07,661.0889000821718,661.4456727805414,661.1795575987134,661.3583927128742,0.0,0.0,0.0
1.7680000000000002,8.315454280891453e-05,-16.499839969907505,1.2776630108757379,-0.020814646312940478,-0.02612085231742331,90.00004776446994,-5.656080062453237e-23,-16.5,1.584499713025486,89.99999999971945,-0.0003022358309444965,-0.000215890449033454,1.0119672516439366,-0.0004326880344098352,0.001389573954144052,1.7741678982220625e-05,0.24565763030935805,0.0007264824341818065,0.0005871445126766008,-7.338274814098644e-06,661.2755330231804,661.6488737434294,661.4617514568536,661.4221495646057,0.0,0.0,0.0
1.8200000000000003,6.953504173281412e-05,-16.49988659370719,1.3302517114783063,-0.02038229949415621,-0.01840278320700063,90.00009442758927,-5.656080062453237e-23,-16.5,1.6364998044288215,89.99999999971945,-0.000632961712163119,-2.520370245961426e-05,1.0109212084710966,0.0007465916359982179,0.002857848694033005,1.2513432509385193e-05,0.2530515375387612,0.00045555265790423117,7.22149070420358e-05,-6.411521984111452e-06,661.5493779560967,661.6993359275297,661.6611069994515,661.5521838783693,0.0,0.0,0.0
1.8720000000000003,4.662163952085927e-05,-16.499941084011024,1.38279413024409,-0.016086046980701825,-0.009474713727138316,90.00011976371314,-5.656080062453237e-23,-16.5,1.688499868396729,89.99999999971945,-0.0009079301720654707,0.00021281949001181703,1.0101317079155059,0.0018056546423467807,0.003046674396021399,7.654910462120379e-06,0.2593793094105816,0.00012220918766881687,-4.1881621393208496e-05,-5.183540306450502e-06,661.7510680602977,661.7738872813724,661.7714672196369,661.724851771919,0.0,0.0,0.0
1.924,1.6548287617461008e-05,-16.49999908808059,1.4352835127780774,0.0015560537110434838,-0.00041887716813403394,90.08090169494795,1.2118652184052907e-06,-16.499998661701255,1.7404999125307015,157.1233380746022,-0.0011003962299114896,0.000562524604864842,1.008309376964084,0.01663280869270358,0.0029980133431583888,0.07856007192129119,0.2774935483525347,-0.005967210128021559,-0.0001381294331693054,0.08,541.6333416447518,539.5101224236323,763.927289543843,765.3603985211855,0.0,0.0,0.0
1.976,-6.987770437294479e-06,-16.500056182874594,1.4876561649805136,0.1571677570255465,0.007283219973402977,90.49015686519441,4.758949232720428e-06,-16.4999957075401,1.7922370210453975,157.12274929756634,-0.001187722592400952,0.00259980993815001,1.0069015793513671,0.07345609758660702,0.0025727418627800812,0.17015918714727393,0.28685281577586075,-0.03266978036948133,-0.00012658464111939597,0.08,546.4976911646093,535.0970444556103,760.8141940385295,768.813325806966,0.0,0.0,0.0
2.028,4.6866365331300674e-05,-16.500108026544442,1.5400154185067152,0.41195995182110856,0.011216542082621619,91.12283670151982,6.1922020821303596e-06,-16.49999881489174,1.8400654457389551,157.12228823561486,-0.0011691387282532514,0.004701141592411734,1.006729729111393,0.08724685988860609,0.00231802466508162,0.24024486062350398,0.15960079843658015,-0.047272462340330904,-0.00013097294474034274,0.08,545.613318765262,529.0283568717736,756.5593454368795,768.183862871448,0.0,0.0,0.0
2.08,0.0002920010324964336,-16.500149818608577,1.5922588404456874,0.6414035124643049,0.010284289175813829,91.9588301991437,9.573448385175021e-06,-16.50001075658162,1.8804669274779404,157.12218552553458,-0.0011051490834037832,0.004231864519847634,1.0022925326989012,0.06731806465981045,0.0023410026225295006,0.30774614126561484,-0.15974124050443805,-0.050559647418783035,-8.85929128240907e-05,0.08,537.5688601515133,519.5549982989744,749.955000566356,762.5016505838192,0.0,0.0,0.0
2.132,0.0008269506744593787,-16.500176068687882,1.643968461750567,0.7892229727821087,0.00446342101705065,92.99394966161937,3.2372950307316414e-05,-16.50003059390812,1.9127221006331419,157.12282238991656,-0.0010964252111570149,0.0006151339423120404,0.9873788738133011,0.037190457028728904,0.002538639434758764,0.3741768543793024,-0.6203337323638038,-0.049786192700469065,0.00015415619895573797,0.08,524.7207032475475,506.6270904230481,740.9958473570915,753.5592702118112,0.0,0.0,0.0
2.184,0.0017056262460618573,-16.500181497898833,1.6944418985305874,0.8468381529961756,-0.005012305521689363,94.22513309899267,0.00011289246261480098,-16.50005558609749,1.937492695194252,157.12463226037698,-0.0012633220052352273,-0.005496965588813718,0.9572950191379144,0.007632503193444981,0.0029768307321179134,0.43956042189357347,-1.1329879018033875,-0.048131863880851604,0.0006638270226376735,0.08,509.84007903538895,492.0261434624595,730.9595989360699,743.403182075554,0.0,0.0,0.0
2.236,0.0029356975052548602,-16.50016213002962,1.7428163374278756,0.8220511028710301,-0.015497745588192039,95.64903181022171,0.00029430372407415756,-16.500081618341483,1.9559718875095369,157.1275326536515,-0.0017214773347864437,-0.013088796545482942,0.9101062128106742,-0.018436474198781742,0.0039298844320735694,0.5037267919778302,-1.613363984385492,-0.046047473595990936,0.0013692608269835818,0.08,495.33835785172323,478.08141060819474,721.4629674463429,733.7143210319446,0.0,0.0,0.0
2.2880000000000003,0.00448810186520648,-16.50011588634439,1.7882243583455495,0.7273194630683143,-0.0229343072155378,97.26163098524879,0.0006338407704270505,-16.500103778670713,1.969444447485329,157.1320175558659,-0.0025545449305827443,-0.02111486144411598,0.8468053931777403,-0.03982517326358152,0.005594940775868344,0.566439180449768,-2.002627071533234,-0.04340473706862083,0.0021337653591804264,0.08,483.0385447947829,466.7001684947126,713.7706807548484,725.6654137277745,0.0,0.0,0.0
2.3400000000000003,0.0063081059617793814,-16.500042577442162,1.8299177822744528,0.5789248929812395,-0.02270256097820632,99.05827646243868,0.001165978839535849,-16.500117579468384,1.9790811110268332,157.13733092068563,-0.0037785373400647305,-0.028593648000339082,0.7703873132425828,-0.05527968916681828,0.008010167959011442,0.6275083524850245,-2.268900227167138,-0.04031767370943501,0.00278489425832371,0.08,474.15720311994886,459.0352513197609,708.6099674115226,719.954112194143,0.0,0.0,0.0
2.392,0.00832511986260336,-16.499943469343606,1.8673419256639425,0.39677803378127946,-0.01040389421851346,101.03377488644338,0.001933559169628204,-16.500118122421714,1.9858613204030369,157.14418073982625,-0.005322481437345465,-0.03469660217825245,0.6849474418225959,-0.0637817477058176,0.011043483423454382,0.6867876795342415,-2.4032896813930087,-0.03706743439559434,0.00312210842452535,0.08,469.26591975543556,455.4641962441882,706.2121290296869,716.8306359741633,0.0,0.0,0.0
2.4440000000000004,0.010460888281589472,-16.49982048389403,1.9001692067749305,0.20296114611872898,0.017151063445449758,103.18257221957226,0.0029367623912115175,-16.500102549724925,1.9905620541967308,157.15956768440935,-0.007025516264117709,-0.03884557213280166,0.5949690811141084,-0.06497952523415647,0.014341158628326887,0.7442028902711,-2.414350743339276,-0.034068019893991,0.0029817904080057835,0.08,468.3408741392911,455.6920857413594,706.3964689467734,716.1885746169671,0.0,0.0,0.0
2.496,0.01263623889447945,-16.499675116578636,1.928297688239974,0.019331309725364797,0.06101424595306676,105.49905079555637,0.004183994212337879,-16.50006756966487,1.993777241743015,157.16751490061037,-0.008656408469960967,-0.040781792801651194,0.5046617780216227,-0.05939747964607188,0.017368700016516643,0.7997686694228218,-2.3209604797601093,-0.0316727647137914,0.0022685693825116923,0.08,470.9098451736169,459.02135172504455,708.7379309273531,717.684347914338,0.0,0.0,0.0
2.548,0.01477675203050544,-16.499507204607955,1.9518245832552372,-0.13531050641306186,0.11949825442690823,107.97775169186792,0.005639897249018387,-16.50001239518254,1.995948373820355,157.17620901787328,-0.009953645430669221,-0.04057982501033278,0.4176162082103261,-0.04838929257281694,0.019489299708185533,0.8535514677407285,-2.147132286319228,-0.030182734526094785,0.0010062133109222243,0.08,476.2335767714971,464.5735036847243,712.6794639170447,720.8595813588628,0.0,0.0,0.0
2.6,0.01681752626705092,-16.499313748567427,1.971008977030108,-0.2472545686581266,0.1880346138845842,110.61351337195316,0.007280919615013799,-16.499935248035886,1.9973963845320741,157.18413958669936,-0.010676712615933021,-0.03859739270524549,0.33665452942644575,-0.03391112333364227,0.02006357714933467,0.9056464149338984,-1.918357508216598,-0.029714224265210212,-0.0006578433229969946,0.08,483.4431508361262,471.4847776150863,717.6399032118878,725.2115134818451,0.0,0.0,0.0
2.6519999999999997,0.018706995319299636,-16.499088080344794,1.986226390631417,-0.3095935793213423,0.2595691351275572,113.4015811412883,0.009043627477988305,-16.49983695380698,1.9983502602015535,157.19249853931626,-0.010656523278533687,-0.035384671141406185,0.26363043759591565,-0.018261487370885756,0.01864285420676142,0.9561590930354121,-1.6572945090721378,-0.030233869106972452,-0.0024668221700622425,0.08,491.72525284122145,479.0603474792839,723.1100173468043,730.2931178485302,0.0,0.0,0.0
2.704,0.020409419440562748,-16.498819697712307,1.9979269024879818,-0.3224623387336628,0.32565112870454144,116.33749644934684,0.010883113328072186,-16.49971563851107,1.9989707584948548,157.19995711696004,-0.009832975146344802,-0.03156890750354737,0.19971722418138182,-0.0036097662085882104,0.01506022772143695,1.0051917868613074,-1.3845056115735992,-0.03152749603462308,-0.004114214275459737,0.08,500.3270901748505,486.75097936419155,728.6529957304926,735.6915924783283,0.0,0.0,0.0
2.756,0.021905815807040544,-16.498494960420665,2.0065964113424997,-0.2922089662232233,0.37779719898581854,119.41708195775114,0.01275591559877874,-16.49956783838526,1.9993691106817555,157.20776674311935,-0.008269519356157794,-0.027746611803988026,0.1452968609844159,0.00833414716749202,0.009530799033451139,1.0528179097712491,-1.1155419705621845,-0.03329115852688225,-0.005312612833549911,0.08,508.67585669587464,494.2031576135511,733.959134347811,741.0907310467361,0.0,0.0,0.0
2.8080000000000003,0.02319327305161936,-16.498098638035074,2.012724424028809,-0.22961295149092023,0.4089220161889364,122.63633265119891,0.014613213507363327,-16.49938910323125,1.9996212543378067,157.2148226532034,-0.006143335348741029,-0.024401627445736644,0.10020810458182634,0.016544130293698757,0.002616041075854979,1.0991125880682353,-0.8618947531427612,-0.035224778605614834,-0.005835665629911092,0.08,516.3627904393255,501.1910789720448,738.8155429862071,746.256133501717,0.0,0.0,0.0
2.86,0.024282898953230037,-16.49761604673049,2.0167799192491636,-0.14779254426192687,0.4145717557783891,125.99135905684267,0.016396435342792684,-16.499176812551564,1.9997783763274568,157.22243369457453,-0.0037153932630221488,-0.021859119592702363,0.06389493291532758,0.020657827904495562,-0.004845965903006437,1.1441309991874873,-0.6313433113590483,-0.03707123592059036,-0.005559862496580385,0.08,523.1316962743854,507.5807310041142,743.0951554696315,751.0247362148854,0.0,0.0,0.0
2.9120000000000004,0.0251967927151623,-16.497035326761672,2.0191967684943553,-0.06031302076192209,0.3937591515828998,129.4783584712232,0.018075831490286964,-16.498920744789498,1.9998745549770065,157.2295620303039,-0.0012876477234526813,-0.020272398446704854,0.03561284007627053,0.020847365405462885,-0.011858864056331322,1.1879242167956383,-0.4292666299692778,-0.03855936320100794,-0.0045126672304326935,0.08,528.8263088099004,513.2863808218785,746.7405122231302,755.2631166599831,0.0,0.0,0.0
2.964,0.02596447353628037,-16.49634941197066,2.0203624089271406,0.020709492735489218,0.34920633105119164,133.09340851886557,0.01962937287773818,-16.498609693397498,1.9999321994522559,157.23756992453312,0.0008443668920639401,-0.01963467116513532,0.01434046117579978,0.017874970030847915,-0.017462126742346564,1.230024930412311,-0.25724059030778434,-0.0395435499153297,-0.00284726170175439,0.06476127026538549,558.9387137245285,544.4944961331302,730.9563921729415,740.3340002958286,0.0,0.0,0.0
3.0160000000000005,0.02661900236373362,-16.495557759293707,2.020597770479654,0.060037307067054325,0.287089375633795,136.71331747737864,0.021041443413241972,-16.4982337777976,1.999965860168862,157.24533926268396,0.002461635129909481,-0.019774375504473238,-0.0015023352316810208,-0.008293707553090186,-0.021250413562641925,1.19183647674661,-0.10951056273928333,-0.030705432948377166,-0.0007294886932385017,0.003029858467736837,653.8416423868351,644.740175244393,653.483467398718,662.0506710566391,0.0,0.0,0.0
3.068,0.027184058554138822,-16.494677526351996,2.0201526477236182,-0.054758449825054394,0.2166503900139138,140.12089748682206,0.02230439320014682,-16.49778479218765,1.9999848600861982,157.25422526288637,0.0034963812855456494,-0.019847037382481746,-0.012634445535850521,-0.06834391315065202,-0.024626660555659683,1.107732574358273,0.013329640329376904,-0.0022361028746399753,0.0020885566059118434,-0.0379756782688589,707.227461199759,707.1882401238001,600.4161107160032,601.7686473623113,0.0,0.0,0.0
3.1200000000000006,0.027646108241027267,-16.49377415797343,2.0192771441395645,-0.33427048473234905,0.14824150124118501,143.24319894796832,0.023422380138462935,-16.49725580991978,1.9999950877655612,157.26263331068176,0.004017920688145624,-0.018252369013760886,-0.01922323973379123,-0.11200574244483494,-0.027134285597759482,1.0049406519885997,0.10514971977933135,0.028647711423083887,0.004978656635860012,-0.06619485848487394,740.3335170968928,748.8235193497794,562.9133426629073,554.9524902279483,0.0,0.0,0.0
3.172,0.027955084860405658,-16.492969601773765,2.0181760153446184,-0.6814790735306651,0.09192627594765353,146.04026377983436,0.024401926148854884,-16.49664787529772,2.000000203852635,157.27120353397777,0.004220307142297943,-0.013849215612517254,-0.02231772971590483,-0.11780831134983794,-0.026680711009444975,0.8929411625381716,0.16982368859873367,0.05075878974066512,0.0065492140050224,-0.08,755.5063791761995,769.634153811912,545.355425072923,529.8966745298118,0.0,0.0,0.0
3.2239999999999998,0.028051325060369083,-16.492411596253863,2.0169977301254782,-0.9832551906927809,0.05494961935078351,148.5222755984991,0.025247492957958508,-16.49597640644673,2.0000024428942704,157.27748011990772,0.004341898279943074,-0.006531227804341405,-0.022832851255767624,-0.08734383854854948,-0.022761850848667282,0.7937193214833209,0.2116546427438658,0.060123538972563915,0.006067755295898814,-0.08,755.2326596489612,771.5330058893366,548.1970525863095,529.3353819246116,0.0,0.0,0.0
3.2760000000000002,0.027891175918248065,-16.492229458720256,2.0158417710918806,-1.1523670998927318,0.038693146855603315,150.721991332462,0.025953585671887328,-16.495278796987378,2.00000313965557,157.28123864769847,0.004594589529777535,0.0028574103804057138,-0.02168242933054457,-0.035992694786551815,-0.016975086017705133,0.7007989052562186,0.23646399802213594,0.05822767784703915,0.0038654946447121176,-0.08,756.2383140557921,771.5195214851409,548.9327956490314,529.9886330706152,0.0,0.0,0.0
3.328,0.02746134257067496,-16.492498052135737,2.014767029764731,-1.1686697098971637,0.03707979723124884,152.64934793896813,0.026507403546565524,-16.49461216196534,2.0000030702283746,157.2810035984516,0.005102816481189123,0.012972597021070478,-0.019589720653923854,0.013124576739267512,-0.011850763862663231,0.6104512915993026,0.24948017881675708,0.051860381958029014,0.0010244396518041612,-0.08,757.6349550584811,770.6455249130973,548.6780074687427,530.9746697910296,0.0,0.0,0.0
3.3800000000000003,0.026778328275048245,-16.4932272264679,2.01380659234491,-1.0613864878896384,0.039879178124308606,154.31139721134485,0.02688753064307262,-16.494050856824817,2.0000026701603293,157.2762814012027,0.0058639597115585805,0.022545842887338748,-0.017065373125722476,0.04882017484172723,-0.009149808442214481,0.5223680896327814,0.25465913403884566,0.045305794414685616,-0.001356119457981538,-0.08,758.8319986381044,769.642993751955,548.086141652262,531.8405089515289,0.0,0.0,0.0
3.432,0.02588002647579714,-16.494373053121695,2.0129762580742074,-0.8745069700819164,0.03711168829988207,155.71492297462203,0.027077644039399308,-16.493665716088504,2.0000021719317744,157.26788824327028,0.0067603024400730545,0.03067186467375076,-0.014444876387957207,0.06971619838580508,-0.009139101404171597,0.43648973781411193,0.25478477123302595,0.039974763791877345,-0.0026334807554784134,-0.08,759.6366605058711,768.822182225784,547.3718069112316,532.5372423691837,0.0,0.0,0.0
3.4840000000000004,0.024816819874857697,-16.495856418118677,2.0122770695719914,-0.518902019774142,0.10924951242766001,156.8670347877785,-0.008438427827356047,-16.47864336099609,2.000001690210258,141.67748197042863,0.007666861009738145,0.036775709734584494,-0.012175497913192977,0.22143955687660447,0.08786216798268923,0.3542919880092878,0.25420329730694835,0.29728980580705366,0.5368995045709282,-0.08,653.6037093985199,860.7199916307471,496.49970682542187,580.1733876171166,0.0,0.0,0.0
3.536,0.02360957707561217,-16.49745890772032,2.011680892811708,1.0315951537591135,1.425026886704838,157.78596777426773,-0.09744309430961096,-16.44155358243652,2.0000012737435635,140.68970623185353,0.012340174894760058,0.0360051412451758,-0.010901022313151237,0.6899330415859172,0.7243438839275134,0.27250027340639316,0.26011694792552503,0.06887663645710607,0.3188696270895345,-0.08,715.1825139798937,810.7231809514763,494.8946185005545,582.1630584796532,0.0,0.0,0.0
3.5880000000000005,0.02195362283372305,-16.498313705267208,2.0111912889974466,3.395759974652991,4.504197760880568,158.57925884986903,-0.19985066657656686,-16.399201012965964,2.0000009362494953,138.9317591830219,0.03512256288424472,0.017683043533492242,-0.007161232473299417,0.7906820726651226,1.1995642956958288,0.1927614175993034,0.23850072443335948,-0.04950952612268955,0.0009364167029541348,-0.08,771.231521073712,759.2992757364508,532.6551568206648,550.171190438427,0.0,0.0,0.0
3.64,0.018960981911395988,-16.496959857241844,2.0107488849481925,5.565958846199933,8.204748317202743,159.3153395094858,-0.2960291231668645,-16.359734016836544,2.000000674296906,136.81773454102242,0.08692544706907726,-0.020725860772328315,0.005208478310721245,0.6236186870839151,1.2461647066978134,0.11588264392777488,0.13083970113542584,-0.06689795312562549,-0.1796227370114412,-0.08,795.8036769654543,735.2658535449041,561.862255646124,522.7873171621666,0.0,0.0,0.0
3.6919999999999997,0.01342867583599066,-16.491935980070448,2.010186962461238,7.137797549868305,11.505455991349086,159.90499171019658,-0.3781842090188717,-16.32622859086951,2.0000004772800226,134.25452877507843,0.16802528810301218,-0.07447444049300445,0.029564188320158512,0.41028901165574433,1.01448460804271,0.04044487408806466,-0.09042714340378238,-0.052626757433105326,-0.23568505728256103,-0.08,800.1877748124015,729.3148160406016,572.7581563035887,509.14150870635723,0.0,0.0,0.0
3.744,0.0042325332580167244,-16.482143307102074,2.0092053216783516,8.088378069490526,13.925276748520757,160.22582344918905,-0.4447730059565401,-16.29900843041607,2.0000003326946088,129.5647523668773,0.2725537877996785,-0.13722279558330724,0.061850384416097096,0.2235548633800204,0.682413521581,-0.03331383970550368,-0.3759608679895764,-0.008481401874916639,-0.2144561859856429,-0.08,790.2654426389518,735.3221750986164,573.4708438611157,501.4237408687698,0.0,0.0,0.0
3.796,-0.009428412876358132,-16.466935085015773,2.0074052034069436,8.465343160312221,15.403415808665319,160.21080404817818,-0.49744538902260144,-16.27691889800452,2.0000002287007392,128.06671846123837,0.3932022701085363,-0.20325089197937968,0.09405114887675126,0.06763621565193965,0.36729416459425723,-0.10528471303601479,-0.6344490813550574,-0.012507105098533948,-0.15834986598076115,-0.08,781.1389951628636,738.8767107118703,559.4764269003273,508.1136258592132,0.0,0.0,0.0
3.8480000000000003,-0.027987047692826193,-16.446070174441697,2.0043974497756443,8.30144581880812,16.105336266217563,159.8578316434627,-0.5390304520880712,-16.258337923980385,2.0000001551767568,127.27248294041146,0.5233322938688817,-0.2675451204666473,0.11930367386113064,-0.083220771361714,0.12574010948423073,-0.17554679810632784,-0.7861641160780644,-0.01656147767232853,-0.09639117675939232,-0.08,771.9702199498281,743.9554621599899,545.2058210938231,516.9475490385779,0.0,0.0,0.0
3.9,-0.051599743304849684,-16.419625354024202,1.999924325615254,7.6049984406734055,16.272855438009973,159.2040834919332,-0.572817787227491,-16.241375566732398,2.000000103978881,127.1343370250735,0.6576281197545069,-0.32526867745368654,0.13464585992837108,-0.23209188165783895,-0.029613052662182282,-0.24417999192616574,-0.7937803305236161,-0.011708025480538078,-0.04406386687471398,-0.08,764.585277084209,750.7471985568683,536.4017420465798,524.939595428683,0.0,0.0,0.0
3.9520000000000004,-0.08028404387145795,-16.387919119794187,1.9939404738330067,6.416017487362295,16.13145618624175,158.29775442725452,-0.6015907097689605,-16.22459958270915,2.0000000688181236,127.63934135429218,0.7922768475233715,-0.3715134030474852,0.14119254109268892,-0.3658994804657908,-0.10998405030320653,-0.31105103716186056,-0.6666953065339842,0.0028523785660467538,-0.006968311278974369,-0.08,759.8529991894283,758.8340129280051,534.7777382956476,531.3142345368636,0.0,0.0,0.0
4.004,-0.11403261508222555,-16.35145289709912,1.9866229219287788,4.8326163159456215,15.851999462414613,157.17935994481738,-0.627960605496688,-16.206587809892714,2.0000000449827042,128.66529487806653,0.9248865053917458,-0.4016261281700281,0.14292524459010852,-0.46396079926810485,-0.13560838557176363,-0.375969055244459,-0.44950198188095847,0.014474429638529074,0.015160431909866212,-0.08,758.8733939354483,766.1795061001013,537.4655077141404,537.7054000593588,0.0,0.0,0.0
4.056000000000001,-0.15287903998447583,-16.31085969634028,1.9783171972610747,2.9791804267462294,15.540663959851093,155.87398697833177,-0.654090506331082,-16.186201822730837,2.0000000290254922,130.28693512869745,1.054176909497407,-0.411885496941981,0.14476870381520232,-0.524544588907047,-0.1279209388179811,-0.4389140289043202,-0.20143028664558082,0.046472470244442454,0.02589118131302957,-0.08,757.4783872651249,775.229655178193,546.611904462479,539.4871240223338,0.0,0.0,0.0
4.1080000000000005,-0.19692125152710668,-16.266856026655947,1.969450294508641,1.0125950806593362,15.24915918151259,154.3935957534241,-0.6816369162661107,-16.162684011311683,2.0000000184735853,132.38614631387844,1.179497178069272,-0.39979960884674015,0.15118824165346995,-0.5210221233257845,-0.10378707261379432,-0.4996698265822806,0.020169601983663243,0.06667062076964062,0.029431176895127753,-0.08,758.2116138374687,781.6760867260691,554.5178823331789,541.7459549776438,0.0,0.0,0.0
4.16,-0.24630936021013278,-16.22018102666953,1.9604380084545387,-0.8801398093250189,14.990521047590759,152.74262851029323,-0.7118319670044145,-16.135630927404524,2.000000011582606,134.54681188614953,1.3004043048083425,-0.36453898165903686,0.16530600144409652,-0.46391398365901554,-0.07743775573599862,-0.5583959575153582,0.17144455778998213,0.08414506071352823,-0.03659387958942323,-0.08,766.8316478467029,778.4017069094907,572.0193186981875,530.8580772103525,0.0,0.0,0.0
4.212,-0.30120279278817347,-16.171523609006744,1.9516032627270041,-2.5658808641333475,14.620880764603527,150.93564288965914,-0.7452120875198047,-16.10524085091526,2.0000000071403607,138.3526873762298,1.4164778093601371,-0.3069401060769003,0.1848010906603701,-0.37356367103644267,-0.14598239256482953,-0.6042273549215542,0.2648233999500029,-0.058171721568324924,-0.09359217423273049,-0.05097698048475847,758.2249597743295,719.6140822711004,605.5355175206782,594.437356554032,0.0,0.0,0.0
4.263999999999999,-0.3616714737063235,-16.1215091275388,1.9431388533140126,-4.225505126326421,13.815526111475581,149.19012028550162,-0.7823102139122333,-16.071723172935723,2.00000000431594,143.17116594099963,1.5251088277149527,-0.23300817918787348,0.1968387711119517,-0.435440934860844,-0.30868558291861203,-0.5302747404543912,0.4199009433395593,0.13023168974273036,-0.16764884189486,0.05867908020861169,597.3430731296447,585.4489983009892,787.5919178244773,712.9537004384295,0.0,0.0,0.0
4.316000000000001,-0.4276035436070874,-16.07083525471391,1.9351263849402751,-5.426005677231985,12.364952258733497,147.9088961582629,-0.8237837230053427,-16.03516807606356,2.0000000025470905,148.2117558857122,1.6212199112233556,-0.15288659852973935,0.1946955500240869,-0.19022776845996386,-0.5515184487479351,-0.4135813910300972,0.6999334304988163,0.06270699774754818,-0.1366335978259016,0.08,575.5460748584112,550.8703394976094,804.5445008082866,756.5336448551164,0.0,0.0,0.0
4.368,-0.4986752792605657,-16.0201941446955,1.9281128992860521,-5.75570532460309,10.21148352768026,147.05090960390297,-0.8695286222565377,-15.996253720390184,2.000000001458063,154.25323924437447,1.7001143179096752,-0.07139050257324647,0.1801140350516434,0.020223264558234956,-0.7780432397801696,-0.31519193672858187,1.0703402371873014,-0.03933835631956283,-0.06689232847288945,0.08,587.5224477002063,552.4868168752338,789.2109135069412,782.6199829608213,0.0,0.0,0.0
4.42,-0.5741098985503433,-15.97019111439154,1.922730678178184,-5.737092105914651,7.558746094419897,146.5137321457795,-0.9202735105797537,-15.95504069302671,2.000000000800828,155.442100864205,1.7559773207309586,0.004561158255455123,0.15325344894617082,0.016159972917554066,-0.9163582526773174,-0.23410686755035295,1.50930214803451,-0.23276576243171504,-0.00633685425121322,0.08,616.2471575198199,538.3883474129071,764.6609444751739,818.4374173576629,0.0,0.0,0.0
4.4719999999999995,-0.6528409741003659,-15.921498330259942,1.9196524671697373,-6.237119973554924,4.687526149795965,146.24159540563014,-0.9763299128037607,-15.911856959659222,2.0000000004136993,155.60751531378,1.784903344000098,0.07269567773635961,0.12434004962186984,-0.24284028514550307,-0.9555194212804501,-0.1594273220012477,1.8950279692897571,0.22116557367544273,0.07925316933317322,0.08,536.264144507138,632.8756650040078,814.3681913526088,780.9218163854853,0.0,0.0,0.0
4.524000000000001,-0.7337967236086044,-15.87505967044201,1.9194860411566175,-6.367002544992344,1.9318322162500483,146.22129169705784,-1.0373640775305883,-15.867353409965363,2.000000000192649,155.74594189966643,1.7863711967481861,0.1377537762213334,0.1051210583862234,0.1502594159345985,-0.8802549021934212,-0.07619126279950139,2.092863466066721,0.15690946049787968,0.1393415047767867,0.08,541.2466856070988,635.8721060855983,802.7484534530291,798.6237066432859,0.0,0.0,0.0
4.5760000000000005,-0.8158215806481699,-15.831661759941223,1.9226406069302502,-5.1695023544487775,-0.4234922698049813,146.37990406499736,-1.1024527351590632,-15.822446188774371,2.000000000071672,155.8752633790754,1.7637316065294517,0.1927498610827299,0.09806674097683943,0.5015884456030043,-0.7235316458881411,0.003328319734606651,2.0653722478846905,-0.23062383808267123,0.16956251124755073,0.08,598.3322291319281,578.8293604984109,750.8345920775806,845.112947888128,0.0,0.0,0.0
4.628,-0.8975786173386534,-15.791468966613545,1.929157228670534,-4.122414852499147,-2.203178831942808,146.65812221524274,-1.1716983511562864,-15.777418503345721,2.000000000009525,155.97359992813378,1.7224408925946981,0.2285583573754812,0.10497831959956268,0.22307943155112273,-0.5141151984688856,0.07317917002963485,1.793417477572133,-0.11149142605958663,0.1947106694661239,0.08,567.9061800215679,594.8163242837916,757.0074853442192,829.5704614012479,0.0,0.0,0.0
4.68,-0.9780093943055131,-15.754461824921261,1.9386749673979196,-3.775309798380598,-3.269639334793005,147.0796314536133,-1.2446729131416303,-15.73277395521588,1.9999999999808822,156.05952452222652,1.6689061922757737,0.25024594335835165,0.12688775993301932,0.14629501754775345,-0.26178282388495056,0.14712341482142105,1.2782456853437847,0.21968456524123572,0.20448415174339235,0.08,493.4843935202622,634.828419308146,786.502594329616,782.8609276733708,0.0,0.0,0.0
4.731999999999999,-1.0565549465723003,-15.7206016710781,1.9504188157734927,-2.5902647106739867,-3.5433625700015274,147.67712666965934,-1.3204114478059423,-15.689143587917345,1.9999999999705094,156.1256083425178,1.6099485405053273,0.26253135026798174,0.15197327437263947,0.5867375013666509,0.002160022149896951,0.2252284079492734,0.6603083941408319,0.033968672935958955,0.17766687868727804,0.08,514.7334276021746,586.9598754116147,755.1052549922775,790.0709114205106,0.0,0.0,0.0
4.784000000000001,-1.132842876356714,-15.689333930967722,1.9633843033842087,-0.5779585153071356,-3.0952535951508997,148.44881873457342,-1.3975561677166761,-15.647197859272826,1.999999999969468,156.17010901149968,1.551796034051702,0.25828174908563906,0.1717559023728876,0.6530313817063393,0.23200558367033416,0.2778393809391129,0.05467568460557315,-0.31069796283752577,0.1317506427380049,0.054881962314144925,604.9043372199163,546.4687424119177,670.6176526669611,784.9084283074585,0.0,0.0,0.0
4.836,-1.2066552919901703,-15.659676991487327,1.9764775615712415,0.5315839691313394,-2.0831974388086487,149.30500861548182,-1.4752412275754125,-15.607271823567821,1.9999999999726799,156.20362612920798,1.4992660687014865,0.2353176194957288,0.188823110000796,0.2594886271448071,0.40529253150396627,0.2907894070627258,-0.5291111601597758,0.04075203362813991,0.09345263989558714,0.033493681909993835,573.3247062062273,615.7596202148864,682.9850476720242,697.3400271227034,0.0,0.0,0.0
4.888,-1.2781888249895534,-15.630852549889024,1.9886692919478584,1.291292602829487,-0.6740454935016467,150.19980719644298,-1.5531838977101269,-15.569316515436563,1.9999999999773872,156.2355761059969,1.4565324826996995,0.2041279295490205,0.19820344642939078,0.27795859475755963,0.518528171742052,0.29199876074612285,-1.0094481612513335,-0.011994039927657213,0.047966851336205485,0.015501261119320195,604.8521555442424,615.9312459516784,646.5335700075934,663.7393613432054,0.0,0.0,0.0
4.9399999999999995,-1.3478842642861535,-15.602225097557614,1.9990632710090253,1.9575779992982218,0.9496792996081156,151.09806423193098,-1.630284806801665,-15.533469917494251,1.9999999999821905,156.26593787809105,1.4267227597327912,0.16743005767504765,0.19693903137363797,0.10758763039473855,0.5684370975653689,0.2787254796449971,-1.3286611405245086,-0.20282753304300355,0.004940210409689394,0.002603348837048708,651.308967566531,591.4398357701644,597.8803347108369,659.9833770054921,0.0,0.0,0.0
4.992000000000001,-1.416278344650968,-15.573244955676564,2.0069952792611927,1.7227245786851892,2.6032449533570774,151.94840412537502,-1.7065678187599571,-15.499341180915557,1.9999999999864582,156.30390658838843,1.4115170356061677,0.12724199955472865,0.18827356303522572,-0.13869845926937235,0.5529854070871807,0.2588240067084189,-1.4972122003767514,0.07791512667055385,-0.029482520328494632,-0.006787289276715747,624.8399786459784,639.245524891124,628.4162519093246,595.4219376610451,0.0,0.0,0.0
5.0440000000000005,-1.484039540411835,-15.543657790370627,2.012088001705902,1.505677745434351,4.1220766903840405,152.72632893099782,-1.781314499016993,-15.466810706742764,1.9999999999899754,156.40205718904343,1.4110686691787369,0.09182564369992402,0.1715462342244032,-0.05126921623547911,0.48665622416373583,0.23729819014810832,-1.4964382278707118,0.010987636995983199,-0.054408376712879764,-0.012904134913965314,647.6560339990764,634.9274552418625,613.5266279920949,593.1501718291167,0.0,0.0,0.0
5.096,-1.5517862299309706,-15.513280692661233,2.014252677969674,1.4731490677379189,5.378296661570223,153.42647426686483,-1.8549036270708987,-15.435331469833889,1.9999999999927374,156.24731241550697,1.4238768441625953,0.060365958068114914,0.149593375539381,-0.030745569038869696,0.3833470640204645,0.21291714684705246,-1.3511465777315306,-0.017323868364495343,-0.07112532710182823,-0.021678602126539,670.0242867718644,644.7302853689181,602.6334094225739,585.6095850718592,0.0,0.0,0.0
5.148,-1.6200115939385418,-15.4819232759825,2.0136668210796858,1.361573048998703,6.281865669720798,154.03013685583957,-1.9270305846766662,-15.404713343131935,1.999999999994833,155.03063094852246,1.4471317516373872,0.03167660613466401,0.1257418481266008,-0.08171112250314297,0.25487331571363586,0.18064350437397508,-1.099456666633712,0.007944886669826963,-0.07923974722923136,-0.047887173535450155,708.2619396015917,689.078595925426,574.0709955214154,544.772941419919,0.0,0.0,0.0
5.199999999999999,-1.6891040954200722,-15.449478383775958,2.0107184715652617,1.087508587130139,6.782640643235889,154.46662446274306,-1.99833091696246,-15.37443528096273,1.999999999996382,154.08643143392362,1.477241969448214,0.008359752223625689,0.10166703995510781,-0.12103537716785259,0.11402355766185186,0.12344101982933624,-0.7700431132926444,-0.0826071515447339,-0.06670501100611134,-0.056050216734808325,735.7214955116657,696.5251374067662,552.5580384483885,557.9420419558859,0.0,0.0,0.0
5.252000000000001,-1.7593433957497193,-15.41596379712427,2.0059565732100713,0.5271093028289071,6.884738291290965,154.72732333184118,-2.068750624676128,-15.344349612669001,1.9999999999975027,153.29022313987966,1.5102641406157244,-0.007675000494093302,0.07913599064314669,-0.2771862974580247,-0.014938172150789228,0.0662411722763597,-0.39764127306529096,0.11604410148478701,-0.06529190824111994,-0.0575524407603092,719.321225101333,732.4650111562169,592.1613119543023,531.484469816172,0.0,0.0,0.0
5.304,-1.8309139155809773,-15.381578807118066,2.000027644933327,-0.2633078281480209,6.622891835693259,154.82946478912342,-2.138996697903405,-15.31403265919819,1.999999999998299,152.7960509538367,1.5425067581576424,-0.013165429433330683,0.05930441777028326,-0.2096320131527427,-0.13505639822362842,0.017968357439814557,-0.014143549767029029,-0.0004695974797777752,-0.03283662683374459,-0.052712840788182294,731.729580637374,723.1221205494444,585.2738389557553,574.7834462301984,0.0,0.0,0.0
5.356,-1.9038860989681774,-15.346663569646887,1.9936131141516595,-0.7733411896971036,6.062209822624051,154.81373504784335,-2.209096503649677,-15.283434357501651,1.9999999999988558,152.56283976815493,1.570642353815528,-0.009007115719955161,0.04359245996240386,-0.17381423010385624,-0.21858808241301592,-0.021312985712252926,0.3448171669100573,0.14077424661307197,-0.02299340062287665,-0.04325045594697545,707.0013323898046,737.6547249984479,628.2243212066579,577.1411678980255,0.0,0.0,0.0
5.4079999999999995,-1.9781581923332803,-15.311534232503107,1.9873678298971051,-1.0505125587388735,5.298187383938333,154.71504477795483,-2.2796737549385613,-15.252300954079942,1.9999999999992397,152.6452917278937,1.5922913686859856,0.002009738059535255,0.03325325243849742,-0.004738190232121768,-0.27752195452036943,-0.0451585011487062,0.6460581028418,0.094329076926463,0.003838104293778552,-0.03103048110726811,699.6408324890047,725.5387632850706,641.5006283892527,614.4102688703125,0.0,0.0,0.0
5.460000000000001,-2.0534740004786753,-15.27643642345088,1.9818608435730463,-0.7446346122223436,4.414930609236892,154.5723996658275,-2.3507236006496397,-15.220724274136458,1.9999999999995013,153.0373659728479,1.6059961686970046,0.014915002747551299,0.028196903566253283,0.16419342096275036,-0.3027800952783415,-0.05452253974485992,0.8722644237731096,0.019031882051389767,0.030713049213609414,-0.016640641902879137,691.5956180349889,704.9877680329422,651.6331519429361,654.9944170162823,0.0,0.0,0.0
5.5120000000000005,-2.12940632475115,-15.241419175915272,1.9775313693758623,-0.18072449781751151,3.5247698396214235,154.41557949909816,-2.4226666013272258,-15.188636585031851,1.9999999999996767,153.63307949408025,1.611305427543244,0.024136103253577353,0.028766017068840403,0.1962239689095732,-0.2904416932352316,-0.05200699664380237,1.006003071992622,-0.021635297714421436,0.05270700299022955,-0.001959002653927509,677.0288598474461,685.6022998727459,665.6364642104302,686.311410548796,0.0,0.0,0.0
5.564,-2.205459445153855,-15.20642145830472,1.9746622289501408,0.3184456809870142,2.731574237505411,154.28032743091478,-2.495383891648922,-15.15620981016733,1.9999999999997933,154.4612902904444,1.6088383789768397,0.027551377952923128,0.03525169404936983,0.14588840947278653,-0.24628562221700437,-0.03582857919121015,1.0353208734459396,-0.03719961503308411,0.06734930963149859,0.01223789150732011,658.1078314808827,666.6646037812317,681.0715362826429,709.3427012765297,0.0,0.0,0.0
5.616,-2.2811862327508314,-15.171388808535326,1.973357818679816,0.616300828031056,2.1120747163466778,154.2047390979246,-2.5690086377200854,-15.123465518618632,1.9999999999998697,155.3195020992928,1.6000130297091981,0.02536915720917391,0.04698490373004401,0.07002650591808389,-0.18007236367733367,-0.011224122734428939,0.9633604563292988,-0.039491548906881335,0.07399701252013649,0.022827695642599302,640.8063822014319,650.8504368508427,692.2698354516964,722.4315246922921,0.0,0.0,0.0
5.667999999999999,-2.3562598000079142,-15.13632047155795,1.97354694320653,0.6928839452020893,1.7109553069776369,154.21730554167507,-2.6432939913848306,-15.09053870884323,1.999999999999919,156.25750876524194,1.586696317469,0.018868401753644532,0.06225697763774107,-0.0032484289090414357,-0.10308225456822924,0.021635281846380843,0.8090581363866001,-0.03806148146414769,0.07343480794282298,0.030319996415980596,626.2264343524583,636.7568771075782,699.0651477251059,728.4317421129284,0.0,0.0,0.0
5.720000000000001,-2.4305015691456684,-15.101268884822554,1.975004411098801,0.5721649180843718,1.541110451728706,154.33180142234167,-2.7181124104332857,-15.057468092855217,1.9999999999999507,157.03933617346763,1.570900296498526,0.009596748649014605,0.07878192915386059,-0.06543454674604879,-0.02567455547182524,0.05412532295018585,0.6019327543467826,-0.03155517072946062,0.06689904826727458,0.032604666288514765,617.9647095876614,628.6247556796175,699.4364961619052,725.416112354674,0.0,0.0,0.0
5.772,-2.503878850491179,-15.066323768654708,1.977398061168785,0.29682361367420557,1.5884845443526752,154.543087093917,-2.7931987168990386,-15.024326181100607,1.9999999999999707,157.68395783908133,1.554566439589094,-0.0006756022726377,0.09433022898188574,-0.11139213086403073,0.04327731486222659,0.08395783448244246,0.37438051887465007,-0.021821914640036168,0.05632489010148525,0.030990064253429848,615.0823012672598,625.5387865736287,695.2799360529027,716.097806530507,0.0,0.0,0.0
5.824,-2.576482910865444,-15.031594448375078,1.980337992868218,-0.07695558601060117,1.8171594672455023,154.82798064386841,-2.8684754888913937,-14.991101556025027,1.9999999999999831,157.98635372968286,1.539423777881699,-0.010169509908911507,0.10709689385759716,-0.13644771398612499,0.09745278063631668,0.10354351673641853,0.15650036102212916,-0.008248985785773648,0.04368633090444415,0.024388987318858236,619.5873003539584,630.2477815506879,685.5271925131008,699.6244233873186,0.0,0.0,0.0
5.8759999999999994,-2.648494907777325,-14.997192608106491,1.9834351433162292,-0.4815131463148707,2.1781719092436527,155.1557397308374,-2.9439358820372408,-14.957767771290406,1.9999999999999905,158.1308502375025,1.5268808509077538,-0.017364290168220473,0.11611625935651712,-0.13893832445931015,0.1338381552829131,0.1146987093933038,-0.02983945586254455,0.0038114840894368507,0.031017969560502942,0.016641344367028257,626.7547837221648,637.1160376105312,674.6047591668893,682.1442371188183,0.0,0.0,0.0
5.928000000000001,-2.720148272531582,-14.963215074946083,1.986340125649396,-0.8557772515940358,2.61725724747053,155.5021452686291,-3.01866974566936,-14.924728524644392,1.999999999999995,158.27922923042757,1.51795033791316,-0.021484188374268368,0.12104741689668415,-0.12303301438907914,0.15174551257870145,0.12005001642300742,-0.17014023330625072,0.01034314219064019,0.018266720848230424,0.01067559700782071,633.2127794586697,641.6504106461919,666.2393147140629,668.4713578402975,0.0,0.0,0.0
5.98,-2.791694145071039,-14.929731324773295,1.9887760496009887,-1.1617578447428347,3.079404368233913,155.85579978932628,-3.0929171051586506,-14.891911626620281,1.9999999999999978,158.44255468952878,1.513179522196063,-0.022587527873767617,0.12218595861498642,-0.09816345225795761,0.15143334127877311,0.1219938131704642,-0.25843891115119577,0.014542138133465131,0.007176999525616651,0.006087571521375545,638.955930184273,645.3144270356834,660.2931587184465,658.1928955081455,0.0,0.0,0.0
6.032,-2.8633737028734965,-14.89678009673798,1.9905557528328466,-1.3822393180493322,3.5129986288377713,156.20823556231593,-3.166547406070108,-14.859433203007873,1.9999999999999991,158.5941921168879,1.5126255495771601,-0.021102621798225786,0.12006926883301458,-0.06910950670351539,0.1351121644118596,0.12082049940531217,-0.2939949248779885,0.01599363954375849,-0.0014600772106049473,0.002406425375712923,644.6106987540289,648.8353619986439,655.9981973938648,650.9772132708999,0.0,0.0,0.0
6.084,-2.935397341586623,-14.864372859407204,1.9915856597997397,-1.5136587375409578,3.875691624011813,156.55460423570878,-3.239939551032561,-14.827215665339907,1.9999999999999991,158.758061561633,1.515885899344466,-0.017674532490112485,0.1154055220847777,-0.04004747730657825,0.10625583185974138,0.11779170945248371,-0.28072248933821875,0.016701473374647977,-0.0065453331632910755,-0.00023793734645086075,649.4350927784727,652.3683598710282,653.586694257109,646.8656430697916,0.0,0.0,0.0
6.136000000000001,-3.0079299991004325,-14.832499839163816,1.9918612138041503,-1.5593106157810468,4.1376825037441485,156.8910960917568,-3.3128813904456442,-14.79543813414905,1.9999999999999991,158.90810807043,1.5221849327458403,-0.013002743237005385,0.10900195492547018,-0.012648258886256819,0.06970585657020685,0.11305485865583036,-0.22634665034315904,0.015538951516889634,-0.00854296785327309,-0.0023480996568439262,654.1840213264257,656.191363465042,652.0851164359652,645.1051108368251,0.0,0.0,0.0
6.188000000000001,-3.0810819972414385,-14.80113605267633,1.9914567158394463,-1.5309245427298293,4.284165976536716,157.21567126265353,-3.385899682058326,-14.763979953615088,1.9999999999999991,159.06878175714445,1.5305026917035165,-0.007792359836360366,0.10173127163341636,0.010316074076963333,0.030210387078910873,0.10759399630294948,-0.1417540113002107,0.014410594716086744,-0.007061243304852994,-0.0037409562202826104,658.0215105947134,660.1178231490057,651.7164751236598,645.4930792913622,0.0,0.0,0.0
6.24,-3.154905541931919,-14.770247240881389,1.9905064748246708,-1.4424166259594358,4.314187214526733,157.5256093253443,-3.4586849889257616,-14.733047128159425,1.9999999999999991,159.21522840805594,1.539724574188266,-0.0026267698798118936,0.09435526655006256,0.02865797668197234,-0.0075973485721798325,0.1013103775820936,-0.03866614664467616,0.012141200723023231,-0.003433930274365611,-0.004828630088106698,661.6261526697562,664.0955899260555,651.6607088359443,647.1519861503929,0.0,0.0,0.0
6.292,-3.229396872296932,-14.739796367041851,1.9891815858628987,-1.4569140349428351,4.242201745029376,157.81809619730515,-3.5318882079810763,-14.702457174096848,1.9999999999999991,159.3720582745716,1.548776113287691,0.0020201070009134305,0.08761777873020796,-0.08215259059919994,-0.037770954264782344,0.09364775398737596,0.07018857674530565,-0.07035370410787928,0.005804059159754226,-0.004856291679130353,674.3344086154252,656.0924615410613,640.7195895629997,662.6881811844096,0.0,0.0,0.0
6.343999999999999,-3.3045335052595526,-14.709819146558015,1.9876681065831252,-1.8559742722409251,4.09498089043684,158.09087954307998,-3.605051096097282,-14.672435188406203,1.9999999999999991,159.51561660946487,1.556800333717603,0.008340018524753608,0.08238624883777519,-0.11648363819265187,-0.06155991697210037,0.08755730142452553,0.17038344550410256,0.1047237952066467,0.007008664631354678,-0.005315768152723371,652.205913453982,683.6534734734565,667.3182849238493,639.1982902510106,0.0,0.0,0.0
6.396000000000001,-3.3803071377301808,-14.68047986066936,1.9861481107122796,-1.8482421251259784,3.8858267715746138,158.352969284108,-3.6782680692443104,-14.642981815818043,1.9999999999999991,159.807416818513,1.5631906019272113,0.01792031090163961,0.07882585185717975,0.0701717433690549,-0.07960865577230075,0.08332700249601105,0.25449079303423905,0.04193454636975663,0.014041618300998662,-0.0032255259108344854,659.0804912249166,674.8579010781682,662.0891076405071,654.1213316247638,0.0,0.0,0.0
6.448,-3.4566262413379403,-14.651814036721778,1.984786152535472,-1.4222430260228185,3.6387478527518184,158.60054105111385,-3.752154954484069,-14.613903459657834,1.9999999999999991,159.95156473927312,1.567475372628787,0.02654393480051125,0.07663139410656412,0.16687969079151738,-0.08775988200379221,0.0777555444464601,0.3202423613624462,-0.0005761988712722765,0.02082484972627688,-0.0033463219566441204,665.6080679263566,671.302652238821,656.1890485029704,662.2918543073831,0.0,0.0,0.0
6.5,-3.5333134205979198,-14.623688224882233,1.9837102604823418,-0.8934895830198873,3.3828334118223564,158.82889492286307,-3.826976398714367,-14.585146021046398,1.9999999999999991,160.08179286399007,1.569425492266942,0.031308828301666466,0.0758616646148775,0.1679219345732797,-0.08584194275337638,0.07179101814317523,0.3629620253629783,-0.11825385830121218,0.03161486807509552,-0.0032167262234785213,681.1313468581089,656.7839174985169,638.5286513265471,681.2245951841861,0.0,0.0,0.0
6.552,-3.6101708600093274,-14.595923431236255,1.9830061603530307,-0.6598668906211056,3.152332679906926,159.03450926122449,-3.901975770039197,-14.55699126180353,1.9999999999999991,160.223690196695,1.569083336512596,0.03207389177801166,0.07686003454095627,-0.022247404452530064,-0.07137036175314891,0.06435159035996502,0.37653032118966145,0.03434907297518498,0.029883344751976897,-0.0018590872657500393,658.3063953019824,676.4004838619155,662.9370871353485,661.6695119871663,0.0,0.0,0.0
6.604000000000001,-3.687061833798749,-14.568462496552295,1.9827099159893549,-0.8528478164260154,2.97291452288882,159.2231616754085,-3.977329318990768,-14.529372900869971,1.9999999999999991,160.35791194829028,1.5668180107629,0.032659589216527944,0.07969234907098771,-0.04195243949297245,-0.05451635120729993,0.06100920446436323,0.35912990867310257,0.07257516501742557,0.03136753277446899,-0.0017818527506290923,652.0712562147125,681.3792060472578,667.8097869475006,656.1071083506725,0.0,0.0,0.0
6.656000000000001,-3.76392840985376,-14.54138834923466,1.9828088440003864,-0.7189386636006103,2.8431004305890495,159.4043306231583,-4.053052738704872,-14.502248750314086,1.9999999999999991,160.50611542186783,1.5631426626179123,0.034657893384864344,0.08313009739027126,0.0924493326344313,-0.03724572293311116,0.05877929255586691,0.3231828125848668,0.01978161651398915,0.032405773396715715,-0.0016686277288644968,658.4845664212793,673.2187620786439,659.4993212263679,663.0880971044296,0.0,0.0,0.0
6.708,-3.8406940857961307,-14.514667285296543,1.9832523317329942,-0.33247169962454354,2.767203619668412,159.5766337094034,-4.129221212991446,-14.475554454813286,1.9999999999999991,160.64573058151115,1.5585311189839062,0.034971978818229735,0.08655480986859207,0.1350014950095578,-0.018231154709009278,0.056199638001392396,0.27634618441076464,-0.13565917744708994,0.03664042105423154,-0.0014232921144756035,678.3448851470815,650.3248440404209,635.5650958225077,684.6347425531517,0.0,0.0,0.0
6.76,-3.917270130499008,-14.48815837283391,1.9839603664472518,-0.2401137843617597,2.7537841721492895,159.73620733432566,-4.2056217309249275,-14.449317540771608,1.9999999999999991,160.8032799802268,1.553483086809508,0.03228882714537352,0.09007403021873508,-0.06507808238369736,0.0045840064342681595,0.051611417175484384,0.22010534080900046,0.06108113944324543,0.02847684668717322,0.00016471784828981165,648.1844611062478,673.6582116913172,666.1161637754457,656.850119969751,0.0,0.0,0.0
6.812000000000001,-3.993637458254658,-14.461823333444954,1.9848364307750088,-0.44863716631765305,2.7976227391169552,159.8892662588171,-4.28236803990917,-14.423461243859393,1.9999999999999991,160.9574349517658,1.548572102429839,0.03019731558340406,0.09345463558492868,-0.03576880798290476,0.019818477516347896,0.05170259015794908,0.1598154262386844,0.058117943574363194,0.025876897912838683,0.0001374323829924978,647.6876316700467,671.6248285524923,664.7202834103243,655.5386841464255,0.0,0.0,0.0
6.864000000000001,-4.069841345019889,-14.435723643893725,1.9857784303644572,-0.33263427999861966,2.8761126640834016,160.0434677521277,-4.359538601883763,-14.397916139849073,1.9999999999999991,161.13359419499295,1.5442543420817363,0.02942853378884951,0.0957416643014494,0.07620071497475545,0.02971988251596097,0.05245362809914457,0.10808813973016573,0.010027514615538444,0.02414342531810825,0.0002954124921697096,653.5180543567524,663.2748629294836,657.2183688861315,661.2437738627342,0.0,0.0,0.0
6.916,-4.145901148612378,-14.40980399863897,1.986691424178092,-0.03273441084840027,2.978717935813671,160.19792537309266,-4.436969753711707,-14.372696123976572,1.9999999999999991,161.30520177552256,1.5407879501973478,0.027159818471486036,0.09690811226196452,0.1014787314789406,0.03703929904292681,0.05207356973115118,0.06821894907474724,-0.0149837650104187,0.022139196572679487,0.000761988256361249,655.8785380358509,657.9262710219782,653.7038088504258,664.2938178422784,0.0,0.0,0.0
6.968,-4.221818337269185,-14.383927554011793,1.9874974559774015,0.20969518423363945,3.0978017525720776,160.35209398525876,-4.514360407846326,-14.34786890471486,1.9999999999999991,161.50468216019672,1.5383419447504112,0.02228536387104566,0.0972664882411333,0.043400026714427824,0.04203866311832475,0.051944681417678065,0.039638616500907164,-0.13856695695725735,0.02416544201331503,0.0017083833450049603,671.2018870833198,638.3564328214695,636.1278157441213,682.5270926264326,0.0,0.0,0.0
7.020000000000001,-4.29761484654381,-14.357991154020835,1.988136429621721,-0.07375001224696769,3.232753628924439,160.50407167710424,-4.591687789621337,-14.32341732703759,1.9999999999999991,161.70601499017317,1.5370267308503895,0.016059155464312636,0.09729057993118773,-0.17475883287277716,0.04674482445445463,0.051445031574436806,0.019630809168710295,0.08097022957386679,0.014632458984732716,0.002869922066571768,639.0442040177497,666.5751955284537,670.3079261487455,651.4375137021083,0.0,0.0,0.0
7.072000000000001,-4.373386372467443,-14.332081378982348,1.9885669570218178,-0.44902701160506975,3.364753318209527,160.66193491351223,-4.66888615900851,-14.299338447788505,1.9999999999999991,161.94596678429306,1.5369466514953956,0.013116469911425071,0.0967386078547677,-0.07322708574241492,0.04118607078987498,0.055465636081823866,0.011896193528655452,0.05447974855616865,0.012507610512284672,0.0030712122312229187,642.8317190188545,662.1319618292291,667.0410314424906,655.105275845906,0.0,0.0,0.0
7.1240000000000006,-4.449242196316897,-14.30632991480688,1.9887725535351464,-0.4311002980159276,3.4721758864366317,160.83153402536652,-4.745925541356334,-14.275624812330156,1.9999999999999991,162.18621988513434,1.537997448596316,0.012470697239957926,0.09540548275461039,0.041818257955643375,0.03151860748464268,0.05911508493313021,0.018982208472045126,0.007400170284404137,0.011520429445671655,0.003173071454816518,649.8749697847181,655.3253408564735,660.8478211189382,662.0188747686273,0.0,0.0,0.0
7.176,-4.525228477624349,-14.280724096944635,1.9887590323419555,-0.2364303580958461,3.547492577548239,161.01649976577156,-4.822355983478479,-14.25241227593068,1.9999999999999991,162.7735288372257,1.5399123424777101,0.010817550961836748,0.09350176265605274,0.0639360038978299,0.020247717747809472,0.06775932614216681,0.038651619223981304,-0.018526013889628525,0.010951853121245967,0.00840384566472652,646.8072383687361,644.6020842739132,664.9185534953584,673.2012054593055,0.0,0.0,0.0
7.228,-4.601350910560446,-14.255178319556428,1.9885527382274797,-0.08623894357429966,3.587100019041162,161.24167708484646,-4.898850232512804,-14.229534059660923,1.9999999999999991,163.54528679569304,1.5423757413390773,0.006439499697455703,0.091350602275838,0.028677435255560952,0.008275022508122294,0.0840105016090782,0.06690738756839476,-0.026039826757534794,0.011782886290443644,0.013945265135816877,640.5702281552151,636.372413228158,671.9526756614183,682.4522692332724,0.0,0.0,0.0
7.280000000000001,-4.677606520994567,-14.229628673348781,1.988197426388852,-0.07429059837700916,3.592398245320573,161.525722036613,-4.9757267434452,-14.206939644648894,1.9999999999999991,164.4176202664504,1.5450440627478383,-0.0004948794668339657,0.08925160662383565,-0.023044747680665827,-0.0025114354288727314,0.10516936091139321,0.09942542014772793,-0.023988579878935545,0.013852051191717145,0.018594399651935052,634.044763807743,631.0321694535959,678.9479772270503,689.3459175970934,0.0,0.0,0.0
7.332000000000001,-4.753998287990056,-14.204075448872123,1.9877481529044503,-0.20396858641742666,3.5705191156979605,161.87203098723944,-5.052633778928368,-14.1847622821369,1.9999999999999991,165.1532054823968,1.5475921456437585,-0.008807298952146039,0.08750389575534541,-0.06796084988835503,-0.010668244916956502,0.1247757418016409,0.1315229154107317,-0.01710168270987063,0.01574799453577709,0.019665733595285544,631.9303026762109,631.5274685590493,681.761989910757,690.7606928961519,0.0,0.0,0.0
7.384,-4.830537435010702,-14.178585456228591,1.9872629839263953,-0.5104404559224058,3.509287920881222,162.27552145687605,-5.129185782821069,-14.163149529576996,1.9999999999999991,165.94089993853913,1.549782871217954,-0.017173898491734486,0.0857628577502182,-0.17736318320215344,-0.03601857782436609,0.1436792589528928,0.16472580466934794,-0.12691372310455373,-0.011871848055362608,0.02086486232462299,651.1057414068705,609.7193249286964,672.6800567621871,704.0967698065746,0.0,0.0,0.0
7.436,-4.9072442884180605,-14.153329135539554,1.9867951219741125,-1.360674286453611,3.3004847879647317,162.740476641748,-5.206010854330233,-14.142001943411556,1.9999999999999991,166.7480203394764,1.5510951640492838,-0.023118160888513973,0.08110310229221326,-0.3135743795817406,-0.1062896871455945,0.1631985971095895,0.22600127259467573,0.09369315176661605,-0.03645705007454214,0.02098820852471148,623.4335465219117,640.4601429508895,707.5482631962694,672.0790626871692,0.0,0.0,0.0
7.488000000000001,-4.9841312401847775,-14.128683335670287,1.9864253478344915,-1.9772328399784167,2.8185183207097695,163.28426637287038,-5.2827711360954765,-14.121485126226194,1.9999999999999991,167.71275405860592,1.5499358599314759,-0.023104637554439516,0.07129447540812564,-0.14464249920935865,-0.21363191605548937,0.1871712869627356,0.33462002603133145,0.04510822006042941,-0.036777193909626346,0.021144333769018992,633.0090366743192,635.4783754551029,703.5333984679418,681.3014822953846,0.0,0.0,0.0
7.540000000000001,-5.0610669988092605,-14.104989580179017,1.9863059368578921,-2.1504752700697605,2.0049191550248624,163.91542556988668,-5.3599550465475,-14.10160475993704,1.9999999999999991,168.6782684853745,1.5435936265867025,-0.02061465388202268,0.05613689823755559,-0.029663577336639872,-0.3257017982774194,0.20932135809377145,0.48767125453700033,0.0029793343017581898,-0.009708651549027003,0.02018892526447523,639.9564474423014,637.9766022084526,696.0391878962515,692.6038425027178,0.0,0.0,0.0
7.5920000000000005,-5.1377162184160365,-14.082445151052243,1.9866580652627543,-2.162146866157566,0.9060192475571824,164.6295455014718,-5.437860713819684,-14.082469471255253,1.9999999999999991,169.79813214104072,1.5290456075330559,-0.018953198468653704,0.0379070538294289,-0.005841801003475352,-0.40940404482468323,0.23231315261360752,0.6557646117948726,-0.01143241811885165,0.024540563456930148,0.020409263217774178,640.4050952802645,644.2415132318898,693.1319588551517,702.8208491781221,0.0,0.0,0.0
7.644,-5.213589724650279,-14.061198512085591,1.987739927622301,-2.1950555990642036,-0.35233790315841546,165.41296710671716,-5.515668136486614,-14.064409902998634,1.9999999999999991,170.90226968436932,1.504033287468673,-0.018639760077848854,0.0206227164587105,-0.019104393889349664,-0.441743525288173,0.252971231987562,0.7912541661752304,-0.010994286298118574,0.06289864896105815,0.01972761072461155,638.747776245056,653.8454600221401,689.9164527209043,709.7656005176235,0.0,0.0,0.0
7.696,-5.288122201984006,-14.041408910568299,1.9897789724049484,-2.2951415994393485,-1.6095096279785397,166.26568392784242,-5.593179856783545,-14.047656283571175,1.9999999999999991,173.4414846995012,1.4678543676448865,-0.01914394306767399,0.008151471245729121,-0.0344713863135668,-0.42263889366512775,0.2760529452416851,0.848934539468061,-0.02319592669395609,0.0364039941429245,0.04619760432751285,607.2723002427072,611.3474110347779,727.28694455151,742.53273569533,0.0,0.0,0.0
7.748000000000001,-5.360752843432096,-14.023244130274911,1.9929002556436182,-2.445889304499782,-2.7333992299960386,167.1878163034669,-5.670386354911425,-14.032396918762403,1.9999999999999991,174.89534095878722,1.4213708035384327,-0.019773022679608183,0.0021469079333536457,-0.04032045420593931,-0.362722368305585,0.2982135195502284,0.8085553480624429,-0.018849077449249504,0.05833396619855659,0.049287068426560485,597.8278100368643,610.1178098561932,728.3498220141837,748.0060055711155,0.0,0.0,0.0
7.800000000000001,-5.43099333583478,-14.006853608503071,1.9970770815148462,-2.6139062184458965,-3.6086025969106204,168.1753234087782,-5.740868894002853,-14.019342113253884,1.9999999999999991,176.31635770057883,1.3665992697641571,-0.01992974480089356,0.002499946900276182,-0.03513243292673196,-0.2697929588989479,0.3239639133525068,0.6719816367258162,-0.013734095120923379,0.06367001825643281,0.04905839036207015,593.5396966283823,609.1505851453436,725.5838313135395,745.3687247875711,0.0,0.0,0.0
7.852,-5.498483056975822,-13.992340683098174,2.0021229562051897,-2.7679384897993784,-4.194955905422635,169.23376194635102,-5.799897380921692,-14.00883319681024,1.9999999999999991,177.93643605400854,1.3062559971239203,-0.01955461408244273,0.006915246805146401,-0.02123319495219056,-0.17629059757602977,0.3527965510721834,0.4676098756552119,-0.009003743224194812,0.04487741127773859,0.05031647421766593,589.0719104511674,600.4112000356553,726.3374155509497,740.1516368388748,0.0,0.0,0.0
7.904,-5.563005645458912,-13.979749626534812,2.0077273015377552,-2.8822563525241853,-4.547530308379347,170.36891159433952,-5.846756960364279,-14.000714915378078,1.9999999999999991,179.5016692009319,1.2429131975556327,-0.018786451851234655,0.011414388750032178,0.0006611834824818051,-0.11259749536482902,0.3793080708798294,0.24430437752494044,-0.006106107729585772,0.02090997059458848,0.049671454569591114,588.0815393164404,592.7949893111288,724.6596714188954,731.6346278386607,0.0,0.0,0.0
7.956000000000001,-5.624459072926149,-13.969066961238877,2.0135037773739426,-2.926747841760849,-4.762159713557935,171.57776937053103,-5.88259527934042,-13.994630983173382,1.9999999999999991,-178.73035606285092,1.1783534013888888,-0.01765622884241601,0.012302130373268863,0.029799454172950664,-0.08331422334757368,0.4111501206087452,0.05059237454165713,-0.005628392327549298,-0.009462076393596162,0.04966940200564008,588.1520297173533,583.3087078302618,724.83561017292,723.8406325285532,0.0,0.0,0.0
8.008000000000001,-5.682799521262346,-13.960229709456286,2.019086809883036,-2.892583671734938,-4.96587576372475,172.86466958386265,-5.909245968984853,-13.990179031218151,1.9999999999999991,-178.73035606285092,1.1133654169483673,-0.01674848147275352,0.007621216495002745,0.058945367482998036,-0.09769172693910819,0.4258205008817207,-0.08267245972311503,-0.01223171450690102,-0.19604871230955126,0.01819791515027183,660.2790147206592,598.0455281188557,705.6180952083135,654.8166223771748,0.0,0.0,0.0
8.06,-5.7379714901235745,-13.95313931832039,2.024190859326023,-2.823564004772711,-5.602073563304752,174.14246204193782,-5.928625580630986,-13.986984706723153,1.9999999999999991,-178.73035606285092,1.0471096763584071,-0.014549538981447147,-0.007701963729039941,0.0607281253234762,-0.39368690753858293,0.40872271019456513,-0.09663826717389642,-0.007185992755867083,-0.25889745251428664,0.002740363134483735,689.2710788152957,612.4146778157401,694.5580985374719,622.7131712370781,0.0,0.0,0.0
8.112,-5.78969436060957,-13.947710388859676,2.0286850954261535,-2.797191563186679,-7.422832747363969,175.41330316862928,-5.942456790414885,-13.984731087305011,1.9999999999999991,-178.73035606285092,0.9717233493097863,-0.01037883049051354,-0.04119569972943508,0.05429821239832298,-0.7586043761761111,0.38090712122827275,0.08667108283213304,0.0037741121228539107,-0.026092396944515706,-0.013872394797592665,683.0820127814009,676.9119129890366,645.992043058869,637.2412546241942,0.0,0.0,0.0
8.164,-5.837179117882023,-13.943922332396866,2.0327031610461197,-2.8128992473697427,-9.829806746256365,176.6149671879027,-5.9521692570430975,-13.983164786115521,1.9999999999999991,-178.73035606285092,0.8774784302021811,-0.0031898397188676363,-0.0730087991793893,0.05726683882104573,-0.8327628680637478,0.3428559831150034,0.26849742356747275,0.014532550000376034,0.13758400338368368,-0.02532744867072953,680.405063810683,721.210306621833,613.0445781660867,649.6837103650724,0.0,0.0,0.0
8.216000000000001,-5.879342645175869,-13.941771162491245,2.036517881209773,-2.822401607738345,-12.008249683499198,177.69017104376837,-5.958891007434341,-13.982091009630013,1.9999999999999991,-178.73035606285092,0.7637133912054462,0.007431256078728757,-0.085536081582614,0.07209363114316036,-0.6652163653520178,0.30051744228408034,0.26763486111815915,0.022628059300144235,0.21956382784353212,-0.032620535337557585,680.1504741361158,744.0865054000158,593.1771917465317,652.612982122356,0.0,0.0,0.0
8.268,-5.91521717377004,-13.941205080723202,2.040253686423143,-2.7708636167941156,-13.438959278529044,178.60215231078732,-5.963480911892264,-13.981364322193741,1.9999999999999991,-178.73035606285092,0.6366577287706311,0.02107763061434723,-0.07733968082533786,0.09443778516436738,-0.3679812194485976,0.2570648179322493,0.06602662954868233,0.027531034512283774,0.23736796015933126,-0.036162121977178927,679.1588405849285,748.9020495409405,582.586856234954,646.763160603165,0.0,0.0,0.0
8.32,-5.944253956086477,-13.94209769335967,2.043743675384378,-2.619446268668435,-13.910682361480974,179.33763941606108,-5.966575432173876,-13.980878622094759,1.9999999999999991,-178.73035606285092,0.504583034729321,0.03670650310964289,-0.05782499850776335,0.11983540779615362,-0.03535048195209081,0.215282799996035,-0.23882780117517854,0.028958524647716623,0.21227326056165996,-0.03657943158916933,676.8391191385573,740.8172994278171,579.0276597086486,635.7643243076699,0.0,0.0,0.0
8.372,-5.966429432226787,-13.944257813021174,2.0465984696442683,-2.3536105325911114,-13.43993335416696,179.90715509197761,-5.968636060642775,-13.980557974669487,1.9999999999999991,-178.73035606285092,0.3753632731983712,0.05289588963515048,-0.03884824068980779,0.1443741058483451,0.2680917759233095,0.1771546328293717,-0.5182942967998538,0.026988801202842562,0.163378321722645,-0.034871173888547824,674.6710166525612,725.7794461814397,581.2462790688307,623.8007643875719,0.0,0.0,0.0
8.424000000000001,-5.982181373442408,-13.94745548633572,2.0483815293087546,-1.9829380065044768,-12.18457676505239,-179.6616394670053,-5.96999135822305,-13.980348927378248,1.9999999999999991,-178.73035606285092,0.2558706910637864,0.06810257492653024,-0.02870442630351901,0.16420890448713013,0.5052147174423071,0.14368272641081753,-0.6771061296292453,0.02236251486165068,0.1054062403522052,-0.03190920710917999,674.205339015371,708.9370449386317,588.4793678823339,614.4355173476457,0.0,0.0,0.0
8.476,-5.992265708945256,-13.951446777177201,2.0487807169832606,-1.5346631368258035,-10.372165628827622,-179.33463886960996,-5.970871545447286,-13.980214405066475,1.9999999999999991,-178.73035606285092,0.15171392246629528,0.08090377652437707,-0.029927490150644352,0.17616217520551078,0.6608076321146189,0.11490535892299938,-0.6804013295973929,0.016195344450463944,0.04820598650721658,-0.028464158061969152,676.2595255971411,693.9313791409894,599.4644582745373,609.4202963752766,0.0,0.0,0.0
8.528,-5.997616184876803,-13.955989848769732,2.047707741430978,-1.0448899623264567,-8.248116184832998,-179.08089677123007,-5.971435637362864,-13.980129038768768,1.9999999999999991,-178.73035606285092,0.06678939824961651,0.0902088733935146,-0.04024383377389003,0.17829497427927576,0.7341689138841583,0.09043640107290377,-0.5475639390610968,0.009639920347724415,-0.001992449531172169,-0.025008463000066695,680.4383961455526,682.5479696294535,612.5321279777714,608.9515852250727,0.0,0.0,0.0
8.58,-5.9992411445041505,-13.96085334110459,2.0453058238167636,-0.5506880307977361,-6.040036648741118,-178.87838001154614,-5.971792015189249,-13.980075690718829,1.9999999999999991,-178.73035606285092,0.0028798578152651245,0.0954004241982995,-0.05487935480040964,0.17040159572477293,0.7352725288249212,0.0695804976621011,-0.3298746727466533,0.00355985039858836,-0.04209654287621453,-0.0217836162888406,685.6515813341981,675.0029224553683,625.9557412593377,612.0903177409606,0.0,0.0,0.0
8.632,-5.99815155220212,-13.965821509404137,2.041890602679849,-0.08564830263101143,-3.9388258985125337,-178.71417955402293,-5.9720136193418885,-13.980042926653326,1.9999999999999991,-178.73035606285092,-0.04036611699425304,0.0963666366434827,-0.06880536899844945,0.1533616009978545,0.6776198724182397,0.05185255812228377,-0.08662696538215642,-0.0013262393809138628,-0.07006915168646977,-0.018866445746184762,690.4506196566421,670.7298984577099,638.1629742511511,617.5806080440962,0.0,0.0,0.0
8.684000000000001,-5.995303721374887,-13.970699614020871,2.0378582725121364,0.32323608120005826,-2.087967467879352,-178.58297405122138,-5.9721489349982235,-13.980023211320786,1.9999999999999991,-178.73035606285092,-0.06506294733016607,0.09343698933706387,-0.07843466239645315,0.12945683512604758,0.5787609063182012,0.03681611532310254,0.13441922719156318,-0.004723912393480648,-0.08582937131872237,-0.01623197104017121,693.7251239862084,668.7361527578828,648.1805640238099,624.2145148290218,0.0,0.0,0.0
8.736,-5.991547976502691,-13.975320222923951,2.0336013786039935,0.6574677017833234,-0.5787470158926707,-178.4833698064497,-5.972229794541722,-13.980011641047392,1.9999999999999991,-178.73035606285092,-0.07445077431593108,0.08724614685420823,-0.08203036559409284,0.10144352700574241,0.45604395426615907,0.02416218903056661,0.30373100773071926,-0.0065894927653406266,-0.09032384347681512,-0.013785709037713596,694.7561098305144,668.0181690220342,655.59980066102,631.1326299995367,0.0,0.0,0.0
8.788,-5.987586603243536,-13.979549035546883,2.0294458868599707,0.9077957270479515,0.5478757056275213,-178.41491534570338,-5.972276833023626,-13.98000506639184,1.9999999999999991,-178.73035606285092,-0.07224477664872979,0.07858351621951001,-0.07971652006178573,0.07225485456471811,0.32580274744365634,0.013793890619983143,0.41211756206756567,-0.007167611988398104,-0.08566008361391114,-0.011514007534731065,693.512603677264,667.8758008407735,660.4333718671038,637.6992980426055,0.0,0.0,0.0
8.84,-5.983947629033389,-13.983288376069654,2.025623580966562,1.0735703031118422,1.2942875087419463,-178.37608214421576,-5.9723032489283066,-13.980001492936715,1.9999999999999991,-178.73035606285092,-0.06212129835159519,0.0682658379220196,-0.07280858547943299,0.0443504362553369,0.20137342706848713,0.005528290508504883,0.4650556324100942,-0.006815649020704783,-0.07446786599319728,-0.009373910621168678,690.3197195071027,667.8174046867827,663.1062221530892,643.641026204475,0.0,0.0,0.0
8.892000000000001,-5.980978885613226,-13.986477463187525,2.0222682804869665,1.1609612691877746,1.696018753389783,-178.36341020337582,-5.972317362713203,-13.979999677224031,1.9999999999999991,-178.73035606285092,-0.04739097697667425,0.05705209130835583,-0.06313019909343656,0.019473292361621476,0.09243611920048782,-0.0007602447812311147,0.47612037735284807,-0.005902715824648294,-0.05948861369725396,-0.007397569808849798,685.8275919404628,667.6626769017547,664.1508355589534,648.8057795632789,0.0,0.0,0.0
8.944,-5.978861286307619,-13.989089570605444,2.019432458744995,1.1807514359628484,1.8105293460602079,-178.37180448802206,-5.972324335641135,-13.979998857639686,1.9999999999999991,-178.73035606285092,-0.03082665406696431,0.04559723648474727,-0.0524151650938488,-0.0013274524994251699,0.004811966652171178,-0.0053093205387098165,0.4605995794868245,-0.004764573988347588,-0.043183261582610995,-0.005597581792426619,680.7100667196888,667.336960147473,664.1621113704276,653.1971619356641,0.0,0.0,0.0
8.996,-5.977636125817061,-13.991127045523404,2.017110741018442,1.1457401858045988,1.7054808695908037,-178.39546631918753,-5.972327310315047,-13.979998577379654,1.9999999999999991,-178.73035606285092,-0.01459491681217245,0.034433295359764304,-0.04196764897682114,-0.017817946612922207,-0.05947871367587404,-0.00832486238144568,0.4314171879980246,-0.003568131136201627,-0.027344428750105093,-0.004022200532281038,675.5735420054407,666.9160442758327,663.5915940143506,656.821373903735,0.0,0.0,0.0
9.048,-5.9772393033038265,-13.992615420648134,2.015263128874509,1.0689648061221964,1.4502515455624674,-178.4286567718096,-5.972328158143214,-13.979998569454136,1.9999999999999991,-178.73035606285092,-0.00025248188903898033,0.023969873448014146,-0.032573534361164794,-0.03009673837218437,-0.10079534394645377,-0.01011182331587216,0.3975254742718822,-0.0024301359406320965,-0.013325984567669806,-0.0026871589795883287,670.8595383835873,666.4296549359549,662.8085608639601,659.7109467425289,0.0,0.0,0.0
9.1,-5.977536573449218,-13.993597551025687,2.0138336596332986,0.9625645531526541,1.108863295214066,-178.46649043576986,-5.9723279629738935,-13.979998682973944,1.9999999999999991,-178.73035606285092,0.01122126796898291,0.014501962294058127,-0.02455637509998216,-0.038551936090193126,-0.1217387401289449,-0.010920934755531356,0.3638587379638775,-0.001389319341494796,-0.0018104303505234384,-0.0016071797969662391,666.8280540711264,665.9253725765744,662.0134510986443,661.8938576590544,0.0,0.0,0.0
9.152000000000001,-5.97835557329568,-13.994128295736424,2.012761855575171,0.8373090991928834,0.7360462246158835,-178.5051816786423,-5.972327329819018,-13.979998836569601,1.9999999999999991,-178.73035606285092,0.019357274687063452,0.006222510249892203,-0.017950302710585807,-0.04363241742568942,-0.12573860450200797,-0.011001208114202608,0.33266249943122844,-0.0004734856907763346,0.006832965430972372,-0.0007687850799256863,663.5934406230991,665.3925994762333,661.3378323419892,663.4115093484421,0.0,0.0,0.0
9.204,-5.979512485127232,-13.994269889709601,2.0119889547544005,0.70246679288622,0.37505336169611186,-178.54216014713003,-5.972326579050474,-13.979998989418776,1.9999999999999991,-178.73035606285092,0.024111536294392083,-0.0007641482376167339,-0.012624485596011708,-0.04580434010597597,-0.11688062503376173,-0.010581791696235278,0.30451415146923555,0.0002924657762832378,0.012614453041234687,-0.0001468740486912559,661.1539408293097,664.8137461053159,660.8309599017056,664.3270404809102,0.0,0.0,0.0
9.256,-5.9808325065569505,-13.99408798751722,2.011461050875248,0.5656897211025224,0.05665713803128712,-178.57595594284328,-5.972325866562836,-13.979999123549813,1.9999999999999991,-178.73035606285092,0.025763892451379267,-0.006428544673114463,-0.008382224395121061,-0.04562170574010576,-0.09937778289217032,-0.009836610467145398,0.2791935377867024,0.0009239394834573492,0.015825903895949206,0.0002934679856768163,659.4208601125522,664.1788381406435,660.4968649263623,664.7247517360169,0.0,0.0,0.0
9.308,-5.982163954578891,-13.993648391712076,2.0111296810645585,0.4330780154117585,-0.20011986913529806,-178.6058844668197,-5.972325256724994,-13.979999233263126,1.9999999999999991,-178.73035606285092,0.024812076504052698,-0.010801348690441158,-0.0050501689267731485,-0.0435574827224388,-0.0769575515492412,-0.008905587669223423,0.25653813167533224,0.001416897670870356,0.016848832582402988,0.0005849812807264466,658.2925533905888,663.4882757064694,660.3183882849798,664.6973152188043,0.0,0.0,0.0
9.360000000000001,-5.983386581574981,-13.993014421693097,2.0109515666160322,0.309358411207058,-0.38643668744447823,-178.6318256271769,-5.972324765667521,-13.979999318974455,1.9999999999999991,-178.73035606285092,0.02187471432424915,-0.013960145713991803,-0.002486700964845237,-0.04005935392452367,-0.052813997495491184,-0.007879848572819929,0.23653318257614522,0.001769382577854509,0.016143610211314142,0.0007605573351857431,657.6553564691957,662.7560265381896,660.2698315302003,664.3498455663429,0.0,0.0,0.0
9.412,-5.984415011053702,-13.992244850709119,2.0108883249556913,0.1979998797620961,-0.5017976331872251,-178.6539781859981,-5.972324386237878,-13.979999383755196,1.9999999999999991,-178.73035606285092,0.017608035775507545,-0.016017465836612184,-0.0005801367444654565,-0.035549081800146744,-0.029475663014418875,-0.00684120460801322,0.21930303926682845,0.001984051519472377,0.014189681676103266,0.0008511984171568442,657.3971422858186,662.0060824996913,660.3247385118686,663.7905325720568,0.0,0.0,0.0
9.464,-5.985198261889692,-13.991392379632373,2.0109068590891703,0.10126318550353713,-0.5520192571423824,-178.6726941321643,-5.972324101842587,-13.979999431482225,1.9999999999999991,-178.73035606285092,0.012639701599698822,-0.017109684746740565,0.0007646714143449612,-0.030420958470108957,-0.008789377784231882,-0.005828985821272446,0.20496715983446892,0.002073364235579441,0.011452179595473573,0.0008804587720599466,657.4174342078315,661.273815371668,660.4513529992579,663.1155750610145,0.0,0.0,0.0
9.516,-5.985716390971215,-13.990502640002596,2.0109791722344728,0.020352965358012867,-0.5472834994373501,-178.68835832555942,-5.972323893707314,-13.979999465922406,1.9999999999999991,-178.73035606285092,0.007520554517083627,-0.017386786367644298,0.001630937189362,-0.025014496263104424,0.00804376344345122,-0.004877341855076616,0.19360066479260876,0.002050432049122761,0.008360468763480615,0.0008668038774691288,657.6281205743475,660.5975082325891,660.6167652623939,662.4099771309584,0.0,0.0,0.0
9.568000000000001,-5.985975218376643,-13.989613668884779,2.01108267243062,-0.044460529846415194,-0.5001230717270122,-178.70133157661138,-5.972323744351396,-13.979999490340763,1.9999999999999991,-178.73035606285092,0.0026939503636109136,-0.01700353274140595,0.0021091330959147666,-0.019632502154406532,0.020500847472267998,-0.0040015812740166554,0.1850362700684726,0.0019380927995912003,0.005244274913369611,0.0008247990884486682,657.9550236370843,660.0039864364088,660.7940534636055,661.733972032056,0.0,0.0,0.0
9.620000000000001,-5.986000088415124,-13.988755806345713,2.011199945897099,-0.09368660576712401,-0.4238423117207355,-178.7119307080779,-5.972323638969484,-13.979999507387511,1.9999999999999991,-178.73035606285092,-0.0015176058151353537,-0.016111734464975994,0.0022824736468344134,-0.014513465300664576,0.028476471262668557,-0.0032135699664534744,0.17901349349712317,0.001758643879797077,0.0023870865209059886,0.0007645123582195347,658.3354062565053,659.5181815227871,660.9550746929585,661.1337947676736,0.0,0.0,0.0
9.672,-5.9858294091093445,-13.987951948344032,2.011318246036792,-0.1284390651684594,-0.33127447658920867,-178.72042806782198,-5.972323565720979,-13.979999519122027,1.9999999999999991,-178.73035606285092,-0.004913633927243549,-0.014854060095508815,0.002234298107766512,-0.009833478931374538,0.03232059602208612,-0.0025161695038258824,0.1751223756793459,0.001533176334447627,-3.1287035897394067e-05,0.0006922989097011194,658.7234648783838,659.1519462139099,661.0778614401103,660.6328231897226,0.0,0.0,0.0
9.724,-5.985508543843417,-13.98721807426208,2.0114290009743603,-0.15023733645764825,-0.23364750269605722,-178.72707035862294,-5.972323515501447,-13.97999952709452,1.9999999999999991,-178.73035606285092,-0.007405345722217155,-0.013359534880780672,0.0020392560746117596,-0.005711107768537526,0.03265442457034816,-0.0019117829128641867,0.17290534522379294,0.0012798586070613877,-0.001913380037352374,0.0006147334572277655,659.0840091843709,658.903284103243,661.1507105296848,660.2421209093137,0.0,0.0,0.0
9.776,-5.985084536099529,-13.986563966968413,2.0115269400030287,-0.1608825126034874,-0.14012378563352318,-178.73208700749888,-5.9723234815123165,-13.979999532443445,1.9999999999999991,-178.73035606285092,-0.008997883444679255,-0.011740563418656237,0.0017585609267047025,-0.002221650822213134,0.03022521253356485,-0.0013965881643305113,0.1719314305431428,0.0010179966298198468,-0.003216348244302402,0.0005354605407899365,659.3938333291039,658.7667905606098,661.1660146112412,659.9609508925464,0.0,0.0,0.0
9.828000000000001,-5.9846018772980125,-13.985994064514289,2.011609339098595,-0.16231276234919498,-0.05747358071464301,-178.7357012893679,-5.972323458793093,-13.979999535988119,1.9999999999999991,-178.73035606285092,-0.00976920103312364,-0.010091153263254786,0.0014400297960491001,0.0006065516423134252,0.025856680038558698,-0.00096758199853364,0.1718198096907709,0.000763366506507929,-0.0039599307934230004,0.0004575104010738283,659.6408495254642,658.7292282616374,661.1245096091338,659.7800672770206,0.0,0.0,0.0
9.88,-5.984099434518862,-13.985508380984768,2.011675317774533,-0.15648031456034406,0.009965955869578958,-178.73813082383583,-5.9723234437932735,-13.979999538308087,1.9999999999999991,-178.73035606285092,-0.009847257875851684,-0.00848639349183784,0.0011175808715783776,0.0027879014599064816,0.020356461917613852,-0.0006164600827881306,0.17226707598789226,0.0005264555095610423,-0.004208833198281798,0.0003828622183457162,659.8231369157394,658.7731477351776,661.0326524061442,659.6846056642216,0.0,0.0,0.0
9.932,-5.9836085411127975,-13.985103438619674,2.011725246726223,-0.14524087569523203,0.0601308866888606,-178.73958809056208,-5.9723234340133216,-13.979999539807107,1.9999999999999991,-178.73035606285092,-0.00938792094352299,-0.006983063468503597,0.0008130212878007194,0.004362407180137433,0.014442676285825887,-0.0003367536447554978,0.17304855455395138,0.0003151569223188268,-0.004054887797112005,0.0003133269591514179,659.9449362656011,658.8787773488126,660.9018570510749,659.6576397110523,0.0,0.0,0.0
9.984,-5.983152154422803,-13.984773161947817,2.0117602788063738,-0.13029629734589732,0.09286461837815425,-178.74027385488574,-5.9723234277193855,-13.97999954076257,1.9999999999999991,-178.73035606285092,-0.008555517881738932,-0.005620992457102015,0.0005386532617702898,0.005389968241544231,0.008703620820419849,-0.00012089221565640205,0.17400769018207915,0.0001346375278888784,-0.003602182161120929,0.000250584780963529,660.0143517088733,659.0259526229496,660.7462802324976,659.682246036558,0.0,0.0,0.0
10.036000000000001,-5.982744902888313,-13.984509703838905,2.0117820200237766,-0.1131499046717135,0.1095055382196312,-178.74037109747206,-5.97232342372497,-13.979999541362599,1.9999999999999991,-178.73035606285092,-0.007507170186242623,-0.004424886457842546,0.00030011122687312265,0.00594444738660387,0.0035781658246482593,4.083270299110829e-05,0.17503872094210018,-1.271662098591966e-05,-0.002956046612985112,0.0001948535632096977,660.0432916272565,659.1971950600421,660.5790686045189,659.7409063418964,0.0,0.0,0.0
10.088000000000001,-5.982393817452104,-13.984304179328923,2.0117922823182246,-0.09506430553560086,0.11242305012527624,-178.74004041487726,-5.972323421228489,-13.979999541733187,1.9999999999999991,-178.73035606285092,-0.006381323621145472,-0.003406528215859296,9.870752121733561e-05,0.006107494663476291,-0.0006461973728069012,0.00015614475775615246,0.17607157097494794,-0.00012765910665142642,-0.0022137837858789474,0.00014678076838820018,660.0432456235167,659.376025574114,660.4132687311247,659.8191705777124,0.0,0.0,0.0
10.14,-5.98209952822209,-13.984147288157464,2.0117929418298437,-0.07706677658560253,0.10460713812906894,-178.7394182313095,-5.972323419695081,-13.97999954195768,1.9999999999999991,-178.73035606285092,-0.0052904463553546735,-0.0025671435113200575,-6.648908623471238e-05,0.005958163121964308,-0.0038169210817661572,0.0002335112574132588,0.17705600240397612,-0.00021107773465234205,-0.0014617093380586705,0.00010617570967621645,660.0258156162998,659.5491926963133,660.2596987941399,659.903518316356,0.0,0.0,0.0
10.192,-5.981857726684275,-13.984029823330953,2.01178581983253,-0.059945850108341525,0.08925867959316083,-178.7386137096728,-5.9723234187722465,-13.979999542090527,1.9999999999999991,-178.73035606285092,-0.0043174727888022745,-0.0018996881834241381,-0.0001981725021557909,0.005576105903224204,-0.005915615752370331,0.00028092130647541997,0.17796070509314146,-0.00026670894484254843,-0.0007631714151020118,7.243509370495274e-05,660.0007537965015,659.7073422257693,660.1253844333149,659.9839859173848,0.0,0.0,0.0
10.244,-5.981660704644862,-13.9839430640553,2.0117726067817667,-0.04426769006645761,0.06946371264275394,-178.73771306057276,-5.972323418230574,-13.979999542166842,1.9999999999999991,-178.73035606285092,-0.0035157488504388573,-0.0013910823749002325,-0.00029945461688118155,0.005031226141720092,-0.007009961270243897,0.00030403581532479295,0.17876255065716182,-0.000297916926952932,-0.00016530398464498263,4.538996385337037e-05,659.9750268966019,659.8430668621863,660.0158784249986,660.0536493348121,0.0,0.0,0.0
10.296000000000001,-5.981498820767759,-13.983879059092802,2.0117548328522568,-0.030406453133272345,0.047993104421276245,-178.73678084859517,-5.972323417922706,-13.979999542208965,1.9999999999999991,-178.73035606285092,-0.0029113332420009483,-0.0010241770655686684,-0.00037381895480254014,0.0043855170432350364,-0.007234496022248698,0.000309159345217192,0.17944708666233952,-0.0003084671584682242,0.0003021104542308599,2.3570521773558302e-05,659.9551621213257,659.9533513795711,659.9325768834889,660.1064860343281,0.0,0.0,0.0
10.348,-5.9813617976937925,-13.983830813137994,2.0117338207103472,-0.0185646526913585,0.027111293515441687,-178.7358626757338,-5.972323417755318,-13.979999542230898,1.9999999999999991,-178.73035606285092,-0.002507000614469492,-0.0007794612051935858,-0.0004252910663726901,0.0036926320831902637,-0.0067774259688858545,0.00030113260318916384,0.18001172399927803,-0.000302777866648298,0.0006315527317631649,7.2370664709985725e-06,659.9424519549333,660.0361002930568,659.8762441513525,660.1423711016587,0.0,0.0,0.0
10.4,-5.981239769966224,-13.983792386620463,2.011710674450012,-0.008804830741620827,0.008500090139677193,-178.7349902359821,-5.972323417670224,-13.979999542241254,1.9999999999999991,-178.73035606285092,-0.002287518718468829,-0.0006365173066416789,-0.00045773600470240745,0.0029950838921538247,-0.005835162502889266,0.0002839019058141572,0.18045921750214913,-0.00028466286293414664,0.0008268222552737536,-4.801033410698367e-06,659.9385992383674,660.0930218852652,659.8442049826203,660.1607944173021,0.0,0.0,0.0
10.452,-5.98112404942557,-13.983758923493431,2.0116862845141896,-0.0010799899108241374,-0.006740777760355934,-178.7341834815305,-5.972323417631773,-13.979999542245244,1.9999999999999991,-178.73035606285092,-0.0022251468624484615,-0.0005751640407675808,-0.00047499687530609994,0.002325906796224402,-0.004600647253269003,0.00026062280484502105,0.18079887765312422,-0.00025766128289201717,0.000902372197332045,-1.3336954986228015e-05,659.9433347082417,660.1269616092346,659.8329878547962,660.1634076971267,0.0,0.0,0.0
10.504000000000001,-5.981007612101251,-13.983726622213746,2.011661342185034,0.004739638917745881,-0.0180516438741341,-178.7334545336831,-5.972323417618586,-13.97999954224594,1.9999999999999991,-178.73035606285092,-0.002284895122830803,-0.0005763227998532393,-0.0004805839190649805,0.0017094707279982381,-0.0032459434568460365,0.00023386007911350114,0.1810430720229447,-0.00022502973403228343,0.0008788565921242467,-1.8964471135213386e-05,659.9552554198648,660.1414749997087,659.838618136771,660.1530463488585,0.0,0.0,0.0
10.556000000000001,-5.98088532997614,-13.98369266364579,2.0116363591383055,0.008841746485795582,-0.025338067892071523,-178.73280872208636,-5.9723234176181625,-13.979999542245093,1.9999999999999991,-178.73035606285092,-0.002429180532841351,-0.0006226403589682753,-0.0004777599735334517,0.0011616408771819955,-0.0019148517403510957,0.00020559573455632385,0.18120744809626949,-0.0001894036564719045,0.0007809482676963651,-2.234943807330899e-05,659.9724742878865,660.1409528297784,659.8566130461179,660.1330060823861,0.0,0.0,0.0
10.608,-5.980753983405381,-13.983655105663361,2.011611690110071,0.011787006091833576,-0.029161366643384583,-178.73211836187627,-5.972323417623439,-13.979999542243661,1.9999999999999991,-178.73035606285092,-0.002621897619362874,-0.00069915495872045,-0.0004692717996839024,0.0,0.0,0.0,0.18130758556130536,9.7591344877576e-05,0.00037171847523671494,3.704441544697318e-05,659.9098628288475,660.0435437352987,660.0402606739628,660.1183324850266,0.0,0.0,0.0
10.66,-5.980611946298255,-13.983612556108632,2.0115875650061135,0.015170335494892754,-0.030965384186768342,-178.73128755734265,-5.972323417630604,-13.97999954224215,1.9999999999999991,-178.73035606285092,-0.002837280999158396,-0.0008011206443628305,-0.00045726512732841517,0.0,0.0,0.0,0.1813571458036031,-0.00011430139052753962,0.0006534872194217043,1.967707535012052e-05,659.9250708228333,660.0786497591017,659.9470119774488,660.1656869081123,0.0,0.0,0.0
10.712,-5.9804586400976945,-13.983563568552038,2.0115641110167726,0.018415044768764783,-0.030221245237842524,-178.73045609933763,-5.97232341763774,-13.97999954224078,1.9999999999999991,-178.73035606285092,-0.0030565018305719156,-0.0009315561978630023,-0.0004435806324113588,0.0,0.0,0.0,0.18137007185360274,-0.00035887300011468566,0.00085088790645278,2.27575462553887e-06,659.9561778613713,660.0963156951324,659.860247438933,660.204813541753,0.0,0.0,0.0
10.764000000000001,-5.980294666030536,-13.983506834099387,2.0115413792508896,0.01993324975269043,-0.025958681045654734,-178.72967904108168,-5.972323417644005,-13.97999954223964,1.9999999999999991,-178.73035606285092,-0.003253489159171772,-0.0010834641535618613,-0.00042961837675737106,2.9680174727943594e-05,0.0008174130388438388,9.894339899106286e-05,0.18135841420611473,-0.0005736044110086237,0.0005819425414740958,-4.946896333636888e-05,660.0964432228685,660.0988178687671,659.7960302309181,660.1251908923791,0.0,0.0,0.0
10.816,-5.980122176165236,-13.983441885917518,2.0115193663828066,0.01819623280655936,-0.01846016333429014,-178.729180418668,-5.9723234176491315,-13.979999542238735,1.9999999999999991,-178.73035606285092,-0.003396332521502009,-0.001235485767079233,-0.0004163472217534882,-0.001069164254701217,0.0026823796517772554,0.00012061429656642662,0.18133173517855877,-0.00022723666357174667,-0.0002628699008561167,-6.775444149551007e-05,660.1921196218972,660.0525456494285,659.939772131335,659.9296215091591,0.0,0.0,0.0
10.868,-5.9799446187709915,-13.983369713632257,2.0114980348582914,0.013678754650046018,-0.01075774719631053,-178.7289150416934,-5.9723234176531355,-13.979999542238048,1.9999999999999991,-178.73035606285092,-0.003467781625219886,-0.0013582020599453193,-0.000404160069976918,-0.0017066293310312804,0.002463055595465286,6.911728425463732e-05,0.1812950474870658,7.759363325182168e-05,-0.0003690023444795637,-5.488118594145296e-05,660.1451757311588,660.0621851661126,660.0152981625706,659.8880823760701,0.0,0.0,0.0
10.92,-5.979765538136046,-13.983292513544438,2.011477325162029,0.008553449957696238,-0.004194576344336863,-178.72877822384518,-5.972323417656165,-13.979999542237534,1.9999999999999991,-178.73035606285092,-0.0034735015863448598,-0.0014352112894553794,-0.00039325483506664447,-0.00166511039130311,0.002013263928019664,3.085172536801301e-05,0.18125215701901967,0.00018072437295046196,-0.00039044815427773886,-4.40435398410346e-05,660.1175793693026,660.0578504887928,660.0470852483235,659.884386479227,0.0,0.0,0.0
10.972000000000001,-5.9795879167103,-13.983212752483524,2.011457163558062,0.004144680688477359,0.000921585508736296,-178.72873909909276,-5.972323417658395,-13.979999542237163,1.9999999999999991,-178.73035606285092,-0.0034261951554281646,-0.0014675152741569306,-0.00038375822112443993,-0.0009441206645630532,0.0010709458393083943,1.8741636724567375e-06,0.18120662949217614,2.6834882024134822e-05,-0.0002062331135339529,-3.4496577596252514e-05,660.0990309213006,660.0479375904522,660.0111426690152,659.9447543668966,0.0,0.0,0.0
11.024000000000001,-5.979414041161153,-13.98313255641922,2.0114374688800316,0.00014970213204959848,0.005028774856717923,-178.7287781220667,-5.9723234176600055,-13.979999542236898,1.9999999999999991,-178.73035606285092,-0.0033392440909319116,-0.0014632144418885175,-0.00037576282073741225,-0.0013478995621470993,0.0012531121646280534,-2.1825785800910095e-05,0.18116193770030736,0.0003183486068686483,-0.0004483739434966762,-2.5204080828547378e-05,660.0781444628939,660.0411119517777,660.0990153860355,659.8806220682035,0.0,0.0,0.0
11.076,-5.979245720707341,-13.98305385319627,2.011418159322994,-0.00415792085170754,0.0087862918077555,-178.72887634916998,-5.972323417661149,-13.979999542236714,1.9999999999999991,-178.73035606285092,-0.0032181682118471028,-0.0014212648870230518,-0.00036928897631475734,0.0,0.0,0.0,0.18112087112359315,-1.3757225097534449e-05,-0.00016044511500302208,-3.100297784114486e-05,660.0915580725009,660.0419440461237,660.0017823623857,659.9599992058686,0.0,0.0,0.0
11.128,-5.979084507560508,-13.98297858651193,2.011399157840045,-0.007867307517874894,0.011625414897605924,-178.72905549412135,-5.972323417661947,-13.979999542236584,1.9999999999999991,-178.73035606285092,-0.0030697155942594903,-0.0013448648026761912,-0.0003641468260136514,0.0,0.0,0.0,0.18108401167985902,0.00018175381014140152,-0.0003469611293252961,-2.7295722412934353e-05,660.0843328496791,660.0372802434648,660.0605092617078,659.90990900059,0.0,0.0,0.0
11.180000000000001,-5.978931530408196,-13.982908418411203,2.011380394485428,-0.010887777224906693,0.013408434909265993,-178.72929647893557,-5.972323417662497,-13.979999542236497,1.9999999999999991,-178.73035606285092,-0.0029022070467218763,-0.0012388032405857518,-0.0003601882248799524,0.0,0.0,0.0,0.181052127131077,0.0003814198813764748,-0.0005147766805040355,-2.2279829156930576e-05,660.0721510798289,660.0341693628202,660.1190817421952,659.8638096649642,0.0,0.0,0.0
11.232000000000001,-5.978787404604133,-13.982844618153834,2.0113618080449993,-0.011962464001906722,0.013430347949643222,-178.72957899476881,-5.972323417662868,-13.979999542236438,1.9999999999999991,-178.73035606285092,-0.0027276883223342078,-0.001113827341339377,-0.00035719145156311576,0.0,0.0,0.0,0.1810249888603276,0.0005221793549503091,-0.000622899588145567,-1.6386134886969736e-05,660.0587430293756,660.0300562417917,660.1620792570809,659.8359194084417,0.0,0.0,0.0
11.284,-5.978651954809359,-13.982787533100492,2.0113433462232533,-0.00993439884660759,0.011102993794270913,-178.72988382667899,-5.972323417663118,-13.979999542236397,1.9999999999999991,-178.73035606285092,-0.0025640460027369335,-0.0009917628348463249,-0.0003549703813960716,0.0,0.0,0.0,0.18100243520961976,0.0005333725018774326,-0.0006285709399904829,-1.0030378044856796e-05,660.0486514570489,660.0215369857299,660.1727747831482,659.8418154759961,0.0,0.0,0.0
11.336,-5.978523979612722,-13.982736089083266,2.0113249654696665,-0.004749076957662626,0.00644794694024428,-178.73013849742264,-5.972323417663284,-13.979999542236374,1.9999999999999991,-178.73035606285092,-0.0024327560504081125,-0.0009020010036592865,-0.00035339933694319287,0.0019105597341624915,-0.001730727780285566,-6.544038260965526e-05,0.18098462007121177,-0.00035084786616670016,0.0001543842514241618,1.8797261994441265e-05,660.0227527688435,659.9667924757973,659.9748781672779,660.1187760979562,0.0,0.0,0.0
11.388,-5.9784013428643625,-13.982687908889366,2.0113066304816876,4.31353282411925e-05,0.0015035809375800009,-178.73029865159216,-5.972323417663392,-13.979999542236351,1.9999999999999991,-178.73035606285092,-0.002347712040343455,-0.0008612295360904074,-0.0003524587610066981,0.0010750033255914322,-0.0012494685948476769,-3.819521188232749e-05,0.1809724758667111,-0.00020485856463250035,0.00013817569156908486,1.2420499853328367e-05,660.012828077602,659.99383451112,659.9888759571484,660.0865787722316,0.0,0.0,0.0
11.440000000000001,-5.978281755732031,-13.982640716328719,2.0112883151281102,0.0033301535337730485,-0.0029063982352890236,-178.7304546440163,-5.972323417663461,-13.979999542236346,1.9999999999999991,-178.73035606285092,-0.0023053702580203626,-0.0008570002684621982,-0.0003520091843636951,0.0,0.0,0.0,0.1809654687440172,6.5074255689345e-05,-0.00015810379741139593,1.9724675509135576e-06,660.0308933816351,660.0043959560543,660.0548900902497,659.9913232403469,0.0,0.0,0.0
11.492,-5.978163129598529,-13.982592862695661,2.0112700028403543,0.006719529187133213,-0.007667333742157269,-178.73059904185314,-5.972323417663506,-13.979999542236346,1.9999999999999991,-178.73035606285092,-0.002304038329540182,-0.0008821139151127191,-0.00035179546942125167,0.0,0.0,0.0,0.1809616271706216,-0.00011271489061033946,8.170612858924124e-05,5.000443457015844e-06,660.0177871046213,660.0089548813393,659.9995309713131,660.0549067332875,0.0,0.0,0.0
11.544,-5.978043349751441,-13.982542815517267,2.011251685346543,0.00906882192181304,-0.011689098437903214,-178.73071242895782,-5.972323417663533,-13.979999542236346,1.9999999999999991,-178.73035606285092,-0.002342822322471679,-0.0009338025619406599,-0.000351711445498106,0.0,0.0,0.0,0.18096017502670964,-0.0002749588041406367,0.00033247546940726587,7.4516363940457055e-06,660.0017590267929,660.0181415790078,659.9440760686084,660.117087014199,0.0,0.0,0.0
11.596,-5.977920621425636,-13.982489498811177,2.0112333581506885,0.009852249397191634,-0.014453366229505524,-178.73080289501874,-5.97232341766355,-13.979999542236346,1.9999999999999991,-178.73035606285092,-0.002412544654224042,-0.0010003484480180561,-0.0003517583125037689,0.0,0.0,0.0,0.18096126803193605,-0.00038935293947782153,0.000565956091111026,9.342287564055536e-06,659.9822092390006,660.0325115590784,659.897173549619,660.1692659640172,0.0,0.0,0.0
11.648,-5.977793764265596,-13.982432604806018,2.0112150206939083,0.008286310757486584,-0.015033368468763962,-178.73086157394616,-5.972323417663562,-13.979999542236346,1.9999999999999991,-178.73035606285092,-0.002498506266143848,-0.0010649603860829952,-0.0003518924663117224,0.0,0.0,0.0,0.18096449730570727,-0.0004061972714155661,0.0007296925612234827,1.05729701474175e-05,659.9596549573921,660.0517971629873,659.8732266347685,660.1967514510046,0.0,0.0,0.0
11.700000000000001,-5.977662588094097,-13.98237291182606,2.0111966771807865,0.0039844480370663325,-0.012591729506971436,-178.73088695651148,-5.972323417663568,-13.979999542236346,1.9999999999999991,-178.73035606285092,-0.00257802421182015,-0.0011051085406043252,-0.00035210742617573245,-0.0017980697313489263,0.0012739972080570417,-4.017396344233734e-06,0.18096966551942809,0.00040487949551522995,0.00027639647500213446,1.2547991383375468e-05,659.9060686754963,660.1001194788732,660.0561490736097,660.0195546221809,0.0,0.0,0.0
11.752,-5.977528228149633,-13.982312399762248,2.011178333003404,-0.0010864459540831997,-0.007483916657714441,-178.7308798473782,-5.972323417663568,-13.979999542236346,1.9999999999999991,-178.73035606285092,-0.0026239671086061385,-0.001100506573770962,-0.0003523869469890513,-0.0014033869209699903,0.0018918480777511191,5.484574949530129e-06,0.18097644147378658,0.00044651490335953926,-6.422362031624756e-05,8.993297964125377e-06,659.9537211262782,660.0626099815769,660.1058048097674,659.9603355374401,0.0,0.0,0.0
11.804,-5.977392950102787,-13.982253331370138,2.011159999216064,-0.0035345468661516317,-0.0017342432006516107,-178.7308541126328,-5.972323417663568,-13.979999542236346,1.9999999999999991,-178.73035606285092,-0.002620545968967324,-0.0010596228004632726,-0.00035239378568305746,0.0,0.0,0.0,0.18098116734679823,2.039670779207964e-05,0.0004901593374379849,1.0426316222087247e-05,659.9335704311632,660.0789936318752,659.9682586605956,660.1020566973713,0.0,0.0,0.0
11.856,-5.977259364855255,-13.982196909323322,2.011141686771768,-0.004180616784439612,0.004291354524290252,-178.73080833257828,-5.972323417663568,-13.979999542236346,1.9999999999999991,-178.73035606285092,-0.0025662389564078928,-0.001005597737004578,-0.00035220412738151414,-0.0001054910371600812,0.0021002122277963917,1.5665238677446944e-05,0.18098423905157116,0.0001101115180055857,-0.0005484968057439732,3.849897417226144e-06,660.0778912145656,659.9530263620316,660.1199109940005,659.9323232588965,0.0,0.0,0.0
11.908000000000001,-5.977130163425108,-13.982143480534342,2.0111234020175117,-0.004049803782325484,0.00994070917122896,-178.730752848838,-5.972323417663568,-13.979999542236346,1.9999999999999991,-178.73035606285092,-0.002459893762630424,-0.0009497290351904326,-0.0003518676578264699,0.0,0.0,0.0,0.18098593948657193,8.982119394511032e-05,-9.602600663216949e-06,8.316551858456176e-06,659.9978937653588,660.0207425613668,660.0465093069191,660.0181912495216,0.0,0.0,0.0
11.96,-5.977007876756053,-13.982092995053634,2.0111051488342246,-0.0032684733636404715,0.015318153566716446,-178.73067292788622,-5.972323417663568,-13.979999542236346,1.9999999999999991,-178.73035606285092,-0.002307237164323333,-0.0008983650694403867,-0.0003514186135124482,0.0,0.0,0.0,0.1809864786504504,8.05859284566412e-05,-0.00031772311406751494,6.6487477497216745e-06,660.0454173300502,659.9778733872635,660.0867808066753,659.9733333410917,0.0,0.0,0.0
12.012,-5.976894826354305,-13.982045098246846,2.011086928796325,-0.001892540403304778,0.019963420729503956,-178.730580201735,-5.972323417663568,-13.979999542236346,1.9999999999999991,-178.73035606285092,-0.002111695255206547,-0.0008569843592965559,-0.0003508801490366252,0.0,0.0,0.0,0.18098603146517225,3.853776774319128e-05,-0.0006466661200046667,4.710943386577988e-06,660.1009283107991,659.9277154089224,660.1249482058973,659.9297857742221,0.0,0.0,0.0
12.064,-5.976792942291485,-13.981999166881128,2.0110687416847224,-0.00012609608494183508,0.022534489161684785,-178.73048156301186,-5.972323417663568,-13.979999542236346,1.9999999999999991,-178.73035606285092,-0.001884982325644126,-0.0008300981189621788,-0.0003502446182690383,0.0,0.0,0.0,0.18098452827843828,-3.2696989773483605e-05,-0.000929991313576805,2.652392350758877e-06,660.1542362843913,659.8800354136943,660.1522693372323,659.8966973675136,0.0,0.0,0.0
12.116000000000001,-5.976703180484286,-13.981954395010169,2.011050585687381,0.0016186316190753103,0.021701517882683385,-178.73038312881795,-5.972323417663568,-13.979999542236346,1.9999999999999991,-178.73035606285092,-0.001650730842612144,-0.0008195961386707164,-0.00034953616904218044,0.0,0.0,0.0,0.18098226190472258,-0.0001181693491944609,-0.0010889033596819782,5.967240799464855e-07,660.1918258094718,659.8480187960355,660.159828127362,659.8833374744887,0.0,0.0,0.0
12.168000000000001,-5.976624938367651,-13.981909969904757,2.0110324576451104,0.002781165745283602,0.016536856395140794,-178.73029269738402,-5.972323417663568,-13.979999542236346,1.9999999999999991,-178.73035606285092,-0.0014427649663644488,-0.0008231205148236106,-0.0003488097739614318,0.0002591489337627953,-0.0023445161267005472,2.6587963222517136e-05,0.18097987035745866,-0.0002919529923703823,-0.0001491664997281077,-1.0839745442147982e-05,660.0985350604545,659.9728952831497,659.9853626791036,660.026033017554,0.0,0.0,0.0
12.22,-5.976555706104855,-13.981865324091418,2.01101435365848,0.0025869869534067822,0.008387215485635133,-178.730242180269,-5.972323417663568,-13.979999542236346,1.9999999999999991,-178.73035606285092,-0.0012972783960004215,-0.0008327321197188762,-0.00034815200005361267,-0.000285483258278185,-0.0028203369261314026,1.3586470461479973e-05,0.18097832506569736,-0.00010499498233694919,0.00024940863505083127,-7.242349660687715e-06,660.010125932351,660.0512581824014,659.9601606235756,660.0611057971636,0.0,0.0,0.0
12.272,-5.97649170263099,-13.981820458016319,2.010996270465575,0.0011533285118416506,0.00045411530119077257,-178.73021196027292,-5.972323417663568,-13.979999542236346,1.9999999999999991,-178.73035606285092,-0.0012271995547177342,-0.0008354345994931447,-0.0003476061601658678,-0.0005607719173691873,-0.002499630990665977,8.166314718452812e-06,0.1809781534514314,3.762912756637179e-05,0.00039656167321017524,-5.935842308155239e-06,659.9670389502801,660.0907065778099,659.9613172970945,660.0635521712635,0.0,0.0,0.0
12.324,-5.976429215339561,-13.981775912454713,2.010978206665068,-0.0005000808715299113,-0.005990086995200326,-178.73019536016014,-5.972323417663568,-13.979999542236346,1.9999999999999991,-178.73035606285092,-0.0012237379002904049,-0.0008240053622286033,-0.0003471179765337815,-0.00021185532055242726,-0.0007810192843381278,1.6748517183222452e-06,0.18097886736495367,-3.7359897276006756e-05,3.2842537106241693e-06,-3.957540691012024e-06,660.031006621734,660.0213010467927,660.009405344557,660.0209819829612,0.0,0.0,0.0
12.376000000000001,-5.976365235830835,-13.981732360920772,2.0109601626447287,-0.0020941901299843784,-0.011240951490323088,-178.7301862778492,-5.972323417663568,-13.979999542236346,1.9999999999999991,-178.73035606285092,-0.001271706915578651,-0.0007988187208439965,-0.0003466285668918555,0.0,0.0,0.0,0.18097987642986185,-4.878929152179391e-05,-2.925237896785639e-05,-3.549133911098557e-06,660.0367294402222,660.0145012496381,660.013003988812,660.0185686657356,0.0,0.0,0.0
12.428,-5.976297312327504,-13.981690480741355,2.0109421398409495,-0.004080862097277931,-0.01656724505436457,-178.73018550978372,-5.972323417663568,-13.979999542236346,1.9999999999999991,-178.73035606285092,-0.001365328195821091,-0.0007586667542254104,-0.0003460876683887965,0.0,0.0,0.0,0.18098064119379553,5.4380993028005824e-05,0.00029338362149742956,-3.5686736866423113e-06,659.9761396797559,660.0751916028184,659.9817459769059,660.0498208282208,0.0,0.0,0.0
12.48,-5.976223091104823,-13.981651079505944,2.01092413973146,-0.006018827932658621,-0.021104213835217326,-178.73019413853675,-5.972323417663568,-13.979999542236346,1.9999999999999991,-178.73035606285092,-0.0015024162900031997,-0.0007014028251673095,-0.00034550122698409467,0.0,0.0,0.0,0.18098117158868263,0.0001749265367221813,0.0006352067050955124,-3.3922922318641104e-06,659.9100615182833,660.1408074892329,659.9504960742344,660.0815971074378,0.0,0.0,0.0
12.532,-5.976140632908813,-13.981614929489627,2.0109061634516876,-0.007134976707109869,-0.023421761416746473,-178.73021135754453,-5.972323417663568,-13.979999542236346,1.9999999999999991,-178.73035606285092,-0.0016703583625229377,-0.0006303508383706065,-0.00034490511425761157,0.0,0.0,0.0,0.18098178164823514,0.00027722245533982507,0.000924978358110077,-3.0364365047857947e-06,659.8537406863177,660.1961574440588,659.9243059161765,660.1088052895137,0.0,0.0,0.0
12.584000000000001,-5.976049049932903,-13.981582438810568,2.010888212479911,-0.0066634310518618465,-0.022151287611584344,-178.73023584152645,-5.972323417663568,-13.979999542236346,1.9999999999999991,-178.73035606285092,-0.0018440928335537875,-0.0005557732398219935,-0.0003443484581211165,0.0,0.0,0.0,0.18098290429280753,0.00031876468479039515,0.0010806588960821984,-2.527646355008628e-06,659.8249627211993,660.2235538562413,659.908774808373,660.125783792467,0.0,0.0,0.0
12.636000000000001,-5.975949109900367,-13.981553329757714,2.010870288766917,-0.004197906352010605,-0.016450612509947338,-178.73026321577586,-5.972323417663568,-13.979999542236346,1.9999999999999991,-178.73035606285092,-0.001988182011288034,-0.0004936957848411214,-0.0003439101084156655,0.0010464064866798867,0.0024621371462690213,-7.650839404938434e-06,0.18098524850121528,-0.00013588171317140276,8.471804718413736e-05,7.882031800175822e-07,660.0270227557398,660.0124499532683,659.99050222678,660.0533348257005,0.0,0.0,0.0
12.688,-5.975843513119505,-13.981526528011694,2.010852395177592,-0.001226352157718969,-0.008280108228980359,-178.73028300125404,-5.972323417663568,-13.979999542236346,1.9999999999999991,-178.73035606285092,-0.0020679957217981043,-0.00045818781119221375,-0.00034354003973082224,0.0008885279160273299,0.0028029745230915533,-6.075062935093491e-06,0.18098823111188744,-0.00017168855076302628,-0.0002526980930669969,6.408530687644475e-07,660.0804311785913,659.9595543764691,660.03330707008,660.0102334220595,0.0,0.0,0.0
12.74,-5.97573604307842,-13.981500756867996,2.0108345361678994,0.0007647956747935443,-0.0003337371595350051,-178.73029961282433,-5.972323417663568,-13.979999542236346,1.9999999999999991,-178.73035606285092,-0.0020738061128274454,-0.00044646732039069865,-0.0003431127527609771,0.0005254315991883295,0.0025250869283103437,-5.232324038801337e-06,0.18099047839742763,-0.00010685432654580119,-0.00040604531321519093,6.868658971561632e-07,660.0930179399836,659.9469302368931,660.0644877101402,659.9792702631136,0.0,0.0,0.0
12.792,-5.975630365598678,-13.981475154175932,2.010816715732822,0.0018473065905411533,0.006278844251134384,-178.73031361889363,-5.972323417663568,-13.979999542236346,1.9999999999999991,-178.73035606285092,-0.0020135560598245777,-0.00044909442978715046,-0.00034257679513701215,0.00016730684287229967,0.0012083446086609887,-2.6786569770768064e-06,0.1809913567009807,-1.7992894941092858e-05,-0.00016391206791721986,6.505713262621964e-08,660.0467659232045,659.9949545346471,660.0418214136704,660.0002597499073,0.0,0.0,0.0
12.844000000000001,-5.97552949241991,-13.981449269439329,2.010798935965368,0.0025015485184623023,0.01172213912243135,-178.73032921103564,-5.972323417663568,-13.979999542236346,1.9999999999999991,-178.73035606285092,-0.0019013852716139735,-0.0004592291202255027,-0.00034195418173522756,0.0,0.0,0.0,0.18099101283749608,7.934979942797325e-06,3.374424960275268e-05,-5.625958244971024e-07,660.015791612033,660.0276629534522,660.0164936373997,660.0238448139575,0.0,0.0,0.0
12.896,-5.975435896425271,-13.981422846281752,2.0107811968301736,0.00318008121342035,0.01735770037052967,-178.7303467015211,-5.972323417663568,-13.979999542236346,1.9999999999999991,-178.73035606285092,-0.001742826607384168,-0.00047496621048482706,-0.0003413142571367451,0.0,0.0,0.0,0.18099012531548103,-3.868309160854286e-05,-0.00029475403702594757,-1.9741715944715123e-07,660.0686945724539,659.973722828756,660.0571305978777,659.9841947361285,0.0,0.0,0.0
12.948,-5.975351997654493,-13.981395647216939,2.0107634967902284,0.003716947317607836,0.02238760919017583,-178.73036354182332,-5.972323417663568,-13.979999542236346,1.9999999999999991,-178.73035606285092,-0.0015386544832331939,-0.0004961252703132148,-0.0003406572670010756,0.0,0.0,0.0,0.18098874354389063,-8.662534426511337e-05,-0.0006537373614303535,1.5503095460812098e-07,660.1261311242732,659.9152560117893,660.1018906837483,659.9403621098937,0.0,0.0,0.0
13.0,-5.975279880644158,-13.981367500168911,2.0107458326738485,0.003792939178404247,0.02533283993146344,-178.7303788177506,-5.972323417663568,-13.979999542236346,1.9999999999999991,-178.73035606285092,-0.0013000201512274596,-0.0005202708765842364,-0.000339960885635811,0.0,0.0,0.0,0.180986748086043,-0.0001199713329120172,-0.0009715720342997293,4.741714728231065e-07,660.1756551454774,659.8647541518433,660.142804182828,659.9002458177246,0.0,0.0,0.0
13.052000000000001,-5.975220639565757,-13.981338423344555,2.0107282022466606,0.00313102566783052,0.024714494385243372,-178.73039185237968,-5.972323417663568,-13.979999542236346,1.9999999999999991,-178.73035606285092,-0.0010512041592863949,-0.0005422459351530784,-0.0003392277455786841,0.0,0.0,0.0,0.18098423427704854,-0.00012172369032682997,-0.0011625876410584135,7.47226396295183e-07,660.2026654069306,659.8368586521741,660.1700728205532,659.8736074263459,0.0,0.0,0.0
13.104000000000001,-5.975173729935567,-13.981308727845372,2.010710533175294,0.0018091717568663181,0.019695918909807188,-178.73039991566444,-5.972323417663568,-13.979999542236346,1.9999999999999991,-178.73035606285092,-0.0008278662802413137,-0.0005552287352399448,-0.0003407647898289311,-0.0004542433584039042,-0.0021844808234139,-1.6291713602450721e-06,0.18100610470137818,8.619655452650955e-05,-0.00031648943248575444,1.501135113432729e-06,660.0520124594748,659.9864187377534,660.0807188588769,659.9660235782316,0.0,0.0,0.0
13.156,-5.975136701606954,-13.98127894587124,2.010692897087602,0.0006933422575882608,0.012137612698607038,-178.73040291976864,-5.972323417663568,-13.979999542236346,1.9999999999999991,-178.73035606285092,-0.0006638324924995471,-0.0005564897234788123,-0.00033865735864776396,-0.00030793376188450783,-0.002688625037506285,-5.631942753811972e-07,0.18099214108704859,6.399495591698188e-05,3.582464445056393e-05,1.1821516615364029e-06,660.0051206984381,660.0335520505006,660.0266222270852,660.018598591776,0.0,0.0,0.0
13.208,-5.975105967018405,-13.981249510253335,2.010675324516846,4.078572344847864e-05,0.004073189323948933,-178.73040323863592,-5.972323417663568,-13.979999542236346,1.9999999999999991,-178.73035606285092,-0.0005724120274777127,-0.0005495517154652356,-0.0003376411742857853,-0.00016789503494171986,-0.0026611231382489345,1.9504979922647382e-07,0.1809877574219029,3.1088875810756916e-05,0.00026479198312278057,9.171614813654303e-07,659.9774609441963,660.0617358711459,659.98885655774,660.0554213113955,0.0,0.0,0.0
13.26,-5.9750777464629765,-13.981220640958982,2.010657791351905,-0.0003165109250997605,-0.0032528156004018394,-178.730401633779,-5.972323417663568,-13.979999542236346,1.9999999999999991,-178.73035606285092,-0.0005519867430804147,-0.000538169598548898,-0.00033688721598075847,-9.509182614739704e-05,-0.00228614509663104,7.346148353793254e-07,0.18098559763531097,1.527762182375332e-05,0.00039132001626086094,6.903447842418789e-07,659.9619581274067,660.0777681619818,659.9682219975828,660.0753287597711,0.0,0.0,0.0
13.312000000000001,-5.975049236872739,-13.98119295965726,2.010640606798105,-0.0005198491193560041,-0.009006189551764075,-178.7303987621814,-5.972323417663568,-13.979999542236346,1.9999999999999991,-178.73035606285092,-0.0005905114624246834,-0.0005246999312868699,-0.00033763813711981607,-4.840897171893231e-05,-0.0017513969307955805,1.1071892563051847e-06,0.18098795268431264,5.954880512478931e-06,0.0004442672899325471,4.969613671750347e-07,659.9560683696874,660.0843037914672,659.959141076309,660.0839840164479,0.0,0.0,0.0
13.364,-5.975016688049308,-13.981165404273625,2.010623015835151,-0.0006117138692604464,-0.013119571685159797,-178.73039501997764,-5.972323417663568,-13.979999542236346,1.9999999999999991,-178.73035606285092,-0.0006744558742112208,-0.000509878619078299,-0.00033807225434547494,-2.582358427680098e-05,-0.0011165573824671578,1.320899331171555e-06,0.18100108705858572,1.8479908114281893e-06,0.00043740154692884214,3.421549178613678e-07,659.9581411454898,660.0832511687305,659.9596152175363,660.0836723481863,0.0,0.0,0.0
13.416,-5.9749788170995215,-13.98113851606307,2.01060545724858,-0.0006928053913932266,-0.015445541416216731,-178.73038993131058,-5.972323417663568,-13.979999542236346,1.9999999999999991,-178.73035606285092,-0.0007864473864860322,-0.0004946190473671694,-0.0003370414626048352,0.0,0.0,0.0,0.180999747191635,-2.9845379521308475e-06,0.00020354382184325807,7.104310607983528e-07,659.9915998566623,660.0487245541567,659.9927173232988,660.051541999376,0.0,0.0,0.0
13.468,-5.9749346169591036,-13.981112296487687,2.0105879535850635,-0.0008044727365669242,-0.016718203526054236,-178.7303827648649,-5.972323417663568,-13.979999542236346,1.9999999999999991,-178.73035606285092,-0.0009129589130786195,-0.0004788305106745933,-0.000335926565260456,0.0,0.0,0.0,0.18099674094397855,4.590874114203967e-06,0.000378196785034439,5.61023961800429e-07,659.9657888064655,660.0748170406475,659.9686503630606,660.0750631375555,0.0,0.0,0.0
13.520000000000001,-5.974882584790511,-13.98108628630888,2.010570171193059,-0.0009216532518171489,-0.016574403536145532,-178.7303744187963,-5.972323417663568,-13.979999542236346,1.9999999999999991,-178.73035606285092,-0.0010464715785816682,-0.0004619863862001118,-0.0003345328916945573,0.0,0.0,0.0,0.18100081849333585,1.3333298814835632e-05,0.0005121034501597274,3.871203747532581e-07,659.9458026145347,660.0954610765999,659.9506729353071,660.0927358051441,0.0,0.0,0.0
13.572000000000001,-5.974824892847901,-13.98106150865746,2.0105528352447544,-0.0010098044813323288,-0.014336515082616873,-178.73036583989892,-5.972323417663568,-13.979999542236346,1.9999999999999991,-178.73035606285092,-0.0011668586632780273,-0.00044480550677638295,-0.00033250004770076283,0.0,0.0,0.0,0.1809852923615797,2.2747161575691046e-05,0.0005529112119529679,2.0762811096595257e-07,659.938550627415,660.1025135783217,659.9456054812404,660.096610296472,0.0,0.0,0.0
13.624,-5.974761771221574,-13.981037512054527,2.0105355535183187,-0.0009842129320649963,-0.009688075513199012,-178.73035740260912,-5.972323417663568,-13.979999542236346,1.9999999999999991,-178.73035606285092,-0.0012570177062721161,-0.00042750124078332004,-0.00033187630861230465,0.0,0.0,0.0,0.18098274225825106,2.815619373811123e-05,0.0004703488642434575,3.1008580491473856e-08,659.9497220445047,660.0917096214326,659.9578283802305,660.0837766661474,0.0,0.0,0.0
13.676,-5.974695428603487,-13.981014315879133,2.010518300429594,-0.0008071891890859599,-0.0032875739326702074,-178.73035132116652,-5.972323417663568,-13.979999542236346,1.9999999999999991,-178.73035606285092,-0.001296822464177484,-0.00041129668936528557,-0.00033151359883748266,7.287842710494699e-05,0.002121313793540994,1.5363065389954122e-06,0.18098273333256143,-1.2770225006628572e-06,-0.0005443730938228858,-6.483825170905809e-07,660.0993592187822,659.9439436882866,660.0972000873788,659.9425115953608,0.0,0.0,0.0
13.728,-5.9746287432942875,-13.98099189097905,2.0105010722159946,-0.0005612689950820432,0.0022721391339991415,-178.73034703125438,-5.972323417663568,-13.979999542236346,1.9999999999999991,-178.73035606285092,-0.0012814951377665335,-0.0003972320574505402,-0.0003311652195606333,0.0,0.0,0.0,0.18098296699925895,2.0962664309081425e-05,5.8477251026395724e-05,-1.8703638703106068e-07,660.009708671698,660.0323352743321,660.0151614821001,660.0258466434464,0.0,0.0,0.0
13.780000000000001,-5.974564322902055,-13.980970165582649,2.0104838686616664,-0.00020258149888290825,0.007716945755930392,-178.73034282268137,-5.972323417663568,-13.979999542236346,1.9999999999999991,-178.73035606285092,-0.0012185751837628337,-0.00038594818301008755,-0.00033080118579239236,0.0,0.0,0.0,0.1809831550476474,8.134884832255816e-06,-0.00019558965273063772,-2.751919479579197e-07,660.0478465355907,659.9944544379113,660.0494013757309,659.991375148429,0.0,0.0,0.0
13.832,-5.974504608382675,-13.980949018945545,2.0104666898636565,0.00024264316837897774,0.012798536703371825,-178.73033955834813,-5.972323417663568,-13.979999542236346,1.9999999999999991,-178.73035606285092,-0.001109379336188145,-0.00037840170368281227,-0.0003304078449324913,0.0,0.0,0.0,0.1809831593131451,-1.1793300446708455e-05,-0.0004836599114869215,-3.437708882810573e-07,660.0918066609298,659.9506884450883,660.0874960116347,659.9530956915282,0.0,0.0,0.0
13.884,-5.974451809933791,-13.980928291134536,2.010449535750762,0.0006572469555424201,0.016368313975780733,-178.73033747268562,-5.972323417663568,-13.979999542236346,1.9999999999999991,-178.73035606285092,-0.00096169663425912,-0.0003749286196211727,-0.0003299639892845656,0.0,0.0,0.0,0.1809827729707325,-3.433850368659601e-05,-0.0007518698248459566,-3.8799493303094674e-07,660.1332662418837,659.909333274745,660.1224129511279,659.918040683456,0.0,0.0,0.0
13.936,-5.974407397532056,-13.980907826268034,2.010432405839178,0.0008484169488539143,0.016997599063396308,-178.7303367173206,-5.972323417663568,-13.979999542236346,1.9999999999999991,-178.73035606285092,-0.0007945097300066462,-0.0003745426792565814,-0.00032946840375047345,0.0,0.0,0.0,0.18098199829001352,-5.04147986375029e-05,-0.0009222605220522914,-4.0438890779233245e-07,660.1598231812605,659.8827794738844,660.1443468483745,659.8960216620167,0.0,0.0,0.0
13.988000000000001,-5.974371500216275,-13.980887539143762,2.0104152991819606,0.0007170987546920253,0.013940277890124616,-178.7303370543828,-5.972323417663568,-13.979999542236346,1.9999999999999991,-178.73035606285092,-0.0006374107436943494,-0.0003747766773552932,-0.0003289536741590656,-9.044511026980364e-05,-0.0015253054274929991,-2.1564466635990626e-07,0.18098118357938844,-1.8739649104263034e-05,-0.00034851908913467776,-3.2053831243179326e-07,660.0734773885735,659.9688723474685,660.0672525925454,659.9733225245462,0.0,0.0,0.0
14.040000000000001,-5.974342606645317,-13.980867453024171,2.0103982145178687,0.0003311450499425783,0.008159869522173954,-178.73033807922994,-5.972323417663568,-13.979999542236346,1.9999999999999991,-178.73035606285092,-0.0005213529724664618,-0.0003728055433737742,-0.0003284627928274796,-0.00014397286635398315,-0.002118911077881642,-3.9174177523231167e-07,0.18098078921481162,1.1533050213776557e-05,1.4548559340079215e-05,-2.3629431350391333e-07,660.0173307292283,660.0247594656798,660.0199612563475,660.0208201544432,0.0,0.0,0.0
14.092,-5.974318013450001,-13.980847675051583,2.0103811508640215,-8.207361096268611e-05,0.001721605932844035,-178.7303394754832,-5.972323417663568,-13.979999542236346,1.9999999999999991,-178.73035606285092,-0.00046195568827889975,-0.000367228024998375,-0.00032800495705877106,-0.00012917287614369995,-0.0021311243984153587,-5.059384620397403e-07,0.18098093559070227,1.9954761349177407e-05,0.00022999127171817132,-1.663160648076215e-07,659.9853516418332,660.0565429338461,659.9905749489355,660.0503989869012,0.0,0.0,0.0
14.144,-5.974295179873879,-13.98082868817563,2.010364418880196,-0.0003890083168177765,-0.0040289788721108504,-178.7303410603479,-5.972323417663568,-13.979999542236346,1.9999999999999991,-178.73035606285092,-0.00045863133311601885,-0.00035859354148784137,-0.0003286704466440171,-8.443991910650809e-05,-0.0018353494349176522,-5.75877072317395e-07,0.18098237512723753,1.583320980868529e-05,0.00034743026871636825,-1.0732633061379517e-07,659.9691635378948,660.0726306664837,659.9733763416534,660.0678240717317,0.0,0.0,0.0
14.196,-5.974270554234094,-13.980809821980596,2.010347306359975,-0.0005661427090210569,-0.008667893804048884,-178.73034278448208,-5.972323417663568,-13.979999542236346,1.9999999999999991,-178.73035606285092,-0.0005026935331404213,-0.00034771684883004106,-0.00032896702032568666,-4.61871824596552e-05,-0.001346829341265743,-5.995650425303106e-07,0.18099323288470773,1.0349040238809028e-05,0.0003904582067949795,-6.283208459000205e-08,659.96399828265,660.0781588465883,659.9667721891751,660.075037417804,0.0,0.0,0.0
14.248000000000001,-5.97424249214272,-13.980791480898153,2.0103302174653677,-0.0006633493505615393,-0.011688250548389892,-178.73034463441977,-5.972323417663568,-13.979999542236346,1.9999999999999991,-178.73035606285092,-0.000581295147342873,-0.00033579614898089513,-0.00032820732095503285,0.0,0.0,0.0,0.18099387530615815,-2.0331522574407666e-07,7.183869813670856e-05,-2.393123580826801e-07,660.0111408310587,660.0315444851827,660.0104201499357,660.0309396437855,0.0,0.0,0.0
14.3,-5.974209642883182,-13.980773670404234,2.010313170482115,-0.0007338914577514383,-0.013652785965065826,-178.73034726401403,-5.972323417663568,-13.979999542236346,1.9999999999999991,-178.73035606285092,-0.0006806514453026339,-0.0003233761557313025,-0.0003273347551977231,0.0,0.0,0.0,0.18099296095032757,6.877217982767841e-06,0.0002530124752564862,-1.8447936298488312e-07,659.9842362824613,660.0582597601907,659.9856842724733,660.0557901762844,0.0,0.0,0.0
14.352,-5.974171187645791,-13.980756392793792,2.0102961661753618,-0.0007817846403907833,-0.014722448539771404,-178.73035028608086,-5.972323417663568,-13.979999542236346,1.9999999999999991,-178.73035606285092,-0.0007927552347783351,-0.00031061871678457443,-0.0003264829610184632,0.0,0.0,0.0,0.1809917726664343,1.3922319296065816e-05,0.00041757541395604045,-1.212831525507079e-07,659.95968288292,660.0825849032834,659.9633127714643,660.0782839573045,0.0,0.0,0.0
14.404,-5.9741267576901835,-13.980739648132507,2.0102792027663874,-0.0007614871149082755,-0.01424312262826827,-178.73035344275502,-5.972323417663568,-13.979999542236346,1.9999999999999991,-178.73035606285092,-0.0009073470681107712,-0.0002978779952717222,-0.00032568822020362153,0.0,0.0,0.0,0.18099072059989735,1.8629575644294053e-05,0.0005278993403741241,-5.538416523854619e-08,659.9431839130708,660.098849898533,659.9483373168605,660.0933909376656,0.0,0.0,0.0
14.456000000000001,-5.9740756837825995,-13.980723114036676,2.010261953213583,-0.0006281451053640091,-0.011560027405513791,-178.73035653397505,-5.972323417663568,-13.979999542236346,1.9999999999999991,-178.73035606285092,-0.0011102916188716944,-0.0003143841273304384,-0.000357455818691251,2.3215851188849487e-05,0.0004599364051565214,-3.846782746079649e-07,0.1813187641119718,-1.7991800614983914e-05,0.00046086530184039456,1.4736141358420075e-07,659.9649313740299,660.0910722028267,659.9602145206136,660.0966042443388,0.0,0.0,0.0
14.508000000000001,-5.97402121180136,-13.980707372363872,2.010245124580943,-0.0004123795002342447,-0.006761573213453509,-178.730359032463,-5.972323417663568,-13.979999542236346,1.9999999999999991,-178.73035606285092,-0.0010781033319064656,-0.0002754692347706334,-0.0003227212693907072,0.0,0.0,0.0,0.1809826113601235,1.2964674097875611e-05,0.0004397653516250124,6.157751403721472e-08,659.956193996657,660.085143628973,659.9600575841542,660.0816218124206,0.0,0.0,0.0
14.56,-5.973964695961766,-13.980692046991471,2.0102283589976584,-0.00014899377266183115,-0.00042782917802035075,-178.73036078757195,-5.972323417663568,-13.979999542236346,1.9999999999999991,-178.73035606285092,-0.0010955626348558628,-0.00026758863002972124,-0.00032218347093091154,7.830335207098729e-05,0.0020714632534726326,-4.0616520400800643e-07,0.18098040882690944,-2.6091685686591448e-05,-0.0005694376656168466,2.443142604246301e-07,660.1051737730392,659.9355509908645,660.0984196057672,659.9436602106354,0.0,0.0,0.0
14.612,-5.973908967404451,-13.980677078077363,2.010211616754758,1.5424248608238454e-05,0.005030265974218681,-178.73036189892875,-5.972323417663568,-13.979999542236346,1.9999999999999991,-178.73035606285092,-0.001059315057824862,-0.00026186385760623243,-0.00032189932168159754,0.0,0.0,0.0,0.18098081760404888,-2.4833370510169053e-06,1.261124726381747e-06,1.2181294667790595e-07,660.0207218380783,660.0203737192219,660.0203518705126,660.0214183931281,0.0,0.0,0.0
14.664,-5.973856564592559,-13.980662436182659,2.010194893901122,0.00014041949637034042,0.010307456417903415,-178.73036274395304,-5.972323417663568,-13.979999542236346,1.9999999999999991,-178.73035606285092,-0.000976622210824616,-0.00025752269201723626,-0.00032161038109141765,3.707726006670326e-05,0.0017194995885052185,-2.022858397388614e-07,0.18098143036266168,-2.2741872737083605e-05,-0.0009246477618142327,2.121905353219001e-07,660.155347501186,659.8855054696274,660.1494588307903,659.8925720216623,0.0,0.0,0.0
14.716,-5.973809786933737,-13.980648111834858,2.0101781907808927,0.00018410424864697452,0.013810865795536628,-178.7303629567523,-5.972323417663568,-13.979999542236346,1.9999999999999991,-178.73035606285092,-0.0008527827303906578,-0.00025415611159937873,-0.00032125944670384054,0.0,0.0,0.0,0.18098167457883507,-1.1913765158229566e-05,-0.0004983163040593683,1.442086617730327e-07,660.0932036760755,659.94787646357,660.0902100159261,659.9516696072226,0.0,0.0,0.0
14.767999999999999,-5.97377010793209,-13.980634114299377,2.010161508043112,0.00011787071042942453,0.014330162954813992,-178.7303628258877,-5.972323417663568,-13.979999542236346,1.9999999999999991,-178.73035606285092,-0.0007112491285003175,-0.0002508336054347991,-0.0003208402385316288,0.0,0.0,0.0,0.18098146694567835,-1.0636426586645136e-05,-0.0006291598547146371,1.4157040374663868e-07,660.1116531405031,659.9294219940165,660.1090160301371,659.9328440677402,0.0,0.0,0.0
14.820000000000002,-5.973737661313083,-13.9806204723305,2.0101448457740343,-3.257470684638578e-05,0.012240277819950358,-178.73036234102304,-5.972323417663568,-13.979999542236346,1.9999999999999991,-178.73035606285092,-0.0005767048987679843,-0.0002466842543072369,-0.00032039638205431296,-6.011118300523377e-05,-0.0010731352503434116,2.060879216206665e-07,0.18098123112559428,1.817404532527855e-05,-0.00023780809093145502,5.760259557588665e-08,660.0519302000531,659.9893725419253,660.0572659072577,659.9843553570806,0.0,0.0,0.0
14.872000000000002,-5.973711372553106,-13.980607225008729,2.0101282036765156,-0.00019317046182054485,0.007962693888545445,-178.7303617520166,-5.972323417663568,-13.979999542236346,1.9999999999999991,-178.73035606285092,-0.0004718083735532548,-0.00024113541181756273,-0.00031995439334066663,-4.123379886582857e-05,-0.0015723521839687733,1.9638435667194622e-07,0.18098123537838845,1.8472244019297582e-05,4.741084500186027e-05,4.8773615687751026e-08,660.0112773894448,660.0300426573431,660.0166739093243,660.0249163960826,0.0,0.0,0.0
14.924000000000001,-5.973689238987774,-13.98059439237805,2.0101115815889963,-0.0002471286296752307,0.003259748294327987,-178.7303611202193,-5.972323417663568,-13.979999542236346,1.9999999999999991,-178.73035606285092,-0.0004091606587496046,-0.00023462123604291873,-0.00031952617694839554,-4.231457158054444e-06,-0.0015396381805398685,2.1057090869560018e-07,0.1809816004717014,8.219953715638217e-06,0.0001803575263104592,3.048237566654782e-08,659.9938343520058,660.0475462653732,659.9962601281102,660.0452895095684,0.0,0.0,0.0
14.976,-5.973669056638934,-13.98058194609254,2.0100949798422008,-0.0002225068397660926,-0.000909456780794168,-178.7303604720123,-5.972323417663568,-13.979999542236346,1.9999999999999991,-178.73035606285092,-0.00038775985763552786,-0.00022807109777018961,-0.0003190990433915455,1.4115282369427302e-05,-0.0012848003669653097,2.0946513788456405e-07,0.1809821904548652,1.9504367822704837e-06,0.00024067407264848474,1.734764299231925e-08,659.9861677407729,660.0552736914367,659.9867713518836,660.0547662244526,0.0,0.0,0.0
15.028,-5.973649683056351,-13.98057028834363,2.0100790352220947,-0.00017292280884084266,-0.004022873741213936,-178.73035986093606,-5.972323417663568,-13.979999542236346,1.9999999999999991,-178.73035606285092,-0.00035968280350345003,-0.0001999364309890454,-0.0002869474375989787,1.690086043903088e-05,-0.0008506880991804835,1.8816632283059405e-07,0.18065178906236934,2.1917537480816246e-05,0.00017856914544956795,1.2213770843485377e-08,659.9848567219482,660.0419613250111,659.9911335594314,660.0357526199084,0.0,0.0,0.0
15.08,-5.973627256258497,-13.980557973749164,2.0100617494808235,-9.778019492041357e-05,-0.00628797638730723,-178.73035922244975,-5.972323417663568,-13.979999542236346,1.9999999999999991,-178.73035606285092,-0.0005240087329546588,-0.00025997906519993207,-0.0003840073753568364,0.0,0.0,0.0,0.18163119708088327,-3.6245026552246224e-05,0.00010660329536085061,6.639437242592359e-08,660.0250139777104,660.0450534602307,660.0148742877122,660.0555604174606,0.0,0.0,0.0
15.132,-5.973603675533484,-13.980546548023709,2.0100454402658747,-2.4511770186759743e-05,-0.007659009379889712,-178.73035842717601,-5.972323417663568,-13.979999542236346,1.9999999999999991,-178.73035606285092,-0.0004403684449622542,-0.00019070206497488239,-0.00028763448052452234,0.0,0.0,0.0,0.18068485866783537,2.247980441474332e-05,9.079019223206181e-05,4.988205277563719e-08,659.9979607348176,660.0302233839326,660.0045019228517,660.023958739984,0.0,0.0,0.0
15.184,-5.973576071203386,-13.98053482991642,2.0100285641926745,6.110464496746948e-05,-0.008551787329917989,-178.73035749078386,-5.972323417663568,-13.979999542236346,1.9999999999999991,-178.73035606285092,-0.0005518834074648871,-0.0002079614635265006,-0.0003170497200551038,0.0,0.0,0.0,0.18099008336080388,-1.6887704014907261e-06,0.0002458537466366328,3.032869885898123e-08,659.9861088735264,660.0556535734324,659.9857118390406,660.0562185437151,0.0,0.0,0.0
15.235999999999999,-5.9735455838063904,-13.980523437676263,2.0100121155579473,0.00012618667160179642,-0.00849121146734604,-178.73035655803014,-5.972323417663568,-13.979999542236346,1.9999999999999991,-178.73035606285092,-0.0006175060062656101,-0.00020482287561475097,-0.0003158758676216023,0.0,0.0,0.0,0.18098278002604587,-5.34895583843972e-06,0.0003215075499792523,1.0858297742420147e-08,659.9757205021915,660.0657709238593,659.9742269443383,660.0673244130861,0.0,0.0,0.0
15.288000000000002,-5.97351182140873,-13.980512118154868,2.009995701177273,0.00016126997052565373,-0.007133027214899952,-178.73035566542436,-5.972323417663568,-13.979999542236346,1.9999999999999991,-178.73035606285092,-0.0006771094833621075,-0.00020222899641627744,-0.00031539227941414867,0.0,0.0,0.0,0.1809820010040545,-8.265884775697704e-06,0.00034103347510899726,-7.840364169966013e-09,659.9733625615777,660.0681436684213,659.9709863282973,660.0704761284137,0.0,0.0,0.0
15.340000000000002,-5.9734754669550165,-13.980500868147198,2.0099793089376536,0.00014618109982843285,-0.004300855375782643,-178.73035488999733,-5.972323417663568,-13.979999542236346,1.9999999999999991,-178.73035606285092,-0.0007185192718229237,-0.00019983298404052907,-0.00031501465820524033,-1.2970885761615672e-05,0.001133355964320692,2.0762573921308508e-07,0.1809824062669682,-4.269429971834137e-06,-0.00015136342507010076,-9.85968873777572e-08,660.0430516614833,659.9987232722774,660.0415626043858,659.9996662929674,0.0,0.0,0.0
15.392000000000001,-5.973437828966149,-13.980489720845734,2.009962937806252,8.45962822053061e-05,-0.0009219247115760929,-178.73035448640607,-5.972323417663568,-13.979999542236346,1.9999999999999991,-178.73035606285092,-0.0007309216286274751,-0.00019716577226409188,-0.00031464743952555114,-2.3871488030727012e-05,0.0010671317852011689,1.0299828924155697e-07,0.180983091260708,1.1532916688073506e-06,-0.00023096074295319227,-6.971136465770666e-08,660.0535889649797,659.988133669285,660.053724385263,659.9876120937308,0.0,0.0,0.0
15.444,-5.973400436806044,-13.980478734425724,2.0099465885594263,7.018559791808274e-06,0.0018929437117441467,-178.73035422534852,-5.972323417663568,-13.979999542236346,1.9999999999999991,-178.73035606285092,-0.0007152740448551863,-0.0001939424971159574,-0.0003142549462480074,0.0,0.0,0.0,0.18098368048207922,-5.588432994963157e-06,7.301326302301663e-05,-3.8435585392853e-08,660.0112297453613,660.0304341373792,660.009531538588,660.0319194041037,0.0,0.0,0.0
15.496,-5.973364607522974,-13.980467971439365,2.0099302621651467,-0.0001016534749913964,0.004789027907554993,-178.7303540377903,-5.972323417663568,-13.979999542236346,1.9999999999999991,-178.73035606285092,-0.0006752774805626284,-0.0001900015767999869,-0.00031384149414505856,0.0,0.0,0.0,0.18098418414709974,-1.0835549919911384e-06,-6.120031665674711e-05,-4.2358847090775776e-08,660.0297195704374,660.011979461116,660.0292936404737,660.0121707788837,0.0,0.0,0.0
15.548,-5.973331629967937,-13.980457506097864,2.009913959465972,-0.00023147136108251005,0.00767268388485646,-178.73035397837631,-5.972323417663568,-13.979999542236346,1.9999999999999991,-178.73035606285092,-0.0006101664059449646,-0.00018508217687680483,-0.00031340627041889855,0.0,0.0,0.0,0.18098456617470957,5.389625309718196e-06,-0.00022247798693403136,-4.361359536056081e-08,660.0517771405031,659.9899445809739,660.0531913967735,659.9882886070825,0.0,0.0,0.0
15.6,-5.973302750845912,-13.980447419846348,2.009897681111727,-0.0003453304293929147,0.009921467934469214,-178.73035404269194,-5.972323417663568,-13.979999542236346,1.9999999999999991,-178.73035606285092,-0.000522528784206975,-0.00017913303331544735,-0.0003129442294277953,0.0,0.0,0.0,0.18098475512226736,1.234895072129964e-05,-0.0003832715771606623,-4.2282681788624675e-08,660.0736881377741,659.9680394742247,660.0770880684265,659.9644047633434,0.0,0.0,0.0
15.652,-5.9732789036540055,-13.98043777861041,2.0098813756132707,-0.00038673467015262134,0.010813043407727993,-178.73035420970103,-5.972323417663568,-13.979999542236346,1.9999999999999991,-178.73035606285092,-0.0005074267589378386,-0.00020713891524610123,-0.00037730852078557994,0.0,0.0,0.0,0.18162186909738764,-1.561587559749728e-05,-0.0004238693510161385,-3.8800692191622985e-08,660.0975609590422,659.9723865130787,660.0930061983921,659.9767271796865,0.0,0.0,0.0
15.703999999999999,-5.973261008125486,-13.9804289457285,2.009865665528918,-0.0003189163548440049,0.009820491352865316,-178.7303544425664,-5.972323417663568,-13.979999542236346,1.9999999999999991,-178.73035606285092,-0.0003566854242613304,-0.00018291141757792218,-0.00034552444382023956,4.2600858115365954e-05,-0.0006877585791347361,-1.012554160688526e-07,0.18129866946978151,-1.454761439130387e-05,-0.0002550725861325745,2.392426009327206e-09,660.066154475036,659.9893602481174,660.062017822764,659.9935106076822,0.0,0.0,0.0
15.756000000000002,-5.973246857647352,-13.98042000118813,2.0098491332565147,-0.00017990494419230934,0.006850176727257108,-178.7303546557298,-5.972323417663568,-13.979999542236346,1.9999999999999991,-178.73035606285092,-0.00023835750168725787,-0.0001606601259870304,-0.0003109358932101847,4.551643348775934e-05,-0.0011460120964865489,-7.006506995031775e-08,0.18097509066241774,-3.8130599532440555e-06,-6.290428930307154e-05,-4.334294148414059e-09,660.030098045311,660.0110951559329,660.0289999949641,660.0121692286423,0.0,0.0,0.0
15.808000000000002,-5.973236407839708,-13.980411547354226,2.009832974962458,-5.685516147766714e-05,0.00314572085867789,-178.73035485241252,-5.972323417663568,-13.979999542236346,1.9999999999999991,-178.73035606285092,-0.0001860935949573354,-0.00015649523328612928,-0.00031066362056634113,3.7186140602544675e-05,-0.001268907793935047,-6.744604816234605e-08,0.18097667301710274,-4.6662663691502806e-06,8.899474216016244e-05,-1.1674414184004308e-09,660.0086158632529,660.0326348724747,660.0072835268289,660.033960691542,0.0,0.0,0.0
15.860000000000001,-5.973227619375982,-13.980403313047281,2.0098168271954626,3.2296057914001865e-05,-0.00047628641225349043,-178.7303550460864,-5.972323417663568,-13.979999542236346,1.9999999999999991,-178.73035606285092,-0.00016768923597381362,-0.00015338233955408185,-0.0003104453405841217,2.5064741921058964e-05,-0.0011554565665004251,-6.349519572677018e-08,0.18097928823327003,-3.488881561000537e-06,0.00017582867888511717,1.4682268311908735e-09,659.9961353295793,660.0452223171847,659.9951456313355,660.0462200723526,0.0,0.0,0.0
15.912,-5.973218995996249,-13.980395371391763,2.0098010053056825,8.697678120633202e-05,-0.003448130024863966,-178.73035521423017,-5.972323417663568,-13.979999542236346,1.9999999999999991,-178.73035606285092,-0.00016157256417542233,-0.0001359128457289537,-0.00027892187575710036,1.2813703189266978e-05,-0.000816834551151893,-3.2101299371575404e-08,0.1806655807843355,1.3067751399560832e-05,0.00015913003140497595,-6.265553310512003e-09,659.9892165801774,660.0382636338718,659.9929214397308,660.0345243254383,0.0,0.0,0.0
15.964,-5.9732088396118375,-13.98038735306055,2.0097849330629294,0.00011081292983455805,-0.005603040183520022,-178.7303553497146,-5.972323417663568,-13.979999542236346,1.9999999999999991,-178.73035606285092,-0.00017225398321319752,-0.00011921469718509251,-0.00024737711581796753,5.291286512917308e-06,-0.0004734307870704578,-3.93630173364322e-08,0.18036049091786768,2.8133570466290566e-05,0.00012346305837470964,-8.324414853465444e-10,659.9853846641078,660.0285643386198,659.9933959324604,660.0205488863472,0.0,0.0,0.0
16.016,-5.973196345154403,-13.980379377269704,2.0097684801738542,0.00019378012250465492,-0.006981575553141113,-178.73035551451778,-5.972323417663568,-13.979999542236346,1.9999999999999991,-178.73035606285092,-0.00021285244156306086,-0.0001179011939820473,-0.00025872262441924897,0.0,0.0,0.0,0.18048866457018622,2.5161827252984615e-05,3.630508165704362e-05,-1.1527610355036355e-08,660.0010762787109,660.0185839875355,660.0082112890074,660.0113852384761,0.0,0.0,0.0
16.067999999999998,-5.973180904715418,-13.980371387674992,2.0097511727033335,0.00043634689986163383,-0.008035460881231799,-178.73035572335309,-5.972323417663568,-13.979999542236346,1.9999999999999991,-178.73035606285092,-0.0002933972598398905,-0.00013235523416819348,-0.0003044137844286052,0.0,0.0,0.0,0.18098156335630222,-1.8772595913138516e-06,0.00015997573354127506,-7.170095143822116e-09,659.9982291681965,660.0432598412009,659.9976745981844,660.0437746600377,0.0,0.0,0.0
16.119999999999997,-5.973161307008899,-13.980362951412058,2.009733038381414,0.0007195666965723761,-0.00854536215139781,-178.7303559478893,-5.972323417663568,-13.979999542236346,1.9999999999999991,-178.73035606285092,-0.00047252639427294965,-0.0001790493193450991,-0.0003992121773193833,0.0,0.0,0.0,0.18198298140832214,-6.196911216695791e-05,0.00036047200932786983,-2.476948692022716e-09,660.0004134520968,660.085432202469,659.9827553519702,660.1030738381384,0.0,0.0,0.0
16.171999999999997,-5.973139316334615,-13.98035473217759,2.0097164026392687,0.0008277943038140519,-0.00797607972038345,-178.7303561401055,-5.972323417663568,-13.979999542236346,1.9999999999999991,-178.73035606285092,-0.0004151503451220257,-0.00013798001431422795,-0.00028938512962109074,0.0,0.0,0.0,0.1809323378694646,-3.130045250443721e-05,0.00029504276995297526,1.5464971086136742e-09,659.982080673775,660.0572016639485,659.9731691686466,660.0661205998258,0.0,0.0,0.0
16.224,-5.973113225189265,-13.980345892685163,2.0096996303335795,0.0006640937976858861,-0.005981269685036813,-178.73035629904854,-5.972323417663568,-13.979999542236346,1.9999999999999991,-178.73035606285092,-0.0005175447785632605,-0.00015742251166907056,-0.00031289342555299016,0.0,0.0,0.0,0.18119346823625906,-4.6938380656021254e-05,0.000325550205919166,4.879116020766408e-09,659.9857424009812,660.0650979368561,659.9723857639503,660.0784797203141,0.0,0.0,0.0
16.276,-5.973085376603169,-13.98033702482172,2.0096836255927344,0.00022319470924124382,-0.0027774458265335624,-178.73035640103905,-5.972323417663568,-13.979999542236346,1.9999999999999991,-178.73035606285092,-0.000550031992737003,-0.00015892767953568386,-0.00030475977220439866,-0.0001653206580446993,0.0011476099355738688,-3.0002928614449106e-08,0.18112088612630048,2.9832735241839195e-05,-0.00020017230485963358,1.780619008790029e-08,660.0480521075107,659.9995350672608,660.056598172468,659.9910868941091,0.0,0.0,0.0
16.328,-5.973056756973213,-13.98032818874307,2.00966794970773,-0.00019483315788252408,0.0003253344783463256,-178.73035646401678,-5.972323417663568,-13.979999542236346,1.9999999999999991,-178.73035606285092,-0.0005528813735093612,-0.00015632922507736015,-0.0002995051787077709,0.0,0.0,0.0,0.18106683732459924,-1.772596925112547e-05,0.00013461643274483885,8.366415674368517e-09,660.005962383743,660.039255819393,660.0009365922712,660.0443276579672,0.0,0.0,0.0
16.38,-5.973028793450143,-13.980319605614664,2.009652486647645,-0.0005265622428676903,0.0030751446561604143,-178.73035653516973,-5.972323417663568,-13.979999542236346,1.9999999999999991,-178.73035606285092,-0.0005302200298930265,-0.00015054129931399727,-0.0002961723465536944,0.0,0.0,0.0,0.1810256326944618,-2.37367467526831e-06,1.9599888479616007e-05,9.849701275106722e-09,660.0192416367388,660.024148116002,660.0185928270545,660.0248514761533,0.0,0.0,0.0
16.432,-5.973002751850176,-13.980311455850474,2.0096371416785814,-0.0008818562147116454,0.005975195475391198,-178.73035659802386,-5.972323417663568,-13.979999542236346,1.9999999999999991,-178.73035606285092,-0.0005810265656938235,-0.00017041658828438245,-0.0003540583813161858,-0.00013532335543455266,0.0011403582137684415,-1.656229364098858e-09,0.18158132797641136,4.223514852063374e-05,-0.0004733693497062601,1.1764233416163818e-08,660.0953996791991,659.9726035964553,660.1074604847963,659.9606054929033,0.0,0.0,0.0
16.483999999999998,-5.9729802837434045,-13.980304052595882,2.0096220530865434,-0.0010310639161226023,0.007870987784264667,-178.73035661979478,-5.972323417663568,-13.979999542236346,1.9999999999999991,-178.73035606285092,-0.00037269800561066403,-0.00011764433347287095,-0.00026659882987064757,0.0,0.0,0.0,0.18070540044224875,4.329929898408283e-05,-0.0002959313406107508,1.1643301705507265e-08,660.0505780541095,659.9786210232224,660.0629424230059,659.9663195706925,0.0,0.0,0.0
16.535999999999998,-5.972960990270469,-13.98029705616069,2.0096063381237244,-0.0008944909577546348,0.00833549937839612,-178.7303565854743,-5.972323417663568,-13.979999542236346,1.9999999999999991,-178.73035606285092,-0.000367718821135164,-0.00013139176018231606,-0.0003259782928712997,0.0,0.0,0.0,0.18128913787762982,2.1396866079568678e-05,-0.00030667835812203095,1.0954581369862351e-08,660.0681603690529,659.9869054072813,660.0742846383225,659.9808410069083,0.0,0.0,0.0
16.587999999999997,-5.972946224594771,-13.980290815828761,2.009591224967663,-0.0005706370709612635,0.007489169839455663,-178.73035650536283,-5.972323417663568,-13.979999542236346,1.9999999999999991,-178.73035606285092,-0.0003085418317538923,-0.00013247096240977921,-0.00034196736935125356,4.94204173504394e-05,-0.00019415047004406268,1.080878946663701e-08,0.18142929020850118,-1.4823495276591759e-05,-0.00024368677541653405,5.423685196662719e-09,660.0674597806285,659.9938302473207,660.0632529576902,659.9980675549066,0.0,0.0,0.0
16.639999999999997,-5.972935314154907,-13.980285139165357,2.009577157453917,-0.00025807619336594233,0.005568998417299277,-178.73035642818584,-5.972323417663568,-13.979999542236346,1.9999999999999991,-178.73035606285092,-0.00017247615922913738,-9.397215517984653e-05,-0.0002443307545282814,7.087791666077457e-05,-0.0006662608558857819,1.7590511250962182e-08,0.18042340360413484,-1.7912248609789006e-06,-0.00010555033384732624,1.376364860193096e-09,660.0236525777528,659.9930782580319,660.0231462028075,659.9935922798732,0.0,0.0,0.0
16.692,-5.972927056884578,-13.980279742613257,2.0095631766096864,-0.00010904604269061946,0.003225872414095645,-178.73035636520214,-5.972323417663568,-13.979999542236346,1.9999999999999991,-178.73035606285092,-0.00013308816280942632,-9.076258094292351e-05,-0.0002498897648082283,3.4900659794488956e-05,-0.0007468418218806415,1.6736006002171727e-08,0.1804266843258188,7.414763814656261e-06,-1.2311190883959936e-05,3.569696868265317e-10,660.0091359808366,660.0077413214716,660.0112489262309,660.0056303421037,0.0,0.0,0.0
16.744,-5.972920018478721,-13.980274225452671,2.009547901320079,-1.8379779301078328e-05,0.0007135835934675186,-178.73035630835886,-5.972323417663568,-13.979999542236346,1.9999999999999991,-178.73035606285092,-0.00015034497616400101,-0.00011797060900430248,-0.00034321494736595456,2.9230200413687913e-05,-0.0009395015030011243,2.007755570225694e-08,0.18133206629768686,-2.1574541281051014e-05,0.00018301621580712332,-2.0645054089140508e-09,660.0055081154271,660.0514904810929,659.9993572209862,660.0576294553198,0.0,0.0,0.0
16.796,-5.972913864647811,-13.980269132241798,2.009533091467103,4.2726114759310145e-05,-0.001344541422997684,-178.73035626267531,-5.972323417663568,-13.979999542236346,1.9999999999999991,-178.73035606285092,-0.00014843359055035973,-0.00011584362605638175,-0.00035171059354408875,2.3718102779151332e-05,-0.0007784101879369032,1.8126153155308724e-08,0.1813921250850234,-2.1091773195147964e-05,0.00020302231718468357,-2.31960127981299e-09,660.0039211681799,660.0557391387009,659.9979070624852,660.061739870279,0.0,0.0,0.0
16.848,-5.97290712004394,-13.980264004698329,2.0095179055165127,6.400606576553233e-05,-0.00288123099424875,-178.73035622362005,-5.972323417663568,-13.979999542236346,1.9999999999999991,-178.73035606285092,-0.00016655947791287466,-0.00011428210861773782,-0.0003463189512033173,0.0,0.0,0.0,0.18132890379401398,-1.2580275575558133e-05,-1.6957509893627592e-05,3.367633219085028e-09,660.0326290195934,660.0242159663069,660.0290552018328,660.0278084629706,0.0,0.0,0.0
16.9,-5.9728992032950305,-13.980258918887436,2.0095032710745193,-1.4072326188995297e-05,-0.004005285972086223,-178.7303561706311,-5.972323417663568,-13.979999542236346,1.9999999999999991,-178.73035606285092,-0.00019844361480220253,-0.00011257960199093247,-0.00033273917111049706,0.0,0.0,0.0,0.18116861249862384,-8.709700238129253e-06,5.9229258875530596e-05,2.2627127555554657e-09,660.0176786573383,660.0320678885416,660.0152041521179,660.0345548631601,0.0,0.0,0.0
16.951999999999998,-5.972889611751861,-13.980253896809497,2.009489097370045,-0.0001683613017299554,-0.004941022788917522,-178.73035611111985,-5.972323417663568,-13.979999542236346,1.9999999999999991,-178.73035606285092,-0.00024102003031557312,-0.0001097536915365138,-0.0003242626018582142,0.0,0.0,0.0,0.18104436223758788,-3.977425326938352e-07,0.00014037150448030332,1.0179889616652701e-09,660.0021883946284,660.0420565817554,660.002077923061,660.0421726849621,0.0,0.0,0.0
17.003999999999998,-5.972877954988233,-13.980248996829571,2.0094751503083943,-0.0003533343967426382,-0.005407482886546669,-178.73035605259474,-5.972323417663568,-13.979999542236346,1.9999999999999991,-178.73035606285092,-0.00029114031935267056,-0.00010517598378795264,-0.00032086324541147636,0.0,0.0,0.0,0.18096335587713178,1.1066939780852658e-05,0.0002118739229333095,-2.0452747019687895e-10,659.9885795466764,660.0520791058588,659.9917312867042,660.0489265211885,0.0,0.0,0.0
17.055999999999997,-5.972864063892099,-13.980244294493449,2.009461251696372,-0.0004988611609710842,-0.005076392670514629,-178.73035600002245,-5.972323417663568,-13.979999542236346,1.9999999999999991,-178.73035606285092,-0.00034237509966777654,-9.881324680855268e-05,-0.0003209599285544023,0.0,0.0,0.0,0.18091578307751785,2.277588272995721e-05,0.00025359147853024175,-1.305932974583269e-09,659.9799178338259,660.0586348236,659.9864017667907,660.0521443671514,0.0,0.0,0.0
17.107999999999997,-5.97284813384072,-13.980239853906426,2.00944728893009,-0.000524107811392046,-0.003709045924719017,-178.73035596701055,-5.972323417663568,-13.979999542236346,1.9999999999999991,-178.73035606285092,-0.00038519140464368586,-9.143534505935654e-05,-0.0003231551310950285,1.539180810817835e-05,0.0007190540036481728,1.523682098556485e-08,0.18089154613717803,2.464678828601335e-05,-3.051881614454295e-05,-7.467426312541278e-09,660.0195847345946,660.0179122189818,660.0265840935795,660.0108714062733,0.0,0.0,0.0
17.16,-5.97283115287099,-13.980235771701635,2.0094334272092995,-0.0003824854474689823,-0.001750527863856576,-178.73035596297728,-5.972323417663568,-13.979999542236346,1.9999999999999991,-178.73035606285092,-0.00030710104322925557,-6.340181772890102e-05,-0.0002477841813020486,2.043429934023285e-05,0.00020025268765873615,1.6277356906806005e-09,0.18010474861098666,4.3197124037359065e-05,2.3176040165257753e-05,-2.67342574250198e-09,659.9918572748437,660.0107626835324,660.0041539906376,659.9984512825966,0.0,0.0,0.0
17.212,-5.97281267095676,-13.980231689315183,2.0094179834571984,-2.95296557382655e-05,0.0002783409627077871,-178.73035595556658,-5.972323417663568,-13.979999542236346,1.9999999999999991,-178.73035606285092,-0.0004120031932883209,-8.008777775866436e-05,-0.0003521518731443786,0.00017416852207527065,0.0008132856368807296,4.7486922704115505e-09,0.18113046330397084,-4.692889120291796e-05,-0.0001852846567666708,-3.94635024618262e-09,660.0571052633528,659.9909649651477,660.0437283324497,660.0043211065711,0.0,0.0,0.0
17.264,-5.972795964906208,-13.980227999519895,2.009402854047614,0.0004003833758504499,0.0020268473064255564,-178.73035594370197,-5.972323417663568,-13.979999542236346,1.9999999999999991,-178.73035606285092,-0.00026256779539786043,-5.33448356403904e-05,-0.0002467916224851616,0.00012302630040624454,0.0004538981654753393,1.2017874976183467e-09,0.18009182764819023,-2.0223006153557135e-05,-0.000250399055347976,-2.92052686431254e-09,660.0395644046948,659.9624817017901,660.0337964028191,659.9682341492229,0.0,0.0,0.0
17.316,-5.972779223497898,-13.980223917513078,2.0093854254119288,0.0008512202080897785,0.0033483281349859935,-178.73035592938683,-5.972323417663568,-13.979999542236346,1.9999999999999991,-178.73035606285092,-0.0002982140538209156,-7.068536617205164e-05,-0.00033369552762480003,0.0,0.0,0.0,0.18101142421156274,-9.199100512923708e-06,-8.518355585423994e-05,-2.788323903864321e-09,660.0348389148103,660.0079562370423,660.0322110937918,660.0105687102154,0.0,0.0,0.0
17.368,-5.972765206316753,-13.980219788285966,2.009367989102966,0.0012509208669448575,0.003970553357780344,-178.730355924933,-5.972323417663568,-13.979999542236346,1.9999999999999991,-178.73035606285092,-0.0002348213001576004,-7.03964900044148e-05,-0.0003090778210418906,0.0,0.0,0.0,0.18083939558964843,-2.6854565379867446e-05,-0.000161339034124944,-2.8851448152197962e-09,660.0443878022548,659.9907849762527,660.0367311435695,659.9984261869637,0.0,0.0,0.0
17.419999999999998,-5.972753192458353,-13.980215228923122,2.0093506208365706,0.0015032381975140165,0.004082135998380133,-178.7303559356072,-5.972323417663568,-13.979999542236346,1.9999999999999991,-178.73035606285092,-0.00019885198619711033,-7.977406794103757e-05,-0.0003040858580435707,0.0,0.0,0.0,0.18085842881311975,-4.809327936481132e-05,-0.0001922110616946384,-2.6673003389964843e-09,660.0522301876478,659.9837848016361,660.0385250602263,659.9974762913979,0.0,0.0,0.0
17.471999999999998,-5.97274284140754,-13.98020993072069,2.0093329080383575,0.0014415848655020278,0.003512213027253464,-178.73035596908605,-5.972323417663568,-13.979999542236346,1.9999999999999991,-178.73035606285092,-0.00018183367350780314,-0.00010041092339202286,-0.00033357551087558545,0.0,0.0,0.0,0.18122724544768987,-6.762961493022034e-05,-0.0001777521300127107,-1.975190892358995e-09,660.0611224908819,659.9912317835758,660.0418551954233,660.0104896163481,0.0,0.0,0.0
17.523999999999997,-5.9727343508593265,-13.980204097027285,2.0093152388844513,0.0009731660638331916,0.0021110178203523227,-178.73035601890737,-5.972323417663568,-13.979999542236346,1.9999999999999991,-178.73035606285092,-0.00018192786633920068,-0.00013196551016817008,-0.0003972294648851531,-0.00025260526391062934,-0.0006701047565973861,-7.1351367209041615e-09,0.1819303622596274,1.6314883717691235e-05,0.00014395967428176745,1.6199203344483905e-09,660.0189244867734,660.0645735139701,660.0235758846279,660.0599313770268,0.0,0.0,0.0
17.576,-5.972727170854156,-13.980198057067579,2.0092987533577347,0.0002927009019069261,0.0005255056733279789,-178.7303560477517,-5.972323417663568,-13.979999542236346,1.9999999999999991,-178.73035606285092,-0.0001627972891451846,-0.00013703879189133595,-0.00036783194743076394,-0.00017476761493986627,-0.00038219079841523987,-2.4852628856995653e-09,0.18168477579795375,7.033393833184176e-06,8.551649565126408e-05,5.662100325677445e-10,660.0231297875869,660.0494898492861,660.0251346440197,660.0474882028706,0.0,0.0,0.0
17.628,-5.97272039584544,-13.980191994429157,2.0092836236288205,-0.0003287000908524427,-0.000630771032021989,-178.7303560583978,-5.972323417663568,-13.979999542236346,1.9999999999999991,-178.73035606285092,-0.00015889137263095813,-0.0001352036866712805,-0.000338754485883518,0.0,0.0,0.0,0.18139985188032867,-3.579473659945768e-05,-1.4137819803210086e-05,-9.688347585450985e-11,660.0371096237926,660.0228876959162,660.026914231378,660.0330826139124,0.0,0.0,0.0
17.68,-5.972713461346776,-13.980186194562043,2.0092694687658383,-0.0011598230764453357,-0.0017648912815235967,-178.73035605545033,-5.972323417663568,-13.979999542236346,1.9999999999999991,-178.73035606285092,-0.0001670387843517037,-0.00012608707086494343,-0.0003204034989727282,0.0,0.0,0.0,0.18118966444682835,4.906375179722809e-06,4.3924999893483815e-05,-1.5268606247015636e-10,660.0183882342508,660.032296618754,660.019785281755,660.0308987520357,0.0,0.0,0.0
17.732,-5.972705846500987,-13.98018101563605,2.0092558638295084,-0.0020727228418600217,-0.0027953638790652715,-178.73035603828322,-5.972323417663568,-13.979999542236346,1.9999999999999991,-178.73035606285092,-0.00018681991005799477,-0.00010779126500061136,-0.0003108613479913037,0.0,0.0,0.0,0.1810489531978092,5.8804065900700405e-05,0.00010977578451185493,-5.052261185648123e-10,659.9982175805693,660.046233522122,660.0149655109217,660.0294835868328,0.0,0.0,0.0
17.784,-5.972697090528925,-13.980176843361129,2.0092425038880473,-0.002741975470504129,-0.0034605831898707595,-178.73035602384033,-5.972323417663568,-13.979999542236346,1.9999999999999991,-178.73035606285092,-0.00021593632080246124,-8.081976357988488e-05,-0.00030731496592976927,0.0,0.0,0.0,0.1809598704510194,0.00011182604268508945,0.0001705521491212325,-8.096441767701014e-10,659.9800375292516,660.0604664492133,660.0118875301077,660.0286143080918,0.0,0.0,0.0
17.836,-5.972686910006986,-13.98017394871401,2.0092291884425375,-0.002798402986905543,-0.0034858591008271253,-178.73035603855428,-5.972323417663568,-13.979999542236346,1.9999999999999991,-178.73035606285092,-0.00024924487329034556,-4.9380533142653524e-05,-0.00030761573910606993,0.0,0.0,0.0,0.1809077575785587,0.0001442863537548737,0.00020984154530688878,-5.169891915720412e-10,659.968663706123,660.069529053182,660.0097608495839,660.0284327677259,0.0,0.0,0.0
17.887999999999998,-5.972675322690665,-13.980172327861315,2.009215795016624,-0.0019583458759288345,-0.0026601698609637955,-178.73035608951307,-5.972323417663568,-13.979999542236346,1.9999999999999991,-178.73035606285092,-0.0002789733401353089,-2.1301468653091417e-05,-0.0003101852140971656,0.0004890801262866207,0.00047491159019456787,-6.310184971449016e-09,0.1808810596823137,-5.155561141019873e-05,2.8571693864748828e-05,2.7944034827403046e-09,660.0217750098271,660.0152285532655,660.0070981917353,660.0299206682026,0.0,0.0,0.0
17.939999999999998,-5.972662731554641,-13.980171595462998,2.0092022556670455,-0.0006253888189493305,-0.0012005902514339861,-178.73035612987522,-5.972323417663568,-13.979999542236346,1.9999999999999991,-178.73035606285092,-0.0002962965565193175,-5.597503730287874e-06,-0.00031394215915739006,0.0004937169628788134,0.0006115120756002894,-1.8971033549098635e-09,0.18087135753830466,-9.306360432072763e-05,-6.0229481747325e-05,2.0597989022017074e-09,660.0401181106178,659.9964559780127,660.0136170578825,660.0229691287252,0.0,0.0,0.0
17.991999999999997,-5.972649810107379,-13.980171174724317,2.009188539788164,0.0002559148048923492,0.00021968591313018188,-178.73035613469844,-5.972323417663568,-13.979999542236346,1.9999999999999991,-178.73035606285092,-0.00029761142403258366,-2.8429546471576015e-06,-0.00031815064530334544,0.0001866361574854849,0.00035944329951938,1.3529987986002033e-10,0.18087242570001164,-6.629627318894429e-06,-1.2143078641961916e-05,1.4519445794189761e-09,660.02098531393,660.0156383255742,660.019101037858,660.0175306537105,0.0,0.0,0.0
18.044,-5.9726372208654785,-13.980170661841987,2.009174641029947,0.0008440503492312789,0.0015189868322438807,-178.73035611953946,-5.972323417663568,-13.979999542236346,1.9999999999999991,-178.73035606285092,-0.0002846900568810065,-7.757539608256377e-06,-0.000322343148856608,0.0002571333452144473,0.0005562226330942978,1.507134597966213e-09,0.18087989515309774,-5.9798612702264954e-05,-0.0001448275416943532,6.543201663319335e-10,660.047619513991,659.9893363132729,660.030589555879,660.0063709601072,0.0,0.0,0.0
18.096,-5.972625569201395,-13.980169787587915,2.0091605679805773,0.0014445903262342561,0.0028262124147301624,-178.73035608940782,-5.972323417663568,-13.979999542236346,1.9999999999999991,-178.73035606285092,-0.0002578080366210895,-1.9099985590022615e-05,-0.000326241415865584,0.0,0.0,0.0,0.18089077440238668,5.6339877811394346e-06,-2.9595699351926825e-06,5.585668556292616e-10,660.0183391931796,660.0191009412337,660.0199454543701,660.0174977718351,0.0,0.0,0.0
18.148,-5.972615432419263,-13.980168303525494,2.0091463377092924,0.00191027351287678,0.003901871319388845,-178.73035605366957,-5.972323417663568,-13.979999542236346,1.9999999999999991,-178.73035606285092,-0.00021870745174219493,-3.5899896849381553e-05,-0.00032969285388243213,0.0,0.0,0.0,0.18090303178054182,-2.8088903357288976e-05,-7.842513076784409e-05,-1.8880202737367142e-10,660.0341619876912,660.0038238620277,660.0261611081849,660.0118239665485,0.0,0.0,0.0
18.2,-5.972607280899937,-13.980166017599345,2.0091319712211946,0.002254540834007161,0.004748921976321453,-178.73035602027036,-5.972323417663568,-13.979999542236346,1.9999999999999991,-178.73035606285092,-0.0001696613983657441,-5.6973673272457776e-05,-0.00033263977658896503,0.0,0.0,0.0,0.18091543890480558,-6.201485364751566e-05,-0.0001563487043575567,-8.871073507083581e-10,660.0503666057504,659.9881706862169,660.0327012167647,660.0058323533967,0.0,0.0,0.0
18.252,-5.972601460390881,-13.980162801602031,2.009117490710546,0.002269898578443291,0.0050675487390790174,-178.73035600766403,-5.972323417663568,-13.979999542236346,1.9999999999999991,-178.73035606285092,-0.0001143710809893582,-8.019395254571756e-05,-0.00033506813398729185,0.0,0.0,0.0,0.18092715587643163,-8.52769345959511e-05,-0.00022071276167746253,-1.154623967915348e-09,660.063105157473,659.9759509490443,660.0388139205245,660.000238104141,0.0,0.0,0.0
18.304,-5.972598066513257,-13.98015867325357,2.00910291796646,0.001763846670543601,0.004550781484420128,-178.73035602769895,-5.972323417663568,-13.979999542236346,1.9999999999999991,-178.73035606285092,-5.980709342283053e-05,-0.00010121455587923381,-0.00033700671735534417,0.0,0.0,0.0,0.18093777438016312,-8.531415344912995e-05,-0.00025168105796342054,-7.408868560881457e-10,660.0677547629879,659.9717693725022,660.0434542423762,659.9960684286594,0.0,0.0,0.0
18.355999999999998,-5.97259681075029,-13.980153874996592,2.0090882729475057,0.000766246340223491,0.003086195506668154,-178.73035606135008,-5.972323417663568,-13.979999542236346,1.9999999999999991,-178.73035606285092,-1.5657692927040317e-05,-0.00011420252464963521,-0.00033850551504582826,-0.00041111065628705726,-0.0006896908155339073,-5.503598347903234e-10,0.18094715117549445,0.00010042827743680235,3.0248171175977092e-05,1.6097291150468695e-10,660.0013592538623,660.0385794444865,660.0299645788571,660.0099753844897,0.0,0.0,0.0
18.407999999999998,-5.972597002502518,-13.980148829774288,2.009073573521238,5.419157970674108e-05,0.001342891725217189,-178.73035607268127,-5.972323417663568,-13.979999542236346,1.9999999999999991,-178.73035606285092,1.0328507330013527e-05,-0.00011685730645216358,-0.00033961458268124973,-0.00020247728259077452,-0.0006839937815346456,1.1556519643862174e-10,0.18095520946947288,4.462611726231446e-05,7.191829305326598e-05,1.6324681708382583e-10,660.0035500111974,660.0367450057298,660.0162613835629,660.0240349320567,0.0,0.0,0.0
18.459999999999997,-5.972597823637946,-13.980143851194136,2.0090588352399,-0.00022242214027448583,-0.00018950566089798187,-178.73035606955645,-5.972323417663568,-13.979999542236346,1.9999999999999991,-178.73035606285092,1.802880766030246e-05,-0.0001138845251579475,-0.00034038710918181305,0.0,0.0,0.0,0.18096197623730742,-2.2695580652286807e-05,-0.00014014179682017049,1.4142091338045236e-10,660.0434874021817,659.9971069312987,660.0370236766541,660.0035718310828,0.0,0.0,0.0
18.512,-5.972598549754562,-13.980139062922571,2.009044071223874,-0.0004046524447644525,-0.001684389496227641,-178.73035606089746,-5.972323417663568,-13.979999542236346,1.9999999999999991,-178.73035606285092,9.970206076313094e-06,-0.00010871171152057606,-0.00034087691926884577,-8.068890692600665e-05,-0.0006261015478110975,1.644691719132349e-10,0.18096756159627672,1.6897734207393956e-05,0.0001645283403114005,-9.716383464777417e-11,659.9945837738723,660.0462587966148,659.9993966045532,660.0414457694778,0.0,0.0,0.0
18.564,-5.972598502647785,-13.980134531858187,2.0090292923977566,-0.0005841060151767777,-0.0030358120369280233,-178.73035604942754,-5.972323417663568,-13.979999542236346,1.9999999999999991,-178.73035606285092,-1.3611549803437348e-05,-0.00010165479779226433,-0.00034113182499541654,0.0,0.0,0.0,0.180972086240356,-3.5222356761388297e-06,-2.2694190018503483e-06,-2.7774730764971245e-10,660.0213474198571,660.0196978011787,660.0203434239,660.0207002597101,0.0,0.0,0.0
18.616,-5.972597068173445,-13.980130322826074,2.00901450770058,-0.000771770226725045,-0.004282656768426617,-178.73035603623242,-5.972323417663568,-13.979999542236346,1.9999999999999991,-178.73035606285092,-5.043972105773189e-05,-9.283240227915749e-05,-0.0003411949463584626,0.0,0.0,0.0,0.1809756877762676,9.567728859811948e-06,8.180269604910618e-05,-5.527210639096006e-10,660.0075907516359,660.0336154975103,660.010314414595,660.0308888692989,0.0,0.0,0.0
18.668,-5.9725937043654715,-13.980126501631975,2.008999724276237,-0.0009316272314073235,-0.005307486091196924,-178.73035602461965,-5.972323417663568,-13.979999542236346,1.9999999999999991,-178.73035606285092,-9.917189163299394e-05,-8.222799416358892e-05,-0.000341105116442646,0.0,0.0,0.0,0.18097851871092033,2.37429944775298e-05,0.0001707320889703816,-7.966959282894596e-10,659.9929703793842,660.0483620900691,659.9997310625789,660.041597492333,0.0,0.0,0.0
18.72,-5.972587986577928,-13.980123121302782,2.0089849477683783,-0.0009716043116401788,-0.005747056461932566,-178.7303560235434,-5.972323417663568,-13.979999542236346,1.9999999999999991,-178.73035606285092,-0.00015585345743654566,-7.052064981673925e-05,-0.00034089575997804265,0.0,0.0,0.0,0.18098072613153363,3.443684799061221e-05,0.00024561280192078377,-8.230874618917538e-10,659.9808319830759,660.0605976156127,659.9906387589265,660.050787320412,0.0,0.0,0.0
18.772,-5.972579764980797,-13.980120185604767,2.0089701825768778,-0.000807113944580112,-0.005248518885260782,-178.73035603977152,-5.972323417663568,-13.979999542236346,1.9999999999999991,-178.73035606285092,-0.00021269510440165832,-5.935587910651781e-05,-0.000340596566308558,0.0,0.0,0.0,0.1809824599804106,3.640521331591321e-05,0.00028391375355370685,-4.898789174017948e-10,659.9751343854053,660.0663697915929,659.9855028420222,660.0559998920372,0.0,0.0,0.0
18.823999999999998,-5.972569536546027,-13.98011766272327,2.0089557156437032,-0.0004263289936458371,-0.0036653174200060603,-178.730356064806,-5.972323417663568,-13.979999542236346,1.9999999999999991,-178.73035606285092,-0.00023682710013724276,-4.688897417586559e-05,-0.0003118827371075889,0.00015977690050401758,0.0007264550946508499,-2.295329935787918e-09,0.18069700420848353,-3.0580958688549914e-05,-3.173622670528495e-05,8.547059506453822e-10,660.0233017867093,660.0055520160223,660.0145938552768,660.0142648009048,0.0,0.0,0.0
18.875999999999998,-5.972557879197481,-13.98011534301843,2.008941085998212,-7.84752236080098e-05,-0.0016487531949053332,-178.7303560774057,-5.972323417663568,-13.979999542236346,1.9999999999999991,-178.73035606285092,-0.00021294451014392985,-3.542843459605155e-05,-0.000262601487465333,8.977212032871784e-05,0.0006109196287529178,-9.525324412125764e-10,0.18021596059010475,-8.44048288820318e-06,-8.545916652680355e-05,6.421007662846636e-10,660.0171420991101,659.9903962801528,660.0147397846554,659.9928022398822,0.0,0.0,0.0
18.927999999999997,-5.972545691833714,-13.980113089606448,2.0089255838939994,0.0001613331887861515,0.000162874591926457,-178.7303560782691,-5.972323417663568,-13.979999542236346,1.9999999999999991,-178.73035606285092,-0.00019194349677199144,-3.1067858094880036e-05,-0.00025241288742852664,6.0881655073122505e-05,0.000455972668275233,-4.5086694013320403e-10,0.180146608145396,-3.972472899138562e-06,-0.00011105498681974458,4.844343993182918e-10,660.0186146158695,659.9858508005199,660.0174844863585,659.9869836675576,0.0,0.0,0.0
18.98,-5.972532878818193,-13.9801106275433,2.008907322126585,0.00038420360712162875,0.0016959367578484902,-178.730355972363,-5.972333676368667,-13.980004850001157,1.9999999999999991,-178.73035606285092,-0.0002736253732664757,-4.8438452085069656e-05,-0.00040868254072917644,0.0,0.0,0.0,0.1817973648983732,-1.6169215031525803e-05,0.0001075857055228557,-1.8325970990104833e-09,660.0257889743606,660.0518261228013,660.0211784934189,660.0564262396923,0.0,0.0,0.0
19.032,-5.97252198257394,-13.980108233597344,2.0088898951777243,0.0005453779516962888,0.0030653046595302833,-178.73035575583063,-5.972362509076872,-13.980019910911324,1.9999999999999991,-178.73035606285092,-0.00018364691193032356,-3.9268083125072286e-05,-0.0003066660115278486,0.0,0.0,0.0,0.18089147687531723,-4.041484459465161e-05,2.6249782165343103e-05,-6.320947105452973e-09,660.0207624345644,660.0167278337827,660.0092336002687,660.0282215266363,0.0,0.0,0.0
19.084,-5.9725128067525075,-13.980105731491081,2.0088730854578283,0.0005169660428268653,0.00460495412799047,-178.73035563394026,-5.972394987584195,-13.980037331861796,1.9999999999999991,-178.73035606285092,-0.00013512789824536944,-3.810070540109989e-05,-0.000266011142802178,-4.535075090455245e-05,0.00045036165826973314,2.5250435587486912e-08,0.18056806481443116,-5.116860722912196e-05,-0.00019183298838913536,-1.797925094593421e-08,660.0462030863398,659.9769887745548,660.0315795083818,659.9915139728632,0.0,0.0,0.0
19.136,-5.972505514631093,-13.98010300318839,2.008855761795982,0.00011653470155717049,0.006138740494196852,-178.73035556697357,-5.972423998289109,-13.98005341603226,1.9999999999999991,-178.73035606285092,-9.540369317442283e-05,-4.012190118948849e-05,-0.00026641813011446037,0.0,0.0,0.0,0.1806643173627025,-8.226890361783939e-05,-6.337295676060629e-05,-1.034121322715275e-08,660.0344607556362,659.9929776177223,660.0109998032206,660.0163819316903,0.0,0.0,0.0
19.188,-5.9725010523817526,-13.980100252393099,2.0088378009147254,-0.0008244673974829034,0.007356765379434198,-178.7303557450656,-5.97244699842725,-13.980066605241593,1.9999999999999991,-178.73035606285092,-7.005240052290191e-05,-5.689247445241918e-05,-0.0003968432254986611,-0.00045313018378133547,0.00041914175958416617,-3.622782019947683e-08,0.18205586432105775,9.212009712090085e-05,-0.0002559462273967907,6.262042679903571e-09,660.0678555472929,660.0211951658019,660.0941087605878,659.9949737381847,0.0,0.0,0.0
19.24,-5.972500232777024,-13.98009810888,2.0088214229496604,-0.0019822436117236672,0.007962106715077041,-178.73035582058344,-5.972463920489416,-13.98007664209485,1.9999999999999991,-178.73035606285092,1.2110162415870427e-05,-4.257981706272341e-05,-0.00036363569784628814,0.0,0.0,0.0,0.18179433394683414,-3.7124485317006626e-05,-0.00016934201186218659,-5.112679041629766e-09,660.0681504368449,660.0093448614606,660.0575629069862,660.01990484627,0.0,0.0,0.0
19.291999999999998,-5.972503032222827,-13.980096995547417,2.008806596152687,-0.0033255985852231836,0.00784493254048129,-178.7303558879451,-5.972475832201669,-13.980083760507467,1.9999999999999991,-178.73035606285092,9.631353702955479e-05,-1.5679051156013863e-05,-0.00033011780391648,0.0,0.0,0.0,0.18148103922895195,3.3954796525294934e-05,-0.0002285719425395964,-3.6985388551452065e-09,660.0595209694613,660.0040897310625,660.0691813223598,659.994407938855,0.0,0.0,0.0
19.343999999999998,-5.972509313707432,-13.980097495259361,2.0087929149547654,-0.004426981786885848,0.00690193783932965,-178.73035606217042,-5.972484228743019,-13.980088526971873,1.9999999999999991,-178.73035606285092,0.00017442659228177317,2.497756964160065e-05,-0.0003081290092869054,0.0,0.0,0.0,0.1812448734475427,0.00011376592772783731,-0.0002577979890663772,-1.5726463110106645e-11,660.047080128638,660.0060563080624,660.0794815752772,659.973651169492,0.0,0.0,0.0
19.395999999999997,-5.972518576307249,-13.98010004013577,2.008779911402354,-0.00440737041778493,0.0052003904190529296,-178.7303560383571,-5.972490676961465,-13.980091712305134,1.9999999999999991,-178.73035606285092,0.00023802245891523443,7.217877356569888e-05,-0.00029609038980367024,0.0001686828212481977,-0.0007739503063879559,-3.215931164646973e-08,0.18108526108124945,9.165797920556066e-05,4.874470827222058e-05,1.1034052989555055e-08,660.0030206566177,660.0430109588244,660.0291580425393,660.0169352380902,0.0,0.0,0.0
19.448,-5.972530007994454,-13.980104581973249,2.0087672357777184,-0.003526142836071756,0.003285652429261675,-178.7303559696921,-5.972496412271597,-13.98009401633957,1.9999999999999991,-178.73035606285092,0.00028086991065706766,0.00011447346125718818,-0.0002909462981242103,0.00043426939259742884,-0.0007465833597263642,-2.4217289122318387e-08,0.1809834021711397,-5.3136800811531305e-06,7.114992185005078e-05,6.74607033722872e-09,660.0113882416296,660.0301401632161,660.0098934233899,660.031672300625,0.0,0.0,0.0
19.5,-5.972542711990633,-13.980110685473093,2.0087546579243374,-0.0023821314997838853,0.001596899972132288,-178.73035593595654,-5.972502431384595,-13.980096070534888,1.9999999999999991,-178.73035606285092,0.00030341326462694155,0.00014509711107375483,-0.00029023844191362956,0.0004559243609985668,-0.0006361407371292789,-2.0226501611228613e-08,0.1809225471508551,-2.795284645023055e-05,6.89063486310561e-05,4.6056520763817915e-09,660.0135859119611,660.0252505879362,660.0056368148021,660.0332249585268,0.0,0.0,0.0
19.552,-5.9725559019499785,-13.980117792231667,2.008742035057971,-0.0013445078032629006,0.0001944636790063231,-178.73035593549312,-5.972509295458821,-13.980098416346351,1.9999999999999991,-178.73035606285092,0.00030879775570673344,0.00016331240712608836,-0.00029219775681548274,0.0003914445750102443,-0.0005205271735193794,-1.7015767814808174e-08,0.18088991963098552,-2.316488868551691e-05,6.8680855807458e-05,3.4400095077923324e-09,660.0122145925523,660.0251787973291,660.0056260216732,660.0317862264927,0.0,0.0,0.0
19.604,-5.972568935001402,-13.980125394229908,2.0087292842852094,-0.00043683031193406075,-0.0009510305618127489,-178.73035595933004,-5.972517305291327,-13.980101429737381,1.9999999999999991,-178.73035606285092,0.0002500838406131159,0.000142438147994278,-0.00024653247359273983,0.00031537949276474846,-0.0003709854960153739,-1.5044689421285015e-08,0.18039536244280288,-4.522093737687254e-05,0.00010670528609864818,3.2269858746761995e-09,659.9989838564011,660.0164965880864,659.9861121112547,660.0293856143195,0.0,0.0,0.0
19.656,-5.972580834731496,-13.980132756021792,2.0087165134031775,0.0004714956965641363,-0.0019038672636086029,-178.73035599940968,-5.972526403808263,-13.980105288548753,1.9999999999999991,-178.73035606285092,0.0001870339445798661,0.00011235257541124301,-0.0002119881093848561,0.0,0.0,0.0,0.18001107490815538,1.4281386573360571e-05,5.902390327468803e-05,-1.3363821600056385e-09,659.9887928094884,660.0096727967833,659.9928570134838,660.005601294113,0.0,0.0,0.0
19.708,-5.9725921376795865,-13.980140037261014,2.0087018017164566,0.0014642799799145715,-0.002656874202199933,-178.73035605956287,-5.972536393074089,-13.980109922012288,1.9999999999999991,-178.73035606285092,0.00016773416217963472,0.00010406797638335473,-0.00023662954226923546,0.0,0.0,0.0,0.1802694410868958,-3.1853162433023156e-05,0.0001063366268728213,-8.272106635732343e-11,659.9943477277491,660.0155631176592,659.9852744409887,660.0246355298653,0.0,0.0,0.0
19.759999999999998,-5.972602040321385,-13.980146491549116,2.0086856514444795,0.0023814173511335357,-0.0030506556729660173,-178.73035611752786,-5.972546956072608,-13.980115187520685,1.9999999999999991,-178.73035606285092,0.0001444143195502454,8.898098918413309e-05,-0.00025620260427929395,0.0,0.0,0.0,0.18052488534860578,-8.346404467223732e-05,0.0001450996718180908,1.1321496226850376e-09,660.0018354907538,660.019391235005,659.9780647253175,660.0431667827324,0.0,0.0,0.0
19.811999999999998,-5.972610692600106,-13.980151893020919,2.008667823176481,0.0029054599522063108,-0.0028869864083737005,-178.73035615003263,-5.972557790463056,-13.98012099404813,1.9999999999999991,-178.73035606285092,0.00013449511550482634,7.65295568801464e-05,-0.0003018225610450574,0.0,0.0,0.0,0.1810900256566878,-0.00011798505152239294,0.00014943864555640063,1.8179619479766023e-09,660.0186535240256,660.0276123162703,659.9850522993527,660.06122144322,0.0,0.0,0.0
19.863999999999997,-5.9726173206789195,-13.980155516985516,2.008651174558477,0.002732552285918363,-0.0021404803050523633,-178.73035614421744,-5.972568486591042,-13.980126983945487,1.9999999999999991,-178.73035606285092,9.929597376487692e-05,4.69114077314403e-05,-0.00026552627144053176,0.0,0.0,0.0,0.18081570495330143,-0.00014142008114902612,0.0001554373623730409,1.7063486610095241e-09,660.0150591948612,660.0190517136975,659.9747821238673,660.0593355340438,0.0,0.0,0.0
19.916,-5.97262348937696,-13.98015810714503,2.008632897576862,0.0016224559722132577,-0.0006564967031412357,-178.73035611446494,-5.972578763271702,-13.980132890470495,1.9999999999999991,-178.73035606285092,0.00012884052436188897,4.345986032476685e-05,-0.00039562358675943,-0.0005500443376054489,0.0006416803502543785,-8.675377805846246e-09,0.18222477575031934,0.00011065837184163358,-0.0001784077820383352,4.202588771526062e-09,660.057915941493,660.0386199024806,660.0894435150688,660.0071131792306,0.0,0.0,0.0
19.968,-5.9726288934646465,-13.980159725094499,2.0086167482073543,0.0003781699203151737,0.0007309375422998713,-178.73035610472243,-5.972588370667558,-13.980138396713027,1.9999999999999991,-178.73035606285092,0.00012544925165631463,3.0844142879664356e-05,-0.0003560000895826322,-0.00028105927329693864,0.00031564105956126886,-3.292979817644039e-09,0.1819037263722959,4.4207643224874614e-05,-0.0001047895548547663,2.058362232809763e-09,660.0497858198506,660.0325310051087,660.06238236482,660.0199452914483,0.0,0.0,0.0
20.02,-5.972634507667883,-13.980161120965223,2.008602376498214,-0.0004152085217091749,0.0015734649108985975,-178.73035611639196,-5.972597229713551,-13.980143314959392,1.9999999999999991,-178.73035606285092,0.00013441248440060116,2.9464906627792475e-05,-0.0003180964340942812,0.0,0.0,0.0,0.18154355566415187,-3.560995506899728e-05,-2.4428550590665332e-05,1.1152195458610751e-09,660.0417308043648,660.0246305547012,660.0315914699796,660.034776172949,0.0,0.0,0.0
20.072,-5.972640217665242,-13.980162561348967,2.0085902468328833,-0.0012643096924686167,0.0021956676683872792,-178.73035613422775,-5.972605354174741,-13.980147599413828,1.9999999999999991,-178.73035606285092,0.00012510005158271784,3.0073920224990743e-05,-0.00024696017511199,0.0,0.0,0.0,0.18078684621043994,-2.0664760015352546e-06,-3.978690984202062e-05,1.4871192022508526e-09,660.0223766221031,660.0104555804588,660.0217921541497,660.0110482955398,0.0,0.0,0.0
20.124,-5.972647682495016,-13.980164830779735,2.0085766329000343,-0.002341265093630832,0.002738823259544963,-178.73035615634518,-5.97261288795582,-13.980151243287478,1.9999999999999991,-178.73035606285092,0.0001452654497785604,4.5269441042197965e-05,-0.0002493746020617053,0.0,0.0,0.0,0.18079890572347102,5.763863198036671e-05,-8.354829476478565e-05,1.948234277859885e-09,660.020372886379,660.0129930761694,660.0367951105054,659.9965810512155,0.0,0.0,0.0
20.176,-5.972655518103427,-13.980167896984176,2.008564101347788,-0.0031096224737017634,0.0029366654706972006,-178.73035616467686,-5.972620079013218,-13.980154403601007,1.9999999999999991,-178.73035606285092,0.0001667970840653088,6.712195346081183e-05,-0.0002491261700878541,0.0,0.0,0.0,0.1807509945428848,0.00011222016886615036,-0.00011471038055160504,2.128548767318949e-09,660.0159762038803,660.0152669194975,660.0479448604158,659.9833084705235,0.0,0.0,0.0
20.227999999999998,-5.972665167104303,-13.980172636890124,2.008550695780776,-0.003269481658820398,0.0026128288394264097,-178.73035613922625,-5.972627161312103,-13.980157277773898,1.9999999999999991,-178.73035606285092,0.0001709036006061521,8.6215497076998e-05,-0.00022511588874475825,0.0,0.0,0.0,0.18049881761285402,0.00014077821892890483,-0.00010992748917265271,1.6109785809012383e-09,660.0056417213804,660.0144289767546,660.0457432834775,659.9743344355647,0.0,0.0,0.0
20.279999999999998,-5.972674840209625,-13.98017825747865,2.0085383745853163,-0.002533246844826078,0.0017742264314317628,-178.7303560870099,-5.972634371664836,-13.980160169982758,1.9999999999999991,-178.73035606285092,0.00018531124566481782,0.00010760048515174514,-0.00022505508248701943,0.00036535661370234405,-0.00034610072325704,2.990110805603189e-09,0.1804473798993431,-6.704606696080942e-06,4.08002908613016e-05,-5.435453279905033e-10,660.0040425741008,660.013754110989,660.0021313663842,660.0156622743967,0.0,0.0,0.0
20.331999999999997,-5.972685664184028,-13.980185227401144,2.008525435158493,-0.001043343342163045,0.00047710896995536447,-178.73035604016303,-5.972641965471657,-13.980163374375037,1.9999999999999991,-178.73035606285092,0.0001917868956563943,0.0001209989209474366,-0.00022409217858448692,0.0004437278771770734,-0.00038578835661153764,1.0452925643386368e-09,0.18040751567637553,-8.27277288348995e-05,9.998054596641054e-05,-8.295265019423861e-10,660.0055580767652,660.0104722352081,659.9819917471339,660.0340329534005,0.0,0.0,0.0
20.384,-5.9726971216160365,-13.98019299319219,2.0085116998410673,0.0001691373786964373,-0.0006674094398485485,-178.73035603037417,-5.972650100057299,-13.980167125177394,1.9999999999999991,-178.73035606285092,0.00025065714078433313,0.0001637730156305827,-0.00030280136760981,0.0,0.0,0.0,0.18117443411118717,8.230422226329302e-05,-6.0733327409439806e-05,-6.763182790247768e-10,660.0219336012315,660.0280775292362,660.0453737131039,660.0046330569545,0.0,0.0,0.0
20.436,-5.972707641661541,-13.98020025831461,2.0084983515200356,0.0012044469649457046,-0.0016225873325049914,-178.73035604198338,-5.97265877033457,-13.98017147483963,1.9999999999999991,-178.73035606285092,0.0002546722703531871,0.00016795847485402658,-0.0003252872962510105,0.00035043433502107495,-0.0002991993818586082,-2.1700064448613225e-10,0.18137875877632142,-8.817503147569509e-05,8.770067809818523e-05,-3.653196492214756e-10,660.0295995060336,660.0294643993061,660.0044837465942,660.0545771848494,0.0,0.0,0.0
20.488,-5.9727166971124666,-13.980206453801781,2.0084858456555326,0.0022049040309641693,-0.002462522356947926,-178.73035606868604,-5.972667926677194,-13.980176427283748,1.9999999999999991,-178.73035606285092,0.00013968571643254102,8.980057777099439e-05,-0.00020257506380585267,0.0,0.0,0.0,0.18013406034883284,-6.829595360233952e-05,0.00011686540633461106,1.0665422238995526e-10,659.9950388127598,660.0088730854816,659.9755855499599,660.0283259579232,0.0,0.0,0.0
20.54,-5.972724872690038,-13.980211784703316,2.0084720196898207,0.002609107084465736,-0.002820509855424595,-178.7303560844728,-5.972677345304718,-13.98018185695473,1.9999999999999991,-178.73035606285092,0.00011830506240411093,7.101416665541563e-05,-0.00022111084822621458,0.0,0.0,0.0,0.18031628719846443,-0.00010306533077733398,0.00015349201266654,4.432744242598714e-10,659.9988112935303,660.0131744819848,659.9694551305491,660.0425311556572,0.0,0.0,0.0
20.592,-5.972731648408787,-13.980215813233503,2.0084569530640417,0.0023690819846830667,-0.002573499052494395,-178.7303560734111,-5.972686850009944,-13.98018763911825,1.9999999999999991,-178.73035606285092,9.648994074107538e-05,5.1528505172674734e-05,-0.0002389407437141362,0.0,0.0,0.0,0.18053196705101884,-0.00011299891372019435,0.0001666192223624016,2.2734711536410504e-10,660.003135020605,660.0184077491128,659.9709488944443,660.050592820222,0.0,0.0,0.0
20.644,-5.972737160916089,-13.980218676550875,2.008440928720329,0.0013830812703761774,-0.0016347118281621403,-178.73035604286093,-5.972696091576168,-13.980193365644924,1.9999999999999991,-178.73035606285092,7.88092630716601e-05,3.624482251419783e-05,-0.00025131259120709105,-0.0003459931848844045,0.0003298954367770477,-1.6313001218519136e-10,0.18072555690295383,4.482029886991079e-05,2.0546941067874726e-05,-3.5835423174929326e-10,660.0057514434202,660.0243699416379,660.0185166371449,660.0116028762144,0.0,0.0,0.0
20.695999999999998,-5.972741843669442,-13.980220840992049,2.0084243023383213,7.219516448406837e-05,-0.0002422802072148729,-178.7303560274081,-5.972704861193911,-13.980198821428353,1.9999999999999991,-178.73035606285092,6.974258760602301e-05,2.9721204530178522e-05,-0.000258379495458605,-0.0003225850519310716,0.00038434025333546935,-6.765769127742422e-10,0.18088723951799038,8.244123570455222e-05,-4.700888263129674e-05,-4.986538484168415e-10,660.0135966387351,660.0236887525051,660.0370765628267,660.0002055900663,0.0,0.0,0.0
20.747999999999998,-5.972746318680688,-13.980222908026134,2.0084073886328886,-0.0008392462847931035,0.0011073856822327388,-178.7303560404016,-5.972712948088784,-13.98020380937765,1.9999999999999991,-178.73035606285092,7.076019230638248e-05,3.1629804258547575e-05,-0.00026098343674533077,0.0,0.0,0.0,0.18101523841977835,-3.957823780228601e-06,4.5673455085348496e-05,-4.71545370475888e-10,660.0155376191407,660.027419333218,660.01440900931,660.0285453090014,0.0,0.0,0.0
20.799999999999997,-5.972751195928962,-13.980225314342784,2.008390444410374,-0.0013762386365696576,0.0023267902463284503,-178.7303560678355,-5.972720308885021,-13.980208233568822,1.9999999999999991,-178.73035606285092,8.076331498636558e-05,3.861214775429678e-05,-0.00026001757590254606,0.0,0.0,0.0,0.18111011298285642,2.3359721759597138e-05,-1.395827790723188e-05,1.0005279983943926e-10,660.0222409706478,660.0249187417525,660.0288946725201,660.0182655539803,0.0,0.0,0.0
20.852,-5.972757027091133,-13.980228322673645,2.0083736672057246,-0.0017685866699524238,0.003535973737905735,-178.73035610334043,-5.972727037817374,-13.980212116675718,1.9999999999999991,-178.73035606285092,9.921244940287988e-05,4.884020488624508e-05,-0.00025638909012361076,0.0,0.0,0.0,0.18117444083140535,4.925018056347464e-05,-8.383652912405713e-05,8.423500900153946e-10,660.0299298884886,660.0200788351441,660.0439596453592,660.0060532364146,0.0,0.0,0.0
20.904,-5.97276433677351,-13.980232109993876,2.008357197350193,-0.0018979403777266651,0.004509312862678843,-178.73035613323054,-5.972733335334754,-13.980215630719327,1.9999999999999991,-178.73035606285092,0.00012533929919760484,6.098142549222586e-05,-0.0002509608488491468,0.0,0.0,0.0,0.18121218334375574,6.728289780155829e-05,-0.00015392975764611931,1.468242388940409e-09,660.0381795454954,660.0135003933632,660.0573467955373,659.9943400026909,0.0,0.0,0.0
20.956,-5.97277353383209,-13.980236727524005,2.008341123495064,-0.0016188054375730562,0.00494465441458468,-178.73035613906848,-5.972739493935783,-13.980219007346786,1.9999999999999991,-178.73035606285092,0.00015646538810103395,7.269491011552525e-05,-0.0002444702270537334,0.0,0.0,0.0,0.18122771657849465,6.856838711609006e-05,-0.0002086820638929328,1.5953685849577925e-09,660.0461377866566,660.0062299936981,660.0656712745598,659.9867035835267,0.0,0.0,0.0
21.008,-5.97278477967312,-13.980242036365457,2.008325491060947,-0.0008684808390594666,0.004570553647440507,-178.73035612001166,-5.972745890727862,-13.980222406315288,1.9999999999999991,-178.73035606285092,0.0001878733078959528,8.085406093385633e-05,-0.00023753336698166408,0.0,0.0,0.0,0.18122560568667143,4.691636605923572e-05,-0.0002313841011856218,1.2014358896667418e-09,660.0524076339669,659.9998667195371,660.0657732203722,659.986506453388,0.0,0.0,0.0
21.06,-5.972797871318104,-13.980247681059053,2.0083103101529276,0.0002223278735241779,0.00325846082252055,-178.73035610128932,-5.972752834946453,-13.980225995719444,1.9999999999999991,-178.73035606285092,0.0002132917537576955,8.234545917001719e-05,-0.00023064397742720823,0.00028677628455222676,-0.0004398151962821112,2.8645774572544224e-09,0.1812103424320853,-0.00010592372110926062,-4.062385015323716e-05,-2.2129345391461625e-10,660.0466708171851,660.0049304698975,660.0165007916711,660.0350997985976,0.0,0.0,0.0
21.112,-5.972812203648918,-13.980253169902563,2.008295563686724,0.0009605584409830126,0.0014304055686028521,-178.73035611322393,-5.972760686120994,-13.9802299207397,1.9999999999999991,-178.73035606285092,0.00022708330135585655,7.668681477762183e-05,-0.00022416501949122002,0.00012522451611817316,-0.0005097283500646105,2.1557371418785573e-09,0.18118600585428657,-7.856576696373982e-05,4.091868622879257e-05,2.7520239591865227e-10,660.0306221317893,660.0198993098676,660.0082452181888,660.0422773526302,0.0,0.0,0.0
21.163999999999998,-5.972826940590217,-13.980258152975207,2.008281215026245,0.001097193558770981,-0.0004176068495968311,-178.73035614056667,-5.972769640150403,-13.980234153847425,1.9999999999999991,-178.73035606285092,0.00022743096653456775,6.774340890259697e-05,-0.00021834946176275353,-1.8966638943562434e-05,-0.00047450903455782505,2.1113703364460315e-09,0.18115622296424622,-3.5880793666150286e-05,9.66831879089448e-05,8.609934594974975e-10,660.0159409558817,660.0332590024825,660.0057233773948,660.0434809234843,0.0,0.0,0.0
21.215999999999998,-5.972841238692587,-13.980262547937981,2.0082672148843157,0.000849015496169167,-0.0019795059481369226,-178.73035615792247,-5.972779786474405,-13.980238674099152,1.9999999999999991,-178.73035606285092,0.00021541889456120846,5.929217751913505e-05,-0.00021334534572512294,0.0,0.0,0.0,0.1811239988560074,-3.9946614406685176e-05,-1.4552272099468004e-05,1.9850213451124402e-09,660.0316460315212,660.0161233651722,660.0202737548027,660.0275067080747,0.0,0.0,0.0
21.267999999999997,-5.972854388124362,-13.980266455679827,2.0082535074062045,0.00038809845237321216,-0.003237440823203954,-178.73035615590314,-5.972790871241632,-13.980243276473463,1.9999999999999991,-178.73035606285092,0.00019367344990510273,5.338305212810655e-05,-0.00020922400087375827,0.0,0.0,0.0,0.18109179940773523,-2.589086925858043e-05,5.588190712702252e-05,1.9489069193312137e-09,660.0189006183849,660.0274428365295,660.0115315421383,660.0348225296534,0.0,0.0,0.0
21.32,-5.972865821580391,-13.980270083379486,2.0082400344041273,-0.0002804726627657547,-0.004333970523547124,-178.73035613375188,-5.972802717593478,-13.98024790442114,1.9999999999999991,-178.73035606285092,0.0001638591249988412,5.1475809568360026e-05,-0.00020599145295794983,0.0,0.0,0.0,0.18106152807800216,6.10937558531319e-07,0.0001310927569467171,1.4930719880923324e-09,660.0037455639574,660.0412581980864,660.0039237148447,660.0410883269604,0.0,0.0,0.0
21.372,-5.972875069841873,-13.980273726410516,2.008226739958524,-0.0010288630954869112,-0.005020137165258511,-178.73035609596664,-5.9728149060015605,-13.980252386420903,1.9999999999999991,-178.73035606285092,0.00012786867507197066,5.466363113954936e-05,-0.00020359048096785655,0.0,0.0,0.0,0.18103439912912578,3.57774294289028e-05,0.0001984931729952106,7.062542320427447e-10,659.988538536024,660.0552649511004,659.9987312792119,660.0450769926431,0.0,0.0,0.0
21.424,-5.972881859429924,-13.980277713508727,2.008213572679091,-0.0016430034583234773,-0.004989160112491185,-178.73035606829555,-5.9728270682205435,-13.980256741134392,1.9999999999999991,-178.73035606285092,8.961619370155598e-05,6.283011378009321e-05,-0.00020194053380616947,0.0,0.0,0.0,0.18101125637747512,7.063136263294469e-05,0.0002408026681147522,1.2380566520224145e-10,659.9770369321649,660.0657415853533,659.9971560015045,660.0456252923118,0.0,0.0,0.0
21.476,-5.972886248096443,-13.980282313193765,2.008200487558758,-0.0018797594526823475,-0.004002504301661242,-178.7303560704958,-5.972838700840755,-13.980261012322824,1.9999999999999991,-178.73035606285092,5.496159872653808e-05,7.422691454932838e-05,-0.00020093468076708333,0.0,0.0,0.0,0.18099248382545602,9.322041466771705e-05,0.0002410943795887631,1.568665027651863e-10,659.9733618089882,660.0685835691983,659.999915282399,660.0420337271468,0.0,0.0,0.0
21.528,-5.9728887267521635,-13.980287628487098,2.008187454226133,-0.0015603375409189708,-0.0020982673132601028,-178.73035610506156,-5.972849335530984,-13.980265236973509,1.9999999999999991,-178.73035606285092,3.4890367903669545e-05,9.609822726374679e-05,-0.00022489270904081605,0.00016564394779079294,0.0006348164109098928,5.904532278297988e-09,0.18121736117852316,3.8980080379792716e-05,-5.4851623251341806e-05,-1.2523916142503925e-09,660.0282180013206,660.0236973972048,660.0393168831439,660.0125913157952,0.0,0.0,0.0
21.58,-5.972890172837018,-13.98029352516154,2.0081747968952643,-0.0008046625711689881,-8.346250250900001e-05,-178.73035612966763,-5.972858654218176,-13.98026954034081,1.9999999999999991,-178.73035606285092,2.1495125082623665e-05,9.28817217230044e-05,-0.00019024533327701085,0.00022709918445842393,0.0005029728677795352,4.79590149577667e-09,0.18085663659809498,-1.7180171501214402e-05,-6.765978820578476e-05,-3.323588983484336e-10,660.0300468097889,660.005882018821,660.0251525679258,660.0107745626606,0.0,0.0,0.0
21.631999999999998,-5.972891522493119,-13.980299680559632,2.008162526914991,2.2692266915593854e-05,0.0015810819065145826,-178.7303561230414,-5.972866485457386,-13.980273986425589,1.9999999999999991,-178.73035606285092,2.5552205961010842e-05,9.434546058513757e-05,-0.00018932039719382214,0.0002078461631875245,0.00040675480077368223,4.792991444561226e-09,0.18081462174689145,-4.086502728021213e-05,-9.742139713408697e-05,-4.5625815774119806e-10,660.0367276268215,659.997339733858,660.0250870899631,660.0089782328927,0.0,0.0,0.0
21.683999999999997,-5.972893451796361,-13.980305508660999,2.008150673893896,0.0006409874731700753,0.0027923358036658482,-178.73035610081718,-5.972872901039916,-13.980278747218707,1.9999999999999991,-178.73035606285092,4.8881211059452435e-05,0.00011342780179920335,-0.0002354422048576713,9.355719885057378e-05,0.00018077769170006088,2.4179238204112443e-09,0.18122094040193076,-3.350179205074723e-06,-7.884529658299359e-05,-6.264337428028039e-11,660.0377409562959,660.0143296745157,660.0367865860724,660.0152837302346,0.0,0.0,0.0
21.735999999999997,-5.972896896346277,-13.980311516410088,2.008137998252114,0.0011493997514772007,0.003608043858794278,-178.73035607143893,-5.972878118215718,-13.980283777971078,1.9999999999999991,-178.73035606285092,7.724126436587431e-05,0.00010331448906361444,-0.00022718837706029978,0.0,0.0,0.0,0.18112133621283522,3.244100261950017e-06,-6.957717537140522e-05,1.9527843298871745e-10,660.0332753260722,660.01438198079,660.0341998551867,660.0134585055498,0.0,0.0,0.0
21.788,-5.972901563483173,-13.980316405590203,2.0081267939383154,0.0016497586735753401,0.004070022968453472,-178.73035604466747,-5.972882544787051,-13.98028906039913,1.9999999999999991,-178.73035606285092,0.00010817035968515658,9.00581474300407e-05,-0.00022246034247430505,0.0,0.0,0.0,0.18100991193247265,-3.1150381854930256e-05,-0.00012003969504705595,-3.666240096039777e-10,660.0428923425053,659.9998294059286,660.0340191035431,660.0087010738197,0.0,0.0,0.0
21.84,-5.972908595629048,-13.980320917170763,2.008114626330334,0.002082518092738634,0.004111318268926649,-178.7303560291788,-5.972886548873979,-13.98029444191216,1.9999999999999991,-178.73035606285092,0.00014457608288407086,7.108399367733785e-05,-0.0002208098037130725,0.0,0.0,0.0,0.1809600073968309,-6.891799520773896e-05,-0.00016200966482698913,-6.955773939990771e-10,660.0531425694602,659.9873681480283,660.0335116268412,660.0069966103208,0.0,0.0,0.0
21.892,-5.972916700015943,-13.980324071261956,2.0081035656819104,0.002133851427436499,0.003537445847230484,-178.73035604041596,-5.972890621015043,-13.980299782980897,1.9999999999999991,-178.73035606285092,0.00017540786614746482,5.164885249671409e-05,-0.00022171426461018118,0.0,0.0,0.0,0.18090038487621474,-9.271163048679128e-05,-0.00017346061908472075,-4.759084271457523e-10,660.0568402679727,659.98102708573,660.030433114368,660.0074335800385,0.0,0.0,0.0
21.944,-5.9729265600099835,-13.980326384235443,2.008091964082656,0.0016541301920576484,0.0022445308341075138,-178.73035607586903,-5.972895104096177,-13.980304901343944,1.9999999999999991,-178.73035606285092,0.00015970712428486282,2.623258700300096e-05,-0.0001794221383128545,-0.0001865558461973615,-0.0004065318371076276,1.5016576332459663e-09,0.18043535973846014,-2.8320372970606222e-05,4.437458838371364e-05,-2.682204610196095e-10,660.0063452049427,660.0109179587099,659.998277837297,660.0189836862127,0.0,0.0,0.0
21.996,-5.972936861700332,-13.980327876786552,2.0080804519235356,0.0008541770121925929,0.000789589096705772,-178.73035610234984,-5.972900380105796,-13.980309671004209,1.9999999999999991,-178.73035606285092,0.00020985028679897967,2.0980823670676094e-05,-0.00023596531356270657,-0.0002994574718965505,-0.0004889547758606296,2.2444264786624455e-09,0.18093656829449187,3.998594079554469e-05,8.312040094460468e-05,2.016608499198068e-11,660.0022026607211,660.0372666924146,660.0135920034414,660.025877869919,0.0,0.0,0.0
22.048,-5.972948368781687,-13.980329086802845,2.0080671572425066,-1.5749875970481326e-05,-0.0005494987968169653,-178.730356104407,-5.972906577360624,-13.980313902365774,1.9999999999999991,-178.73035606285092,0.0002077558284030282,1.6020562241976466e-05,-0.00024325144174284626,-0.0002409400232820602,-0.00037478936271377307,2.5722735052493553e-09,0.18101267098266957,4.611200676139934e-05,8.989673304215513e-05,-5.281871319282372e-11,660.0020512340952,660.0407901204385,660.0151852617037,660.0276563097932,0.0,0.0,0.0
22.099999999999998,-5.972958420054711,-13.980330144877755,2.00805499721589,-0.0005674263758056245,-0.0014469573588423124,-178.7303560915345,-5.972913700740728,-13.980317503146747,1.9999999999999991,-178.73035606285092,0.00019621801294429173,1.7790450395980247e-05,-0.00024302448437776473,0.0,0.0,0.0,0.18097957896774747,-2.465914306111744e-05,-9.995845732805504e-06,6.021271679523825e-10,660.0256223457403,660.0157516773821,660.0186004444959,660.0227769440311,0.0,0.0,0.0
22.151999999999997,-5.972968544270172,-13.980331556568927,2.0080416448629212,-0.0012102883033531745,-0.0023665026120327118,-178.73035606633073,-5.972921736827088,-13.980320521770889,1.9999999999999991,-178.73035606285092,0.0001754170646659271,2.5003521772348564e-05,-0.00024268917129884136,0.0,0.0,0.0,0.18098415836698398,7.871052941180456e-06,4.516788454849112e-05,7.736517662356965e-11,660.0132359472931,660.0283428539474,660.0154780696029,660.026101203852,0.0,0.0,0.0
22.203999999999997,-5.972976528091259,-13.980333319751093,2.0080295053974835,-0.0018326091816171946,-0.0031163875019402346,-178.73035603727854,-5.972930400889228,-13.980323125095097,1.9999999999999991,-178.73035606285092,0.00014957863761869058,3.689708082495293e-05,-0.0002429302593165451,0.0,0.0,0.0,0.18095630749786684,4.5305511619955915e-05,0.00010235329633549305,-5.299649994936648e-10,659.9991446276437,660.0412018410134,660.0120476772796,660.0282964259427,0.0,0.0,0.0
22.256,-5.972983041867408,-13.980335790365743,2.0080173414498312,-0.0022814419733711805,-0.0035720830925520817,-178.73035602795636,-5.972939363537972,-13.980325392641015,1.9999999999999991,-178.73035606285092,0.00011865162716507684,5.345487915973644e-05,-0.0002435659889364206,0.0,0.0,0.0,0.18093376645213416,8.137552792911316e-05,0.00015445379748503296,-7.300096480305408e-10,659.9860885521394,660.0532591591588,660.0092652668169,660.0300799459355,0.0,0.0,0.0
22.308,-5.972988317083534,-13.980339520522111,2.0080039143526336,-0.00229527908904601,-0.0034744260655022686,-178.7303560381473,-5.972948279279441,-13.980327539272858,1.9999999999999991,-178.73035606285092,8.276670617487049e-05,7.42109803161814e-05,-0.00024455016993786663,0.0,0.0,0.0,0.1809556317190912,0.00010473864393234966,0.00018900347970876173,-5.208161489258952e-10,659.978324631106,660.0619903171272,660.0081567984273,660.0321576982903,0.0,0.0,0.0
22.36,-5.972991469661229,-13.980343818326752,2.0079916578949724,-0.0016783126788313001,-0.002661623782023402,-178.73035606971126,-5.972956764872681,-13.980329739464468,1.9999999999999991,-178.73035606285092,5.393588103475757e-05,9.077607324536935e-05,-0.00024551397482145895,0.0003047659320563668,0.00038670733058534314,-8.69070918002037e-10,0.1809405780652714,-1.967056087360859e-05,3.990913466024452e-05,4.4707822693427607e-10,660.016941327974,660.02270582302,660.0113398083461,660.0283097224692,0.0,0.0,0.0
22.412,-5.972993584599061,-13.98034922512247,2.0079781209694234,-0.0006158929657342723,-0.0011888528845346703,-178.73035609944532,-5.9729645543758485,-13.980332186130402,1.9999999999999991,-178.73035606285092,3.332303500860346e-05,0.00010062337962442593,-0.00024654615954847897,0.00031977383436031855,0.0004910496198007559,2.10653729152311e-10,0.18096774946880653,-5.709097706395624e-05,-3.6741403004432607e-05,6.841565379525986e-10,660.0337876672008,660.0070616832871,660.0175286460671,660.0233247517068,0.0,0.0,0.0
22.464,-5.9729949067721035,-13.98035433573955,2.007965768333438,0.0001156904270524448,0.00017033588000530092,-178.73035610303916,-5.972971401594814,-13.98033503156425,1.9999999999999991,-178.73035606285092,2.720495395370703e-05,0.0001013755262701287,-0.00024737738674982895,0.00020991885981061368,0.0004535032779724865,8.554343792641877e-10,0.1809557969403423,-4.170209662513019e-05,-6.76285640378476e-05,5.342736748552906e-10,660.0357301077443,660.004589784457,660.0238538779283,660.0164693202022,0.0,0.0,0.0
22.516,-5.972996264741797,-13.9803593184087,2.0079533771998257,0.0005469617632541258,0.001323177960198416,-178.7303560933152,-5.972977200721636,-13.980338322672072,1.9999999999999991,-178.73035606285092,3.2143952953407707e-05,9.694686343648556e-05,-0.00024809512531410327,0.0,0.0,0.0,0.18094463475158512,1.9482934663818036e-05,5.8237534347606396e-05,6.407472011492221e-10,660.0088442515607,660.0309811473136,660.014395363588,660.0254337237737,0.0,0.0,0.0
22.567999999999998,-5.972998386221274,-13.980364444387005,2.0079397125402085,0.0008704228968531303,0.002418998591040953,-178.7303560755987,-5.972982010582326,-13.980342074185168,1.9999999999999991,-178.73035606285092,4.786313055434041e-05,8.873101075514583e-05,-0.00024867257509928093,0.0,0.0,0.0,0.18097343312906938,6.084668775659442e-07,-7.137557366817771e-07,2.728917131925493e-10,660.020566534329,660.0205365452376,660.0207405977469,660.0203639932798,0.0,0.0,0.0
22.619999999999997,-5.973001343838211,-13.980368656971143,2.007927266052889,0.0011879579635736685,0.0034536096626043926,-178.73035605308888,-5.972986008851508,-13.980346166615616,1.9999999999999991,-178.73035606285092,7.091948839318705e-05,7.869799260680393e-05,-0.0002490740504064807,0.0,0.0,0.0,0.1809622810635848,-2.1922713998957835e-05,-6.66359601288615e-05,-1.9611856516016616e-10,660.032917288058,660.0076933927846,660.0266726553788,660.0139371187462,0.0,0.0,0.0
22.671999999999997,-5.973006241741126,-13.980372658860544,2.0079135591651953,0.001451517803381229,0.004410548961720417,-178.73035602843268,-5.972989497283719,-13.980350455601679,1.9999999999999991,-178.73035606285092,0.00010551724916628598,6.494337667191603e-05,-0.0002492826910562202,0.0,0.0,0.0,0.18099016300706378,-4.639180824342368e-05,-0.00014424561060564348,-7.114610370042739e-10,660.0480730449574,659.9937744250849,660.0348578619679,660.0069864899036,0.0,0.0,0.0
22.724,-5.973012556111831,-13.980375635733514,2.0079010920525486,0.0014594748838731334,0.004819973868210009,-178.73035601849426,-5.972992804478299,-13.980354833918128,1.9999999999999991,-178.73035606285092,0.00014277403267340855,5.1217838163816646e-05,-0.00024935391251841316,0.0,0.0,0.0,0.18097777906549192,-6.16077510351957e-05,-0.00020307172170116176,-9.251251332857128e-10,660.0583432474069,659.9829554450558,660.0407939168223,660.0005011892484,0.0,0.0,0.0
22.776,-5.973020790044524,-13.980377994693104,2.0078886241991136,0.0011218878127518558,0.004519295344653497,-178.73035602860827,-5.9729963482786435,-13.98035909952289,1.9999999999999991,-178.73035606285092,0.00018066657524369614,3.874065467525067e-05,-0.00024932706193715184,0.0,0.0,0.0,0.18096513603278,-6.144007629896454e-05,-0.00023428861962748593,-7.217853494827977e-10,660.0624842587137,659.9782527702133,660.0449833578432,659.9957514425275,0.0,0.0,0.0
22.828,-5.973031422376418,-13.980379990850992,2.0078754132796433,0.00038873188617950084,0.0032752432416561124,-178.73035605482517,-5.973000454830397,-13.980363115103316,1.9999999999999991,-178.73035606285092,0.0001716568985552602,2.419728834341573e-05,-0.0001993400681929289,-0.0002059924001326219,-0.0004129478325882117,-1.008976101216603e-08,0.1804873356984309,3.298506212051693e-05,-2.4432841844991245e-05,3.4411395055880958e-09,660.0085601456756,660.0109960871738,660.0179648100353,660.0016103841082,0.0,0.0,0.0
22.88,-5.973043172741581,-13.980381754904053,2.00786225167669,-0.00025592042297924405,0.001580812210035222,-178.73035606879864,-5.973005498539077,-13.980366784029979,1.9999999999999991,-178.73035606285092,0.000186704160952508,2.301372028180021e-05,-0.00020657089255089801,-0.0001469912088213515,-0.0004679121233471369,-1.8576971724788784e-09,0.18056929944074235,3.4438720137265166e-05,4.4463736230545805e-05,7.871018748749551e-10,660.0003602374428,660.0228340783721,660.0101717157687,660.0130271479895,0.0,0.0,0.0
22.932,-5.973055433994364,-13.980383608514158,2.007848411596307,-0.0006672547506771123,-9.795493486086154e-05,-178.73035606007429,-5.973011644833687,-13.980370090602477,1.9999999999999991,-178.73035606285092,0.00018935617169483043,2.5725346704750164e-05,-0.0002172743461995339,-8.421953672670349e-05,-0.00042830358754138257,-1.208920392707838e-09,0.18070765853847,2.8611989358890133e-05,8.884683249220676e-05,3.805221700955943e-10,659.9979349249803,660.0313906466201,660.0060856698324,660.0232423219205,0.0,0.0,0.0
22.983999999999998,-5.973067430697453,-13.980385723425645,2.0078339865348687,-0.0008683575526426775,-0.0015296771939405332,-178.7303560452258,-5.973019027026457,-13.980373084204738,1.9999999999999991,-178.73035606285092,0.00018078867656351553,3.0635170861949854e-05,-0.0002248261996644794,0.0,0.0,0.0,0.1808345515308609,8.387455294592776e-06,-1.3980937022430884e-05,-3.614649811047137e-10,660.0182719959521,660.0166788148928,660.0206599710754,660.0142888232365,0.0,0.0,0.0
23.035999999999998,-5.973078500120401,-13.980388177271083,2.007819201898652,-0.0009650848534857824,-0.0028942688389817697,-178.73035602990214,-5.973027490972694,-13.98037581055787,1.9999999999999991,-178.73035606285092,0.0001626449794679329,3.650844775926154e-05,-0.00022893940346500663,0.0,0.0,0.0,0.18093999230168425,1.7945548770135015e-05,5.7175387602069175e-05,-6.812024702493123e-10,660.0091138095944,660.0305102912686,660.0142233654697,660.025397088409,0.0,0.0,0.0
23.087999999999997,-5.9730880359801715,-13.980390994392952,2.007804263332687,-0.0009634244392727175,-0.00415010869711005,-178.73035601738047,-5.973036830648822,-13.980378397439372,1.9999999999999991,-178.73035606285092,0.00013537629691461728,4.2698538264033846e-05,-0.00023011719635572785,0.0,0.0,0.0,0.18102235835000655,2.4435084125344947e-05,0.00013625367822885272,-9.448192050447816e-10,659.9987531166477,660.0445215111442,660.0057104605382,660.0375593432522,0.0,0.0,0.0
23.14,-5.973095500911442,-13.98039415358607,2.0077893378614533,-0.0008137522175996491,-0.004988538931617997,-178.73035601521255,-5.973046637418946,-13.980380895785492,1.9999999999999991,-178.73035606285092,0.00010076474812990445,4.8357923667116e-05,-0.0002289932155068501,0.0,0.0,0.0,0.1810825284887319,2.477054010318317e-05,0.00020830260880327106,-9.954969477722241e-10,659.9897777226399,660.0561629640521,659.9968305710921,660.0491052358902,0.0,0.0,0.0
23.192,-5.973100559133074,-13.980397571591677,2.0077745521995793,-0.0004927533437518078,-0.005079138123279984,-178.73035602672607,-5.9730565047661806,-13.980383440099285,1.9999999999999991,-178.73035606285092,6.286644357676792e-05,5.235938915443361e-05,-0.00022617023199255002,0.0,0.0,0.0,0.18112235867140108,1.6497197369210393e-05,0.00025493093471819233,-7.625054421936039e-10,659.9851973422262,660.0625069683479,659.989894309723,660.057806294377,0.0,0.0,0.0
23.244,-5.973103221471852,-13.98040109742027,2.007759994775368,-2.775022205140578e-05,-0.004162230206431571,-178.73035604396273,-5.973065901697114,-13.98038609206267,1.9999999999999991,-178.73035606285092,2.7840457245774407e-05,5.3568744021207064e-05,-0.00022222329177598406,6.852115622105887e-05,0.00019195039941652747,-1.8284616633826708e-09,0.18114465019319081,-2.6964835669013583e-05,0.0001842996140786919,2.602714544563042e-10,660.0019384497645,660.0467513574039,659.9942586008164,660.0544320371271,0.0,0.0,0.0
