Time_s,X,Y,Z,Roll_deg,Pitch_deg,Yaw_deg,Ref_X,Ref_Y,Ref_Z,Ref_Yaw,vx,vy,vz,p,q,r,T_pert,tau_x,tau_y,tau_z,RPM_0,RPM_1,RPM_2,RPM_3,Wind_X,Wind_Y,Wind_Z
0.052000000000000046,-0.9999999999937235,-17.999999999995154,0.01005499359660851,6.53956370342576e-09,5.057936709209972e-09,89.99999999872233,-1.0,-18.0,0.014464867854085735,89.99999999971945,8.376140888445116e-11,-1.0816205366593267e-10,0.0009999487481097274,0.0,0.0,0.0,0.13101392203115766,-4.0033321516996644e-10,-3.0971651935239306e-10,2.028654482257504e-11,658.9128026833891,658.912802480808,658.9128026254486,658.9128026513022,0.0,0.0,0.0
0.10400000000000009,-0.9999999999919998,-17.999999999993808,0.010106992843422456,8.335324294182256e-09,6.459817154430169e-09,89.99999999911597,-1.0,-18.0,0.027872386655924238,89.99999999971945,7.348442804253142e-12,-9.391962911077976e-12,0.0009999973524459083,0.0,0.0,0.0,0.5574704306481387,-3.890124708208663e-10,-3.0153448963015807e-10,1.227815326380103e-11,668.3095401137879,668.3095399195411,668.3095400379427,668.3095400625498,0.0,0.0,0.0
0.15600000000000014,-0.9999999820074524,-17.999999985673597,0.010346514632201197,0.0005467308574913967,0.00043662534075546286,90.00028438032206,-1.0,-18.0,0.04988052804296929,89.99999999971945,8.559765960786268e-07,-1.074971997818295e-06,0.010372649270824211,0.0,0.0,0.0,1.160725632665104,-2.5076581218974196e-05,-2.0023995783696336e-05,-5.785782480679934e-06,681.394648218196,681.3822052013018,681.3722086679277,681.3736026819784,0.0,0.0,0.0
0.20800000000000018,-0.999999696434637,-17.999999756589123,0.011800404869021173,0.0014104661566862835,0.0011620132987501023,90.00074817447452,-1.0,-18.0,0.07930197671112224,89.99999999971945,6.8976658010159284e-06,-8.580674311520696e-06,0.04267322063969681,0.0,0.0,0.0,1.7372516573904546,-7.06169643030971e-05,-5.8004417372926106e-05,-1.5221770932077827e-05,693.6799710536649,693.6451129888619,693.6207206563222,693.6241390180081,0.0,0.0,0.0
0.26000000000000023,-0.9999987282956464,-17.99999896018039,0.015555045581598058,0.0019159970880014842,0.0017305407773379326,90.00115571340022,-1.0,-18.0,0.11471958995594762,89.99999999971945,1.84840392888824e-05,-2.2395378031252946e-05,0.09471826259763912,0.0,0.0,0.0,2.238302396661547,-0.00010754277462133886,-9.530026090531043e-05,-2.3513235099514736e-05,704.1832513010132,704.129097436401,704.0935009699219,704.096769689024,0.0,0.0,0.0
0.3120000000000003,-0.9999968178927724,-17.999997300991375,0.02255696248317624,0.0017256980398826288,0.0019541898555844404,90.00147319364628,-1.0,-18.0,0.15478502333384989,89.99999999971945,3.3919399789371155e-05,-3.915393210892956e-05,0.16372011718922835,0.0,0.0,0.0,2.617916005915138,-0.00011828520241031443,-0.00012255574492509906,-2.9972436707323824e-05,712.0355737788585,711.9719841377848,711.9273928421098,711.9262651617006,0.0,0.0,0.0
0.3640000000000001,-0.9999940634481339,-17.999994658560354,0.03353318351981021,0.0006572860074624468,0.0016970624080796988,90.00169297588707,-1.0,-18.0,0.1984432375206408,89.99999999971945,5.0781246087963376e-05,-5.4200230406984015e-05,0.24391815605601588,0.0,0.0,0.0,2.8756368592810526,-9.026857396898071e-05,-0.00013171866605963587,-3.444395208772395e-05,717.311812507238,717.2536322030854,717.2003748264582,717.1895099041039,0.0,0.0,0.0
0.41600000000000015,-0.9999910391287291,-17.999991174729843,0.048903481180109704,-0.0012656224415622884,0.000896688929842801,90.00180891838419,-1.0,-18.0,0.24458528564336854,89.99999999971945,6.620269996373762e-05,-6.219745935790112e-05,0.33212350872506097,0.0,0.0,0.0,2.9938986226566757,-1.8505221358652606e-05,-0.00011709322976009117,-3.680282629479941e-05,719.7102391786111,719.6748193806366,719.6119287287969,719.5861731178006,0.0,0.0,0.0
0.46799999999999997,-0.9999887773198829,-17.999987287264076,0.06908654172847009,-0.0036585151485758224,-0.00044116476583819605,90.00181652361337,-1.0,-18.0,0.2925396208548303,89.99999999971945,7.711955190160905e-05,-5.7340232862795686e-05,0.42628231429914465,0.0,0.0,0.0,2.9580144840723337,8.736108210257657e-05,-7.528705188076917e-05,-3.695755626400435e-05,718.9617046819579,718.9648617496373,718.8905832422444,718.8480491191312,0.0,0.0,0.0
0.52,-0.9999885530880434,-17.999983729818574,0.09415432290666799,-0.0058627279628957665,-0.0022037746161323295,90.00172167453647,-1.0,-18.0,0.34178248198322536,89.99999999971945,8.011990479434142e-05,-3.4305346891007175e-05,0.5194371831524347,0.0,0.0,0.0,2.817137217882653,0.0002055993337897956,-6.771292801673969e-06,-3.502783207607172e-05,716.063821701165,716.1160190467684,716.028382707799,715.9726231313024,0.0,0.0,0.0
0.5720000000000001,-0.9999915010224665,-17.999981448947917,0.12392865124847646,-0.0071057849557349525,-0.004136997497282232,90.00154002119918,-1.0,-18.0,0.39192712518676076,89.99999999971945,7.131644382614397e-05,1.0274574132355556e-05,0.6077342797132161,0.0,0.0,0.0,2.602370280015255,0.0003073881943680984,8.258233869880497e-05,-3.1332057164149524e-05,711.634690077129,711.7377006009889,711.6354136916086,711.5760246201664,0.0,0.0,0.0
0.6240000000000001,-0.9999981872995442,-17.999981447101987,0.15807249791771932,-0.006633438085026362,-0.005882387166447685,90.00128647567242,-1.0,-18.0,0.44269395422528407,89.99999999971945,4.705442296962073e-05,7.622219099713849e-05,0.6885916189885818,0.0,0.0,0.0,2.344249739726707,0.0003603665171392419,0.00018206841616616397,-2.6173620711897397e-05,706.2840815941262,706.4284466872294,706.3122615648527,706.2648042777807,0.0,0.0,0.0
0.6760000000000002,-1.0000082329308788,-17.99998457884463,0.19614913309294724,-0.00391715296024564,-0.0070239627318451165,90.00097977603583,-1.0,-18.0,0.4938844149445108,89.99999999971945,4.839750481524934e-06,0.0001574268622024326,0.760569540365297,0.0,0.0,0.0,2.072866708391099,0.00033501474224973137,0.00027697835453481377,-1.993375284513105e-05,700.6255963053684,700.7897867897868,700.6634804381484,700.6479088086173,0.0,0.0,0.0
0.7280000000000002,-1.0000200959112928,-17.999991336078462,0.23767643890817047,0.0011229235314274867,-0.007137454406518228,90.00064073967454,-1.0,-18.0,0.5453596957130439,89.99999999971945,-5.5608691556868655e-05,0.00023988907139415867,0.8230579417097339,0.0008065986771030549,6.408514964435071e-05,-4.6676172599884395e-05,1.7939729355614773,-9.774725727772199e-05,0.00032567786210630146,3.713466320095912e-06,694.8014522245469,694.8631203856249,694.7847740725393,694.8993329815484,0.0,0.0,0.0
0.7800000000000002,-1.0000311315193737,-18.000001650114775,0.2821526731537976,0.006876052569542605,-0.005943104611077583,90.00037171527191,-1.0,-18.0,0.5970241165609744,89.99999999971945,-0.00013029259379307832,0.00029008096911206833,0.8758678459704201,0.0,0.0,0.0,1.522232778549375,2.6438626751522836e-05,0.0003859544076675474,-7.562630191678521e-06,689.0486599088732,689.1611629653256,689.0358110753237,689.133891785387,0.0,0.0,0.0
0.8320000000000003,-1.000038495556041,-18.00001478914203,0.32908120533081814,0.011255422446899983,-0.00332558025785393,90.00009296161328,-1.0,-18.0,0.6488125910892686,89.99999999971945,-0.00021100136296522162,0.0002772375456716113,0.9192563745092672,0.0,0.0,0.0,1.2687749547225522,-0.00016445296589624226,0.0003699542056705373,-1.8913290562108849e-06,683.6697363836563,683.7262415931361,683.619457476084,683.7664006901094,0.0,0.0,0.0
0.8839999999999999,-1.0000400471625575,-18.000029326291074,0.3779904931387084,0.014811164110977264,0.0009175385264021356,89.99981976354528,-1.0,-18.0,0.7006813986798864,89.99999999971945,-0.00028946909624343053,0.00021871625353453994,0.9538658132253058,0.0,0.0,0.0,1.0408575930653203,-0.00037213513980538716,0.00028320641891652504,3.666942433352613e-06,678.8108331617135,678.7862045741983,678.7176409936416,678.8991335657503,0.0,0.0,0.0
0.9359999999999999,-1.0000342281061296,-18.000043103531866,0.4284500052841321,0.016420238128368275,0.006542624333898908,89.99957962837495,-1.0,-18.0,0.7526015314273417,89.99999999971945,-0.0003499163788341174,0.00010691104894466888,0.980558385159544,0.00016698561749850424,0.0020103160591330243,-6.818399176196092e-05,0.8427655216764567,-0.0006214642942050078,-0.000654593422699444,3.3019943296981965e-05,674.6558691160564,674.3002043437136,674.5721570383013,674.5629244617527,0.0,0.0,0.0
0.988,-1.000020510210268,-18.000053423975952,0.48007949086201407,0.014654102687252542,0.012112228757591083,89.99942181151371,-1.0,-18.0,0.8045539806006644,89.99999999971945,-0.0003622733954120235,-6.148087410432073e-05,1.0003630800656464,-0.0011325840956965035,0.0017965768394431075,-4.746286586370684e-05,0.6758830194576966,-0.00022625819762202596,-0.0007864041396294829,2.8795113137766616e-05,670.9980144423557,670.7142397817573,671.0130658232174,670.8561165328867,0.0,0.0,0.0
1.04,-0.9999999652503099,-18.000057691656536,0.5325548680950909,0.009861503348673629,0.01615464787233487,89.99934106408583,-1.0,-18.0,0.8565264482745311,89.99999999971945,-0.00030676656081981543,-0.0002549789609953924,1.0143795282472807,-0.0017893195128317655,0.0009631305105405642,-1.8921736114571717e-05,0.5393403289525356,1.9014524886087534e-05,-0.0006872441305954257,2.0196129643884964e-05,667.9791635566286,667.7910750357581,668.0397776635369,667.8410014455319,0.0,0.0,0.0
1.092,-0.9999750174543461,-18.000054153839102,0.5856074800989556,0.0038203209273963783,0.017388222951866955,89.99930369068365,-1.0,-18.0,0.9085110851063453,89.99999999971945,-0.00017799848820952198,-0.00042192219046406024,1.0236443910595932,-0.0022581054179340726,9.218813988399053e-05,-6.996344945054317e-06,0.4312717659636238,0.0002637557698912872,-0.0005327992161183118,1.6677146912244353e-05,665.5577542701908,665.4817566818145,665.6780451836307,665.45305515486,0.0,0.0,0.0
1.1440000000000001,-0.9999486709443869,-18.000042382459664,0.6390210761402001,-0.00246125953936177,0.01630350785296333,89.99930463281729,-1.0,-18.0,0.9605029542690774,89.99999999971945,-7.5238131194517e-06,-0.0005381034933225369,1.0291400077584116,-0.0013465383499541698,-0.0004456927396605267,2.890729809119925e-06,0.34877572285076397,3.343900650843964e-05,-0.00045820231333700755,1.3110063792828679e-05,663.7698017251668,663.6494902063985,663.8153731229089,663.6761264047564,0.0,0.0,0.0
1.1960000000000002,-0.9999239253527208,-18.00002307962577,0.6926280981442269,-0.007834163797527707,0.01309881390429753,89.99933481918862,-1.0,-18.0,1.0124990014549375,89.99999999971945,0.00018085838164117946,-0.0005839329532335477,1.031765470907915,-0.0018158834688849438,-0.001354697584127346,1.2474535076402685e-05,0.28828127876472465,0.000362165119580363,-0.00017816642862903526,9.056826945709045e-06,662.3550230297242,662.4072440225924,662.4827953999403,662.3294487356917,0.0,0.0,0.0
1.2480000000000002,-0.9999033183896687,-17.99999791992702,0.7463029633766027,-0.012213217128753406,0.008397200613380094,89.99938075963438,-1.0,-18.0,1.0644973726946734,89.99999999971945,0.0003597909159932905,-0.0005682703970453169,1.0322714857796633,-0.0011796359046463928,-0.0016841117178049603,1.683345251729195e-05,0.24637693434634755,0.00028691064083544106,-5.685768553062153e-05,6.557988643151179e-06,661.4261928783731,661.4915756472107,661.5258548962601,661.4281560458335,0.0,0.0,0.0
1.3000000000000003,-0.9998888170346472,-17.999969233896405,0.7999562536407647,-0.014744076094074713,0.0028792363697906376,89.99944484359729,-1.0,-18.0,1.1164969681314827,89.99999999971945,0.0005057437469185951,-0.00048748411811568097,1.0313089962317676,-0.0007194956432170212,-0.0020290214821058676,2.2355219298728006e-05,0.21950346800729648,0.00026955320498216873,0.00013054234972721614,3.2727354661734145e-06,660.812184437079,660.9259960640735,660.8979156649355,660.858373024008,0.0,0.0,0.0
1.3519999999999999,-0.9998815336945044,-17.999939712658673,0.8535280206915159,-0.016020885617889658,-0.0032212671177441546,89.99951046321867,-1.0,-18.0,1.1684971538721618,89.99999999971945,0.0006092567080139295,-0.00036783349375836343,1.0293963287407866,-0.00011539855390839704,-0.0010003321253684084,1.0737309008782245e-05,0.20447878476355008,0.0001905612898874318,-0.00014646600591249786,6.106705396582734e-06,660.5263806289023,660.538930411315,660.5975113936202,660.5015938565747,0.0,0.0,0.0
1.4040000000000004,-0.9998819201086017,-17.999912229023472,0.9069823960198377,-0.015727053494289423,-0.009252895985233631,89.99959070684196,-1.0,-18.0,1.2204975784425778,89.99999999971945,0.0006557380111436161,-0.0002166223448724909,1.0269529398621011,0.0002876371027137261,-0.00211248608503632,2.531794772001904e-05,0.1983321263319091,0.00016268845965976693,0.0004525591666855277,-7.580392172005321e-07,660.3185014237488,660.4936381535312,660.3627186761641,660.4452336936224,0.0,0.0,0.0
1.456,-0.9998897066224208,-17.999889595981983,0.9603017211124651,-0.014131398870996188,-0.014936123117601178,89.99966413974535,-1.0,-18.0,1.2724980576048739,89.99999999971945,0.0006436749843503172,-5.216087972506438e-05,1.0242874274694622,0.0,0.0,0.0,0.19860421942517092,0.00036834726803723394,-0.00013984155355148683,6.833140995931155e-06,660.3690747986782,660.434121802236,660.4928369878368,660.3481788392489,0.0,0.0,0.0
1.508,-0.9999039841713924,-17.99987441988515,1.0134817383761985,-0.010856075952884564,-0.02002979431792627,89.99974693432547,-1.0,-18.0,1.3244985032772822,89.99999999971945,0.000572892065759939,0.00011878759074103432,1.0216244341387832,0.0011539637508539732,-0.001423932090158807,2.0636168123398253e-05,0.20323414182437283,-3.608623704794378e-05,0.0006683329724088087,-2.256492390200663e-06,660.4267079727233,660.6066535393235,660.4101903855993,660.6106790640573,0.0,0.0,0.0
1.56,-0.999923133089503,-17.999868917481802,1.0665275727748393,-0.006522446916477643,-0.023514137498791332,89.99982431344267,-1.0,-18.0,1.3764988805176965,89.99999999971945,0.00043645665715953105,0.00027288308427710897,1.0191161590344922,0.0,0.0,0.0,0.21057287781972178,0.0003927076295166105,0.0003898782988866129,3.5743738251320387e-06,660.5597169140046,660.7823989062407,660.6813590109666,660.6805539472426,0.0,0.0,0.0
1.612,-0.9999449667948137,-17.999874584221693,1.1194504642747745,-0.000771310841666147,-0.025166366171988662,89.99989401109369,-1.0,-18.0,1.4284991820987236,89.99999999971945,0.0002459932858348872,0.0004060731279958555,1.0168593291418078,0.0,0.0,0.0,0.2193201533338449,0.0003013174080928756,0.0006482427472604014,2.1563606254184313e-06,660.7315303434209,661.0016443055465,660.8232203935671,660.921906643188,0.0,0.0,0.0
1.6640000000000001,-0.9999667978376032,-17.999891964581945,1.1722652197501453,0.00496805635358399,-0.02397242639013824,89.99996139806952,-1.0,-18.0,1.4804994139245478,89.99999999971945,4.899762525646354e-06,0.00048603430053371645,1.0149041644370727,0.0020278083111095525,0.000811587786155679,1.9916622460386468e-05,0.22851724088224046,-0.0006182852039847903,0.0005379827388152384,-6.3615973676677666e-06,661.0932563631792,661.0704207857968,660.8998201389525,661.2286363143282,0.0,0.0,0.0
1.7160000000000002,-0.9999859347194788,-17.999920297512073,1.2249881000123095,0.009522766266992578,-0.020014486880779774,90.00000605455787,-1.0,-18.0,1.5324995869990201,89.99999999971945,-0.00026031629809826647,0.0004990761931505398,1.013264662330104,0.00010200706085796525,0.0001725761210532391,1.454465115156533e-06,0.23751327323741656,-3.393983445281824e-05,0.0009059028195029885,-6.451126971696033e-07,661.1489280490648,661.3968161545175,661.1374939228051,661.4046800853189,0.0,0.0,0.0
1.7680000000000002,-1.0000002918569746,-17.99995752345282,1.2776353513673167,0.011612657147482252,-0.013574564615242915,90.00004258687224,-1.0,-18.0,1.5844997132585221,89.99999999971945,-0.0005206228295737578,0.0004365566010961682,1.0119343075696567,0.0004148960786714893,0.002407403168519581,9.344481642756805e-06,0.2458580289510568,-0.0002804728785678681,7.218847926224821e-05,-4.219653532004131e-06,661.4919078001298,661.4327121241352,661.4005329037975,661.5007631447837,0.0,0.0,0.0
1.8200000000000003,-1.000008947902648,-18.000000492622853,1.3302225377367265,0.011663600682800472,-0.006008968831160008,90.00006584978708,-1.0,-18.0,1.6364998036160676,89.99999999971945,-0.0007362047922497234,0.0003280560591588863,1.010894396698283,-0.0002109124558995372,0.0025847107429005133,6.0935993681080905e-06,0.25324164629452284,-0.00012959899062774843,-5.158659227400366e-05,-3.5263835077916635e-06,661.6502881698378,661.5988067669527,661.6037221383816,661.625888619746,0.0,0.0,0.0
1.8720000000000003,-1.00001194443764,-18.000045543300875,1.3827637850086798,0.01039816475460547,0.001645480841486041,90.00008077460893,-1.0,-18.0,1.6884998672190503,89.99999999971945,-0.000882676421445987,0.0002020579371937658,1.01011171736539,-0.0005364280396239922,0.002536032886895688,3.4857149624278476e-06,0.2595415245831756,-6.234211426883976e-05,-0.00015278023862535346,-2.894209029880769e-06,661.7934433034324,661.7323320098236,661.7677398056235,661.7420481122325,0.0,0.0,0.0
1.924,-1.0000099498167008,-18.000089017688857,1.435252331928576,0.020006096692538385,0.008850776368520972,90.08085423603038,-1.0000003763965213,-18.000001885784588,1.7404999113332411,95.83043314946892,-0.0009528063828668267,0.0002068707969142452,1.0082954808350504,0.01377405490456578,0.0023223327817107915,0.0785553038429037,0.2776243290096012,-0.0059821087243400245,-0.00024754359909712046,0.08,541.658474454493,539.4920378144069,763.9414429498273,765.3513101267503,0.0,0.0,0.0
1.976,-0.9999932719480824,-18.000127462698128,1.4876246294053452,0.16469642359351047,0.014266995467219342,90.47407797886272,-1.0000017077737815,-18.000010941493425,1.79223701998324,95.8304320105071,-0.0009345740005237956,0.0019398241164736176,1.0069027481336714,0.06782901482310393,0.0018075969583320798,0.15438869408761297,0.28684894315394693,-0.03150505070884279,-0.0002510895821605855,0.05684148383467483,583.7768105791827,573.4593202981413,732.6319191358476,740.6081896546922,0.0,0.0,0.0
2.028,-0.9998975699992166,-18.00015771801456,1.5399812200382126,0.3720110472230946,0.0168550683724509,90.98013075689768,-1.0000020370953873,-18.000027007235854,1.8400654448644396,95.83048719778334,-0.000844764451654037,0.0033577973571182044,1.006638337533807,0.06255469009108236,0.0016168932890141482,0.17807869511954783,0.16059063956558006,-0.037417213279440836,-0.000345070465123597,0.03781141667839774,610.7571143038715,599.0210944677968,705.1141384418752,714.9296804228926,0.0,0.0,0.0
2.08,-0.9996321804319837,-18.000176577998037,1.5922173879734638,0.4884940629674531,0.016967459492786757,91.53165142607943,-0.9999938500840956,-18.000048392174655,1.8804669267916494,95.8307891358254,-0.0007321503588149389,0.0017290527216904986,1.0021457380893926,0.021301902791758073,0.0013244416103807967,0.18825167822943922,-0.1579749064022824,-0.028671328173638537,-0.00033051580673144735,0.022645785399762777,624.3303502400637,615.5356875137237,679.5559503616109,687.3514069054519,0.0,0.0,0.0
2.132,-0.99914919671874,-18.00018140846767,1.6439203994250613,0.4762631279172581,0.015204294437370718,92.09523222558781,-0.9999604325797665,-18.000072347453166,1.9127221001126904,95.83146840940609,-0.0006357321686222704,-0.0026842855655420427,0.9872610402836901,-0.02013943698414214,0.0008215686820048915,0.18853784543709273,-0.6186377620759735,-0.017165965922950898,-0.00014493588897152436,0.010794323353722844,629.1109328185388,623.9166282546284,654.8190914683349,659.6875490993501,0.0,0.0,0.0
2.184,-0.9984623802610539,-18.00017165996985,1.6943903195785954,0.361478474847253,0.012649595334663009,92.6457425595729,-0.9998709722826812,-18.000095772180508,1.9374926948097857,95.83271911635633,-0.0005811968221000392,-0.008302836647942135,0.9571308930411018,-0.049215558172078,0.0003276025632463212,0.18138185499614407,-1.130723418266939,-0.007312448073495747,0.00011410699274128885,0.0018626590200687518,628.6680071072295,626.5117783896224,631.8888855765194,634.0944906080111,0.0,0.0,0.0
2.236,-0.9976309852703106,-18.000149433865978,1.7427644182519204,0.18366916956309623,0.010525091305526825,93.16569904385167,-0.9996976518765898,-18.000115781891576,1.9559718872314877,95.83430426585724,-0.0005753522201444809,-0.013561423770777858,0.9099089493531951,-0.06520812096739585,3.201590717729144e-05,0.1693180056910943,-1.6107612119646646,0.0004999667210599905,0.00033257577071107693,-0.004646073650725354,625.7527329318614,626.0027992675095,612.1841828202241,612.1327776915751,0.0,0.0,0.0
2.2880000000000003,-0.9967366866086241,-18.000118943509268,1.7881777087563284,-0.021435463630153827,0.009783509347637574,93.64359112186281,-0.9994120432510322,-18.00012967596239,1.9694444472878125,95.83634319398479,-0.0006055508845365968,-0.017333644073957082,0.8465855922279358,-0.06995986132113666,-1.4572236029697373e-05,0.15406354405026526,-1.9999691495777459,0.0066617913606461,0.00043736417777220265,-0.009151152474682046,622.2853047231334,624.4262671320641,596.8996484345691,594.936056045276,0.0,0.0,0.0
2.3400000000000003,-0.9958656202460188,-18.000085502854883,1.829879413466898,-0.2233466224582318,0.01087182620412833,94.07303814213192,-0.9990106384822117,-18.000136069411784,1.9790811108887085,95.83835277231556,-0.0006449853821275704,-0.018967016244052438,0.7701719450957663,-0.06518510485103197,0.00012607900588285578,0.13728773804654,-2.266547944970508,0.011265079790435957,0.00040286716903990854,-0.012080468176273722,619.629975702642,623.1598974803079,586.5265072057073,583.0345917031503,0.0,0.0,0.0
2.392,-0.9950965106410479,-18.00005449662967,1.8673154163116308,-0.3970812303527904,0.013661915839521394,94.45131242884743,-0.998496075992989,-18.000134394751637,1.9858613203078062,95.84047100533681,-0.0006612292777621444,-0.018261407677064342,0.6848261315004855,-0.05282896516630724,0.0003260632558020955,0.12001269823419596,-2.402236067874118,0.014284598976843005,0.00024552238540381896,-0.01378141952201533,618.5063661566112,622.9070598901984,580.981203634445,576.4205957753875,0.0,0.0,0.0
2.4440000000000004,-0.9944933410161003,-18.000030548871198,1.9001569077097862,-0.5240084047970983,0.01752734949117521,94.7785782963322,-0.9978992787204146,-18.00012570345265,1.9905620541319349,95.84371334022178,-0.0006258728413161299,-0.015418530268146454,0.5949819069081055,-0.035192574836894044,0.0004455175309464935,0.10307773212394425,-2.415064280684151,0.01565918997672065,1.2419469374952402e-05,-0.014689174743739849,619.3755363074339,624.1140244425866,579.494059881112,574.39572067456,0.0,0.0,0.0
2.496,-0.9941009711060366,-18.00001694929715,1.9282989770086627,-0.5931744481141169,0.021520808185503962,95.05673859523927,-0.9972541427988194,-18.000111598540233,1.99377724169948,95.84465246678224,-0.0005224726939803261,-0.010954777381323562,0.50479909218456,-0.014999420265989754,0.0003794062474859898,0.08697953362646717,-2.3233274917501667,0.0154928326013348,-0.0002363221286866897,-0.01470337130713473,621.624672821982,626.2215456098158,581.7990180059842,576.6942003938032,0.0,0.0,0.0
2.548,-0.9939428517360389,-18.00001535059463,1.9518357637727435,-0.6019025796240819,0.024599689595254912,95.28903677742305,-0.996609458944016,-18.000094740978245,1.9959483737914636,95.84512529057113,-0.00035093443305975034,-0.005573588809186551,0.4178359353672233,0.004987857695264922,6.784797725569003e-05,0.07208488712575832,-2.1506230737078704,0.014028913823705434,-0.0004352797635431404,-0.014213001653341877,625.2079966297047,629.2821433363059,586.6857537709661,582.0325430104332,0.0,0.0,0.0
2.6,-0.9940205893683651,-18.000025739703304,1.971024008253158,-0.5552886003111458,0.025840576560329728,95.47938295444902,-0.996010828952403,-18.000077866134216,1.9973963845131377,95.8450488915471,-0.00012735218606786872,-2.218338621409011e-05,0.3368826699510591,0.022320470255857858,-0.0004637869838031725,0.05856628040057554,-1.922054411557247,0.0116573015854488,-0.0005390534805186334,-0.013341846198590567,629.6345933103411,632.9454910528113,593.3362585324168,589.4593218579167,0.0,0.0,0.0
2.6519999999999997,-0.9943153503042289,-18.00004666511637,1.986238436100693,-0.4644799515726068,0.024677181024924267,95.632082026757,-0.9955024168956333,-18.000063653669287,1.9983502601892993,95.84444492893881,0.00011979254740169488,0.005036545469865076,0.2637963503595689,0.03529871012017223,-0.0011221829011120485,0.04652128610230716,-1.6602870384115425,0.008791305654319449,-0.0005291418245606168,-0.012231970310096192,634.5062441777343,636.9494548159213,600.9877337621796,598.065151350875,0.0,0.0,0.0
2.704,-0.9947911106663645,-18.000075652539092,1.9979290067289954,-0.34434278930418943,0.02100752921122014,95.75161256214321,-0.9951203596573609,-18.000054411755876,1.9989707584870309,95.84347350903771,0.00035672462259367377,0.009110534699390292,0.1997730423080649,0.042964347674624516,-0.0017774248241831658,0.0359866551527517,-1.3861022721292442,0.005866264384646873,-0.00041413616076982286,-0.01097217744919439,639.4033109749049,641.0042919016189,609.0405784864174,607.0989224873358,0.0,0.0,0.0
2.756,-0.9953994949383719,-18.000109720056024,2.00658434142798,-0.2109829103977079,0.015182220753163292,95.84240341364418,-0.994887385799522,-18.000051482480327,1.9993691106768325,95.84207683255198,0.0005518820373411963,0.011916848925216769,0.14524537192183334,0.045270959407801445,-0.0023016889324335025,0.02691370777405755,-1.1156342644782424,0.003218895154935522,-0.000221973097718533,-0.00965012137585857,644.039566677336,644.9137582150918,617.0239587444372,615.9747213175341,0.0,0.0,0.0
2.8080000000000003,-0.9960855856026652,-18.000145890259112,2.0126963133170537,-0.07933284607851293,0.00791084804471551,95.90866589731695,-0.9948164598155436,-18.000055583926915,1.9996212543347593,95.84057965409141,0.0006817319489612264,0.01337638248597535,0.10005366930005719,0.042881269238798245,-0.0025943778379829826,0.01925796074304196,-0.8604650144833306,0.0010578228961408039,7.575514563235887e-06,-0.008321971709686293,648.2147618735752,648.5236690542031,624.6253805518159,624.309210846605,0.0,0.0,0.0
2.86,-0.9967939359878293,-18.00018160206933,2.016737043863088,0.03846649960687208,0.00012775750263710624,95.95448192275555,-0.9949029447485971,-18.000066403710097,1.9997783763256063,95.83886002390237,0.0007340932414032526,0.013576688306337232,0.06371276002424373,0.03687403652588175,-0.0025940557729367685,0.01293452583680792,-0.6291684327980452,-0.0005057620178315989,0.00022866197208077483,-0.006993825629756563,651.7445342223353,651.6646015784816,631.6747143504051,631.893247130245,0.0,0.0,0.0
2.9120000000000004,-0.9974739825086826,-18.000214942121325,2.0191368625601203,0.1374138791593267,-0.010859311991231763,95.95308533282032,-0.9951413308314296,-17.990187978013385,1.9998745549759085,-28.474071506180064,0.0007072020043598241,0.012723596651907471,0.03493275212684577,0.03436030238014002,-0.008535695991667073,-0.0364728584341913,-0.42166631815197,0.2599902502801066,-0.2607601908639641,-0.08,751.2522923303355,751.0595995477554,608.005060514196,416.98534846929584,0.0,0.0,0.0
2.964,-0.9980658560586684,-18.000257448760475,2.0201579055991603,0.9815909333552311,-0.5445445765094024,95.61073724410247,-0.995543135076971,-17.913542006683045,1.9999321994516226,-28.453041662498983,-0.0002621215659913249,0.010074565761882712,0.010303194163003135,0.5892852540613644,-0.3648914044313213,-0.15270107344076833,-0.2121200042886464,0.3902532309496324,-0.22295831416346343,-0.08,734.1617905472486,775.8180189734032,627.1047462454494,403.3648176828282,0.0,0.0,0.0
3.0160000000000005,-0.9981133793909891,-18.000529490755902,2.020194284862253,4.181578467615041,-2.2418131295264305,94.96728071365537,-0.9960407265087605,-17.805850485800196,1.999965860168511,-28.40212581469676,-0.010391467124812596,-0.00823908039821615,-0.004234586994572617,1.2996805899600041,-0.6588633468453292,-0.2158601724087724,-0.07080764606695328,-0.023350271491533736,0.16720089384028541,-0.08,740.8941080114702,776.5368531557341,497.677580675508,565.0902537936821,0.0,0.0,0.0
3.068,-0.9962036779540233,-18.001624868370847,2.019553922449924,8.158783038980285,-3.858355505561553,94.02604833204063,-0.9965437421186552,-17.697401432569528,1.9999848600860144,-28.30661166350722,-0.03590281550693514,-0.05954248828529973,-0.00633795931542578,1.2403801047455818,-0.45649355789340024,-0.2845143210543461,-0.030178608301140893,-0.1753797929392324,0.37290173073363436,-0.08,737.5141890297065,786.251926793911,430.7267591655079,625.8355502770471,0.0,0.0,0.0
3.1200000000000006,-0.9905752300934189,-18.004127360330333,2.018379493465219,11.177951997853636,-4.187073276947252,92.99127526245346,-0.9968836840926439,-17.601752387927785,1.9999950877654733,-28.159678765641623,-0.06989332759231062,-0.14224363968356343,0.00575099602763324,0.8015597986820904,0.051150105561332114,-0.35168322060270885,-0.1117961934209552,-0.13947905596084303,0.3963451414958899,-0.08,731.0475990727828,794.3600587742608,435.3470168216327,625.29023315173,0.0,0.0,0.0
3.172,-0.979942101091701,-18.008139312792807,2.0165909606870542,12.850970865500726,-2.8244846835828765,92.27363555438316,-0.9966934272760062,-17.523508603484068,2.0000002038525997,90.4464426868702,-0.09887944190758129,-0.24508877934946122,0.017113693779434155,0.37762937545713215,0.6410588236100023,-0.25719311728143646,-0.16677451424239761,-0.4720894177860787,0.5376529672039515,0.05526902205320344,568.8303583901298,590.1006389916535,590.0180471373124,853.0928336150054,0.0,0.0,0.0
3.2239999999999998,-0.9637574718510895,-18.01303746740079,2.013837312421393,12.441338138840848,0.36058916929807844,92.35122765164432,-0.9954560313121124,-17.462780034482186,2.000002442894263,90.84631115780289,-0.10992741860732062,-0.35514330500066565,0.019609384220236815,-0.6183625235224182,1.2969474948969786,-0.1925396558210668,-0.10401967201348855,-0.6676273493235981,0.14564776432075704,0.03876112243935885,681.8016414917802,518.264380631937,596.2706703238671,813.213638913695,0.0,0.0,0.0
3.2760000000000002,-0.9423515958173673,-18.017426109066886,2.010547245426417,8.192648229597351,4.812546352232012,92.66462935597505,-0.9925008174525811,-17.41765759438583,2.000003139655576,91.46522443237417,-0.08688221591286807,-0.44708006927917154,-0.004948607785975434,-1.8902235410211041,1.5526682227205382,-0.15576468504467952,0.2410707603255144,-0.10691213828022361,-0.14828784543616214,0.031990696792100065,657.9953557513911,580.5230430186184,713.940780397608,702.9615001341805,0.0,0.0,0.0
3.328,-0.9177257201707824,-18.01937931589245,2.0071945858200273,1.7926469562023235,9.257297928056813,92.6483087587794,-0.9872639300314058,-17.38542068602884,2.0000030702283853,92.18425228738391,-0.021787371596265603,-0.4863192920887873,-0.046188592263676456,-2.1841099873932963,1.3982719373652184,-0.12268821424121731,0.7517758793750561,0.20566554637572143,-0.28432983267787953,0.03532664589301256,639.318679411049,615.7531408567188,784.3477072419736,656.4840722487988,0.0,0.0,0.0
3.3800000000000003,-0.8928783001910918,-18.016940748714013,2.0044178526444614,-4.144481318923686,12.75638770904432,92.3346847297271,-0.9792936625357916,-17.36312197355731,2.0000026701603413,-151.13499046727128,0.07834189518056997,-0.4656373056285788,-0.060090291594918334,-1.7883320557064053,0.9928265665862129,-0.03703558652953446,0.9763562172227285,0.20947145105821346,-0.41460304817572796,0.08,603.3792698943199,535.668299004265,857.4882326291191,707.562431983498,0.0,0.0,0.0
3.432,-0.8707030064602376,-18.008538209033414,2.002665683086333,-8.555111032062714,14.704021817865735,92.15884843245276,-0.9686606276476881,-17.34785417425595,2.000002171931785,-149.94140897711537,0.19782858682766805,-0.4015408635310532,-0.032222849399063454,-1.2395736812212732,0.4179636700476583,0.04487185065848938,0.7590430997794577,0.19249016170048655,-0.3926187593873859,0.08,603.7472213629829,537.8342996049396,854.0173036892583,713.6907456944324,0.0,0.0,0.0
3.4840000000000004,-0.8533660817506893,-17.99339065433056,2.001904638402436,-11.241561567192536,14.962285195210628,92.3996891676446,-0.9557743388580563,-17.336800330188932,2.000001690210267,-148.70734417043448,0.3229157184083259,-0.3119788109340859,0.017745044641980727,-0.7248303486364641,-0.15603284573247178,0.11995532927587167,0.29358460943374287,0.11279363711639157,-0.317625712967289,0.08,596.2271112378589,527.705757343677,830.8772883759673,726.9983910059174,0.0,0.0,0.0
3.536,-0.8420843348763344,-17.971680641769336,2.00162330021764,-12.543994479523178,13.748878492760245,93.1832709917336,-0.9415691827372503,-17.32752977042511,2.0000012737435706,-147.71380127318645,0.44295047984138974,-0.21000309446532803,0.0607752339889702,-0.37734032023303726,-0.6357783550737347,0.1930421846104357,-0.11918417947923543,0.03652672480238692,-0.21850064540112246,0.08,581.5198848520533,519.3710186773045,802.7207518260474,740.590723992381,0.0,0.0,0.0
3.5880000000000005,-0.8373013264415055,-17.944363318947666,2.001193962385816,-13.035692147886804,11.424071806467834,94.46279330632444,-0.9271054268695917,-17.317804398310336,2.0000009362495,-146.8727591581203,0.5488327237493136,-0.10412616414401125,0.07984051951446411,-0.19724030826479907,-0.9838558307804522,0.2630449480251124,-0.2923786149125801,-0.011059970778321174,-0.11485366593780655,0.08,564.9174383780737,521.3351233945596,779.3812591416023,753.9300168601878,0.0,0.0,0.0
3.64,-0.8390462781072621,-17.912858319743368,2.000219399101801,-13.191824359135204,8.392224584280873,96.12204255433603,-0.9135581290544715,-17.30617410488038,2.000000674296909,-146.34549837129276,0.6324404274043772,0.0007265847053726701,0.07467113711382924,-0.12494377207085279,-1.186974025337432,0.3297527471580527,-0.21065127319388932,-0.031975412713847164,-0.01953887091796569,0.08,551.2167171113261,533.3585739617184,764.3817443784587,767.43428439046,0.0,0.0,0.0
3.6919999999999997,-0.8471993946926685,-17.878818352126896,1.9986660826729727,-13.28942401947622,5.054151555341798,98.04755712079786,-0.9019825705833951,-17.29137047840015,2.000000477280025,-146.0202032715862,0.6882241485662097,0.10255488586493974,0.055887779133342454,-0.10011044274823959,-1.255529878692898,0.3937913583125136,0.02302785174717248,-0.037227081039728396,0.0641291957327999,0.08,541.5790337642509,550.83808027743,756.1566591092459,780.9488726779589,0.0,0.0,0.0
3.744,-0.8616012026470491,-17.8439883808766,1.996797714594994,-13.438824810637067,1.773313509314195,100.15029176833565,-0.8932158036225728,-17.273124352737938,2.0000003326946105,-145.82958294988578,0.7147101599986108,0.20121610129024967,0.03661367937643191,-0.085978307310727,-1.207138945706245,0.45596046861029105,0.27166845861600836,-0.028576037008994234,0.08935534180713728,0.08,541.458246028959,562.1645884542183,758.2181229526989,786.9148169187251,0.0,0.0,0.0
3.796,-0.8820576115275393,-17.8100931606982,1.99498714933488,-13.585936495691362,-1.1619244042949406,102.36617704302758,-0.8879884904487355,-17.2512343776047,2.00000022870074,-145.78679623403025,0.7145725931814606,0.2973007382937015,0.026240072882107328,-0.00452615707610835,-1.0711877160235284,0.5175652825104357,0.4313467157933752,0.1168265667808404,0.12633590191259614,0.08,513.66392081573,596.0500028291517,774.7497900405075,777.0537861744816,0.0,0.0,0.0
3.8480000000000003,-0.9082711380557262,-17.778702128375976,1.9935402993479672,-13.177570955742661,-3.5521270664297164,104.63975854366657,-0.8866854324279343,-17.226371088809206,2.0000001551767577,-145.67747260949866,0.6932840132296962,0.3897912898428656,0.02516552077279836,0.31446481213298755,-0.8753426868287203,0.5796453317276887,0.4883766045035498,0.14701269147089835,0.13985698058824772,0.08,507.3067977886978,604.332971016692,777.879344037545,776.1480834323373,0.0,0.0,0.0
3.9,-0.9396168913394539,-17.75105215557532,1.992637755211389,-11.698597295582438,-5.317149145733259,106.92052993645066,-0.8897164310683817,-17.19913546626271,2.0000001039788815,-145.460906961168,0.6570999569503202,0.4725712593626161,0.025393907674298506,0.7147982604458469,-0.6524060016991124,0.6402756405813749,0.515320068175247,0.09560787205774957,0.1287702967505216,0.08,518.0799879115258,593.9438328861487,772.5384240058369,780.5665431518066,0.0,0.0,0.0
3.9520000000000004,-0.9749750832776576,-17.727900396393164,1.9923782342379983,-9.2383522373108,-6.47170138091521,109.19582584111053,-0.8970943686272159,-17.170709725283615,2.000000068818124,-145.03587596246848,0.6117537616292553,0.5370374534350718,0.020564327202194546,1.0130356571420769,-0.43204456938615543,0.6984873784059473,0.571323371435784,0.025486101413359052,0.10269674482267496,0.08,534.3164016379056,577.6578596548309,766.510376984262,785.2184767382972,0.0,0.0,0.0
4.004,-1.0128342873713339,-17.709495605284832,1.9928487999784448,-6.199134898453087,-7.115030511497898,111.50276394690545,-0.9089087411655224,-17.142066349694698,2.0000000449827047,-144.40825751129094,0.5620100803358359,0.5763430751014349,0.010580390901441122,1.1565702661630213,-0.24276120833915832,0.7542734742031395,0.6545150119624837,-0.03079011678260568,0.06799861477913408,0.08,549.9110742512762,562.4872945669432,763.7325597067147,787.67399203779,0.0,0.0,0.0
4.056000000000001,-1.0515177272936416,-17.695653517561688,1.994151470145778,-3.011091114989264,-7.3809264185730274,113.89566027503514,-0.9247749027859108,-17.114387609676854,2.0000000290254927,-143.4116647033516,0.5112815378938145,0.5874244461528194,-0.0002324451303506063,1.165589270319535,-0.09707570941222687,0.807897683875102,0.7192118354227992,-0.06758573313600147,0.03260092024186646,0.08,562.2403298154112,550.418467673921,763.6523366061324,787.9298072664411,0.0,0.0,0.0
4.1080000000000005,-1.0893883843905814,-17.685872007390174,1.9963664303332946,0.01945693772219865,-7.434738084025959,116.41922539320643,-0.9443553964924479,-17.088526883453902,2.0000000184735858,-141.9005197682331,0.46137666063430177,0.5709612193248409,-0.007660292962715547,1.0857365307480946,-0.0029441108239697256,0.8596172997610806,0.7215161412171317,-0.0850160047085533,-0.0024515908689516554,0.08,570.504018128515,540.9144994284933,765.4881120176004,785.5029440479362,0.0,0.0,0.0
4.16,-1.1249846721838568,-17.679455404224658,1.9994916039447812,2.6894943016077235,-7.418880778360247,119.0937009627559,-0.9668676460974633,-17.065251899082327,2.0000000115826064,-140.37537264811516,0.412473433778611,0.5302175991851704,-0.00928373086215844,0.9559230320078218,0.04295164147260395,0.9098125303826915,0.6377386614913997,-0.09695986071039081,-0.021052719653823604,0.08,573.7849279712783,533.7212812355644,765.0069740381451,783.438238560785,0.0,0.0,0.0
4.212,-1.1570980376993365,-17.67563128598365,2.003400875313934,4.911770271103639,-7.46233111695949,121.91852295275453,-0.9915942704803082,-17.044980384934828,2.0000000071403603,-138.32815030825495,0.3634324988402025,0.46977133079697786,-0.005456872586137338,0.8010019367886742,0.05328543284401521,0.9586946666085085,0.4753319257975487,-0.09578686123357985,-0.03420465297129899,0.08,572.6149681855876,528.21708360514,764.4183779494389,779.4160166503747,0.0,0.0,0.0
4.263999999999999,-1.1847946495679063,-17.673650759341758,2.0078406770570543,6.635313203452323,-7.624672910325088,124.88414402741925,-1.017536467196103,-17.02792835805192,2.0000000043159396,-135.65173366511073,0.31234877372835557,0.39469777325096805,0.0023517042323883746,0.6454602931907202,0.04040285658047908,1.0065589504262507,0.2567488742068591,-0.08705080605338605,-0.03814530262773153,0.08,567.4792450901682,524.3673051732674,762.7351162759218,774.6951020226119,0.0,0.0,0.0
4.316000000000001,-1.2074059664726056,-17.67285603569618,2.012459874443398,7.9045638559819515,-7.947343723223605,127.97883654572114,-1.0438120917639975,-17.01404390140601,2.00000000254709,-132.76052708021396,0.2570617061539097,0.3099801866667409,0.011462825089324202,0.5095577429660058,0.01569712334702824,1.0535276623120384,0.01943648823431844,-0.07619061701012496,-0.03171999249293301,0.08,559.74165909063,522.2433894898892,759.6881838064387,770.6142618247998,0.0,0.0,0.0
4.368,-1.224477930197611,-17.67271173357631,2.016858919878545,8.77503114991195,-8.415988215122576,131.19816181602081,-1.0694487728263073,-17.003108906679547,2.0000000014580626,-129.19236473820033,0.1954882816034142,0.22010761469854367,0.02001580062207848,0.4046765264788461,-0.008049923940462833,1.0996577005908459,-0.20561273440049044,-0.06412203242214931,-0.017858307581038877,0.08,550.637395314466,521.8987617834954,756.0122597114947,767.430072509054,0.0,0.0,0.0
4.42,-1.2357251055855436,-17.672800518299436,2.020595203946784,9.35408619101095,-8.957349512411552,134.42375446849815,-1.0936264249713643,-16.994767928070015,2.0000000008008274,81.83967982858526,0.1257562131354816,0.12911214791971715,0.02290235295767398,0.3135597749688843,0.011673943551477672,1.0081995949664788,-0.35418731207957,0.12818866294364673,0.4014080340154661,-0.08,691.0589529820005,822.606766373201,483.00874946982105,579.6751867724417,0.0,0.0,0.0
4.4719999999999995,-1.241060191046334,-17.67277611208749,2.022985067133591,9.929377586047318,-8.553481317837935,137.2736767461549,-1.1155639459310693,-16.988596221352267,2.0000000004136993,81.52433725893887,0.048389076849350385,0.04036707557316093,0.022628284877414195,0.38200591872068446,0.5894636629276788,0.8572458302329485,-0.42895630732790413,0.07660361315571682,0.8,-0.08,640.5861499237815,860.1969380252452,383.0019364934103,647.051242135421,0.0,0.0,0.0
4.524000000000001,-1.2405755330753125,-17.67200310031388,2.0241938799383123,10.780035652341773,-5.465282343477749,140.2798931364079,-1.134641780146019,-16.984140446228462,2.000000000192649,81.41808140412896,-0.021024195660381897,-0.04912780798981207,0.026335208643051167,0.41255314062484116,1.5888271760364234,0.7593076701487215,-0.5051127479232779,0.0274767711355495,0.28957109539644665,-0.08,715.2542202303667,794.2249328008161,479.0173320135287,572.7134053913566,0.0,0.0,0.0
4.5760000000000005,-1.2352295104791118,-17.669078550492006,2.0242497465405576,11.698200541254087,-0.255061789393095,143.4646837580858,-1.150332620470218,-16.98092090893435,2.000000000071672,81.49174034264684,-0.057695994377177096,-0.1434676646740364,0.02190195962519955,0.32030436962047715,2.057075218433882,0.6688131752800415,-0.46472044508320076,0.02256393139832956,-0.11935140322212812,-0.08,768.1237674173068,744.0589136379624,553.2051898686453,502.6710779250885,0.0,0.0,0.0
4.628,-1.2267974701598527,-17.662135017099576,2.0231212823501386,12.580833466161339,5.260212583544798,146.53076175531766,-1.1623253782211032,-16.978395299511206,2.000000000009525,81.69567795062218,-0.04779304619013021,-0.24412835450145604,0.018498891632980678,0.2066981685302835,1.9436644363184967,0.5797333290962814,-0.3965753845767902,0.027418907835074918,-0.31819481648652015,-0.08,794.8251908772177,722.7864499819867,591.2650279198688,468.6676954239516,0.0,0.0,0.0
4.68,-1.2173078707915685,-17.64939719008573,2.020856074846707,13.386548168876146,9.85499105335036,149.22887941706907,-1.1705170150664834,-16.975811388649507,1.9999999999808822,82.00037057493954,0.0058781020582888395,-0.35076474101714,0.02965557413205357,0.11607421160895785,1.518096940184119,0.4938122646148783,-0.4347116243801402,0.026824415025803773,-0.3566405332406489,-0.08,802.4637882959212,721.0706207895686,601.3084578286772,466.2569204637133,0.0,0.0,0.0
4.731999999999999,-1.2085849995361202,-17.629508653233433,2.0174471653831296,14.039119061394121,13.062406796853127,151.41785525282043,-1.1751647599677704,-16.972299062351166,1.9999999999705094,82.29854203508702,0.09198179953652982,-0.46223332354732793,0.05758504236014521,0.04486399546870487,1.013374402666723,0.41103232235105197,-0.6005334934057472,0.025501981056002716,-0.30369276657591904,-0.08,797.0643978934047,728.5029968407258,593.6650330585957,478.1908666663798,0.0,0.0,0.0
4.784000000000001,-1.2019884499305797,-17.60165052347271,2.0127475668911132,14.435889053535687,14.933844241575082,153.05787446801577,-1.1767639448678615,-16.96668417596981,1.999999999969468,82.58153763234587,0.19870322075632538,-0.5768951159456213,0.0941990742979903,-0.04428088005194749,0.5690896809650499,0.3306903101355786,-0.810028867689108,-0.0589425284154155,-0.21524503227104652,-0.08,795.209042833685,727.5077516854353,563.6791899766359,508.8881281761824,0.0,0.0,0.0
4.836,-1.1983638304811244,-17.56551605292696,2.0065223927223124,14.332469931958892,15.73731636088091,154.17504111480523,-1.1760782663668232,-16.9579590063886,1.9999999999726799,82.76716007557533,0.3169351025703972,-0.6921890459053059,0.12697420997590697,-0.16315163152522683,0.20202323879616174,0.25053193210629393,-0.9329078202052877,0.09253267621181543,-0.28590983022340694,-0.08,784.0822164149548,736.2597214618347,597.5900339879024,463.4931029347651,0.0,0.0,0.0
4.888,-1.198141232619678,-17.52122466059754,1.9986014218885844,13.944505232668025,15.584531619732639,154.78920828289432,-1.1739395398999344,-16.9448280058571,1.9999999999773872,82.85908263445651,0.43978972058321536,-0.8042426648152119,0.14992456227669496,-0.2818599306776627,-0.09364379147067699,0.1734947218808741,-0.9049952270541285,-0.25881313339312323,0.010792908795588894,-0.08,790.4881675683733,729.1228473625956,484.8715065913918,580.0583568504553,0.0,0.0,0.0
4.9399999999999995,-1.2014149402765657,-17.469194092564415,1.9890082373217473,12.378615032144214,15.021707026212047,155.05239817480336,-1.1712033171910787,-16.926611585920075,1.9999999999821905,82.82994187100887,0.5610799685034259,-0.9098205254767956,0.14893926166419144,-0.6186634385310187,-0.2538935117977193,0.09271956417668362,-0.5886844084056841,0.353431179729371,-0.3993115003171598,-0.08,769.916882280974,758.6315177933128,658.1750254930605,387.5252596571771,0.0,0.0,0.0
4.992000000000001,-1.2082362341520552,-17.410200685068197,1.9781198633262493,11.09173391810099,13.58653120075994,154.91097055989033,-1.1686501861558534,-16.902224385207386,1.9999999999864582,82.67027498395758,0.6779089447993709,-0.9981354501705464,0.13926797508285366,-0.3604366859089362,-0.5629710633487753,0.023999210633783012,-0.14536594311026296,-0.3749051961289993,0.27894002300729315,-0.08,781.6429709656447,758.2113487543324,421.3619745240542,650.6770900451058,0.0,0.0,0.0
5.0440000000000005,-1.218349153714601,-17.345064555501466,1.966640242140216,9.23138848025876,12.198663177103567,154.5837057980184,-1.1668998592206627,-16.87156713488049,1.9999999999899754,81.9830019002036,0.7830586716543022,-1.07190108750522,0.12129642544392283,-0.6952050046009786,-0.45473521176284903,-0.05255129236981414,0.39875133304531163,0.41568393185600416,-0.2818377321982777,-0.08,761.0577763418156,793.4310618764832,665.6104574950297,425.18338796166836,0.0,0.0,0.0
5.096,-1.2315068520603802,-17.2747383521682,1.9554415338276327,7.744538664873549,10.565630807842197,154.05620498560955,-1.1664867985165326,-16.834030788114635,1.9999999999927374,-64.36124168977857,0.8777903653669936,-1.1243716969887743,0.1081344234104723,-0.3612178577256097,-0.5872201198131527,-0.11860317268383587,0.8873635693916431,-0.2274822987383432,0.25157393572501335,0.08,563.6199674648922,571.5990871531905,724.2925939940723,839.4741311084648,0.0,0.0,0.0
5.148,-1.247332754384983,-17.20019041746305,1.9451808184556416,6.301786333923975,9.164901345505035,153.86090828768445,-1.167698858718689,-16.790075986014465,1.999999999994833,-60.1234461815072,0.952379914792089,-1.1665997295697,0.09667059007066513,-0.4938871800076747,-0.45387146904025216,0.05879424242950741,1.3299419121456704,0.14364694061732708,-0.42377714874028743,0.08,620.1745965086358,528.4811274025217,855.0363451126098,719.5451862581299,0.0,0.0,0.0
5.199999999999999,-1.2654789395028216,-17.122307667466288,1.9366479683026112,5.247561992505243,6.949646832746998,153.98477489130448,-1.1707874422928946,-16.73955664037043,1.999999999996382,-56.198482479769005,1.0051705693793203,-1.2019950396234667,0.09196068881013951,-0.2503272566641089,-1.0265918632581725,0.1486030469878452,1.6516566891368831,-0.06547848666881094,-0.570839359194441,0.08,676.4615511063996,467.28520689603727,851.7295474199726,731.7349705435734,0.0,0.0,0.0
5.252000000000001,-1.2851706530019822,-17.042025797887106,1.9307196286289432,4.401539137777034,2.4225665717522755,154.18527294085936,-1.1757517001938274,-16.683332191567125,1.9999999999975027,-51.89646469962447,1.0268440152464025,-1.2335639133775824,0.05838873843024193,-0.46755983266478685,-1.7773137460393034,0.2251175377182361,2.173396358424351,-0.3140402698269497,-0.08341033294146005,0.08,651.3718737309752,524.2619596851551,773.7397988451642,827.880570069894,0.0,0.0,0.0
5.304,-1.3046134312671547,-16.960802104188687,1.9280838022468278,2.0516485805181097,-3.3705123376489583,154.63348557854633,-1.1825955477465937,-16.621595989411258,1.999999999998299,-47.826487658137275,0.9938229384612391,-1.2546120285428475,-0.02125390142051203,-0.8088535340049214,-1.958432460642213,0.2879080959964572,3.041663920893083,0.4931498004610181,0.24080909057557642,0.08,486.1187647694424,715.7287218465499,845.0971829106402,786.9646767988074,0.0,0.0,0.0
5.356,-1.3215740424508318,-16.88089163977315,1.9297355742912852,1.0206296266941108,-8.787074359462503,155.49574577376004,-1.1910111163892882,-16.55544252916111,1.9999999999988558,-43.24700476009923,0.900473173310341,-1.2570399685245035,-0.039424207342287375,0.05998899224124856,-1.6655165724511065,0.35653570434203546,3.1706841897310483,0.25012583497837193,0.3663434802456792,0.08,516.947085472092,706.4108877630742,808.5413884423908,835.125768408234,0.0,0.0,0.0
5.4079999999999995,-1.3336087366062865,-16.803950169086516,1.9363048251740282,2.2197693513220287,-12.904642299955718,156.5824357877562,-1.2005738411665223,-16.48545751793381,1.9999999999992397,-38.8084308742394,0.764687627210545,-1.2598333556339245,0.040733001227545904,0.667318739424232,-1.1609491799212794,0.4167557616677726,2.178958332047369,0.0069195560948744905,0.35346018962636944,0.08,541.5353281317969,654.7955488833762,767.0227800036447,847.7130244152572,0.0,0.0,0.0
5.460000000000001,-1.3386356042117102,-16.730148882344096,1.9468282952009903,4.172599390668561,-15.51133945897419,157.82831361264672,-1.2105005367376467,-16.413061877743388,1.9999999999995013,-33.77880414514152,0.6022481822170789,-1.271916672110868,0.1562050011655079,0.7674908342266555,-0.6497967132214888,0.4754182096087818,0.7144638749025931,-0.08275659457252735,0.2716378797988056,0.08,536.46108679709,599.0047341633152,741.0379292904169,826.0651008885663,0.0,0.0,0.0
5.5120000000000005,-1.3355789199298553,-16.65876845679217,1.959163221531759,5.855212101521254,-16.823296852408735,159.3024149414641,-1.2198712175848312,-16.33916667062577,1.9999999999996767,-28.776470187287753,0.42150063311710595,-1.2942059869877522,0.25423278806587934,0.6416039317829241,-0.24295542773805806,0.5351572326469903,-0.6375466720843854,-0.09093178021709028,0.17298541391597877,0.08,520.2850306411103,549.1332205109817,727.3028917500186,792.5893671918211,0.0,0.0,0.0
5.564,-1.3243111010436934,-16.58892809633649,1.9709669688428695,6.9703374947897485,-17.220388582267137,161.04829965586697,-1.227612390070989,-16.26495455570019,1.9999999999997933,-22.94679578177858,0.2287352948593428,-1.3245230250018727,0.3135828205364493,0.48236721200445987,0.03599126446324326,0.5954777691892097,-1.5942326161248328,-0.07401028721672678,0.2271321888563963,0.08,479.2644452110999,535.9716950830607,703.0857610018851,779.4575507400002,0.0,0.0,0.0
5.616,-1.305237233474991,-16.51989257435102,1.980334604566831,7.5937281138972414,-16.776456734697582,163.00384931899873,-1.2327279683979306,-16.19095383947831,1.9999999999998697,-17.365419564017344,0.03042936464642475,-1.3584752960651267,0.3318934077814253,0.3372830280471581,0.3773509395093563,0.5541526944054453,-2.071542218275563,-0.05562175631953739,0.3895837550906532,0.08,424.9635562183191,553.3155488130365,672.4157791967928,787.1040178493879,0.0,0.0,0.0
5.667999999999999,-1.279152700435684,-16.45109472437008,1.9857276212507518,7.763235195476665,-14.972847191029917,165.09295962865147,-1.2343892575129696,-16.117643339016695,1.999999999999919,-11.055980583619272,-0.16371554477550948,-1.3927403290525238,0.3075786994920732,0.19373270150433872,0.9193902867555455,0.5198017523952141,-2.0046369067560232,-0.027238261145662385,0.42510102676255107,-0.08,678.0624584368516,780.6141039769834,396.3152458621586,571.9595338928664,0.0,0.0,0.0
5.720000000000001,-1.2470376285681064,-16.382027465258258,1.986930122490613,7.576320073651656,-11.349845616711345,166.90741364555984,-1.23202625903834,-16.04507126090168,1.9999999999999507,-5.007505770762672,-0.33008212538687043,-1.4271084185747933,0.2545075339381804,0.005011699618033573,1.5187221821055215,0.37724802331200535,-1.5223028311497637,0.022446873555528137,0.33971219180568524,-0.08,689.2928550246261,781.8505824968814,437.1527058613803,557.1255610195059,0.0,0.0,0.0
5.772,-1.2102975268763494,-16.312192413180583,1.984966719003534,7.079333144844358,-6.127728652900726,168.57430610038455,-1.2253356690571198,-15.973184951493046,1.9999999999999707,1.7932428164349627,-0.4511857996237551,-1.4598223048209824,0.17781582534147486,-0.1580768247726812,1.943008736931521,0.290530204648577,-0.7073913309410762,-0.3289873670778943,-0.42443488808628366,-0.08,838.4713504915036,647.8890024651624,535.6105987474349,500.991075034552,0.0,0.0,0.0
5.824,-1.1710519376719408,-16.241206585015007,1.9810517947694348,5.226942859025531,-1.1061646657134934,169.89687973034853,-1.2142609761451888,-15.901638287999283,1.9999999999999831,81.45291826169615,-0.5097530622087543,-1.4877398478096002,0.07243738301822736,-1.0160042915110588,1.4485836789146227,0.22621973103455675,0.4510953745891949,-0.4991875627109034,-0.2969482643308114,-0.08,861.0223594862065,664.8502655987355,511.0886535396216,580.73244533905,0.0,0.0,0.0
5.8759999999999994,-1.1315716203705677,-16.169414825448634,1.9768617506803048,0.13669563728750322,2.252736615347569,170.62373447007278,-1.1990121726247456,-15.829963983837041,1.9999999999999905,82.93536617983393,-0.5126810928070592,-1.4851087040946622,-0.07321109090765715,-2.0675620996164286,1.0440809892892484,0.15417459071898398,2.0131888724250233,0.12858338793149937,0.15963768747968027,-0.08,762.6513717141601,830.6644162320072,580.9651454912259,590.9284157496764,0.0,0.0,0.0
5.928000000000001,-1.0939443078945719,-16.09880671418544,1.9746392119192724,-6.114973651181569,5.557539310584596,170.77129200205084,-1.1804849722464477,-15.758664223343706,1.999999999999995,84.45170753272672,-0.47236730275789984,-1.416945687123166,-0.19946084756115068,-1.9403672401486631,1.1529297327700072,0.07821094960798643,3.322544848647923,0.8,-0.027444068780071884,-0.08,730.7682298915472,908.0144222506049,736.4420549463773,480.8761817607464,0.0,0.0,0.0
5.98,-1.0604948727798043,-16.032239979977394,1.9765693433954337,-9.659057196883849,8.965456298429947,170.36813417059255,-1.159409421093363,-15.687378834610055,1.9999999999999978,86.04869746814468,-0.3922506830757447,-1.305122681200406,-0.20096727041242218,-0.6064341805279982,1.12175768979158,0.00046940515708643083,3.2769608871047007,0.10323519189014091,-0.16525873129698282,-0.08,835.5997304322035,821.5273008097772,666.7681765803393,586.2001533763118,0.0,0.0,0.0
6.032,-1.033429046845157,-15.97138493866543,1.983478918513293,-10.607058412497429,11.892450395522133,169.70739544510357,-1.1368442147309215,-15.616551916265838,1.9999999999999991,87.3843146685429,-0.2847807050015557,-1.1896689943496677,-0.1063152220719592,-0.22792999528786267,0.9086914461958877,-0.06962752623989185,2.129889528020224,0.010514510211850625,-0.21204672499192412,-0.08,834.4441148275523,787.733629453511,638.5831675593855,569.3058892165733,0.0,0.0,0.0
6.084,-1.0141425468707614,-15.916315137332345,1.9942279212787735,-11.535031764462984,13.983358498776697,168.9389463402642,-1.113874076036712,-15.546654855481489,1.9999999999999991,88.57576859789003,-0.15883798190042028,-1.0727138800296,-0.01825472009991514,-0.23992505318661048,0.6178357769905374,-0.1411884400729785,0.9243361925543769,0.17649678804749253,-0.1921967772311861,-0.08,793.8717396279116,790.145181689994,635.7124773693228,515.2744888787249,0.0,0.0,0.0
6.136000000000001,-1.0032419784243811,-15.8668034260169,2.006846452735394,-12.028842399798199,15.186470022447322,168.10168594644804,-1.0917318389825899,-15.478823680816708,1.9999999999999991,89.37283074620483,-0.02038397106774867,-0.952685923876207,0.05403280737964407,0.039309481021343136,0.3450842691033972,-0.21155050845200293,-0.18697552276581686,0.22744550492707005,-0.14028064161583073,-0.08,761.5566994311399,782.7778249522049,610.7556619525981,484.52415494246793,0.0,0.0,0.0
6.188000000000001,-1.0007285558340684,-15.822436359316416,2.019408553591323,-11.424314304321491,15.664026019473095,167.2001407112377,-1.0714818605453076,-15.413649844501553,1.9999999999999991,89.86566754675852,0.12455792080482705,-0.8323968030980572,0.11262382590057252,0.4510786899072309,0.14006303653561045,-0.27982332903048085,-1.1629370980223286,0.18716973692982936,-0.08249702484675395,-0.08,739.2462097767435,765.4019407921008,569.5575670069337,472.2347648651576,0.0,0.0,0.0
6.24,-1.0061486046836818,-15.782399236299769,2.0302166616886725,-9.710525975297795,15.657943778125755,166.1936922356719,-1.0540495580926046,-15.352090244633912,1.9999999999999991,89.96442090482036,0.2708538205505203,-0.7179635218928184,0.14947412455274292,0.7983089835766318,0.012028287448450907,-0.3465337551252503,-1.8704673169519825,0.12420352833328069,-0.03303562871301499,-0.08,724.4812825842806,747.7638127528003,528.3083957879306,469.0314414429645,0.0,0.0,0.0
6.292,-1.018809420532885,-15.745554225231517,2.0379336513745376,-7.028768754809839,15.233701053567364,165.04670008910648,-1.0401282228890283,-15.294312042954143,1.9999999999999991,89.69202642015046,0.4150179919277338,-0.6162426289988847,0.16018698500624107,1.2090057750403824,-0.2150008026255415,-0.410267805548029,-2.223656839081178,0.5042292365326742,-0.45615804954701966,-0.08,689.0570455991472,702.0495471785177,677.9808499301772,313.95641395343443,0.0,0.0,0.0
6.343999999999999,-1.0378407095646403,-15.71053017775661,2.0416877003960723,-2.5380192401343398,13.636667416306636,163.82020694795412,-1.0300984870750516,-15.240740364714638,1.9999999999999991,88.14486687041544,0.5524740678633806,-0.5360146569160336,0.14837719775432448,1.7280076577900096,-0.6151597192131423,-0.4670896560802141,-2.2299008499683226,-0.26687209132270345,0.29678848162755317,-0.08,718.8108517923638,726.5928008574294,351.9770495224758,579.4952123756268,0.0,0.0,0.0
6.396000000000001,-1.0619930007642806,-15.675634915459224,2.041177800802131,1.3895914967055192,12.196318069037671,162.27826301406225,-1.024202005537941,-15.191024464766018,1.9999999999999991,86.88931531978692,0.6732486397973221,-0.4934183420401612,0.11387639630300388,1.185283611923823,-0.34416122890419587,-0.5377146391886847,-1.8777205487752409,-0.14892170280523143,0.2559734585573007,-0.08,714.3595641132597,741.9967920331436,402.31299260054226,560.4368723209343,0.0,0.0,0.0
6.448,-1.0902344937190787,-15.639382410018168,2.036872078139691,3.6309980553495875,11.860525479762634,160.5147783634392,-1.0223988794608148,-15.144758195857865,1.9999999999999991,85.51031218843488,0.7815046496300242,-0.4793691970885298,0.0819573063272829,0.7060024257722002,-0.021406021421603787,-0.5985478520128524,-1.4294975107035306,-0.017010038259749727,0.056325801930571406,-0.08,732.5596653205466,742.5804512179377,487.6334472870224,515.1304849424802,0.0,0.0,0.0
6.5,-1.1220814125280483,-15.600761132519736,2.02950061742479,4.925446575933263,12.140640987587153,158.60321041719507,-1.024420921678449,-15.101330147424372,1.9999999999999991,83.93437965243523,0.8875636780375429,-0.4776224180685734,0.065349020309958,0.5013933217583625,0.05431896139398333,-0.6560530591378528,-1.0330979147179276,0.03576125143362335,-0.10222923471277914,-0.08,754.6648766172814,737.9215653628634,538.9832145037672,488.4882933654133,0.0,0.0,0.0
6.552,-1.1573592440976297,-15.559026753708414,2.019828743427011,5.830903407948612,12.264842474896495,156.5046717241026,-1.0297804344327908,-15.060170848188296,1.9999999999999991,82.00315134685705,0.995415622354949,-0.4797566457552954,0.05987344839521298,0.4282607738316158,-0.09851126918366856,-0.7109182609677712,-0.6718809132734228,0.16010487965840015,-0.2974289922553213,-0.08,771.045123528857,736.8032539005707,601.8683549174344,436.14275927681393,0.0,0.0,0.0
6.604000000000001,-1.195832174175597,-15.513602479758973,2.008558551448795,6.853501758716307,11.474372023312695,154.13176095113897,-1.038167908612635,-15.020122372103383,1.9999999999999991,80.01043544041529,1.102261800953912,-0.4824176344390372,0.05273456558395827,0.6170055562568724,-0.6038806664428067,-0.7660498516295601,-0.24277861675979884,0.12150821818225765,-0.7541924543309655,-0.08,836.7462721179943,679.9012680231942,673.325749576764,352.30512168333524,0.0,0.0,0.0
6.656000000000001,-1.2367755588689775,-15.464030564603114,1.9964383721655932,8.521651495508795,8.274362353730432,151.2705045436164,-1.049071665367908,-14.98046127939752,1.9999999999999991,77.6358415497708,1.1955628542306234,-0.48969720827044316,0.015669583171917464,0.756728084989939,-1.604537700061734,-0.8062913470767189,0.5073212501681026,-0.18628664226011724,-0.17501467466388831,-0.08,817.9414719912563,730.195218533678,553.6477422211111,557.4620094236446,0.0,0.0,0.0
6.708,-1.278348346653956,-15.410133378534702,1.984527233864236,9.827357994893644,3.1671216253419012,147.89757632793552,-1.0621154279398162,-14.940198475552991,1.9999999999999991,75.29652265961217,1.2478613237323024,-0.5080316709372402,-0.05778293556362975,0.34591249305534644,-1.8627756744910964,-0.8586465386080782,1.6079337273813246,-0.096715563565409,0.644865145557968,-0.08,726.9053298709507,857.0217883346056,446.72826483305533,691.6559602279168,0.0,0.0,0.0
6.76,-1.3179487520093922,-15.352382519927447,1.9743741850696281,10.019487747885583,-0.6169132588883289,144.53061106387517,-1.0766874687579344,-14.898816631083136,1.9999999999999991,72.71552413672117,1.2546686093704422,-0.529002396758308,-0.09083008627565689,-0.05405147066274485,-1.1203248394398795,-0.9138479710649641,2.2570582313267917,0.029241707739732274,0.5193213257413116,-0.08,739.7049869639801,867.9941852358196,515.4571358637329,670.7888789136608,0.0,0.0,0.0
6.812000000000001,-1.3536113288215499,-15.291683904182635,1.9674659607507055,9.685557317621074,-2.089362478619421,141.41662684388535,-1.0921635817093187,-14.855643911489379,1.9999999999999991,70.4786061935897,1.2410113504203442,-0.5447160236187201,-0.057372359126880546,-0.17336779678555495,-0.38865701329206753,-0.9646822757937688,2.1513385102608167,0.0735928465689945,0.31675559199460346,-0.08,757.3399363066186,848.7215095789154,555.67225017085,632.6110463637218,0.0,0.0,0.0
6.864000000000001,-1.3846127164201258,-15.22883874012899,1.9641649740366551,9.308099882724653,-1.8615327829418933,138.44837403639065,-1.107667436958643,-14.8105121334478,1.9999999999999991,68.61833385512826,1.225803441486293,-0.5545920835133533,0.011459705571145541,-0.15055284021309143,0.07726334671143197,-1.0143590387499435,1.5840632993928585,0.05180649548395681,0.14718016603321402,-0.08,769.4791018845215,816.6478512745053,564.9023442915227,595.7965661924638,0.0,0.0,0.0
6.916,-1.411143193157499,-15.164242093308886,1.9638399660971175,8.97481756181811,-0.708292609235042,135.48370013531047,-1.1223647993646892,-14.76322798571715,1.9999999999999991,66.88103734066806,1.218427630958554,-0.5593472781763278,0.08294763166852634,-0.13272393148101716,0.29505770455404,-1.0632148264184336,0.8958213308493489,0.03711359661156717,0.028641907971362693,-0.08,772.0724897565469,787.9206107545368,563.549658777185,560.7165112847191,0.0,0.0,0.0
6.968,-1.433798559005381,-15.097957552227621,1.9653927329181988,8.57455487324919,0.7587340912701258,132.41921612710513,-1.1354336681660533,-14.713965296681721,1.9999999999999991,64.99863500481989,1.223446103969766,-0.5585754101862321,0.13770345278045398,-0.138249774649124,0.33159150037888063,-1.1107286441158715,0.31153535569063995,0.031035749421945757,-0.06337264685832997,-0.08,772.5034833232032,764.5936857788973,562.1109786325853,529.5968178007413,0.0,0.0,0.0
7.020000000000001,-1.453243242279121,-15.029916281870285,1.967724166555597,8.058427513938105,2.07950883802117,129.18495705489647,-1.1462422497076388,-14.66286687576756,1.9999999999999991,63.233061582687036,1.2421714452638297,-0.5508121852712443,0.16890265524702594,-0.15188800433339816,0.23307165505698305,-1.1563006882068927,-0.06689220060915257,0.04251687770930931,-0.12218678528812248,-0.08,770.8072567656549,751.1253471251988,563.6201362687513,505.709266094118,0.0,0.0,0.0
7.072000000000001,-1.47002941486076,-14.960068695551302,1.970019919866628,7.459210253740124,2.927593475348515,125.74286104144569,-1.1542909290327805,-14.610189292758085,1.9999999999999991,61.25567246938396,1.2725805853970438,-0.5342327569565051,0.17667806254557414,-0.14495202246873157,0.04550763446866518,-1.1994495590944065,-0.21477599074270248,0.05254885399975255,-0.13957882396238716,-0.08,768.6504053276093,747.0620097710679,564.0205051469669,495.8652714919226,0.0,0.0,0.0
7.1240000000000006,-1.4845140744742302,-14.888480486044221,1.9718488898965856,6.873954645106197,3.1325091884337257,122.08884970705432,-1.1592613844865733,-14.5562173986132,1.9999999999999991,59.341534710490606,1.30950196236143,-0.5076728184549335,0.165076019705419,-0.11726085434193219,-0.17239369745603395,-1.2401924130773456,-0.15798449650550683,0.06928496115189972,-0.12083595832079984,-0.08,765.0884868646012,752.3151522189582,564.7553196221141,497.45986329957884,0.0,0.0,0.0
7.176,-1.496833524265523,-14.815383898724516,1.97315183070084,6.466511693243729,2.6685574305406923,118.23874142821047,-1.1608925156947816,-14.501193749463765,1.9999999999999991,57.14508860742109,1.3458971553377408,-0.4712242988535599,0.1401310902992415,0.0012008050184338453,-0.4108502999396656,-1.281279830795568,0.046269356177326415,0.3751251212505654,-0.48945545278470015,-0.08,776.3037311179472,748.1050787209728,671.7338737993839,355.18826020963155,0.0,0.0,0.0
7.228,-1.5068547933519816,-14.741206486421957,1.9741275067584692,7.287852938518114,0.8854449215809145,114.1183179790592,-1.1590579898236026,-14.445562800732116,1.9999999999999991,54.98815219256209,1.3740532334865643,-0.4278318366084982,0.09878622897367693,0.535654382848066,-1.0257657702639018,-1.311604933081607,0.4216172138203025,0.13367382390389493,-0.24918090164319862,-0.08,783.752811176234,755.5393822851615,609.971944023821,477.61790205017036,0.0,0.0,0.0
7.280000000000001,-1.513736077435879,-14.666707289395227,1.975241102502121,9.272746132855318,-2.365065630385116,109.64489755073247,-1.1535568387059738,-14.389642887447836,1.9999999999999991,52.50985513564598,1.3778536531326653,-0.3939603289696403,0.03815793549642747,0.6019911682696109,-1.37606593785724,-1.3435471365265077,0.9814653750008409,-0.28268510542633424,0.4527399095669296,-0.08,761.428710983799,802.3162822840447,425.4727468982931,676.4129256747495,0.0,0.0,0.0
7.332000000000001,-1.5160119313486558,-14.593170501137536,1.9771604033445946,10.290227444707995,-5.019231460503207,105.02146256034719,-1.1443430507480126,-14.334125518691444,1.9999999999999991,50.12861046086449,1.3490051748892617,-0.376105962965651,0.00011315013536248213,-0.009760430357989392,-0.9301376980283397,-1.3902802585126965,1.294216078540747,-0.09637498517026177,0.4112957590685202,-0.08,751.4633776962175,826.4999101211788,485.79835708895325,653.3572310330018,0.0,0.0,0.0
7.384,-1.512774110517173,-14.522021719349262,1.9806595280439454,10.003138360131402,-6.006297605051786,100.53982008535102,-1.1311415791264579,-14.27947199164046,1.9999999999999991,47.52937706832098,1.301460538076411,-0.3623210619269126,0.008647063832422185,-0.345589293825761,-0.3786279840392755,-1.429821217470658,1.099959412690378,0.03368925936267296,0.2715906774082719,-0.08,749.0494882354204,822.1041523233572,530.358304649405,608.8734247994179,0.0,0.0,0.0
7.436,-1.5041946470780503,-14.454167235589905,1.9858191241105618,9.429070980538235,-5.7358659775134635,96.17215131789351,-1.1139766655738388,-14.226570256587612,1.9999999999999991,45.176150065441036,1.2507077621672942,-0.34578588333920934,0.04104179594156348,-0.24955553706883643,-0.07477807282598548,-1.4673341879830908,0.6186423198571109,0.3412553440831828,-0.1016944365459111,-0.08,747.0281382158427,805.0601812475124,627.6109377943231,476.81637044248873,0.0,0.0,0.0
7.488000000000001,-1.4909147535604006,-14.389833550245505,1.9918173406139479,9.983839449490944,-5.331471313434485,92.09128674978179,-1.1300542304682573,-14.161258939830647,1.9999999999999991,101.98343185367658,1.2022943447154522,-0.3351027834835277,0.06125911815113573,0.17519716750918346,-0.06878883213465095,-1.275175747831538,0.22957471337067503,-0.3896336980846288,0.5203377615577418,0.08,524.3039082960972,569.2425749411025,648.7377698937337,873.4956197079247,0.0,0.0,0.0
7.540000000000001,-1.4731686094402838,-14.328957719400057,1.9977261917257398,10.002559086093507,-3.9637173919127338,88.6862986983978,-1.189288866985805,-14.079386767546326,1.9999999999999991,102.02741938950524,1.1566720184668342,-0.34440373957438464,0.08974139476518307,-0.3363019166922722,0.5375835860533759,-1.1583184336424504,-0.2379373605943943,-0.3468944988151268,0.4340557346946148,0.08,518.001172487247,548.7224869034696,656.0187023139559,850.8728688244158,0.0,0.0,0.0
7.5920000000000005,-1.4512528236058078,-14.271041424265071,2.003179264151277,8.037298864697267,-0.6766272578515024,85.89404465311402,-1.2585927251119653,-13.992258887424216,1.9999999999999991,102.08506291505253,1.125650608186535,-0.35938009433287127,0.13105248931482155,-0.9152967108559084,1.1724059144368928,-1.058183896462993,-0.8169013249157016,-0.227939833280769,0.13777356152894332,0.08,530.3064086389554,497.3166912154848,698.5593430559783,790.8774980929422,0.0,0.0,0.0
7.644,-1.4262261864047634,-14.21471059437951,2.007378072290821,4.5941380333327855,3.6982923906041223,83.38361225731924,-1.3217873485885432,-13.906450313125655,1.9999999999999991,102.22167172106886,1.12267717022999,-0.36274851616663045,0.1634435434379503,-1.2445608280589489,1.4438212709825513,-0.9602748477935098,-1.2686610159126759,-0.08091140367852945,-0.10333057897773307,0.08,532.6620873591979,463.09504946284636,738.762055690914,733.0348856457488,0.0,0.0,0.0
7.696,-1.3995163315060752,-14.158081192572741,2.0094498737192334,0.39953281895372933,8.045033186561676,80.87083627405254,-1.371839934173274,-13.824456987830697,1.9999999999999991,102.29493521968243,1.1545913197532855,-0.3407146198131161,0.18074871194815156,-1.3448343234054203,1.3627598453124028,-0.8648433423732316,-1.5048400395279815,0.00135398734187675,-0.2665671938421764,0.08,542.035466898575,440.55278908663934,766.0113060076733,697.1653181074623,0.0,0.0,0.0
7.748000000000001,-1.372569707350313,-14.099236653439464,2.008780925586036,-3.944957127244739,11.488568309478154,78.3195121940346,-1.4071648855971628,-13.747466724751854,1.9999999999999991,102.37618392150658,1.2193398411517598,-0.2857125315295358,0.18835991937268462,-1.265407348638691,1.0325925870111696,-0.7722256541310564,-1.558546508286577,0.07329400954484494,-0.34623743657284156,0.08,546.474667334918,442.7329242834631,786.5454018708849,678.9086311387205,0.0,0.0,0.0
7.800000000000001,-1.3467265532322514,-14.036526048065278,2.005118843152598,-7.860639719989001,13.524049520086685,75.90597711977503,-1.4285285229578806,-13.67476910377169,1.9999999999999991,102.45048970995295,1.307595043001914,-0.19694401200677084,0.1911366521722435,-1.0330794704270747,0.566335520207377,-0.6814331279467041,-1.4691879997736592,0.13356383314853876,-0.3509868296033047,0.08,544.8284862561251,463.77872315455596,799.6984572915004,676.2652994558367,0.0,0.0,0.0
7.852,-1.3231654695615098,-13.968753060583703,1.9985476400039406,-10.827635775889927,14.006089372972589,73.8767789623822,-1.4382130387212047,-13.605600171533933,1.9999999999999991,102.52777163852078,1.4065232537852252,-0.07949637345185565,0.1877925458904205,-0.683026914604749,0.06741429710782805,-0.5916023206211772,-1.226687518922931,0.163529238743634,-0.2981383070189297,0.08,541.2862308861291,492.3210812142611,804.3238237364633,688.0098921384291,0.0,0.0,0.0
7.904,-1.3028419878111315,-13.895300777199822,1.9894736870823717,-12.475333354980085,13.080427864986122,72.39255369996336,-1.438667256933659,-13.538203368135258,1.9999999999999991,102.59420963382598,1.5028773806248021,0.05717605123009899,0.17282667033859792,-0.26511104291985865,-0.3791052026990288,-0.502290666979371,-0.7899766120388336,0.16222419463878304,-0.20686601046879596,0.08,538.8424367892795,523.0359478366396,802.3755522328398,710.6580344644766,0.0,0.0,0.0
7.956000000000001,-1.2864199091461364,-13.816182208491828,1.9786365998415465,-12.72053923118846,11.07188988488543,71.45085807852315,-1.4325707973273376,-13.471369779127027,1.9999999999999991,102.65917474972332,1.584806259544659,0.20047176163778474,0.14200764844430075,0.14620525538530327,-0.7156013439180968,-0.4143714000518225,-0.1410982723583869,-0.13136368545973287,-0.2552907682174305,0.08,609.6525397174623,475.7107035055152,784.0583452535379,753.759244193685,0.0,0.0,0.0
8.008000000000001,-1.2742461890934051,-13.73200875087351,1.9671055636653187,-12.334178467621516,8.184580710679539,70.96842951883622,-1.4221986656711532,-13.403389376016836,1.9999999999999991,102.71163031121361,1.6431906255565774,0.336712569586322,0.09520485731917709,0.0799656687614487,-1.0416197082955019,-0.3343278130666623,0.6871501721185065,0.06257579651047633,0.0674353480947486,0.08,543.2725343499781,586.5381843119615,781.7507829386743,782.9185117017464,0.0,0.0,0.0
8.06,-1.2666378032345795,-13.643895987215602,1.9561912276720652,-11.918078470732173,4.845230621569884,70.81953485250612,-1.4096473582319091,-13.333407003341469,1.9999999999999991,102.75939553094953,1.6700520883832426,0.4621557094212543,0.04759342941275964,0.33258322026132914,-1.0648674761410342,-0.2501727145432246,1.5042186898005083,0.296674343423147,0.17017190403849208,0.08,502.5129973507435,654.251953493733,810.2627063712987,780.3607320823749,0.0,0.0,0.0
8.112,-1.2639337548071345,-13.55329326035411,1.9472937144344122,-9.708723209979267,1.914693199870519,70.79060175100882,-1.396551889914828,-13.260283092733827,1.9999999999999991,102.79624988178,1.6656834265378735,0.5697295209347761,0.01188794788302971,0.991975404107006,-0.8814024621367395,-0.1625333870216582,2.1407396805357286,0.07492922176797229,0.20993747272359464,0.08,548.2684170734731,638.516502677282,788.1828319053276,819.751791212843,0.0,0.0,0.0
8.164,-1.2656483319675895,-13.461874836237602,1.9416422281950372,-6.151855853461053,-0.3038487379507241,70.76288346850068,-1.384294189471747,-13.183449724654231,1.9999999999999991,102.82025139692942,1.6376912438097766,0.6422594999353242,-0.010700124447115213,1.2700575401705572,-0.6316587114109902,-0.08211435647491613,2.545451387019012,-0.08903173155586774,0.2219381606861404,0.08,580.0775845888497,621.6595348843609,771.6718043278665,844.0360195014997,0.0,0.0,0.0
8.216000000000001,-1.2704516236895362,-13.371306634792916,1.9400325060655546,-2.4580385926501007,-1.7064643294658643,70.76133813594727,-1.373914801588973,-13.103658276350915,1.9999999999999991,102.83622486927129,1.5952524135090125,0.6735153372068139,-0.010193636639286806,1.1837677101886506,-0.35804943843021386,-0.007160393962128741,2.5949867086842993,-0.1574587839419107,0.20965367868957752,0.08,592.3444592439039,608.6841196290649,764.2852291994718,849.7999756816664,0.0,0.0,0.0
8.268,-1.2767249596735266,-13.282913181804078,1.9426941256756352,0.6282154843092771,-2.2974348387541745,70.88080883543157,-1.3660740490298613,-13.021392755388502,1.9999999999999991,102.84757960772775,1.546954743006545,0.6682447728235794,0.01733838898697009,0.9260159326017536,-0.09403570702680261,0.0649046058609137,2.2432764156416116,-0.17028564886486128,0.17860292878511708,0.08,590.4004754913414,593.0428974952272,759.6117363575247,841.5379991856162,0.0,0.0,0.0
8.32,-1.2829994640607465,-13.197471750406727,1.9492152005051124,2.8436539680325685,-2.174594516365414,71.20617326933223,-1.3610008876732238,-12.937132047297293,1.9999999999999991,102.85567888488805,1.4994883036156663,0.6348984579619326,0.0640403567858264,0.6269096486514629,0.13248375937530057,0.13544453831093417,1.5802353920792442,-0.1605537672620275,0.13725602142400112,0.08,579.3343515203746,571.7243494980704,753.4750046012427,824.436798340036,0.0,0.0,0.0
8.372,-1.288173841282996,-13.115183682491146,1.9586162338328914,4.148971584764689,-1.5165941391430937,71.77667407174798,-1.3585309252492719,-12.851722560924234,1.9999999999999991,102.86490909958195,1.4575454105839412,0.581475005004614,0.1159034542800588,0.2955881329234721,0.27565437105892354,0.2050310091578805,0.7742357011927314,-0.5198221932466764,-0.05132995794443648,0.08,644.5673938496703,448.02183040385523,715.8802659346325,829.8371677223333,0.0,0.0,0.0
8.424000000000001,-1.2916271013518519,-13.035790182172033,1.9695625782322228,3.563960244515761,-0.8168241024495798,72.54859721750881,-1.3582057697624188,-12.76604299190664,1.9999999999999991,102.87589926901565,1.4239358506859143,0.5153815639268906,0.16119685856310376,-0.5318613161814677,0.24456156664670195,0.26476065278382377,-0.017269985032019042,0.16182371181429908,0.13404325362237618,0.08,478.38775252984317,583.1773528975028,762.9938545799833,756.1181382110599,0.0,0.0,0.0
8.476,-1.293573544089637,-12.958731400707435,1.9806510025011057,1.8831171290266058,0.029514998612267154,73.50143589745822,-1.3593910652615262,-12.680806881653618,1.9999999999999991,-163.81290442231622,1.3978891482422986,0.45361401364994675,0.19122033512252606,-0.4882448364055859,0.312274802938341,0.33537801611368157,-0.6642630665173839,-0.26088259861074214,-0.3899521105174736,0.08,622.2950477227743,377.5556454548133,762.6437383446959,730.1352714081172,0.0,0.0,0.0
8.528,-1.294680356827974,-12.88333192922716,1.9906038171700802,-0.1650606137890151,0.12516662170259907,74.61250840470642,-1.3614401560643012,-12.59673036903428,1.9999999999999991,-160.91399584918653,1.3818744882937226,0.4020322854786567,0.18198645003253439,-0.9604017877244694,-0.25613787205502886,0.38725805705850636,-0.8908656704156899,-0.283551060340104,-0.5669030033869743,0.08,646.4762373819876,313.329152528786,777.0346915500209,705.1576886110158,0.0,0.0,0.0
8.58,-1.2958843836476972,-12.809269358126604,1.9987105978350632,-4.11636348840352,-2.075285153474848,75.95182211600466,-1.363833765860259,-12.51400884948897,1.9999999999999991,-157.78339270485972,1.3658825758185418,0.36935001821028435,0.1224030898969088,-1.4638030475017625,-1.0459034446994504,0.4372438454778919,-0.5656197120911725,0.0835436399503312,-0.16673716445011894,0.08,533.4271960600721,503.2546204888559,780.0111336544725,717.1582895501138,0.0,0.0,0.0
8.632,-1.299003220146172,-12.737022485420233,2.0050959741253545,-8.361469984755235,-5.700820688987433,77.77332654236444,-1.3662626264874962,-12.43303318756335,1.9999999999999991,-154.97747036462832,1.3247964240825947,0.37555704339631585,0.04116444685646592,-1.2537459271952414,-1.366183665335438,0.49625417699683005,0.026419297457491275,0.18942417622593943,0.11567919913010427,0.08,484.06307564555465,590.7882687852796,773.3040476634328,755.1637464554162,0.0,0.0,0.0
8.684000000000001,-1.3062128624877674,-12.667798851495839,2.010488350246708,-11.525451977824076,-9.344758837300905,80.05769841721994,-1.368735482451639,-12.353604123943969,1.9999999999999991,-152.18279197722586,1.2487241015405797,0.41740516952924256,-0.0161074174038132,-0.7548128835396456,-1.2760677796747584,0.5616108754291781,0.4150174419897005,0.13679178479092455,0.24122029055605007,0.08,490.2618344295554,618.4519574959992,764.362390995704,789.6285326757662,0.0,0.0,0.0
8.736,-1.3192864828088682,-12.603155093616687,2.015660139417749,-13.454387020662416,-12.17771665001093,82.56184927130626,-1.3715740882551797,-12.276164372907198,1.9999999999999991,-149.98392678846503,1.145091074422024,0.48004726662650254,-0.030811990313466014,-0.3308273429052634,-0.9796230317004507,0.6244771923079396,0.3932748841425926,0.05867074005959527,0.25183896533389405,0.08,510.0567997791133,613.92535795293,758.0758166305897,804.5538731085044,0.0,0.0,0.0
8.788,-1.3392118586181108,-12.544511505245987,2.020896727263231,-14.522901604538392,-13.95095888514713,85.0991384807655,-1.3754354348033015,-12.201236495434106,1.9999999999999991,-148.15617859573817,1.0266483520882654,0.5530829673716398,-0.01164680238345625,-0.07328798302477325,-0.6457425530847847,0.684763441026683,0.0373060151531034,0.03375376400941101,0.20149514380224767,0.08,518.4165126753799,597.6665438785321,757.5673719959302,798.1079184727332,0.0,0.0,0.0
8.84,-1.3662306072061563,-12.492808815487372,2.025904112925814,-14.985275553348098,-14.7694942841006,87.6145951372884,-1.3813099418016679,-12.128801715352179,1.9999999999999991,-147.06602721299777,0.9041779516991442,0.6319307200563047,0.021126433163944813,0.16177327381572731,-0.3699746006668255,0.7446008055054714,-0.4449562323763886,0.10636074554847978,0.1315163428518707,0.08,505.7923103701631,587.5913799658501,766.9925050391162,773.1336123912012,0.0,0.0,0.0
8.892000000000001,-1.400033734038884,-12.448464347942434,2.030040409784559,-14.536105738676797,-14.890592883513326,90.13565717586253,-1.3903114418979232,-12.05932715010097,1.9999999999999991,-146.57960154978036,0.7851726473471056,0.7127438373179233,0.04436789580043491,0.5179227211676756,-0.17335391040329973,0.8037717023332359,-0.8062417302520768,0.0992869208777438,0.18112184719494206,0.08,485.657928755727,584.2025211643672,752.1008088602877,772.2850362173891,0.0,0.0,0.0
8.944,-1.4398341394091507,-12.411539762706978,2.0326975570068617,-13.012079856852552,-14.398331737067567,92.6715501958279,-1.403078846308881,-11.99401381027938,1.9999999999999991,-147.7088262206663,0.6745878407164153,0.7885186339840857,0.04595167904591888,0.8600966510305383,0.06656103602671418,0.8615228668337368,-0.9082505925064295,0.06245679069625992,0.191947165997717,0.08,483.5248194174604,573.9754724623058,741.4450396773785,773.5805979174456,0.0,0.0,0.0
8.996,-1.4844512974037034,-12.381832931288821,2.0336054770265646,-10.62127310729876,-13.13121206648441,95.2055444195069,-1.4204791411230093,-11.933398625001699,1.9999999999999991,-149.18632791518505,0.577613254260742,0.8505318326970526,0.02846516510833505,1.0853463477480547,0.37221073877356575,0.9167131250112535,-0.7676261693775719,0.0009662583061647023,0.1784364551664533,0.08,496.1665462167299,560.0300282642097,734.1705085127084,778.2879498796884,0.0,0.0,0.0
9.048,-1.532466145158074,-12.358801219897748,2.0328941199763637,-7.755381240364372,-11.05470854572458,97.78862173702258,-1.4426101524477233,-11.878336111522346,1.9999999999999991,102.46275300108883,0.500880922781625,0.8913867055704603,-0.0005457147441649965,1.1666474949827133,0.6669620465769472,0.963336914395985,-0.46237083891174147,0.03864296852472576,0.21576639461738673,-0.08,725.9598198464766,789.095231743531,499.0841276936946,561.854415236405,0.0,0.0,0.0
9.1,-1.5823738605435895,-12.341433354685547,2.0306895120747734,-4.485989403833983,-8.169993567150954,99.96931131087504,-1.4697563414686534,-11.829127194756506,1.9999999999999991,102.34325331744914,0.44374201173641714,0.9100053716239461,-0.04274724204701004,1.3410666186669253,1.0887837462081535,0.7542534522814018,0.019898433988487618,0.3417228323501983,0.6005828973404252,-0.08,636.9913525110571,871.8079067639,491.70946789884266,582.3274115933995,0.0,0.0,0.0
9.152000000000001,-1.6326969552855648,-12.328266417428141,2.027736743960021,0.246518791529764,-3.518790395304886,101.88694256176123,-1.501373112710336,-11.786109974315494,1.9999999999999991,102.21034495551896,0.4160151179970474,0.8966018750212346,-0.0831651544471627,1.8093990764183203,1.8188396093997028,0.6586346691736643,0.5087208842205839,-0.04623471283192693,0.1156385539046304,-0.08,761.0785789560324,778.0329528208119,519.0330768230397,574.679867255611,0.0,0.0,0.0
9.204,-1.6816618824500222,-12.316881334675474,2.02501628164285,5.438287547214219,2.4034387559787684,104.0008431055989,-1.5371392936524522,-11.749138163550523,1.9999999999999991,102.088906829267,0.43492604905372323,0.8370878340746255,-0.1067282484408119,1.6230394071994163,2.073700269004152,0.5720184495635745,0.8251170648822777,-0.20283001507530302,-0.24259098888206876,-0.08,828.7870423793411,720.7060324813586,564.0616133391204,550.6505687572638,0.0,0.0,0.0
9.256,-1.7275453710425686,-12.304038957665016,2.0230533491427365,9.52551147816678,7.937678271076882,106.30682886038633,-1.576020536366615,-11.717846990325967,1.9999999999999991,101.96415469547613,0.4991889716793113,0.7388462557364563,-0.08515529777002326,1.0678401822972365,1.80123429499472,0.48399429357228085,0.6751624081394263,-0.16915900420510765,-0.3811551329320876,-0.08,842.8950822773505,709.6219391034653,595.3229319383967,524.1206240333303,0.0,0.0,0.0
9.308,-1.7692849660567915,-12.286647092617674,2.0218135408508084,12.142911132196023,12.085502356603127,108.44325389470848,-1.6171951689199338,-11.691310547327232,1.9999999999999991,101.85897775437635,0.5946894905584112,0.617856779254031,-0.025511881282448856,0.5614107869593944,1.2825400184399192,0.39452459661216577,0.1291491531232003,-0.0896218308768589,-0.364173830507734,-0.08,828.0411383698196,717.6577322714533,599.5782138711187,506.2283265656152,0.0,0.0,0.0
9.360000000000001,-1.806550367651929,-12.26250480263921,2.020658414587513,13.58512398229764,14.649919326594773,110.12117958711893,-1.6593501710662446,-11.668212567670558,1.9999999999999991,101.75785560838919,0.708463435527602,0.4857027946726441,0.04420832842887459,0.2368329376119375,0.7533759653935228,0.30707305123453754,-0.5182511924174823,-0.02830222656548545,-0.2735726471008846,-0.08,802.784232488425,728.6718525658995,584.2598458400599,499.14129346039056,0.0,0.0,0.0
9.412,-1.839452438636073,-12.230477226620117,2.0186533909878586,14.256762774547333,15.891732156013909,111.25783167550443,-1.701487773339987,-11.646797114577623,1.9999999999999991,101.67665964283309,0.8316470683260928,0.34959291664169034,0.10152856277206308,0.06518861392075802,0.3361423793322851,0.22333921299604725,-1.0169274733532383,0.00812644916309221,-0.1678440702573204,-0.08,778.4636944712457,738.8874034518307,562.6716041340425,500.4371989923865,0.0,0.0,0.0
9.464,-1.8682347614438533,-12.190230984540852,2.014954658803539,14.47784581114683,16.231520550431362,111.90988546399262,-1.7425029017661573,-11.625256242799482,1.9999999999999991,101.6014099622418,0.9577187643279717,0.21440721761329806,0.13871531393582354,-0.01225640483722683,0.0644840462958242,0.14340815436945326,-1.2640870698259605,0.008801608194921755,-0.0784014200568937,-0.08,763.1837002796694,745.8424809137096,541.568849969363,510.40175655600945,0.0,0.0,0.0
9.516,-1.8931053811160343,-12.141859975261179,2.0090560629585603,14.369953389152254,16.072392203671946,112.17882646434418,-1.7816759865496457,-11.601773748230944,1.9999999999999991,101.54314138111205,1.0819640130694104,0.08340445809283091,0.15956138712822004,-0.11976356069513834,-0.07927164642303888,0.06608477769287723,-1.2806292398585488,-0.10735832758165631,-0.016172661392810227,-0.08,769.1055330110995,738.293813415964,508.6222619506816,541.2770788877527,0.0,0.0,0.0
9.568000000000001,-1.9142432069919255,-12.085632046708033,2.000845899660051,13.490855850392206,15.71897633801116,112.15104024119816,-1.8183647846557496,-11.574850856419006,1.9999999999999991,101.49165855001357,1.201840401256255,-0.04037337687920635,0.1712841559294843,-0.42833697597917475,-0.13359655798649356,-0.011227064765423355,-1.1335903114646837,-0.11393305698145417,0.020234342597914953,-0.08,766.921015617226,743.5984869071696,502.86095633060927,550.7393377712973,0.0,0.0,0.0
9.620000000000001,-1.9320224563149238,-12.02192763379835,1.9905508875414757,11.523985549943491,15.35354006343928,111.88717734941301,-1.85220533855801,-11.543254272687136,1.9999999999999991,101.45432102795587,1.3168422291051116,-0.14968230918785938,0.1762800105883328,-0.7681939142337039,-0.13747411825885075,-0.08683472293756964,-0.8535765547465679,-0.05232111557016972,-0.0259477319056435,-0.08,768.0940812993477,748.6926957568537,527.1004311890864,536.4240966730946,0.0,0.0,0.0
9.672,-1.9471948419686052,-11.951245887140205,1.9786407960669667,8.685020933251273,14.9285015084454,111.40178375934724,-1.8829416106284047,-11.506076263953938,1.9999999999999991,101.42351099047586,1.4277091406912958,-0.23472483971095856,0.1734090280858923,-0.984965600679139,-0.20802303293769228,-0.15867094461774425,-0.44432211359953433,0.020205809805491748,-0.12546441684579432,-0.08,776.4968838141531,750.5810760092676,563.9881707078063,513.1404400186125,0.0,0.0,0.0
9.724,-1.9608302503087063,-11.87421287478032,1.9657835694913053,5.431045866583906,14.059685477428584,110.67588466681043,-1.910513503408453,-11.462783596810203,1.9999999999999991,101.40182608864154,1.5339920891822598,-0.28747284178536836,0.157797576146481,-1.041297011261234,-0.4050450661279827,-0.22595253003246385,0.1206671842760696,0.0805958639708999,-0.15334605472757395,-0.08,780.5038447134708,762.7800523785126,589.0900936118843,508.9881405022421,0.0,0.0,0.0
9.776,-1.974107200910527,-11.791658344232168,1.9528693706433689,2.2363291636625755,12.479497604007056,109.76508871398622,-1.935053255091938,-11.412961816567124,1.9999999999999991,101.38258874396116,1.6308756495748327,-0.3040432004635195,0.1293211289064263,-0.9585218272160925,-0.6459711944605496,-0.28456306744222576,0.8142129669237999,0.12273285477316095,-0.12449896494110785,-0.06457957041918365,764.1113823646652,763.6767490618192,627.6332291508942,548.6059430396849,0.0,0.0,0.0
9.828000000000001,-1.9881106179230623,-11.70468738015975,1.9409940763389981,-0.4797228502149266,10.189259785432244,108.83372366558099,-1.9568657620409158,-11.356705633346783,1.9999999999999991,101.36583701765326,1.7102422725152013,-0.28741787842801175,0.09450055020908919,-0.761815954896759,-0.8499235064201246,-0.30066456905746375,1.5373983315765174,0.14286808414082078,-0.061550955436246224,-0.04019194783161599,735.600206430574,756.0962445473386,669.2466172956325,609.1247225198889,0.0,0.0,0.0
9.88,-2.003675170388525,-11.614679432181289,1.931344522260073,-2.412582136900723,7.401142188258542,107.99876349245876,-1.9764890884529265,-11.293966855241228,1.9999999999999991,101.34578176505951,1.7646709844768096,-0.24589368440709652,0.06306211881091164,-0.494626877277368,-0.9676362962550114,-0.3014138734569537,2.156932211621006,0.13519928255771488,0.0158614322020158,-0.023341618797678803,715.7288369004676,754.3633381831205,691.2081944185901,657.9511770405886,0.0,0.0,0.0
9.932,-2.0212653986386666,-11.523195116604143,1.9250039606975498,-3.4759970460372687,4.430926274318494,107.2631238074193,-1.994502083744331,-11.225440395289075,1.9999999999999991,101.3233693048202,1.7904442559515388,-0.18924650265577028,0.04322322033212225,-0.2226552271385421,-0.9779166177442686,-0.2943353669032821,2.5575568008987974,0.11328323688330467,0.09139727741251813,-0.011368666108097782,699.9142009157537,752.8853205498106,700.6505665140129,694.7535283460762,0.0,0.0,0.0
9.984,-2.0409307119258866,-11.431824273317892,1.9227412114897282,-3.742564928640868,1.61450327380828,106.58441190524954,-2.011654259026598,-11.151413860154813,1.9999999999999991,101.29340950480918,1.7879265219124754,-0.12705166195462908,0.03967686874371893,0.014786586449100164,-0.8821373940255528,-0.28223033781788204,2.6685410869463766,0.08206854383792016,0.15314789339048318,-0.0025104444611226203,685.5902676300636,747.3094564738527,701.2223527911315,720.0259879198853,0.0,0.0,0.0
10.036000000000001,-2.0623522232258384,-11.341996385351194,1.9248651968204828,-3.370078415679227,-0.7521932659032262,105.91905035676132,-2.0285006555497307,-11.073162446970743,1.9999999999999991,101.26014852013182,1.7608718623643067,-0.0670977277680603,0.053244204570352505,0.19468944462804286,-0.6986031549830096,-0.26603180215095035,2.4717517053884377,0.05010717166047532,0.19299659221340137,0.004540402546012591,670.4725034729908,735.483710368411,696.3989567645754,733.9587974544391,0.0,0.0,0.0
10.088000000000001,-2.0849590775534974,-11.25480370514271,1.931173805994315,-2.546504637162555,-2.4512618526535053,105.2485956435791,-2.0456865501482153,-10.991234843293364,1.9999999999999991,101.2186074658369,1.7151270466750976,-0.014824194056553682,0.08088480745358477,0.3129596296933289,-0.45670081575018767,-0.246431782085985,2.0032104099526684,0.018144641531113517,0.20865753862722006,0.010306647788161049,654.502105481064,716.6915627837176,687.6582320471681,737.9047882466721,0.0,0.0,0.0
10.14,-2.108072195641568,-11.170887079327928,1.9409855611637485,-1.4672730892817332,-3.3643574458046506,104.58573228763257,-2.0634419749751554,-10.907295153091079,1.9999999999999991,101.17634064026078,1.6574035806945908,0.026455311899888395,0.11645871339189448,0.36942493717912933,-0.1901183381406895,-0.223993712679264,1.3446420450234209,-0.007953122850195782,0.20066792139423406,0.01488533453051446,638.1111786210829,692.5629115543778,677.2097403953038,732.8376508240038,0.0,0.0,0.0
10.192,-2.131037281322334,-11.090412759401682,1.9532522005693942,-0.30943786501722725,-3.4761766205626774,103.9622273035246,-2.082094808018683,-10.821896419557405,1.9999999999999991,101.12798906164096,1.5944834967147936,0.05520427963189424,0.15271356806998082,0.3744147662815021,0.06827292636024915,-0.20005388771287674,0.6004298387144051,-0.029362302437153556,0.1741014531144935,0.018001189857755503,623.3877225827564,665.6062870332404,665.8684381767816,721.0268465692031,0.0,0.0,0.0
10.244,-2.153317534373429,-11.01313437659337,1.966723142723022,0.778066059885261,-2.8631647814973236,103.4117910699389,-2.1014852004756053,-10.736637385022137,1.9999999999999991,101.03408362853125,1.5328165164488463,0.07123877811621412,0.18309563627414477,0.3371966016885752,0.29142404732198873,-0.17589448416285103,-0.12536745634842283,-0.03267649189355676,0.1350487847338741,0.018629455044355436,611.509061770322,642.209923727868,655.562790444917,702.0145611835281,0.0,0.0,0.0
10.296000000000001,-2.1745377064959337,-10.938507086771178,1.9801174789152864,1.6899249057195864,-1.6714636651271269,102.95442879912403,-2.1215966751568005,-10.651889622510147,1.9999999999999991,100.99108630121985,1.4782280614654384,0.07551856397642596,0.20307820537635793,0.27151380157787963,0.45938072563981897,-0.15310301491577127,-0.747518715191082,-0.04125201953694993,0.08777398480263063,0.018885566819473967,604.6147617915904,618.9107234267392,647.3718271194464,683.814215645985,0.0,0.0,0.0
10.348,-2.1944865271820055,-10.865813391973846,1.9922779713086523,2.3588038272157847,-0.09115271445590103,102.59141818728747,-2.1420451340815325,-10.568762459461349,1.9999999999999991,100.94724757421069,1.4355289112703402,0.06987473956408254,0.2110147214375783,0.18823708037516534,0.5614792713195925,-0.13255591405625083,-1.2129003372270546,-0.04433900935418811,0.03830078014129376,0.01801041652905059,602.837721718068,600.9517838398561,642.3274746712605,666.0748832970088,0.0,0.0,0.0
10.4,-2.2130950507501796,-10.794271523020862,2.002293095974471,2.7591047605784293,1.6708396916739885,102.30735769284013,-2.162648406812968,-10.48721314804369,1.9999999999999991,100.90972549578974,1.4080585745686294,0.05681540217919954,0.2074750600425192,0.09969165950712607,0.5942005589941789,-0.11470538578321769,-1.4978996086557208,-0.04221865492247054,-0.0072277833402926706,0.016624531341927797,605.0207317453701,589.4565802325806,641.0554487639132,651.2357985159737,0.0,0.0,0.0
10.452,-2.230406508117622,-10.723113234935955,2.0095493399449333,2.8920447706466996,3.4115802208834225,102.07899679455113,-2.1830067296372744,-10.407768159959025,1.9999999999999991,100.87240769976763,1.39731297963123,0.0391402887561038,0.19451248075919778,0.0141928404018563,0.5617579169764869,-0.099346345131308,-1.6029159353280118,-0.03634128870660418,-0.04533489247951797,0.015003615027732366,610.3753957579933,584.6787654417905,643.2295200946211,640.5956387327708,0.0,0.0,0.0
10.504000000000001,-2.2465473449231337,-10.651637683903846,2.013754290512684,2.786092581822273,4.953368918189026,101.88289648623241,-2.2029499821888257,-10.329980546115003,1.9999999999999991,100.84093116482559,1.4027915905479966,0.019662937062015072,0.17483237813191538,-0.05938807918385112,0.4744526160705723,-0.08598508881932727,-1.5449691187765928,-0.027721858701822723,-0.07208370896854716,0.013561493372168474,617.2743786288454,586.090820886937,648.2148114520727,635.2189663058447,0.0,0.0,0.0
10.556000000000001,-2.261702191948815,-10.579249400947635,2.014918001453933,2.4869043151602086,6.158433693910255,101.70284101003017,-2.222199367027599,-10.253917287288,1.9999999999999991,100.80973117931104,1.4221782199046076,0.0008399011879287564,0.15104541040462133,-0.1158412253124707,0.3474505067748659,-0.07410016884688189,-1.3498021456423326,-0.018244723531753278,-0.08637546653685152,0.012328307783842075,625.0059838272052,592.7031760597904,654.8604889400026,635.0009850559344,0.0,0.0,0.0
10.608,-2.2760919415868965,-10.50548808980255,2.01331483313884,2.0528254081160835,6.939454913593172,101.53192899370408,-2.2406880249273673,-10.178896433642777,1.9999999999999991,100.78318607718424,1.4517827912396821,-0.015434632258218627,0.1253848014007546,-0.15244701584199755,0.19855663048662126,-0.0630500516757013,-1.047907300890089,-0.008577796200397093,-0.08736976356468551,0.011302894400462856,632.6721485415708,603.489341401116,662.0949713821594,639.3319183625655,0.0,0.0,0.0
10.66,-2.289953244243625,-10.430052522665237,2.0094303425272293,1.5449804951735715,7.264701913446465,101.37172537292217,-2.258298785061365,-10.104729281424882,1.9999999999999991,100.75630178543935,1.4871479459708916,-0.027958485997070286,0.09976478749630775,-0.1689710073311051,0.04641912344620107,-0.052835464541382715,-0.6734153108370348,-0.0002526412281664836,-0.07700843945359798,0.010352573730552952,640.0902914215475,616.9819441626147,668.9299263147416,646.9995071417529,0.0,0.0,0.0
10.712,-2.3035189884506804,-10.352816188942136,2.0038985413994306,1.0222610281780558,7.154766555308542,101.22815423837022,-2.2750945756630965,-10.03062433092755,1.9999999999999991,100.7307161728302,1.5237055403425193,-0.03619662535459188,0.07581278576194664,-0.16771389247550744,-0.0923191311834815,-0.04333626403064399,-0.2624164192848248,0.006663080448934877,-0.05716378436611852,0.009346863872210768,646.8800600517163,632.0335435291145,674.6325113777393,656.6058193328076,0.0,0.0,0.0
10.764000000000001,-2.3169998296680263,-10.273830300615248,1.9974324668964827,0.5330488298567929,6.67494268102622,101.1073011196194,-2.291160454101648,-9.955959400586087,1.9999999999999991,100.70767070916216,1.5573547010070103,-0.04019554611011452,0.055110755723044816,-0.15199805974765734,-0.2040309276217286,-0.034865921029947435,0.14688571830525887,0.011347027037331682,-0.031034841271303848,0.008299573521300056,652.7984870489544,647.1039939443458,678.7882641944127,666.9472548562364,0.0,0.0,0.0
10.816,-2.330568911257331,-10.193308529884503,1.990766818753385,0.11373155921653756,5.924793145139547,101.01250172038772,-2.306496686932101,-9.880947647325605,1.9999999999999991,100.68467138430451,1.5849113617473363,-0.040438988025479995,0.03945415952390604,-0.12638205154649693,-0.27925502213252845,-0.027417807331894452,0.5134656906448538,0.014191928301678376,-0.003635496879586808,0.007089968889096226,657.8747419959606,660.8844196385847,681.2153951587574,676.2777563671326,0.0,0.0,0.0
10.868,-2.344351146628033,-10.111595694293644,1.9845745454948633,-0.21491673471879855,5.018808738506422,100.94272202659458,-2.321226365559349,-9.805332681252926,1.9999999999999991,100.65931927645292,1.6043906639655756,-0.03767545858290663,0.030028949393610966,-0.0952377015957836,-0.31570338936586123,-0.021348060191972322,0.8042055884991927,0.015077016629267987,0.021982826327129834,0.005818319873051523,661.8165261176212,672.2611021191528,681.8652883787767,683.7665824933772,0.0,0.0,0.0
10.92,-2.3584190606894433,-10.02911983913231,1.979411007733703,-0.44476500795281837,4.070303496612907,100.89368353605958,-2.3355262302079387,-9.728730293470235,1.9999999999999991,100.63516858199827,1.615015576482764,-0.032764670364878526,0.027508463036576912,-0.06280882429983288,-0.3153064642302342,-0.01647532069297315,0.9947333494720998,0.014738011090693705,0.043769916239025056,0.004578546805845589,664.253554424682,680.6105915353032,680.8172685966897,688.7870928951143,0.0,0.0,0.0
10.972000000000001,-2.372794946157756,-9.946337351007898,1.9756647154363842,-0.5788596188989908,3.1805820649222887,100.85944300689155,-2.349547598036195,-9.651027912034229,1.9999999999999991,100.6079373459205,1.6170683362087577,-0.026556809969061002,0.03172380230993379,-0.032141988966224624,-0.283390685750003,-0.012865605075604896,1.0742332667676802,0.013355168260651456,0.060050571392295186,0.0034285695044486784,665.1461869281468,685.5791483167842,678.2144481880272,691.0365553545822,0.0,0.0,0.0
11.024000000000001,-2.3874588008570385,-9.863678081806075,1.9735168729005461,-0.6542947011407203,2.4056642710266454,100.9111224360291,-2.3634203816460664,-9.572267535916644,1.9999999999999991,-122.60479193072548,1.6116921723561854,-0.02140434976163611,0.04006047860404098,-0.04910304064252245,-0.26328341958373647,0.06450667847202088,1.0624584564943966,-0.39673987585677983,-0.33741679039235384,0.08,673.518595181845,421.42233934641393,772.6070159119885,786.9091939194698,0.0,0.0,0.0
11.076,-2.4024051900930807,-9.781538230618265,1.9728620321170305,-1.8758038916705189,0.9081759498171612,101.31066512334543,-2.3772704222892576,-9.492498637912217,1.9999999999999991,-121.70988522082934,1.5991859295365791,-0.02313777236628622,0.029345081980703035,-0.7548938781065548,-0.7563388323561824,0.15353636987967575,1.1897691946500206,-0.282458148427315,-0.40913008115603633,0.08,670.237779342978,434.96342869588295,797.1706113851583,766.7166855239198,0.0,0.0,0.0
11.128,-2.4181080465706426,-9.700776508009563,1.9738343408267887,-5.239503938749296,-2.420605487875678,102.06990054184236,-2.3911581793366325,-9.412073874898704,1.9999999999999991,-121.28424658866052,1.5664509278129448,-0.010456648611845913,-0.024835027077741725,-1.2438000859138607,-1.3331332613202906,0.20695375431001542,1.6910193826571784,0.18846976985757435,-0.041198276353860974,0.08,555.260813832085,603.0639818391893,819.5351240964263,765.0402030592574,0.0,0.0,0.0
11.180000000000001,-2.435774257056455,-9.623305838751698,1.976913120977467,-8.469664367088805,-6.597842265570938,103.33046248052052,-2.4052172713410527,-9.331116071812994,1.9999999999999991,-121.35775982999371,1.4966001318574693,0.03150171876092921,-0.08038639889962067,-0.8482998429378708,-1.4590961992060105,0.27761233654025963,2.138337747244173,0.22835549776981645,0.19080617071408867,0.08,525.9244170331049,658.9341409084417,809.2688681081532,800.4987120244434,0.0,0.0,0.0
11.232000000000001,-2.456494429879591,-9.551592401116103,1.9827775745357243,-10.260178007030262,-10.40724982693363,104.95018314101077,-2.419647765588969,-9.250078733708207,1.9999999999999991,-122.11688295249712,1.3902236184626005,0.09073953357411599,-0.09473494588084685,-0.344218488433291,-1.243755044732533,0.3480856039052613,2.0927283823056357,0.03440597727930167,0.2755057246790459,0.08,550.8059104769442,648.0036403902316,780.2467652552157,836.3219766570693,0.0,0.0,0.0
11.284,-2.4806067712458715,-9.487834577604179,1.991634452327777,-11.141143619970128,-13.220217846216173,106.70091785984653,-2.434847905486459,-9.169558086681858,1.9999999999999991,-123.48734104712584,1.2591554322388325,0.15544857429514577,-0.0655295263924989,-0.026364776019109047,-0.8861374632904688,0.41686068186053815,1.5243970040026213,0.1735245864597537,0.26174168045642865,0.08,518.8033210494938,657.8827043117311,791.7455384027063,812.4217718275381,0.0,0.0,0.0
11.336,-2.5078481230322915,-9.433416026980176,2.0028953024767673,-10.832404760605813,-14.914765435719673,108.47720577566383,-2.4510123421576666,-9.091439396413099,1.9999999999999991,-125.47233250790231,1.1155281665982029,0.21915587211825532,-0.015572151335555551,0.42127192134180735,-0.529046501247816,0.48487671745421307,0.6754257638282385,0.06513469192409702,0.199020880485954,0.08,527.5791287198361,614.5386659156592,771.5510861727981,803.5110607497835,0.0,0.0,0.0
11.388,-2.5374136291819385,-9.388726187485277,2.015376089707153,-9.554555528874548,-15.673966617523403,110.26547259321127,-2.468523746257028,-9.017036636824782,1.9999999999999991,-128.1998324132048,0.9678151709411467,0.2754230033690505,0.028141228662562294,0.6675069543136248,-0.24765884899127588,0.5496148224493866,-0.15194077549203,-0.018036867666327477,0.12427487598730272,0.08,531.375071634154,567.717503700546,753.684089157885,788.3822162301217,0.0,0.0,0.0
11.440000000000001,-2.5681951454381635,-9.353381980913715,2.027693331738241,-8.093941639324001,-15.794847225683963,112.12293728814839,-2.4879087493858214,-8.947107559901598,1.9999999999999991,-131.0788752667477,0.8216996310508154,0.3206278028605527,0.052163018029761796,0.5764242906635856,-0.06673336249067928,0.6105370237312947,-0.7817794715347265,-0.1830962296504264,0.060072105368173374,0.08,551.9220315107971,508.2941426503416,726.8002719836754,787.188556395222,0.0,0.0,0.0
11.492,-2.5992161856815756,-9.326679930298953,2.038638309231917,-7.492509331203869,-15.487917825308749,114.09465001422677,-2.5094281531334506,-8.882645669595744,1.9999999999999991,-134.36471364391403,0.680905096148902,0.3571041337085244,0.060637431144150454,0.26933546585657236,0.08874823889012629,0.6686076854290544,-1.216059567472444,-0.03791624565407371,0.2228450978589024,0.08,481.8493373602003,549.2803562293996,714.4121450245306,780.017035103014,0.0,0.0,0.0
11.544,-2.62997474571624,-9.307931611985051,2.0473363198819703,-7.18569364759067,-14.623043397048027,116.16958456074109,-2.532722115823163,-8.824834292189298,1.9999999999999991,-140.42869701977142,0.5492614174064826,0.3924670254350046,0.05749173009649169,0.38808312850106735,0.23561437027973658,0.728133923421246,-1.465236447079221,0.14267565995701978,0.033469724225452496,0.08,473.5835481399559,538.9889305265257,755.239573413583,727.5487787114444,0.0,0.0,0.0
11.596,-2.6602004991072303,-9.296403796953737,2.053260384644577,-5.8776848816745195,-13.581068061425764,118.40535436936412,-2.5576738321982124,-8.774168907612733,1.9999999999999991,-143.00339135233335,0.4307247338248411,0.425555436239509,0.03401154580208775,0.758064675171948,0.3032028603438509,0.7863139765655148,-1.4269585039873856,0.01187728290146306,0.147946124036947,0.08,474.9933897736418,534.5181219096878,722.8735541740814,757.4336683893405,0.0,0.0,0.0
11.648,-2.689374344384626,-9.291245842287797,2.056320227007258,-3.8621037311631845,-12.121405005488603,120.79207133844841,-2.583730022687788,-8.731064152145684,1.9999999999999991,-145.4517826773508,0.3269777431478533,0.44683250237583383,-0.0011114525673481927,0.8870505394198476,0.5163440568478556,0.8411125341170121,-1.1833631866445684,-0.06626460970793985,0.17048961049855774,0.08,489.74335977741987,528.2380134550567,712.317331868562,772.276874171537,0.0,0.0,0.0
11.700000000000001,-2.7168454168874367,-9.291396721803697,2.05682579561501,-1.7890672844841524,-9.998159228175393,123.3407482722252,-2.610649162481557,-8.695514519487936,1.9999999999999991,-147.35592788676672,0.24255538288864648,0.45165416694768173,-0.036182143745265606,0.82591729421086,0.7733164802787386,0.8936865217028485,-0.8588051742374623,-0.08108345595973993,0.1105189531431296,0.08,509.80797739201614,520.5491559135786,722.4125972592035,770.661554258143,0.0,0.0,0.0
11.752,-2.742142743772698,-9.295541194399375,2.055301952640241,0.041741250363734404,-7.296096878863056,126.08714335807717,-2.637841481973613,-8.667341249297392,1.9999999999999991,-149.02036024699453,0.18289941866164086,0.44068073392594487,-0.06612404809050285,0.7016598923538095,0.9599786981467172,0.9444849769691099,-0.5196691915035261,-0.07579058328447996,0.019458372478154295,0.08,531.8693967417831,511.5712023962396,739.493659749806,763.3235695672759,0.0,0.0,0.0
11.804,-2.7651164292523815,-9.302178991065931,2.0523304837338903,1.6079136954387792,-4.343959994043827,129.04802660178882,-2.6649824576071683,-8.646124783551217,1.9999999999999991,-150.29716945763735,0.15095591627700825,0.41595213851360524,-0.08885305708139137,0.575358026909432,1.0185365486072828,0.9933731530932566,-0.20486502885287028,-0.06728700591420847,-0.08060559442681814,0.08,554.3511889082373,501.6972395245328,757.936844181819,754.626195793457,0.0,0.0,0.0
11.856,-2.7859123063465545,-9.309764051095888,2.048463436494569,2.957479155889446,-1.5503996571114396,132.20993347945608,-2.691633204709206,-8.631235081509486,1.9999999999999991,-151.18226028938088,0.14555071979952378,0.3790841164005035,-0.10249747879641621,0.4607297602873433,0.9359947449775369,1.040383209949604,0.04969883978755063,-0.06722434028027208,-0.1594370304679516,0.08,573.4995944418974,493.64049337485716,772.0675910628313,749.2782865600185,0.0,0.0,0.0
11.908000000000001,-2.8048646000335196,-9.3168628480805,2.0441666411756123,4.116459557534819,0.6997709253996144,135.5355078764,-2.717300163175888,-8.621781807780033,1.9999999999999991,-151.843837347795,0.16144472545072702,0.33123168739216,-0.1061703536248301,0.35016872161801593,0.7356195776329449,1.0856828760176973,0.2204897578056626,-0.07159225332463304,-0.21053963651052304,0.08,587.1564284427378,488.54461905040205,781.2150729828523,747.030869753465,0.0,0.0,0.0
11.96,-2.8223616415964323,-9.322301309931513,2.0397858152250565,5.05123146581891,2.135717964045971,138.97484643879346,-2.7416190127897018,-8.616713743531019,1.9999999999999991,-152.3704709271595,0.1906382714387838,0.27368444966505157,-0.10109034167259572,0.23662739302470212,0.45752501638936804,1.1295431387882633,0.30842220760750516,-0.08145741996821151,-0.21900084315801702,0.08,592.9810943929334,488.5277318026484,783.2379976871973,749.4983364772189,0.0,0.0,0.0
12.012,-2.8387235959586623,-9.325272770055713,2.0355378558593884,5.696898684237873,2.6291432737682814,142.48054242580415,-2.764527918398538,-8.614945311404506,1.9999999999999991,-152.72596220149745,0.2239901344664393,0.2083382857172956,-0.09081713693626667,0.11550472987270659,0.15554780883004288,1.1721708272665667,0.3414492613560475,-0.08742622035916468,-0.19944857664768678,0.08,592.174950788289,492.758655603403,781.192797517687,753.7530580204386,0.0,0.0,0.0
12.064,-2.8541128115469427,-9.32538521293087,2.031535954885567,5.982210470822823,2.227585580477245,146.02732251847794,-2.7859542284523764,-8.61531204324592,1.9999999999999991,-153.00129498981747,0.2527331548566793,0.13801859283957787,-0.07950582886423879,-0.001745436942924396,-0.107802076435159,1.2134676569519685,0.356661450272051,-0.04323709122790733,0.22479434151370395,0.08,512.9829439076899,575.6856444055547,734.4092058881845,800.0826048459073,0.0,0.0,0.0
12.116000000000001,-2.8685179541897536,-9.322626998676238,2.0278104267923314,6.021797305192952,1.8515052891118717,149.70120917274377,-2.8059793369348136,-8.61674026859238,1.9999999999999991,-153.16347368131542,0.27178509541431667,0.0660564967835198,-0.06818897739456685,-0.045866581895854144,0.1888568453717686,1.2559337416357275,0.36319472770074523,-0.12359334669369905,0.18008588134479436,0.08,535.5216029819014,554.9987625104536,729.9151820647063,804.3347779347689,0.0,0.0,0.0
12.168000000000001,-2.8820308336595404,-9.31707149994737,2.0243617613999465,5.758332469559621,2.5762616696989347,153.6140711625266,-2.8246572165591695,-8.618266282182525,1.9999999999999991,-153.23552477210833,0.28815107706898624,-0.005541983403567191,-0.05146390532153404,-0.19928295951619493,0.3994401436681172,1.2966198804105082,0.3080788087354833,0.0333326026657735,0.12006354563571153,0.08,516.6731642181508,569.7591773933709,756.2707528179297,777.5312351506245,0.0,0.0,0.0
12.22,-2.895165634432431,-9.308708231046264,2.021152893258246,5.451977490035155,3.573814017876112,157.67117322165254,-2.842093853068899,-8.61912501741039,1.9999999999999991,-153.22762615581016,0.3065817821562926,-0.07453232088097764,-0.03482248756759981,-0.1563722751497682,0.5732110771951863,1.3369528814018925,0.2462979801209283,-0.16287494883068881,-0.0867232874567804,0.08,584.0151708239988,497.22127617703154,756.5033287330839,775.196120479812,0.0,0.0,0.0
12.272,-2.9086288040955375,-9.297557497327643,2.0180798613031787,4.929493532639647,4.815236648869355,161.8726825311568,-2.8584062132481303,-8.618707279931366,1.9999999999999991,-153.18741092388197,0.3301977967256007,-0.14178696874067015,-0.019285288377750436,-0.38530152367394666,0.39180405449312217,1.3799261897016462,0.1911622696928719,-0.11293159892884497,-0.7572708627336229,0.08,675.613092440443,359.5436257790467,840.5084613235791,681.317686776322,0.0,0.0,0.0
12.324,-2.9231512709721152,-9.283799432124539,2.015032895386199,3.772704362909551,4.0311351049343145,166.0287656690343,-2.8737827813521206,-8.616581591922731,1.9999999999999991,-153.18917224132593,0.3532035764733835,-0.20365400522957827,-0.018465422141616464,-0.555152074934819,-0.5724742870945898,1.4193723479380256,0.2795669476872561,-0.05688744978098598,-0.5276593281057484,0.08,635.7764510765325,429.4554430721195,821.7571249297806,705.8912772590189,0.0,0.0,0.0
12.376000000000001,-2.938683276355418,-9.268153236708141,2.0121399136181743,2.2646583408610845,0.5584089695992966,170.14706085995354,-2.8885239567076186,-8.612410925338459,1.9999999999999991,-153.318119297183,0.3531988299288452,-0.2539544061193634,-0.03679901642260247,-0.5562999979558657,-1.377893032061078,1.4523367419268518,0.550892709936358,-0.04867873985208984,-0.145300254415068,0.08,580.5609165403301,513.9242662000498,781.7994568744401,758.2099529745872,0.0,0.0,0.0
12.428,-2.953960019098013,-9.251691115889374,2.009620589072947,0.5918083390409359,-4.242253572446755,174.2181004799885,-2.9029223801295645,-8.60607135872779,1.9999999999999991,98.84805720409831,0.31132902864495576,-0.28665957255356983,-0.06409542943146389,-0.4770390504051981,-1.6099498918741677,1.313551045304252,0.8982529180954654,0.44471857456761976,0.634025161675118,-0.08,633.4972354588033,898.28067835434,525.4175719628682,589.2704855631549,0.0,0.0,0.0
12.48,-2.966999582724169,-9.235407294638444,2.0075789777141377,0.11373411645566077,-7.9110833491151995,177.8932117265229,-2.9172240533881846,-8.597563026193942,1.9999999999999991,98.79985412350159,0.23045624895278713,-0.2993493636309995,-0.0628851162838612,0.4322278734538473,-0.8480862936204365,1.181933249719854,0.9511449372049883,0.4887442999740509,0.8,-0.08,605.4018878138103,922.5277998800709,507.74920258062343,612.2386301462388,0.0,0.0,0.0
12.532,-2.976138777245891,-9.219403175317389,2.006642605544224,2.813317371702466,-8.404227139719294,-178.74718570506286,-2.9313417659955987,-8.587184450537425,1.9999999999999991,98.76310064552304,0.13402805905939208,-0.3139587615540071,-0.01590426587809302,1.3779556961950772,0.35529296923296216,1.0672796451379898,0.5203207892816348,0.006715135728980415,0.8,-0.08,667.4626763990756,865.3425296866508,394.42287567303555,673.6698886403005,0.0,0.0,0.0
12.584000000000001,-2.98126293085256,-9.202285220449744,2.006560866739864,6.639087006084323,-5.440442816944622,-175.464643804109,-2.9449325410131832,-8.57524108500743,1.9999999999999991,98.73627602495158,0.04722546811120263,-0.34935089492788035,0.03558519647378221,1.340331452437048,1.5312023694641739,0.9582125039443353,0.018049798086429203,-0.1506800414008999,0.3106201466809212,-0.08,742.8981558581994,782.3250276609219,450.31402546553073,613.3708527438502,0.0,0.0,0.0
12.636000000000001,-2.984075038095719,-9.182310313735151,2.006570327503402,9.577560366950694,-0.16456789838850555,-171.978781858297,-2.9574259695641936,-8.562097144342664,1.9999999999999991,98.72317249565143,-0.007405277014156203,-0.40998340302382863,0.06498264065974263,0.8107120402387343,2.0779105848162187,0.8628273530322096,-0.27065764027740236,-0.15037288549934813,-0.13133442856246325,-0.08,792.2006237950524,722.263549547097,527.8090235371595,534.5470079075411,0.0,0.0,0.0
12.688,-2.9873229017890197,-9.158486083799001,2.005987615770477,11.103519645779379,5.41409695617903,-168.4985889230343,-2.9683736233726408,-8.547667037472367,1.9999999999999991,98.71587428672032,-0.015703123291977848,-0.4901895110755882,0.07588443190810434,0.2272367738195132,1.9683392246781135,0.7702644898041557,-0.35920542322361637,-0.09110660006113472,-0.33443930863560606,-0.08,809.9294747199481,704.2639262930045,573.820018467385,487.6273412641789,0.0,0.0,0.0
12.74,-2.993780550273314,-9.130731827379398,2.0044798982376886,11.37282588472413,10.003310062859295,-165.37349848661168,-2.977658574158625,-8.531839739371154,1.9999999999999991,98.70769451321665,0.021796055056696607,-0.5795535622718597,0.0825418224995985,-0.2261486819149822,1.516765923066129,0.680063590772572,-0.37657080106281793,-0.053146332239589866,-0.3626483437659038,-0.08,811.6155590534518,708.7933679100452,588.452117845385,479.48760644953643,0.0,0.0,0.0
12.792,-3.0056408226908644,-9.099641846730735,2.0019557569293087,10.921618703476966,12.987288885988383,-162.8411086072375,-2.9857071958399675,-8.514023819744306,1.9999999999999991,98.68854238569503,0.09512322566649431,-0.6683858374903401,0.09195647707841563,-0.25956692801076375,0.8237035589653686,0.5820113254412659,-0.38839214464722294,0.27949846188245786,-0.8,-0.08,825.8253447268011,697.3433233031402,703.2868582806634,297.89127406292835,0.0,0.0,0.0
12.844000000000001,-3.024210647309049,-9.065999159060514,1.998378958541937,11.100172891370347,13.353755016483914,-161.09150015606826,-2.993297436343597,-8.494035338196111,1.9999999999999991,98.59705627775635,0.18870789019964918,-0.7542575909691467,0.1128520379819481,-0.07404416628084183,-0.11021395185145395,0.5099067864989971,-0.4789405046360622,-0.3954859297716884,0.03248447977709079,-0.08,806.5526717035677,716.969174003547,457.5689930621912,608.5055718200587,0.0,0.0,0.0
12.896,-3.0496538531782584,-9.03014713666029,1.993702642340701,9.935534600986777,12.36411797590112,-159.8564622891402,-3.0016556726506125,-8.471420825581427,1.9999999999999991,98.52268888592607,0.280850299588994,-0.8411236610248508,0.11168406881187383,-0.7997337425210304,-0.28032326093070525,0.42383764723527434,-0.3179647955264554,-0.18790467981737385,0.014888199649570388,-0.08,785.0811295441265,742.4965352657181,503.23115566241586,574.0107093626906,0.0,0.0,0.0
12.948,-3.0813910781249643,-8.992656533396172,1.9882364121606166,6.745064733699619,11.33789881191945,-158.86111817608466,-3.0118491649243038,-8.446305338673,1.9999999999999991,97.99960929877192,0.36439060148601476,-0.9128195947073383,0.0758688643104238,-1.3026453301589205,-0.3083944197401987,0.34061962619991004,0.20800608654785324,0.04640242752204632,-0.049039990357643476,-0.08,771.3189539541534,770.6758395325098,565.6126419859567,532.9473925616363,0.0,0.0,0.0
13.0,-3.1185351397555294,-8.954823240599024,1.982693066587906,2.874721520545068,10.186942750851488,-158.06630939682688,-3.0250804961563227,-8.418523453699127,1.9999999999999991,97.15983180687225,0.43957120378591147,-0.9506454203423559,0.028643168234848655,-1.3266966896855992,-0.40741847860462227,0.2612322151555003,0.8485398934114434,0.16566080313700882,-0.07315389927079033,-0.08,769.3262279828965,791.6084125985791,601.4039512753105,521.4368772863983,0.0,0.0,0.0
13.052000000000001,-3.1600013700056273,-8.918210516169015,1.978057130754286,-0.5526543808239476,8.73033995891647,-157.44053371921683,-3.0419450218463386,-8.388503913825055,1.9999999999999991,96.13475016097941,0.5051253004924132,-0.9513359975132495,-0.004460992882028249,-1.0665008380878243,-0.5370809022085324,0.18545472616052552,1.3219907552282077,0.2009598557093696,-0.06294328548339301,-0.08,771.23305086939,804.17182162057,614.7325711460605,527.894884478453,0.0,0.0,0.0
13.104000000000001,-3.2045410736350664,-8.884151374681581,1.9752031463309234,-3.039422164872281,6.939210479613093,-156.95432036967017,-3.0630628563093354,-8.356504581955011,1.9999999999999991,95.10735820916582,0.5586557859598005,-0.9224573617487767,-0.014914213509797821,-0.7115470033871197,-0.6476444840565695,0.11178492264187559,1.5167818065001293,0.19398007595470265,-0.03311775403292569,-0.08,771.2709911012023,809.5310114669178,612.6421285364137,538.4658097110407,0.0,0.0,0.0
13.156,-3.250830863284947,-8.853461887216259,1.9746153363730732,-4.49731478206369,4.9023039561687405,-156.6106932915179,-3.088352106159715,-8.32336336192841,1.9999999999999991,93.93774608092613,0.5981180589832081,-0.8741254979115307,-0.006878942480353592,-0.36416428360181863,-0.7106157312415116,0.039078571191060354,1.4581305255259838,0.17549225521747575,0.005313441583516931,-0.08,767.085902777832,810.1855782812605,601.6154168250373,545.8541466164485,0.0,0.0,0.0
13.208,-3.29760357066292,-8.826372542707555,1.9763413394612228,-5.015473349083705,2.770534592502826,-156.4420298742745,-3.1177833051361405,-8.289744303059786,1.9999999999999991,92.83426879722619,0.6223427189158898,-0.8153674343654643,0.011241156438696095,-0.060018153177687085,-0.7142259810768787,-0.03305675519086094,1.2267414648396224,0.15065021094590347,0.0443729600365155,-0.08,760.3407174052678,807.1204530816988,585.0625136581855,549.8542471270383,0.0,0.0,0.0
13.26,-3.343765347410009,-8.802610585040851,1.9800773947344583,-4.7415396952419195,0.715376899084566,-156.4909306816481,-3.1507272618744646,-8.256595202418271,1.9999999999999991,91.6419317357011,0.6311540779865614,-0.7536411860679271,0.03216727091868478,0.18650643895740426,-0.6591349230672645,-0.10457780511462592,0.9035253721996233,0.1267912952293459,0.07912503435317567,-0.08,752.2516225017032,802.0620714712915,566.6498852544225,550.609102026952,0.0,0.0,0.0
13.312000000000001,-3.3884715773460323,-8.781549473732202,1.9853061075767224,-3.8313686828375393,-1.0983831760205747,-156.79171144817255,-3.186669708081528,-8.224555880157538,1.9999999999999991,90.5656242031542,0.6254817799268461,-0.6950751671535131,0.051398324164093824,0.3752370773582089,-0.5529325231108809,-0.17528786824401263,0.5490181655991767,0.10050511533130815,0.10620021401150453,-0.08,744.8789319796559,795.3378758935053,547.8786840364019,549.8293493084911,0.0,0.0,0.0
13.364,-3.4311592763507814,-8.762360382256416,1.991411002431189,-2.451197811937399,-2.5282309790081348,-157.3591413336618,-3.2247181085928363,-8.194238017846798,1.9999999999999991,89.44346452920342,0.60745952434305,-0.6446559342187481,0.06665472555389462,0.5032961968619143,-0.40754499717307746,-0.2449638141733254,0.20518151839466314,0.07548483836327982,0.12291513197687683,-0.08,738.981460618517,787.8379515586385,531.0487986903347,547.5817894233276,0.0,0.0,0.0
13.416,-3.4715453185958536,-8.74414101064387,1.9977690061832576,-0.7653061533699522,-3.4693534694029737,-158.18438548262648,-3.264161142335488,-8.165895590553085,1.9999999999999991,88.4577503769398,0.5803966711847728,-0.6061368940420981,0.07739465466635057,0.5736071994713943,-0.2386420210158003,-0.31338936696216474,-0.10280787776197253,0.050494012509913366,0.12791701676964692,-0.08,735.4195901346478,779.6932140369154,517.073565816767,544.4950089276068,0.0,0.0,0.0
13.468,-3.509602832622868,-8.726010871918566,2.0038097303920024,1.0553515717515183,-3.865381120013912,-159.2391267322718,-3.3041584222291256,-8.139617269290376,1.9999999999999991,87.4484276744634,0.5485589429250736,-0.5819292505901589,0.0837394263043511,0.5904209079190075,-0.06342375620892625,-0.3803125340031873,-0.3579224842116468,0.02713210953676623,0.12061145163330975,-0.08,734.4061337223434,771.2985501961961,507.04219461463765,540.5908261417679,0.0,0.0,0.0
13.520000000000001,-3.5455236330502333,-8.707176976660676,2.0090502058416506,2.867121035417647,-3.729873233467773,-160.4866069837801,-3.3440776687474947,-8.11521906904637,1.9999999999999991,86.56941650015968,0.5167879722927055,-0.5729646633397135,0.0860358200602249,0.5797139971866934,0.078239047982099,-0.44600241984318945,-0.5481081805408057,0.3110540755641677,-0.2857672592582584,-0.08,746.4465157180961,752.7880291156551,617.7958269354959,396.58156723821367,0.0,0.0,0.0
13.572000000000001,-3.579656938882553,-8.686939799913187,2.0130678152308725,5.2529585763155975,-3.889730704751168,-161.95207496828883,-3.383356468954949,-8.092358128368842,1.9999999999999991,85.66790269195029,0.48931935133017246,-0.5794861718538931,0.08453735758978626,0.8888456802631591,-0.2724612413021371,-0.5066418016989661,-0.6623009175570203,-0.19686957040692435,0.03779856539414567,-0.08,767.9758540944164,727.9964976359759,472.55209347700236,558.1547613675896,0.0,0.0,0.0
13.624,-3.6122434112017565,-8.664387217710773,2.0155428264026267,7.520887328183848,-4.678208887907754,-163.67709800969277,-3.4216062420973468,-8.070574682175122,1.9999999999999991,84.87487517210218,0.46105879912444125,-0.6075294655827763,0.07607430127478301,0.5334805646873677,-0.2401775963896994,-0.5713431171863458,-0.659158166009771,-0.1560193554123745,0.3917635398533691,-0.08,719.6691296232541,778.8192915173381,408.4130455488299,610.5393802551172,0.0,0.0,0.0
13.676,-3.6432501391581362,-8.638592759528708,2.016427423072004,8.44785665905243,-4.273032844982361,-165.45571770845999,-3.458614454914504,-8.04926810488664,1.9999999999999991,84.05521329787766,0.43145483328117773,-0.6516658557368555,0.06858815406332472,0.10809020714537428,0.2509050521068809,-0.6334640183949022,-0.6148878293782263,-0.05083067207234567,0.2523824539163774,-0.08,725.5194393231609,775.9887392995981,463.47080302519777,573.4179982728693,0.0,0.0,0.0
13.728,-3.672859506401829,-8.609252068627436,2.015885534881482,8.454267848234108,-2.5475132837497787,-167.21531052111956,-3.4942048646940407,-8.027839025532606,1.9999999999999991,83.33561480879467,0.4128246319376133,-0.7000955869827592,0.06335752231492041,-0.10297142025506693,0.6158864618384209,-0.6921072738511194,-0.5471751513325726,0.002178280711369822,0.09406474032494394,-0.08,739.8897949433732,763.9520007603832,505.7609200500395,538.8338013912913,0.0,0.0,0.0
13.780000000000001,-3.7016802108676967,-8.576584079949999,2.014075652846089,8.040363790509439,-0.11074182980835702,-169.04756914684754,-3.528379030825377,-8.0055252540518,1.9999999999999991,82.5889286288696,0.41568593060942777,-0.7454640307090914,0.05914777332915146,-0.17451967352317982,0.7640889745192021,-0.748479607235575,-0.44891311883435464,0.013855654112977976,-0.03160741989118471,-0.08,755.5905958120425,751.160957647072,532.6019557695937,516.3056218246903,0.0,0.0,0.0
13.832,-3.730593430222401,-8.541016005226277,2.0111730617685537,7.42108948084668,2.4353911700842383,-171.04930711904382,-3.561180248989015,-7.981700821492965,1.9999999999999991,81.85916310919696,0.44442621858015785,-0.7838351801477754,0.056320119045001046,-0.20146898449004608,0.7299865246548449,-0.8022465610644239,-0.3291771339737601,0.021770674906738584,-0.11656412132890309,-0.08,767.2656209822192,743.6772135241256,551.7428224463999,502.40282103072565,0.0,0.0,0.0
13.884,-3.760532278973684,-8.503002769782558,2.0073784303335365,6.665686858040086,4.636468733141894,-173.28148635690465,-3.5928328537690857,-7.955797536605023,1.9999999999999991,81.43441626637362,0.49798669938541584,-0.8124742470404627,0.05546115151524259,-0.2058789653919161,0.568172637738578,-0.853373841052219,-0.20007140512667154,0.024947045523945083,-0.1606298661063645,-0.08,774.9282181370436,741.2821957860692,563.4106974158506,497.6523171214691,0.0,0.0,0.0
13.936,-3.79229741169959,-8.462955504283483,2.0029173905854343,5.812885602841915,6.208282995962818,-175.76563141371685,-3.6233065666909923,-7.9279441177512044,1.9999999999999991,81.333532587365,0.5715048822888581,-0.8292795386003599,0.05610779747660253,-0.20234971373718008,0.33755565508473223,-0.9022758777179728,-0.06422285820668128,0.03592290006980442,-0.17128296875026344,-0.08,777.7461485885112,744.3090563965727,570.9060153116243,498.0238652953643,0.0,0.0,0.0
13.988000000000001,-3.8264342747001505,-8.421222699485552,1.9980362348645744,4.926958288152936,7.025138810122345,-178.4908845475813,-3.6532405402825554,-7.8977187601619,1.9999999999999991,81.21706462877717,0.6580354641176075,-0.8327436403120091,0.056814281386599164,-0.17662443425149474,0.08669298689192653,-0.9493167187130492,0.0846989710784466,0.04934545982012493,-0.15540650661459815,-0.08,777.0921993008293,750.9960875439466,574.4245370014266,502.9714372165919,0.0,0.0,0.0
14.040000000000001,-3.8631742300239926,-8.378090423507906,1.9930027466644988,3.991181577838132,6.984734251986267,178.56636430026674,-3.6843740129426945,-7.909888322714827,1.9999999999999991,81.21706462877717,0.7499723651165033,-0.822352704020112,0.05388408203524701,-0.23722136858583526,-0.2586086213532108,-0.9950715749795472,0.27437970729203953,-0.04668115099309013,-0.6575109478557386,-0.08,849.3074029669137,675.6912950132347,641.3345016563245,426.202127541396,0.0,0.0,0.0
14.092,-3.902347815000849,-8.333859482350151,1.988124860162063,2.5652126982044128,4.953876385687964,175.3892943295898,-3.717913163158858,-7.973646736984512,1.9999999999999991,81.21706462877717,0.8364059591787267,-0.7963061702087467,0.02357573697312902,-0.4597542349773141,-1.1165606664449632,-1.0364262147674024,0.7276266565926652,-0.04381460067063622,-0.44854898915728036,-0.08,832.197636861339,712.3429727282688,619.368678249276,481.08654485570656,0.0,0.0,0.0
14.144,-3.942947894160349,-8.289108717199275,1.984009626445588,0.5748945954116484,0.44839029658794805,172.10724004009603,-3.752895922903444,-8.04749511079511,1.9999999999999991,81.21706462877717,0.8914057248487064,-0.7496459385777519,-0.04488162738241132,-0.7145668375226127,-1.749928789494594,-1.0742899429307233,1.5305755274864632,-0.0005533561468546444,-0.007159275786131403,-0.08,789.1862946228289,787.3469300409113,574.5825944763802,572.4171936923824,0.0,0.0,0.0
14.196,-3.9829422061061996,-8.244941319633112,1.981702762062235,-1.770190608598912,-4.992718054677588,168.88580003478725,-3.7893027369590486,-8.111367263788372,1.9999999999999991,81.21706462877717,0.8922451511956812,-0.6783426442234407,-0.11372450155223728,-0.8884791144616324,-1.7889423020318216,-1.1151462943538881,2.27972728004921,0.07588689263029014,0.24698935345349188,-0.08,764.6361360263714,840.2764052020037,566.3380735792407,620.5404497013943,0.0,0.0,0.0
14.248000000000001,-4.019871827937529,-8.203020067309406,1.9823658736733014,-4.053991305105523,-9.932913457576342,165.7074720449926,-3.8266347651834813,-8.157983655787831,1.9999999999999991,81.21706462877717,0.8390866941457086,-0.5847835487798116,-0.1403863909966299,-0.8947016713663265,-1.4408978082060582,-1.15612156775062,2.520758210227548,0.13832074900761226,0.33040375811138845,-0.08,755.7261708976233,864.4967006527319,575.0360981910466,634.7333946160173,0.0,0.0,0.0
14.3,-4.051600118845581,-8.165266403460349,1.9866286575646759,-5.799201495305138,-13.659577874540263,162.42751507425606,-3.8646361932027893,-8.186028601806504,1.9999999999999991,81.21706462877717,0.7457923535612384,-0.4784443964975925,-0.11237795285860741,-0.74053560426541,-0.9516104322203107,-1.1968808633880965,2.111004068056805,0.16438448173692252,0.30620963168505205,-0.08,752.8354089908944,862.3784514302096,579.7457591759171,624.0424720190973,0.0,0.0,0.0
14.352,-4.076828610712304,-8.133327313993465,1.9942021549468079,-6.678239172469046,-16.04314156927721,158.9086917630496,-3.902233061565933,-8.19797762939856,1.9999999999999991,81.21706462877717,0.626235842399955,-0.37065977996139476,-0.04774535537031584,-0.4992276239561086,-0.489449519114736,-1.2381254682853642,1.2363409655930742,0.15470916556330266,0.2334034483189101,-0.08,749.6533721699852,841.3702917119789,572.4390056140812,597.7241309144256,0.0,0.0,0.0
14.404,-4.0951865631796505,-8.108155939130732,2.003955739380225,-6.62393022626432,-17.277111085628146,155.10331173391816,-3.9384943102623358,-8.197228598107495,1.9999999999999991,81.21706462877717,0.4899549960273622,-0.270556402377846,0.023699046767277743,-0.252597921139833,-0.13495078580052108,-1.280159946203243,0.2248559472855355,0.12330521746575905,0.1514343787205006,-0.08,745.1259059215146,811.4863305958953,555.9779655729095,565.4092215919986,0.0,0.0,0.0
14.456000000000001,-4.106958712936272,-8.089949007853189,2.0143242651885678,-5.790716629491682,-17.667541268251874,151.0456628859053,-3.9724483929322667,-8.187469803826062,1.9999999999999991,81.21706462877717,0.3438498290289924,-0.18483352507082557,0.0783947813184238,-0.057095249675714735,0.0942601921938274,-1.3226269725165012,-0.6426777479605928,0.08440396381672546,0.1051286170993001,-0.08,738.0563507461675,784.8491746579294,532.9163582556922,540.1777157436115,0.0,0.0,0.0
14.508000000000001,-4.112708721994344,-8.078375642323634,2.0237807228216687,-4.4443868080862945,-17.443633255731637,146.79558697729124,-4.003089788982457,-8.17229323796705,1.9999999999999991,81.21706462877717,0.1938332653894836,-0.11864972929460607,0.10663840699017027,0.06218871128269281,0.2752317669188743,-1.364874683341124,-1.2224061234088026,0.04623376897224035,0.20163711799545453,-0.08,717.27773910198,779.5400073784058,489.29405707590445,545.7450956898168,0.0,0.0,0.0
14.56,-4.113039276178725,-8.072849944890478,2.0311703406334067,-2.8738551626567435,-16.41766693314064,142.38985221086457,-4.0295379418394734,-8.154872036457155,1.9999999999999991,81.21706462877717,0.04600300267270695,-0.07555507896337219,0.11014369741088015,0.10730987046194951,0.5539624923778161,-1.4066259168741309,-1.494167236353539,0.010254874326342915,0.23311032454167888,-0.08,709.9723051816254,771.7265575138719,464.1708053463354,547.0323782060523,0.0,0.0,0.0
14.612,-4.108598926695641,-8.072647900142064,2.035858786089013,-1.3729487244954985,-14.345625706084531,137.88695444816244,-4.051273405206036,-8.137560101491273,1.9999999999999991,81.21706462877717,-0.0905288692027023,-0.056567616653417994,0.09225271950471081,0.08822304268487273,0.8801384735317317,-1.4467895671014896,-1.4703271860515423,-0.02081447871516993,0.196267135689226,-0.08,716.3545778234242,761.0066475376608,461.38507935935843,542.6741314584259,0.0,0.0,0.0
14.664,-4.100172084160256,-8.076899283642078,2.0377259757287636,-0.21532545350085655,-11.25961489142477,133.35465141848232,-4.068004438022369,-8.122107607327717,1.9999999999999991,81.21706462877717,-0.20396910093403614,-0.05943119841666985,0.05671620025366483,0.01751999868300409,1.1626630909440832,-1.4845069919603338,-1.1836586047724857,-0.04127806772688518,0.11256848776555373,-0.08,732.336532490812,750.4137465328722,477.84426665569003,534.9568676771676,0.0,0.0,0.0
14.716,-4.0887108748454954,-8.084573400660888,2.0371075870751953,0.4006384132394196,-7.445620131949096,128.81682530577777,-4.079692339446,-8.109620285814053,1.9999999999999991,81.21706462877717,-0.2831215707045944,-0.07840541250777706,0.01058844573197453,-0.08463197723753155,1.3354150681805765,-1.519781590426115,-0.7138654334931335,-0.04639452236023934,0.005514999680739874,-0.08,752.904832363966,742.6275488682157,506.91254906884797,525.8112172406189,0.0,0.0,0.0
14.767999999999999,-4.075317935495858,-8.09448785559295,2.03467772562902,0.3865588944488786,-3.3457425915515233,124.23973800802592,-4.086516892961809,-8.100703102493197,1.9999999999999991,81.21706462877717,-0.3210742736215032,-0.10507164908264355,-0.035552090442319446,-0.19141086264234639,1.363037011656789,-1.553160443151833,-0.18601833031707088,-0.03473342939095629,-0.10215034557868002,-0.08,773.0417995676304,739.0044897239569,540.4374558994382,516.4542783406697,0.0,0.0,0.0
14.820000000000002,-4.06119031883612,-8.105355031447587,2.031272274881191,-0.22895402840669316,0.5440071254681227,119.56162298849992,-4.088851407209352,-8.095518879531197,1.9999999999999991,81.21706462877717,-0.3175708441687478,-0.13014748025168923,-0.07076674148214764,-0.27407216435351434,1.2419488311497555,-1.5852840866617404,0.2660761350630084,-0.008787071912100736,-0.19077010157775132,-0.08,788.5969402654734,739.4964547402672,571.0687755016015,507.6386510709214,0.0,0.0,0.0
14.872000000000002,-4.047522043845337,-8.115880578793716,2.027679222680171,-1.3093855139054407,3.7705382976781086,114.73770488362725,-4.087256389231114,-8.093870028783988,1.9999999999999991,81.21706462877717,-0.2789369882264826,-0.14560098336883442,-0.08786305531905339,-0.3090805135222179,0.9958586373205363,-1.6165678617227752,0.5468065413650887,0.02585732878775983,-0.2460355001852435,-0.08,796.8897978433923,743.1353007800637,593.5431506985068,500.0663546728182,0.0,0.0,0.0
14.924000000000001,-4.035375647604979,-8.124908096062176,2.0244680561334514,-2.61994026637049,6.002003424779483,109.81765426704199,-4.082450555491203,-8.095264569429002,1.9999999999999991,81.21706462877717,-0.21596676753758767,-0.14602927750201888,-0.08611339220277582,-0.27543546067103697,0.6677310343208467,-1.6012198778129059,0.6308510096629657,0.0584401008475448,-0.26091600153689953,-0.010775093473580698,713.7849122107158,658.3018920935742,701.4770858740384,609.916059778939,0.0,0.0,0.0
14.976,-4.025550012237572,-8.1315709435856,2.0218716204570897,-3.749585565560116,7.096176292511195,105.12978745513534,-4.075261644558485,-8.098999772545122,1.9999999999999991,81.21706462877717,-0.1414608074504948,-0.12930499280300328,-0.07117358339111493,-0.13200887750312393,0.30882576817661095,-1.4942250463966646,0.5661676147530155,0.06009806670186578,-0.23631558889980758,0.04617703023551375,632.4781731294545,577.7316216446347,769.049551993065,692.8135997422477,0.0,0.0,0.0
15.028,-4.018467319716513,-8.135383785340757,2.0198955912006293,-4.340505389176943,7.100507395650518,100.86942193915407,-4.066592045492367,-8.104238204470853,1.9999999999999991,81.21706462877717,-0.06683115741087807,-0.09887581469878519,-0.04982655295023432,0.057021801310226175,-0.031123029266858233,-1.359414725348972,0.4190075827184773,0.0387246588841037,-0.18070439129789537,0.08,572.496147654574,523.8032618084632,796.7267123140853,743.1499420717123,0.0,0.0,0.0
15.08,-4.014135385474556,-8.136273172342337,2.018413213579055,-4.3185217741702004,6.207652225217984,97.07213566682145,-4.057316614612632,-8.110111342412829,1.9999999999999991,81.21706462877717,-0.0006992661058392349,-0.061023936919537856,-0.030512602654552228,0.21592560869372718,-0.3067949198118841,-1.238790669525362,0.2760947986732232,0.014944132173424524,-0.1090845552368869,0.08,560.1044541643809,527.5621196644482,782.1748769371005,751.7744647988142,0.0,0.0,0.0
15.132,-4.012234998125272,-8.134549892789607,2.017229405702481,-3.816205913142997,4.6985515218838,93.65332152875291,-4.048234622924954,-8.115815877743856,1.9999999999999991,81.21706462877717,0.05106208193466447,-0.022075968275329642,-0.018622244309594322,0.31394464665088245,-0.48891010619995035,-1.1330871280996626,0.19645924221478958,-0.0002567972822683645,-0.036587743409689094,0.08,547.008518814226,534.1960262780213,769.1446973041404,760.2129590522457,0.0,0.0,0.0
15.184,-4.012272385000608,-8.130815146690693,2.01617870794805,-2.981185700530556,2.886150366148872,90.55425509328211,-4.039980361798521,-8.120673189824714,1.9999999999999991,81.21706462877717,0.08509289778109469,0.012822947287639181,-0.014483531971547465,0.36907844621212105,-0.5700752480373857,-1.0313718625541055,0.18858822564924896,-0.01358867644098058,0.026152347125134368,0.08,537.0307346050959,541.4108771946634,758.7850118427004,768.5679202344735,0.0,0.0,0.0
15.235999999999999,-4.013699075589637,-8.125833384789043,2.0151900835001992,-1.9299313926308974,1.0620918816176617,87.73175833820731,-4.032990122552523,-8.124237910957834,1.9999999999999991,81.21706462877717,0.10072757597410716,0.039795333140714005,-0.015020734892048512,0.39258264223244865,-0.5601586990855089,-0.9326163048719339,0.22460676614574457,-0.029672791912172675,0.07300990690277193,0.08,531.8348862959402,546.9390914460889,751.1016407505449,776.376606841432,0.0,0.0,0.0
15.288000000000002,-4.015973002874887,-8.120409911030993,2.014278262812022,-0.7783917263662452,-0.5397944279673415,85.16201788849952,-4.02750922946019,-8.126244835886645,1.9999999999999991,81.21706462877717,0.0997701144935657,0.05637561050416209,-0.016561147609866787,0.3841724992636719,-0.4797423563220805,-0.8365231422866148,0.2680526729160673,-0.04743172702594782,0.10163565020309652,0.08,530.8604684799251,549.7204715603649,745.9498010697657,782.6160760467034,0.0,0.0,0.0
15.340000000000002,-4.018590254193504,-8.11528779509811,2.013496257128866,0.3477355319243286,-1.7613773067667327,82.84115376983195,-4.0235762749722195,-8.12671461613383,1.9999999999999991,81.21706462877717,0.0858100602574176,0.06167081756704481,-0.016567471890327666,0.34264950554809076,-0.35330575809873854,-0.7428728457874806,0.2923650806987642,-0.06329606606822546,0.1120114256446059,0.08,532.6455813129888,549.5702574857626,743.2192546011624,786.3126077781017,0.0,0.0,0.0
15.392000000000001,-4.021109230929989,-8.111067777016736,2.012888253268263,1.327934006409886,-2.524317101158676,80.77822184681139,-4.021112037882498,-8.125791143072082,1.9999999999999991,81.21706462877717,0.0633361739605164,0.056322368809010356,-0.014222628472578224,0.2723656383864176,-0.20607684789191386,-0.6515022850042944,0.2881184737712794,-0.07433262979262618,0.1064907952822737,0.08,535.7502640206924,546.9179761333127,742.6589586833882,787.1015712465534,0.0,0.0,0.0
15.444,-4.023171380167337,-8.108155808937303,2.0124632020057036,2.0688140279600273,-2.8238633724424282,78.98473461193177,-4.019890723423797,-8.12382925826213,1.9999999999999991,81.21706462877717,0.03691527189409581,0.04220639896447283,-0.010154973275343577,0.18316204079118292,-0.06070338673442867,-0.5623216146242802,0.26117476761776415,-0.07921235451437525,0.0889026624720382,0.08,539.2017008106166,542.5696879886348,743.9205357915641,785.2554815244689,0.0,0.0,0.0
15.496,-4.024514996162862,-8.10674279316499,2.0121928401336557,2.5182277734396985,-2.714116910020101,77.46606678544195,-4.0196471176791535,-8.121213822767148,1.9999999999999991,81.21706462877717,0.010597055213560944,0.021981561513929153,-0.005691969413991088,0.0870625046983763,0.06475928967343028,-0.4753041587365999,0.22543525654991114,-0.07807982604668384,0.06404829689436359,0.08,542.4461379562898,537.561340268146,746.5607233036422,781.5309897313153,0.0,0.0,0.0
15.548,-4.024979446148667,-8.106815883330492,2.012026655582696,2.668312738583435,-2.288724850053326,76.21814778897925,-4.020056217311546,-8.11838727343398,1.9999999999999991,81.21706462877717,-0.012442351838089585,-0.0013808206719674216,-0.0020766824855167287,-0.004125390262815795,0.15859051871125537,-0.39045349116496536,0.19468684262834796,-0.07212039368923429,0.036571680772386254,0.08,545.2539631015391,532.856611553855,750.0984143515404,776.8616452737144,0.0,0.0,0.0
15.6,-4.02450016836166,-8.108194487509142,2.0119126547044037,2.5496734330928654,-1.6599389548639578,75.2293825185234,-4.020807910047899,-8.115740243071805,1.9999999999999991,81.21706462877717,-0.030063853948616416,-0.02501678770896863,3.206430603440765e-05,-0.08101838104431827,0.21562324931270416,-0.3077710742740315,0.17704155825771806,-0.06304326656681669,0.010355930112891168,0.08,547.5405066776545,529.1418123666895,754.0286466138928,772.1114288032758,0.0,0.0,0.0
15.652,-4.023096707894089,-8.110580432484065,2.011813441925283,2.2196842336324654,-0.940816528933874,74.48520660785114,-4.021609836071126,-8.113589636031332,1.9999999999999991,81.21706462877717,-0.04118494060119608,-0.046502007062203636,0.0006501626240305806,-0.1375475757664516,0.23610773796473702,-0.2272290814008134,0.17353618344253072,-0.05263134576822637,-0.011699619421464441,0.08,549.2341078580787,526.7549226913992,757.8465577586805,767.9329678188635,0.0,0.0,0.0
15.703999999999999,-4.020856644554594,-8.113612477730836,2.0117124006986846,1.7501082372767103,-0.23250247092837628,73.97236589695633,-4.02221162218537,-8.112160934515407,1.9999999999999991,81.21706462877717,-0.045692446636848585,-0.06407449542153028,0.00026943380785903707,-0.17118368639890175,0.22466788521273284,-0.14877795905274058,0.1798817828531507,-0.04246350430721679,-0.027845573761312963,0.08,550.2623844920544,525.6935092165705,761.1076982660362,764.7097641687188,0.0,0.0,0.0
15.756000000000002,-4.017917491642832,-8.116918019273168,2.011611319215456,1.2140574826938424,0.3865963289320191,73.68135931594462,-4.02242933947295,-8.111548288615209,1.9999999999999991,81.21706462877717,-0.044262736266325,-0.07673047462166929,-0.0004677372935659692,-0.18288915633526295,0.18924435701794357,-0.07234631941149164,0.1897267018229124,-0.03360424112693189,-0.03762329948655837,0.08,550.5907627583513,525.708888523019,763.5295396846451,762.5393497330956,0.0,0.0,0.0
15.808000000000002,-4.0144482381108295,-8.120156293411108,2.0115220152907325,0.6776922663300269,0.8642622537328131,73.60654214811012,-4.022125277622307,-8.111763617443705,1.9999999999999991,81.21706462877717,-0.038113701746946754,-0.08419273672950371,-0.0010508717564987528,-0.17538773656246937,0.13843484740320783,0.002140239503985271,0.19769114653533687,-0.026899213809805575,-0.04126811205992076,0.08,550.2546200391297,526.4507416485346,764.9367907641592,761.3972883768467,0.0,0.0,0.0
15.860000000000001,-4.01063131817311,-8.12305031171371,2.011457324657638,0.19404579420077178,1.174389060366456,73.74480120860368,-4.021242968994497,-8.112703887166745,1.9999999999999991,81.21706462877717,-0.028752767367484826,-0.08679636401955995,-0.0012335677674569661,-0.1533266505820362,0.08097504097674593,0.07474900282181948,0.20094980668839166,-0.022673813346475426,-0.03968561324900604,0.08,549.3611081023685,527.5903104318367,765.3329035864828,761.1427617736338,0.0,0.0,0.0
15.912,-4.006646009593143,-8.12540618943684,2.0114249153619643,-0.2007608210936643,1.3145697314277018,74.0938166503732,-4.019757246899773,-8.114226950070496,1.9999999999999991,81.21706462877717,-0.017747281354573353,-0.08531492196174344,-0.001020323088827284,-0.1218394618915121,0.02454720865447743,0.14553518027898252,0.19930038152235785,-0.020881689183855877,-0.034197733160617305,0.08,548.0913830405468,528.8622045502445,764.8626012587515,761.5826882986688,0.0,0.0,0.0
15.964,-4.002654474150241,-8.127119664405171,2.011424750302436,-0.49010682088544105,1.301021476879728,74.63719373680591,-4.017696776436288,-8.116141507868456,1.9999999999999991,81.21706462877717,-0.006529245541114547,-0.08077209047802614,-0.0005985161089857103,-0.08839065426905598,-0.024941862847743197,0.2006864246892956,0.19457844238336358,-0.020176415448869278,-0.026223955085700686,0.05827947810875041,581.6768991547498,566.4823555766716,737.4405296818001,735.8972496410477,0.0,0.0,0.0
16.016,-3.9987933267520286,-8.12817091293657,2.0114459372985047,-0.7053425728823913,1.1617456830457644,75.2787749975638,-4.015167208134172,-8.11822807000675,1.9999999999999991,81.21706462877717,0.003810921254987089,-0.0741552468359343,-0.00029939267159871576,-0.07126940569703741,-0.06368017602810207,0.22191105184968762,0.19037621919222342,-0.013169451746435634,-0.017112244044575196,0.037601019621425896,610.7266875516198,601.3332525230402,710.9826774123958,709.93939477406,0.0,0.0,0.0
16.067999999999998,-3.9951802724759036,-8.128607671537706,2.0114785108417705,-0.8868581241595253,0.9322036627726411,75.95841317224001,-4.012271246642056,-8.120293847654407,1.9999999999999991,81.21706462877717,0.012422455366882752,-0.06599920102438281,-0.00010547699056205526,-0.060656217817369386,-0.08962850239584039,0.2287288349996258,0.1868398861507767,-0.0024756792309968655,-0.00804487769224501,0.02131785320614437,631.6009511280254,628.4617806254092,689.8711246572756,688.351831589631,0.0,0.0,0.0
16.119999999999997,-3.9919236154206788,-8.128523917919045,2.011518143366444,-1.0305275487366745,0.6506327558638516,76.64123788694292,-4.009111790992778,-8.122187031908975,1.9999999999999991,81.21706462877717,0.018739901343795128,-0.05659772172793792,1.3755962395129235e-05,-0.044032170227273335,-0.10254476398165938,0.22546896826480803,0.1838080531772691,0.006531607422353428,9.999490912263043e-05,0.008587569977370896,647.1976700121489,649.1210939172321,672.8408430179276,671.0414460587893,0.0,0.0,0.0
16.171999999999997,-3.9891158628463423,-8.128042017359336,2.0115612141395065,-1.1151366680501713,0.35307249268097485,77.30117611299187,-4.005808112397884,-8.123790322902009,1.9999999999999991,81.21706462877717,0.022511788142977687,-0.046344402391227404,8.849838967129621e-05,-0.020358270170410336,-0.10353395185170007,0.21474347934480348,0.18110021822606906,0.012016303501800805,0.006749066898515933,-0.0009977637536474266,658.800196080501,664.1333907919377,659.4604069350931,657.9571690404636,0.0,0.0,0.0
16.224,-3.9868206143828537,-8.12729744393205,2.0116040740072427,-1.1265308009910566,0.07051661444140295,77.91955229355767,-4.002477587306063,-8.125035615482627,1.9999999999999991,81.21706462877717,0.023768142037905227,-0.03579611929736834,0.00013953874256523785,0.006142014670440737,-0.09458776115005858,0.1989212007337366,0.17862912250806978,0.014308897303196861,0.011570604082196925,-0.007906913611704328,667.2562579025716,674.5080942764372,649.3881277183909,648.5949339979242,0.0,0.0,0.0
16.276,-3.9850635675586177,-8.12642487590044,2.011643095210197,-1.063891341035849,-0.1728356753453036,78.48385021052054,-3.9992493847756934,-8.125900640021376,1.9999999999999991,81.21706462877717,0.022768834549400967,-0.02558475610769595,0.00016443580158407214,0.030916851957706208,-0.07820448826023603,0.1799730160231596,0.17653463857197682,0.014326322840586825,0.014429836589037695,-0.012593351801273762,673.1921612840731,681.1750996620617,642.2894306638931,642.3197273664346,0.0,0.0,0.0
16.328,-3.983830753858772,-8.125546141803481,2.0116749481981215,-0.9372371224827716,-0.36058261143431575,78.98749969950389,-3.996195275201565,-8.126385899852785,1.9999999999999991,81.21706462877717,0.019942239456018522,-0.01630800324107004,0.00015242121792405643,0.05093112432862553,-0.057272226706108785,0.1596211452412377,0.1750288960273999,0.012958043824110844,0.015488059858965822,-0.015540611701664597,677.1846247892481,685.0359630785648,637.6818026121995,638.4272274045258,0.0,0.0,0.0
16.38,-3.9830728108191416,-8.124761074311785,2.0116970453400103,-0.7627703471210927,-0.4843631577213981,79.42813916906749,-3.9934151169436434,-8.126541250112876,1.9999999999999991,81.21706462877717,0.015818829522249205,-0.008451176108729171,9.377825534112756e-05,0.0646731139308053,-0.03450990187600109,0.1389033190738479,0.1742901831835705,0.01080037539939856,0.014969433426168514,-0.0170736880213235,679.5955284432468,686.6870431747313,635.2112424395492,636.4438843631903,0.0,0.0,0.0
16.432,-3.9827129316613754,-8.124141958705257,2.011707833583297,-0.5594309294300286,-0.5429533170615104,79.80671401442429,-3.9909787830745524,-8.12643567357636,1.9999999999999991,81.21706462877717,0.010967359521380317,-0.002345659552445645,-1.0641836996567773e-05,0.07170203851124804,-0.01230084267273571,0.11875283978185443,0.17436030541982017,0.00831453945609473,0.013177999878937214,-0.017546443169729916,680.8131355028349,686.722183530074,634.4185118046122,635.8580243401244,0.0,0.0,0.0
16.483999999999998,-3.9826565256705675,-8.123731509228511,2.0117070181767227,-0.3461779912826557,-0.5412294034205742,80.12648802003255,-3.9889243021145107,-8.126143228953998,1.9999999999999991,81.21706462877717,0.005938623646250605,0.0018456911751231631,-0.00014772470491270182,0.07240211453001472,0.007427705616802329,0.09975809385610772,0.17512077005758628,0.005829255722423911,0.01047785882970636,-0.017236852067411764,681.1202183599204,685.6062657076255,634.9034922051189,636.278430161601,0.0,0.0,0.0
16.535999999999998,-3.9828010950237336,-8.123543987356603,2.0116954919549674,-0.14019470384331315,-0.4887506564658094,80.39209896224632,-3.987263722141942,-8.125744483923912,1.9999999999999991,81.21706462877717,0.001218838605873853,0.004121982125337463,-0.00029667623507167133,0.06761174177282321,0.02328056221477019,0.08229143346528081,0.17633989144371703,0.0036051073237331754,0.007242063660511682,-0.016372983258991697,680.7330939353229,683.722091430166,636.3152546459224,637.3888432237786,0.0,0.0,0.0
16.587999999999997,-3.983045315539071,-8.123568809199018,2.011675033822317,0.04430848700326588,-0.39818479338297463,80.60889674482846,-3.9859853313948808,-8.125312521856179,1.9999999999999991,81.21706462877717,-0.0028048024859667303,0.00462415354051621,-0.00043497157393039006,0.05853466300757659,0.03443928030644045,0.06659464272045351,0.17774065849451268,0.0018047422466717401,0.0038272581706336756,-0.015150684455518709,679.8368879653585,681.3924943060038,638.3332137646776,638.9285747495501,0.0,0.0,0.0
16.639999999999997,-3.9832966620332195,-8.123775875503702,2.0116479166767762,0.1968348668643629,-0.28388295607634384,80.78250485921467,-3.985053143516026,-8.124909927364516,1.9999999999999991,81.21706462877717,-0.00586531946900209,0.003604847548587775,-0.0005436326015901098,0.046515178420185044,0.04056016388384891,0.05274101086994688,0.17906493230942255,0.0005319332855819731,0.0005846863407777732,-0.013710934959193472,678.5509164013775,678.8602037784018,640.70842478712,640.723902980986,0.0,0.0,0.0
16.692,-3.9834771726726768,-8.124121885990997,2.0116164596215946,0.31110092882616874,-0.16018251502712041,80.91839051143394,-3.984417458287675,-8.124585497423494,1.9999999999999991,81.21706462877717,-0.007824296237738743,0.0013926664316574935,-0.0006126497442826139,0.033018050489885195,0.04190414294435412,0.04071293993848653,0.18014085911830038,-0.0002248118107494295,-0.002242433600395029,-0.012158766633100032,676.9782620687299,676.292780310065,643.2459542092247,642.656024543495,0.0,0.0,0.0
16.744,-3.983527106385651,-8.124556852199092,2.011582686432268,0.3849286847822833,-0.040106163367028554,81.02183680593673,-3.9840138588045035,-8.124367930332976,1.9999999999999991,81.21706462877717,-0.008665675780231709,-0.0016465293043674647,-0.0006409682895595518,0.019359592651883195,0.039063651997972244,0.030475573723313887,0.1808936497162394,-0.0005141082630069297,-0.004453929745394368,-0.010589300427434088,675.221977469437,673.8373842805528,645.7703538476409,644.6224038588222,0.0,0.0,0.0
16.796,-3.9834065160686585,-8.125030161867743,2.011548153892926,0.4196973511806905,0.06550504218602102,81.09778268196204,-3.983774429326825,-8.124273638018531,1.9999999999999991,81.21706462877717,-0.008480166901664624,-0.005145136678946774,-0.000635358811681393,0.0066406333467748015,0.032925068851935566,0.021905728923519753,0.18134001298735175,-0.000419447606495346,-0.005936006002873212,-0.009059469981585617,673.3530081516834,671.5763026971639,648.172205101221,646.5702395395458,0.0,0.0,0.0
16.848,-3.9830949901597625,-8.125495737605533,2.011513903475122,0.41965831467469766,0.1487408546706974,81.15081556647381,-3.9836306941595208,-8.12429840174086,1.9999999999999991,81.21706462877717,-0.0074420843147087485,-0.008763527285976867,-0.0006072731093379674,-0.004291505958258236,0.024551778695564123,0.014866771491098996,0.18155891679046188,-5.039645622821544e-05,-0.00664787238755979,-0.007613287123695633,671.4408725092717,669.5628493979681,650.3702419596154,648.4604167392752,0.0,0.0,0.0
16.9,-3.9825898861650297,-8.125915930703949,2.0114805456643925,0.3911061684897247,0.20492703657752462,81.1851309041787,-3.983517697139977,-8.124431183948849,1.9999999999999991,81.21706462877717,-0.005781308523928661,-0.012212717517149389,-0.0005690138914023066,-0.012890088032577485,0.015062441655317432,0.009195543721085985,0.1816513872879991,0.0004839953906927005,-0.006632048805175411,-0.006277454231854255,669.5447301674784,667.8162781961428,652.3213743701072,650.2673780837815,0.0,0.0,0.0
16.951999999999998,-3.98190345388607,-8.12626397800602,2.0114484008104205,0.3415007833016552,0.23262884242538243,81.20454419161169,-3.9833822003008494,-8.124646964329841,1.9999999999999991,81.21706462877717,-0.0037538229519197067,-0.015268827917063693,-0.0005306795840379871,-0.01887939495870502,0.005523498884157757,0.0047481313322293205,0.18170609250815897,0.0010675419845172134,-0.005986361430197959,-0.005078113455155849,667.732576948637,666.3463073082148,653.9906304654859,651.9598117682817,0.0,0.0,0.0
17.003999999999998,-3.9810592701691987,-8.126525000870009,2.011417647166741,0.27865144799684394,0.23334226782747197,81.2123976492458,-3.983177457469729,-8.124920336952972,1.9999999999999991,81.21706462877717,-0.0016136231753743004,-0.017779799702906107,-0.0004983075750603236,-0.02227479280381666,-0.003145502566320499,0.0013337368293871838,0.18177643196509188,0.0016202821517517256,-0.00486046884205942,-0.004014502373088344,666.037955643314,665.1227727825359,655.3927447357953,653.5311751622422,0.0,0.0,0.0
17.055999999999997,-3.9800883940360774,-8.126695668552895,2.0113884273497304,0.20996443217043556,0.21095070969361127,81.211613377276,-3.9828751970885348,-8.125220973546586,1.9999999999999991,81.21706462877717,0.0004113529965327888,-0.01966445389140023,-0.00047366736427829524,-0.023280513073092167,-0.010225081216159684,-0.0011868539214080671,0.18187511456488056,0.002064670004094658,-0.0034305548745532065,-0.0030963538188732783,664.5118006571355,664.1252770109381,656.5307679303426,654.9553705971822,0.0,0.0,0.0
17.107999999999997,-3.979025613239326,-8.12678275333308,2.0113608965748053,0.14192318056149777,0.1710352057787723,81.20462186178663,-3.982453171315186,-8.12552325217381,1.9999999999999991,81.21706462877717,0.00213773921132673,-0.020905947737239108,-0.0004551566659838239,-0.022281189172477577,-0.015261037703479982,-0.0029726377276245177,0.18198139943886527,0.002368750833077894,-0.0018775069616873046,-0.0023156381104142455,663.1743790535648,663.3136184595173,657.4385304396292,656.22320903462,0.0,0.0,0.0
17.16,-3.977906062401281,-8.126800881379719,2.0113352146150127,0.07971213551287326,0.12007852352691865,81.19341140341005,-3.9819079934538193,-8.125804064817096,1.9999999999999991,81.21706462877717,0.00343827404649711,-0.02154087526728287,-0.00043951257466933233,-0.019744757753362475,-0.018064041134591924,-0.004172873297610683,0.18205811960686796,0.002507447832354722,-0.0003671922360746968,-0.0016595582559374156,662.035770821622,662.6432387132878,658.1543531097711,657.3327440430438,0.0,0.0,0.0
17.212,-3.9767624277879596,-8.126769830705905,2.011311501169036,0.027014112307652476,0.06466839414690415,81.17957387802389,-3.9812397381494926,-8.126047379057134,1.9999999999999991,81.21706462877717,0.004246015705423503,-0.02164591573136328,-0.00042353224481210826,-0.016173352304596385,-0.01868219156050806,-0.00488197231412711,0.18206996881170803,0.0024883096329898487,0.0009609649708136308,-0.0011261382663559335,661.112350765874,662.0924477319692,658.7019033488378,658.2658594156934,0.0,0.0,0.0
17.264,-3.9756228612541875,-8.12671172026981,2.01128978346923,-0.013936904219578146,0.010932901947900876,81.16434050133385,-3.980462982222783,-8.126243492432442,1.9999999999999991,81.21706462877717,0.004552246711840584,-0.02132385709647496,-0.0004052528477044087,-0.012052113994591867,-0.01736195807142634,-0.005223033256146301,0.18199674031094096,0.00232032414031272,0.0019985483681334293,-0.0006966154493286995,660.3926845356772,661.6209798104775,659.1238373076486,659.0320558593063,0.0,0.0,0.0
17.316,-3.9745096224232594,-8.126648364811905,2.011269958665765,-0.04231523621184135,-0.03604326778870927,81.14864985214115,-3.979592742946762,-8.12638946568104,1.9999999999999991,81.21706462877717,0.004399240780225961,-0.020690299670740403,-0.00038453778852836045,-0.007826677011517166,-0.014507900690448671,-0.005278084939650041,0.18184027823311197,0.002038373223574527,0.002682993401033975,-0.0003601705632896978,659.8662423824546,661.2099605756611,659.4491262571431,659.632864875108,0.0,0.0,0.0
17.368,-3.9734384437038153,-8.126599045885483,2.0112517888119172,-0.05847476294217302,-0.07257458332648344,81.13318161234012,-3.9786517793236538,-8.126488433757274,1.9999999999999991,81.21706462877717,0.0038688095755526454,-0.019861658645971492,-0.0003626415724563528,-0.003861335193511188,-0.010629214002631742,-0.005126048245648551,0.181620380972912,0.0016748606621707213,0.002998376605675976,-0.000102692836278511,659.5117939017198,660.8425414563851,659.7045581019581,660.0816037635925,0.0,0.0,0.0
17.419999999999998,-3.972418538422679,-8.126578869932299,2.0112349321432808,-0.06371376694857775,-0.09654422341728179,81.11843209284295,-3.977661037402445,-8.126547975969336,1.9999999999999991,81.21706462877717,0.0030684156132529286,-0.01894550027085662,-0.0003420921010716365,-0.0004303433490117639,-0.006254864817070996,-0.004830800832866534,0.18137265516109788,0.001271486453540441,0.00296556380260481,8.907717514767448e-05,659.3029188436898,660.5099531026659,659.9121472718011,660.3945688714405,0.0,0.0,0.0
17.471999999999998,-3.9714531403096793,-8.12659779575887,2.011218957345904,-0.059936877735643136,-0.1073893575464229,81.1047290308583,-3.976642532817019,-8.126579106918246,1.9999999999999991,81.21706462877717,0.0021168306544441374,-0.018033525386581654,-0.00032540383192845304,0.002300890150790491,-0.0018933727183337117,-0.004439675942740601,0.1811354556925825,0.0008594523427404177,0.0026387275125342746,0.00022507629991063913,659.2145539977568,660.2113939941953,660.0831731765176,660.5897160346874,0.0,0.0,0.0
17.523999999999997,-3.9705404227987917,-8.12666033437684,2.011203440015475,-0.04940683405063357,-0.10593019534919415,81.09228454076471,-3.975615580929514,-8.126594164481018,1.9999999999999991,81.21706462877717,0.0011306455449360572,-0.0171974274029379,-0.0003139612071084699,0.004250990374935317,0.002027904962546698,-0.003993719637016323,0.18093586645689044,0.0004696557119618274,0.002091335901703136,0.0003160948841175442,659.2174952849361,659.9474188850405,660.2271273438392,660.688719480866,0.0,0.0,0.0
17.576,-3.9696746589567984,-8.126765851487379,2.011188008998273,-0.03446679150176383,-0.09407799581357972,81.08121137471822,-3.9745954706329125,-8.12660583286327,1.9999999999999991,81.21706462877717,0.00021307469730100153,-0.016487134590001656,-0.00030822775357580864,0.005416471298329968,0.0051829159666092394,-0.0035230226401438526,0.18079026778791074,0.00012818284169697873,0.0014087636171576188,0.0003702738770249925,659.284981238925,659.7230876691602,660.3472708471646,660.7117335598855,0.0,0.0,0.0
17.628,-3.968847481300839,-8.126909351454493,2.011172374137855,-0.017368556237675765,-0.07451896580096287,81.07154449179318,-3.9735956127953496,-8.126624862220364,1.9999999999999991,81.21706462877717,-0.0005543834910819599,-0.015931126775780978,-0.0003078281603665869,0.005859369553257759,0.0073653104371177395,-0.0030526939862669696,0.1807042510794669,-0.00014889361031513544,0.0006800887284646876,0.0003962361363509994,659.3902562716811,659.5416821255478,660.4453631750986,660.681285569027,0.0,0.0,0.0
17.68,-3.9680491304514374,-8.12708260064392,2.0111563392054914,-7.035145886898383e-05,-0.05031918999894244,81.06325687790623,-3.9726222588216733,-8.126660608347724,1.9999999999999991,81.21706462877717,-0.0011170207779459592,-0.015538420425274585,-0.00031144692769369806,0.005691211447613964,0.008494795943042472,-0.0025996724431819876,0.18067120822683386,-0.00034927490729750395,-1.424553394814088e-05,0.00040026715240545473,659.5112993835646,659.4076709190529,660.5203389611927,660.6156852275548,0.0,0.0,0.0
17.732,-3.967269582156605,-8.127275424829076,2.0111398065726465,0.015863759585954557,-0.0245659056539847,81.0562761238926,-3.9716820075059553,-8.126718373114395,1.9999999999999991,81.21706462877717,-0.001448544640693408,-0.015301884798517148,-0.00031741009598047716,0.005061286053279429,0.008616962839833011,-0.0021759703233933535,0.1806778775893954,-0.00047915084982552117,-0.0006115402258242398,0.00038844167012684616,659.6313784040057,659.3204637712352,660.5705542242285,660.5328765006183,0.0,0.0,0.0
17.784,-3.966499478063633,-8.127477020569092,2.011122758217842,0.029325024010953916,-3.4274893507126046e-05,81.05049867609507,-3.970772742781927,-8.126801671936592,1.9999999999999991,81.21706462877717,-0.0015494799159552863,-0.015202353803796743,-0.0003241846648539265,0.004116339875922651,0.007867122636850783,-0.0017896203457501906,0.1807098395731062,-0.0005370724287432501,-0.0010679768404246474,0.00036542619992356107,659.7372621505353,659.2797461219562,660.596124682053,660.4450233370721,0.0,0.0,0.0
17.836,-3.9657308162475813,-8.127677139140474,2.011105231564231,0.03963552427393847,0.021008739249727657,81.04580324272168,-3.9698960302969613,-8.126909380640656,1.9999999999999991,81.21706462877717,-0.001443188991475988,-0.01521274878570852,-0.0003306333745899025,0.003003202320857482,0.006441265471362295,-0.00144416866556263,0.18075478127823177,-0.000538554393902038,-0.0013559948255308606,0.00033523810124872454,659.8213771840466,659.2813748869532,660.5961827397584,660.363515687295,0.0,0.0,0.0
17.887999999999998,-3.9649573972210805,-8.127867049934142,2.0110872971125584,0.046523051856352755,0.036970905061482706,81.04206014007167,-3.9690504883204185,-8.12703810388954,1.9999999999999991,81.21706462877717,-0.0011703391197945012,-0.015302012286713967,-0.0003360984609387635,0.0018444368931728693,0.0045800101869496335,-0.0011416757308738978,0.18080402916821336,-0.0004970383791697893,-0.0014710154101322888,0.00030094559395665507,659.8805133080004,659.3196014455323,660.5721780559164,660.2949367547207,0.0,0.0,0.0
17.939999999999998,-3.9641750333343193,-8.128040213553767,2.011069040748375,0.050031603859683936,0.04699866082577355,81.03914021544175,-3.968224797794494,-8.127184764117054,1.9999999999999991,81.21706462877717,-0.0007823298119507659,-0.015438416973211458,-0.00034036694730296365,0.0007415435363355041,0.002532964962040702,-0.0008809027327239779,0.1808527727176225,-0.0004111916349613414,-0.0014279793870956559,0.0002650128705948135,659.913060739192,659.3889220218039,660.5296915186249,660.2402429054064,0.0,0.0,0.0
17.991999999999997,-3.9633815549044713,-8.12819263341705,2.011050551269735,0.05048868270564675,0.05111001712023592,81.03658934429956,-3.967409456250469,-8.12734433027501,1.9999999999999991,81.21706462877717,-0.00033445606094905473,-0.015592280646868125,-0.0003435141483707229,0.0,0.0,0.0,0.1808989287511094,-0.0003731393490422906,-0.0010574268944281119,-1.1250292908391094e-06,660.2244186006898,659.8169550449627,660.1150475264865,659.920143205466,0.0,0.0,0.0
18.044,-3.9625766401380114,-8.128322791861681,2.011031914330389,0.04783832985911253,0.050505903433021006,81.03376212764111,-3.9666055015225115,-8.12750906643275,1.9999999999999991,81.21706462877717,0.0001245920604612037,-0.015737006016430702,-0.0003458045891227725,-0.00014905761780525177,-0.00010391163519580149,-9.150580857621862e-05,0.1809423640118832,-0.00044861453001401766,-0.0014767807763562495,8.545086300811239e-05,660.1759648806585,659.6274618919753,660.2848037248367,659.9920066806529,0.0,0.0,0.0
18.096,-3.9617617437551575,-8.128431202578685,2.011013211024916,0.04230537965054629,0.04468791909909621,81.03185009643627,-3.965803481422928,-8.127673677383475,1.9999999999999991,81.21706462877717,0.0005516020740498153,-0.01584377053735472,-0.00034757927408088173,-0.0019111402634405586,-0.002603652751901491,-0.0004604922428031977,0.18098383588663502,0.0002437463013068025,-0.0007578321318323896,0.00025491436038599553,659.7411411582017,659.594637444098,660.5164091298692,660.2312853470692,0.0,0.0,0.0
18.148,-3.960939811250545,-8.128520462569798,2.0109945117630055,0.03733462242217305,0.03485896376033832,81.03083486254943,-3.9650046403689267,-8.127832077707561,1.9999999999999991,81.21706462877717,0.0009036588892796946,-0.01589993351666178,-0.0003481949201611936,-0.0015003977585230927,-0.00368824423359624,-0.00026630592302410896,0.18101479410057514,0.00011015888257900306,-0.00036252813846703274,0.0002038717533220137,659.775189081969,659.7032768974992,660.3711280409269,660.2365518597546,0.0,0.0,0.0
18.2,-3.960113918965558,-8.128594950078673,2.0109758831294062,0.033307077316057664,0.02283725191666221,81.03029421064154,-3.964201500221123,-8.127980704690815,1.9999999999999991,81.21706462877717,0.0011534490202482265,-0.015915047556701666,-0.00034764157608922915,-0.0012872805204669272,-0.004196291176143374,-0.00012465175383892264,0.18103301287676302,5.137998654900487e-05,-6.599866404114396e-06,0.00016217160563096076,659.7909741601159,659.8037330541541,660.254731206789,660.2382226403238,0.0,0.0,0.0
18.252,-3.9592868406751105,-8.128660032242683,2.0109573670132845,0.029552499551872346,0.010242702804545008,81.03011010868461,-3.963396949534657,-8.12811655323193,1.9999999999999991,81.21706462877717,0.001289335108966215,-0.015895705088296717,-0.00034653470227043897,-0.0012513266751296647,-0.004182975836694513,-1.917231104241454e-05,0.18104318053040805,8.033296023725024e-05,0.00028517210356379793,0.0001260393761264673,659.7955256388362,659.899658573412,660.1674869079318,660.2258150280305,0.0,0.0,0.0
18.304,-3.958461197054034,-8.128721272264734,2.0109389863279787,0.025886675089327214,-0.001521465420336214,81.03018865344906,-3.9625862567621977,-8.128238954093778,1.9999999999999991,81.21706462877717,0.0013135127367734532,-0.015843896919746248,-0.0003451298307477614,-0.0012051494536409238,-0.003739317790957229,5.733172915808842e-05,0.18104706278778873,0.00014218032604780876,0.0004968339981132752,9.51195191165378e-05,659.7994615378143,659.981505832883,660.1034177810708,660.2044122531038,0.0,0.0,0.0
18.355999999999998,-3.9576394495715004,-8.128783778706715,2.010920750968484,0.022523836956918945,-0.011377112528651472,81.03045262598859,-3.961773539503442,-8.1283479836383,1.9999999999999991,81.21706462877717,0.0012394227888431158,-0.01576158796453996,-0.0003434993692896001,-0.0010635294249974182,-0.002981581728475969,0.00010948457088571869,0.1810450458383429,0.0001888486193730164,0.0006215111793000391,6.901686410484484e-05,659.8111618295746,660.0420069025282,660.0561211884807,660.1793369496047,0.0,0.0,0.0
18.407999999999998,-3.9568237426766415,-8.1288517384297,2.010902660186097,0.01973588863292855,-0.018607902090797223,81.03083760704516,-3.9609562820574737,-8.128445627407373,1.9999999999999991,81.21706462877717,0.0010885151077825548,-0.015653002447288466,-0.00034170591771739885,-0.0008394103845933802,-0.0020339513626338535,0.00014201001686545546,0.1810377594189919,0.00021691151970458983,0.0006607062596158319,4.766210435667951e-05,659.8310032831057,660.0809968175549,660.0248099663158,660.1512016951957,0.0,0.0,0.0
18.459999999999997,-3.956015741872984,-8.12892812991902,2.0108847037545403,0.017483807211846027,-0.02321001136217137,81.03139569055293,-3.960138922880211,-8.128534286153915,1.9999999999999991,81.21706462877717,0.000886538920503146,-0.015524239213182574,-0.00033990950229911474,0.0,0.0,0.0,0.18102709087822036,1.289556244290103e-05,0.00024628458419811506,8.5278479664214e-05,659.8667673877382,659.9406019192265,660.1066261856977,660.1730896254173,0.0,0.0,0.0
18.512,-3.955216698407123,-8.129014776595547,2.010866864444869,0.01493060036906029,-0.02639791988565787,81.03219541945043,-3.959320491548247,-8.128617181312283,1.9999999999999991,81.21706462877717,0.0006529194223312691,-0.015377279579719558,-0.0003384739302337308,0.0,0.0,0.0,0.1810171487424911,0.00017502885328575516,0.0006109072488009853,6.718947900182046e-05,659.8165683834987,660.0404552880743,660.0525291626624,660.1766613344832,0.0,0.0,0.0
18.564,-3.954427802086045,-8.12911272467631,2.0108491234190766,0.01255342829896091,-0.027371537621984764,81.03311906561984,-3.9585048923602635,-8.128697320521143,1.9999999999999991,81.21706462877717,0.0004021430076517242,-0.015210445756345475,-0.00033730766833421,0.0,0.0,0.0,0.18100763204713927,0.00035744931743733025,0.000920680141025689,4.6449394883474934e-05,659.774966983737,660.1390475899773,660.0054623901826,660.1658698116337,0.0,0.0,0.0
18.616,-3.953649969160234,-8.129222006309654,2.010831462700194,0.011460588656598651,-0.024726090223561883,81.03409559623677,-3.957692120326764,-8.128777982815523,1.9999999999999991,81.21706462877717,0.00015901007137693785,-0.015029336068282153,-0.00033615483199905523,0.0,0.0,0.0,0.1809966028215562,0.000508811490432357,0.0010855897866482687,2.4805576012860812e-05,659.7596377726696,660.2137893076368,659.9733083273771,660.1375815728176,0.0,0.0,0.0
18.668,-3.9528832695830936,-8.129341127501698,2.010813862434365,0.012640395648451557,-0.01776030260303092,81.03491442544554,-3.956885042139912,-8.128861673079866,1.9999999999999991,81.21706462877717,-4.087228623753788e-05,-0.014849438205894471,-0.00033485280399797276,0.0007085130867663602,0.002776977308551786,0.00020656039397404322,0.18098309792348255,0.00029526008471248165,-3.298996117287456e-05,-6.787574433979836e-05,660.0774251995448,660.1521161035284,659.9735462782867,659.880038577111,0.0,0.0,0.0
18.72,-3.9521265134890426,-8.129466946020383,2.0107963007776424,0.015538518592286343,-0.009023095259833185,81.03540569413902,-3.956084310943258,-8.128950526682456,1.9999999999999991,81.21706462877717,-0.00016672026804685723,-0.014690361687817372,-0.00033359053444920124,0.0010860564715318307,0.0029387003381009347,0.0001413465595627602,0.18096966381454244,0.00012048462606283083,-0.0002895424033455302,-5.6199180112601315e-05,660.1223726304294,660.0742261121723,660.0010572847564,659.884256803739,0.0,0.0,0.0
18.772,-3.951377640008756,-8.129595651688671,2.0107787551310534,0.018823977410335042,-0.0007587857220488665,81.03574623188712,-3.9552913185752314,-8.129045754734026,1.9999999999999991,81.21706462877717,-0.00021381374025786787,-0.01456200430829296,-0.0003326743357612122,0.0010771802168776398,0.0026227755538315058,9.537386582961965e-05,0.18096002225964164,5.04374446191049e-05,-0.00042073896783478967,-4.8483770493620935e-05,660.1401337933174,660.0346726685137,660.0202377495868,659.8860203580288,0.0,0.0,0.0
18.823999999999998,-3.9506344513470193,-8.12972370240003,2.0107612059618787,0.02173346171709361,0.006148769322104375,81.0359647706777,-3.9545068911006775,-8.129147645664455,1.9999999999999991,81.21706462877717,-0.00019139503364534342,-0.014464069160337845,-0.00033216680846182744,0.0008965120416182184,0.0020919966009136253,5.767882034044676e-05,0.18095541011855765,3.2393825596287976e-05,-0.0004874864903768371,-4.109899741534199e-05,660.1418886555293,660.012277158667,660.0373050866526,659.8892163732106,0.0,0.0,0.0
18.875999999999998,-3.949895035927751,-8.129848195865748,2.0107436418222333,0.024105605307741276,0.011406281366835474,81.03609693317617,-3.9537303754580337,-8.129255721864808,1.9999999999999991,81.21706462877717,-0.00011443788597219565,-0.014391526714183048,-0.0003319340678571887,0.0,0.0,0.0,0.18095488155332054,0.00028563373186721183,4.9803350836582446e-05,-2.491547460715211e-05,660.0069063893384,660.1024429289145,660.0192608066397,659.9520864385338,0.0,0.0,0.0
18.927999999999997,-3.94915782112393,-8.129966935232508,2.0107260588843614,0.026962717858241038,0.016289089813318208,81.03617978416221,-3.952962562309217,-8.129368569688395,1.9999999999999991,81.21706462877717,5.056233452234483e-06,-0.014342079890082658,-0.0003315987560913435,0.0,0.0,0.0,0.18095486201051217,0.0001440061090209081,-0.0002595510167501282,-2.82781555108586e-05,660.0758001687578,660.0428918139683,660.0385044310236,659.9235536533681,0.0,0.0,0.0
18.98,-3.948421132728228,-8.130078029497254,2.0107084571955824,0.030301804212443318,0.020718071596494563,81.03617984340629,-3.952200921571602,-8.129484702446112,1.9999999999999991,81.21706462877717,0.00016462041447841384,-0.01432104646513876,-0.00033107735149072735,0.0,0.0,0.0,0.18095453253955243,-5.1514768825798464e-05,-0.0006067364243806028,-3.009131261137157e-05,660.1555985823553,659.9681227194534,660.0576025350564,659.899450444533,0.0,0.0,0.0
19.032,-3.9476831775710663,-8.130179890117645,2.010690837028447,0.03298776589390029,0.02333909284420621,81.03609360095514,-3.9514466777117216,-8.12960184020601,1.9999999999999991,81.21706462877717,0.00035512338527665676,-0.014328604954432809,-0.0003306381032964721,0.0,0.0,0.0,0.18095651395391774,-0.0002566475866533197,-0.0009235883888213879,-3.0007801301672882e-05,660.2298594497362,659.8937175871861,660.0736856263226,659.8837109493513,0.0,0.0,0.0
19.084,-3.9469419697624297,-8.130271431802917,2.0106694739775364,0.12023049070649407,0.11004484381356805,81.0160921918854,-3.9491117758938628,-8.091258395857565,1.9999999999999991,80.63091064265194,0.0005986561995522814,-0.01441055134353383,-0.0005312962686708291,0.08645896160857354,0.09690396952277167,-0.01225289675264511,0.18304950470810774,0.09275791638654682,0.5381916059478515,-0.007492265746392743,575.1273175839834,753.6562863616127,581.5985066357599,711.1486264169379,0.0,0.0,0.0
19.136,-3.9461280958730085,-8.130283833394152,2.010620955788968,0.7152938235223688,1.4390836316199889,80.98149613209921,-3.9444064138812713,-7.9951804117079055,1.9999999999999991,80.63339352656519,0.004632776031578487,-0.016900040478103073,-0.0007891744881060394,0.2551858186329231,0.7225736930442472,-0.016934517147418757,0.1865721083989802,-0.020510522582881302,0.3189319266557361,-0.005058162842869808,623.7847147398162,708.0316230927937,602.4153614723895,700.3776816964224,0.0,0.0,0.0
19.188,-3.9448937838053975,-8.1296486476267,2.010554085898181,1.463215226079744,4.517233631230088,80.98651325266394,-3.939111837148565,-7.884783966976428,1.9999999999999991,80.6363859582711,0.026889788432324063,-0.025561718616411228,0.0010747457846095921,0.22222311107691883,1.1847768848471336,-0.019636115790480062,0.16989244050795393,-0.07165377305552569,0.006045119572654634,-0.004130200475470668,675.7849574464241,657.2804293693167,643.9298306299049,666.227512508833,0.0,0.0,0.0
19.24,-3.9427112079842805,-8.127083589408166,2.0104259277875687,1.8419594301314994,8.207123389639865,81.03346101784942,-3.9340784482393816,-7.781292968787156,1.9999999999999991,80.64048008795683,0.07856430900288205,-0.03953709386304952,0.008782255996478219,0.04729666101480481,1.225574291269385,-0.02213992558565812,0.09791389010683885,-0.07535352791001292,-0.171815793854052,-0.004103996053353344,701.3374709200008,631.619154787533,669.730780412672,642.0834330867459,0.0,0.0,0.0
19.291999999999998,-3.9391735109949804,-8.121013951443432,2.01012148321739,1.5204549282068414,11.49718523585445,81.0650408403439,-3.929552643401329,-7.693084873604127,1.9999999999999991,80.64797564127706,0.16003873212370226,-0.05437197476232512,0.025121467430274425,-0.24666078095241545,0.9980836879161934,-0.0246991221454222,-0.053005888295230175,-0.11321365664904319,-0.22901989272734502,-0.003676387038468413,713.2850696673457,616.5237666196988,672.8812175021517,639.7092648542204,0.0,0.0,0.0
19.343999999999998,-3.9342272491953834,-8.11001290374075,2.009433359424221,0.4170422312707819,13.900358964257338,81.02857501333501,-3.925469880456559,-7.621720397157205,1.9999999999999991,80.67472609460846,0.26505516420760655,-0.0632927650982574,0.04735871605323697,-0.37587989107505504,0.6724523992547279,-0.027038703614297287,-0.2494431413525407,0.08848910416968503,-0.2095336438323202,-0.00155334650136274,679.2705452883404,644.9013650728226,699.2854934283367,613.9614648445692,0.0,0.0,0.0
19.395999999999997,-3.9281874583274297,-8.093042010456667,2.0080870009325595,-0.4556131458220526,15.34174503287951,80.94728079421012,-3.921554490504772,-7.565272878060323,1.9999999999999991,80.69235203069144,0.38540580933531154,-0.06284333170233364,0.07113634617033103,-0.21952825852392582,0.36339564594276436,-0.025551098190143128,-0.4399032622155488,0.05173422400177511,-0.1541412808144492,-7.636030753852777e-05,672.5333031485247,643.2711089967663,686.6389754477935,627.7478547079276,0.0,0.0,0.0
19.448,-3.9213625381763095,-8.069539818039193,2.0058082939480415,-0.9050446222700433,15.983520314483595,80.86534696971675,-3.917565465801918,-7.520532535882624,1.9999999999999991,80.71343932773067,0.5134894724441141,-0.05613303465844964,0.09166881329291428,-0.10256127440304075,0.12723177310500072,-0.02290926733278706,-0.5686983845759698,-0.08553301857695962,-0.09161000696534113,0.0010695317101815692,679.5144565135199,628.5993240084485,658.4002509600992,656.6628095475472,0.0,0.0,0.0
19.5,-3.9139314146095945,-8.039343436981635,2.00239093617964,-1.3497235853235565,16.075634297960576,80.79768019917353,-3.9132520105718642,-7.483767547590076,1.9999999999999991,80.73416622620991,0.6433583517751401,-0.04630912068251981,0.10628041000098247,-0.21068539373464762,-0.022284276497304033,-0.02060554882518029,-0.6029673471337211,0.0515145913785679,-0.0382110947213838,0.0020391909123033004,650.681557986687,654.5138501298234,670.9768434182995,645.3484186756646,0.0,0.0,0.0
19.552,-3.906102748320497,-8.00251827485697,1.9977585544911225,-2.0092762394320083,15.860847473841629,80.74632506645901,-3.9085132084312963,-7.4517494599370195,1.9999999999999991,80.75740688540576,0.7709761894867924,-0.03218282309156425,0.11608380792839472,-0.16136427675197756,-0.09612645405932707,-0.017277956324470427,-0.5511124395999722,0.10187164125626039,-0.0003983899556258483,0.0023604702177375536,638.3461505403924,667.561260843421,674.1047150858587,644.9537673657005,0.0,0.0,0.0
19.604,-3.898156539493949,-7.9592251955891955,1.991981855549891,-2.1200673597384014,15.527191210546821,80.71313942054927,-3.9032220000115907,-7.421324280343745,1.9999999999999991,80.77873733419756,0.8941391983137891,-0.01337775435882756,0.12474066774699315,0.04476009416220378,-0.11625411125352889,-0.013403937213910122,-0.4512098444356445,0.04390995614116473,0.022000684849471975,0.0020773318825522153,645.7931030478438,664.7029562344705,664.1930342233985,657.9626666101725,0.0,0.0,0.0
19.656,-3.8901709485568112,-7.909685291784194,1.9852381755371893,-1.7760711290698157,15.195397090994522,80.68898662828533,-3.8974227901373277,-7.390421766316191,1.9999999999999991,80.80126889436993,1.0121084673273857,0.005269270844357953,0.13450715705607963,0.15177750038342339,-0.10454592382215226,-0.010605005817885687,-0.3309752234025227,0.006474720563007762,0.03208580698893439,0.0020205253275682586,652.0448718027051,663.069093000482,659.5327750038093,666.7929343852232,0.0,0.0,0.0
19.708,-3.8820220262099268,-7.854138901138671,1.977751676883809,-1.2781388601028458,14.92711493131994,80.66799122397344,-3.8911940967778,-7.357462551847751,1.9999999999999991,80.82182036850658,1.1250779813030498,0.02038847868982296,0.14701221724792776,0.17284448928284019,-0.0789664871969507,-0.008367110966002197,-0.21348405758987687,-0.0064310574601196754,0.0340496514449422,0.0020607168028385784,655.7841533996651,663.6542630289168,659.6729481960857,671.1098729684046,0.0,0.0,0.0
19.759999999999998,-3.873505969020865,-7.79280646355709,1.9697527290434362,-0.7889121562477994,14.740609350482947,80.6494969872395,-3.8846094474990025,-7.321290633136869,1.9999999999999991,80.84452534236124,1.2336916445622337,0.031001268994329156,0.1632182767366419,0.15866308453002426,-0.05163939560769981,-0.006299231626937023,-0.11549091663437672,-0.00891646050944192,0.03174759348831814,0.002154631395624454,658.254436306384,664.7428250109188,661.6821793365318,673.13617056617,0.0,0.0,0.0
19.811999999999998,-3.8644146967374287,-7.7258742962880795,1.961447503034806,-0.3601709719580814,14.627895399025695,80.63484533347273,-3.877675806655987,-7.2808392859355475,1.9999999999999991,80.86660761371077,1.3387014963673238,0.03731906450630419,0.18318073601125434,0.13549344945916025,-0.029614917318468333,-0.0043365549683964865,-0.04410121939042444,-0.009239455004453112,-0.01787438064618206,0.002195512358975523,666.7161959423782,659.0266622498116,670.1215565032294,667.6947762664391,0.0,0.0,0.0
19.863999999999997,-3.854564332110917,-7.653499484318162,1.9530000580327627,-0.01346747854699696,14.472451267634513,80.6253467702206,-3.8704111977848212,-7.235682938027306,1.9999999999999991,80.89250063754135,1.4409064385213228,0.039882975235792956,0.20429038215895212,0.09378564390572226,-0.08855174150867322,-0.0024103462763582135,0.021024988421648683,-0.1472132760515527,-0.123309557937367,0.0022217933227009837,701.3325979982928,624.6242032860563,666.8133755640964,673.5187244742768,0.0,0.0,0.0
19.916,-3.8438315830829635,-7.575863824487724,1.9445521214183061,-0.15325072164906575,13.884707904625825,80.61796293297697,-3.862760632927976,-7.185353502091128,1.9999999999999991,80.91881015638226,1.540174704745804,0.03905344874799774,0.21644223921056568,-0.13592737223447182,-0.2861652251098138,-0.002576708419977622,0.17438334118491206,0.09325513062164388,-0.17108915101266126,0.0029643890892760262,676.5764419791673,654.5925484111505,709.6866691074614,635.8192997875609,0.0,0.0,0.0
19.968,-3.8323201037621257,-7.4932944917210955,1.9363386800188762,-0.4290839530443016,12.561246638737398,80.62389166474007,-3.8546694118667397,-7.1297666877137,1.9999999999999991,80.95014369026131,1.632799411945291,0.03979742427208412,0.21024962211104586,-0.029716011644732622,-0.5534767032865964,0.001028000955822364,0.5004437938896524,0.06738940648525311,-0.14445676758223167,0.0021846314601667305,682.9270883738517,661.3723471526347,706.9039556484946,648.1223790124578,0.0,0.0,0.0
20.02,-3.8202444452681945,-7.406402976144447,1.9288295342714263,-0.2390823240907779,10.471419930119746,80.64604920617023,-3.846060354630649,-7.068818590402103,1.9999999999999991,80.9811515890024,1.711701938551575,0.04266599224409464,0.18471647447067338,0.11036499421388654,-0.7928845350442548,0.00393115217315154,0.9939412002929162,0.009761453330502524,-0.08011099778575359,0.0013198533365147164,691.3749465679261,671.9740143109993,697.4916070124389,672.8328304775642,0.0,0.0,0.0
20.072,-3.807685522257871,-7.316159762389476,1.9227571645643449,0.16468960125254592,7.814355133566819,80.66187087452627,-3.8368910021798026,-7.002588177953658,1.9999999999999991,81.01657690557846,1.7691086970115524,0.043306040975422566,0.14780172543502892,0.13793254153961715,-0.9447930286575597,0.005184631057703707,1.5534417295750098,-0.01683997052403062,-0.0008531593370470492,0.0012653929047201458,693.71395194269,688.9025541020743,692.4835673799455,696.8100617480428,0.0,0.0,0.0
20.124,-3.7946603474910248,-7.223838485014837,1.91899793366501,0.51709710772866,4.901020925598669,80.6606225966399,-3.827156844867127,-6.931335548467755,1.9999999999999991,81.051021928129,1.7996661869420403,0.040024008229925495,0.11154635203646537,0.10042027603979267,-0.9844493356983429,0.006042289238974999,2.0328747538141387,-0.020823329700741283,0.07688361620013867,0.0016804158372963089,691.369780207771,706.4487908589203,690.1493827971584,716.269734394672,0.0,0.0,0.0
20.176,-3.7812268852849273,-7.13088668603926,1.918360181176406,0.7233803322173482,2.071251422211472,80.64958842623369,-3.8168544217223457,-6.855352751335349,1.9999999999999991,81.09036734575372,1.8021388684326272,0.033623895921811475,0.08707607420503768,0.04869502445172574,-0.9122604268331326,0.007484669622743319,2.297265522089387,-0.016696383994683078,0.1414530933050751,0.0021839285681676803,685.8841417921584,719.2659258518054,687.126948554695,729.112458042096,0.0,0.0,0.0
20.227999999999998,-3.7675139396203883,-7.038747528007866,1.9213555182236912,0.787009047208496,-0.37085850560708306,80.64228801821194,-3.8060303540862837,-6.775385656279236,1.9999999999999991,81.12849920838117,1.7793189750236167,0.025608769322104957,0.08088496230406256,0.004481886973818666,-0.7459187389771955,0.009348508497750008,2.2664646586978776,-0.011423099084140829,0.18488411321328613,0.002435670854003474,677.9472364701469,724.4521155918522,681.3382577743985,733.5052955489481,0.0,0.0,0.0
20.279999999999998,-3.7536970842567343,-6.948661669723983,1.9280513822590042,0.6726184395386883,-2.1909726673901484,80.6479995687656,-3.794691114967958,-6.691995498750006,1.9999999999999991,81.17143953573279,1.7367008677978941,0.017248680292472767,0.09355131172066548,-0.10387930759105043,-0.5112878850279896,0.010073303229448513,1.9324592259547815,-0.12520835223888163,0.21152353449985856,0.0029287782675689548,682.3916873941803,705.7701226925557,655.2015993006403,745.5834220767878,0.0,0.0,0.0
20.331999999999997,-3.740013013088445,-6.8614891944252445,1.9380164739647734,-0.03056688958609827,-3.237802089029948,80.67214092521571,-3.7829359946716066,-6.6063823302242835,1.9999999999999991,81.21211071935102,1.6809963980301528,0.010922256688195357,0.1204645794260365,-0.26828457202303846,-0.24304274266053377,0.011908836559433342,1.3540168906529941,0.11126514821232086,0.1951971003443555,0.00260240531432295,638.994943031035,723.5600651835224,677.9838905732688,700.8702823283691,0.0,0.0,0.0
20.384,-3.726853962057849,-6.777597393618886,1.950380028898783,-0.6236131424267944,-3.499754996811924,80.71394596794346,-3.770799872548685,-6.519222422865667,1.9999999999999991,81.25638438692876,1.61907034365425,0.010620087076521543,0.15262254482210763,-0.1826349550895653,0.01582242144147351,0.014138251848067157,0.6470067690097567,-0.04960858676055882,0.1797847309030255,0.0018482596498141188,649.8243885740757,686.4515773909399,640.6064015928035,704.7159539824496,0.0,0.0,0.0
20.436,-3.7145161407951828,-6.696919841731528,1.963991363360766,-1.1894200334173017,-3.0335035656667166,80.75084030314045,-3.758461961138154,-6.4318810530886985,1.9999999999999991,81.29609165462728,1.557231334668353,0.01511960620854102,0.18203449018543866,-0.14276428187714985,0.2436398883728061,0.016361059455036357,-0.07362155346627519,0.11456274405588199,0.13276114698281027,0.0011039417037361325,616.7350693231139,688.0056341282547,653.8130946528117,659.0249274132766,0.0,0.0,0.0
20.488,-3.7031549520209146,-6.619054841793709,1.977605423137039,-1.2151099415736308,-1.9918115800163947,80.79034090404737,-3.7460228831807787,-6.344802964060731,1.9999999999999991,81.54938577452242,1.5012496831873836,0.024052110635301542,0.20186773046106116,0.07428165217502034,0.41299260739880406,0.023788267113284498,-0.7011893025657105,0.036347108211169155,0.09129369751212893,0.002907336374189538,617.1376997788159,654.8661910419634,636.5166138455666,652.5430173418174,0.0,0.0,0.0
20.54,-3.6926644972660485,-6.5434164543022355,1.9900697275571049,-0.8025008899694823,-0.5506237111769794,80.84907657817924,-3.733734308776869,-6.259152112303366,1.9999999999999991,81.8111907577514,1.4558245481594636,0.03236123839187684,0.20916420511570633,0.1630384864122192,0.5226458746124772,0.03107123482402486,-1.1698778210306748,-0.011252101900984982,0.04683512999327527,0.004553229783393823,617.3872775053367,628.1287034941722,627.3611576874927,644.5322649325594,0.0,0.0,0.0
20.592,-3.6827437861881873,-6.469339555353223,2.0004691640289036,-0.3332839655575408,1.1053325017635465,80.93997556533127,-3.7216995480640773,-6.174864253069097,1.9999999999999991,82.0743469681779,1.4243687610301712,0.03625217703685823,0.20469093942397193,0.14433982168734028,0.5691331498217548,0.03821639319461359,-1.457895906414156,-0.02311191490584471,0.004475994310684767,0.005622358514570788,617.2552899075226,611.5531877528335,626.7922036953753,635.0126413268412,0.0,0.0,0.0
20.644,-3.6730748608328447,-6.396133122321447,2.008181046397529,0.00933695124718584,2.7889458604431847,81.06174343273236,-3.71010510095949,-6.092669121644795,1.9999999999999991,82.5485224070641,1.4086802253810418,0.03538895015459823,0.19082258661970591,0.09141147671417227,0.5543144416847865,0.044232561913004315,-1.568503335206925,-0.07285299487638003,-0.025857045616193314,0.010864617496528645,619.3687397494264,588.6461817726234,629.2413760579291,643.128597341226,0.0,0.0,0.0
20.695999999999998,-3.6634092688066535,-6.3231252409688325,2.01289794070479,0.0030166680377465703,4.335940126115611,81.20704897813327,-3.6989397040111034,-6.012106756868286,1.9999999999999991,82.79248341877775,1.4087157940143988,0.0308240023759943,0.17087064127505172,-0.11347251138496206,0.4902619926485219,0.04875288378437114,-1.52418269501546,-0.043516417030291146,-0.06124375999377776,0.011368416495696606,621.1131859361033,588.5520640552819,641.0776050731802,635.8579354745666,0.0,0.0,0.0
20.747999999999998,-3.65366665046401,-6.249688824233684,2.014603801882854,-0.5523286185856783,5.616489911737097,81.35871436015266,-3.688184707963672,-5.933036399777057,1.9999999999999991,83.02016118320965,1.4227706722015756,0.026815375437383566,0.14794748511876024,-0.17066569105151297,0.3823023433636862,0.05493391860590476,-1.3547622110997364,0.08705493675359821,-0.07872768350349338,0.010807467449275908,609.3421462642619,611.905840654172,665.9869964100765,617.4198032799003,0.0,0.0,0.0
20.799999999999997,-3.643964054146349,-6.175271401717446,2.0135330358067924,-0.731580803769873,6.516120190570337,81.52689907167459,-3.6777898440016576,-5.855290022961568,1.9999999999999991,-92.50293896629665,1.4478302572109638,0.02718959726473021,0.12355963570713473,0.0008683001523613245,0.2441696180842913,0.05873053144189846,-1.082337916813258,-0.07191379878483004,-0.18473873568110066,-0.08,771.8720301382624,706.6041406898779,525.6293938552593,483.5969277298075,0.0,0.0,0.0
20.852,-3.6343360466462977,-6.0994828839924375,2.0100225043848354,-0.8562862697547698,6.7093393599703255,81.41424699681167,-3.667750408163695,-5.779028757102506,1.9999999999999991,-91.09696806798806,1.4800602001381884,0.034867748740107146,0.09087718461042157,-0.11913485627279805,-0.1405869712541422,-0.08467279954317293,-0.650605701166163,-0.019315330057423162,-0.7310816973551071,-0.08,837.5497513453338,647.5746863885454,633.8497857119086,366.26959364289814,0.0,0.0,0.0
20.904,-3.6248453370614704,-6.022227684625685,2.0047381213435953,-1.5292758358969176,4.626661503194181,81.06137278144357,-3.657940696856018,-5.703288934762296,1.9999999999999991,-89.926376294328,1.508884368079198,0.05303928080740648,0.020600686160102112,-0.24573141679810676,-1.1081248880202117,-0.16118913524619466,0.20638442090029532,0.23270677274372864,-0.43740780404660645,-0.08,789.0917565162326,738.7162302926653,646.2954589201829,407.11921414168387,0.0,0.0,0.0
20.956,-3.615891494477948,-5.944309661092146,1.9989461695077986,-1.8791390424275851,-0.03172057594356724,80.62279174772691,-3.6483507811844262,-5.6279058747292,1.9999999999999991,-88.79408211071116,1.5032782360030295,0.08252594920697383,-0.09333358543396499,0.03597783092814585,-1.7750937694182425,-0.21801475374109297,1.50767568161274,0.05217364149023473,0.023612532303081468,-0.08,778.8871033358366,796.9689086825902,577.7713481913752,568.4023539740509,0.0,0.0,0.0
21.008,-3.6079772261582432,-5.8677735704900575,1.9944885490830748,-1.4158862011604954,-5.554771084458083,80.02938294311365,-3.6389374100436296,-5.552185183705203,1.9999999999999991,-87.88726013120959,1.4398318293145125,0.11387329998508473,-0.19128524217805018,0.16832616291798302,-1.823861829701497,-0.2778761163548137,2.610020777739024,0.02641922439819941,0.2851107842703861,-0.08,772.577193335682,844.9884866685076,560.6664826421687,641.5688296285487,0.0,0.0,0.0
21.06,-3.6014299824864513,-5.795402235377435,1.9932657641083484,-0.8259962380197045,-10.448664554977897,79.17678673435559,-3.6298032643259077,-5.476341973338429,1.9999999999999991,-87.0589216374266,1.3245372657662866,0.14228192923874947,-0.22472977904563035,0.14938303724876864,-1.4754840883932547,-0.34123050233605423,2.9771233146696403,0.04880750410502089,0.36636199019741067,-0.08,770.9481100076877,866.2896212381407,565.9063425640908,663.0573981787652,0.0,0.0,0.0
21.112,-3.596498231429828,-5.7298508254453475,1.9963198300087934,-0.13216435284487443,-13.993512842102273,78.05374233091679,-3.621061094012236,-5.400483492608707,1.9999999999999991,-86.42643602992861,1.1768919515497822,0.1665903524105101,-0.19180767225918666,0.15728745663615054,-0.9858459948526008,-0.4041874606094556,2.557286727258286,0.04468020438367707,0.3340415562325504,-0.08,771.7552823648832,859.0687999039402,565.6354135695218,654.7811874107604,0.0,0.0,0.0
21.163999999999998,-3.593287982536774,-5.672931118299877,2.003456663736904,0.7120052470623633,-16.086304396045026,76.68115642817845,-3.6129162062566706,-5.325657574355961,1.9999999999999991,-85.8587663322506,1.013204617259651,0.18478155971973287,-0.12074814123918864,0.16349890722402508,-0.5256620811891674,-0.4671505722186244,1.6331014592644504,0.025296684847939552,0.24921437387025228,-0.08,769.5713253619621,833.9373763412699,556.1378911735276,627.2787451555344,0.0,0.0,0.0
21.215999999999998,-3.5917083163584484,-5.625382286529251,2.013487835790757,1.6220683959370052,-16.971156392086662,75.09462220733111,-3.605555722350489,-5.252907343448822,1.9999999999999991,-85.40797877172236,0.8433191335817934,0.19517719491684132,-0.04478126450936464,0.15402601608016578,-0.17720908170996036,-0.5296145274564367,0.5679513284730908,0.24394015560044077,0.1542230966343276,-0.08,734.0714185396853,829.7972687335763,581.477798208511,551.7103683543239,0.0,0.0,0.0
21.267999999999997,-3.5915164877548817,-5.587093118900538,2.024731855219243,3.0721870573370356,-17.020507246712732,73.33015265294442,-3.5991732147025925,-5.183719782229183,1.9999999999999991,-84.9541371793186,0.6733605235415974,0.19522771729594984,0.01122007515011694,0.418532137618253,0.03663323405044577,-0.5901032816853945,-0.3408492641491818,-0.18411369215138332,0.07422885995601042,-0.08,779.1938757337496,752.2155638702486,495.43683693682925,585.3119653314463,0.0,0.0,0.0
21.32,-3.5922237248271447,-5.557560538894848,2.0355300771523206,4.425856941954928,-16.58712254636263,71.40359500099464,-3.5938947048942507,-5.119316760135287,1.9999999999999991,-84.52797471139554,0.5080599091576499,0.17951094068082787,0.04096510475360547,0.09715183262473535,0.13637155052706149,-0.6525780002828747,-0.9787107829798922,-0.15632517408477806,0.016857970634383032,-0.08,769.9728569088502,735.1332442784293,491.54936411434073,553.8363616656147,0.0,0.0,0.0
21.372,-3.593415749939143,-5.536180432729626,2.0446275923157273,4.512550970399449,-15.960089423590889,69.31229804982692,-3.589775760951443,-5.06082374839022,1.9999999999999991,-84.01943770119445,0.35049229022640194,0.15221703897010425,0.051190809222161925,-0.3239538142191642,0.16166887832572616,-0.7123199823469792,-1.3715171707772351,-0.04902512304245281,-0.020422515103457745,-0.08,752.60782390985,735.0560504621321,505.4939376284427,516.0215291988436,0.0,0.0,0.0
21.424,-3.5951837719104924,-5.522272315777655,2.0512085427159485,3.7252329217127405,-15.316472913120162,67.04495689101464,-3.5867724322341674,-5.008989181205788,1.9999999999999991,-83.50415403639334,0.20182855043733222,0.12261554355937483,0.04487362712723672,-0.5427178512170586,0.1734119910448804,-0.7694845298049772,-1.5222699364045431,0.00599308329737927,0.1163009757964056,-0.08,723.9560337956839,755.0449258819905,483.63606132652484,524.764466021087,0.0,0.0,0.0
21.476,-3.5979634162887755,-5.5151410579196,2.0548689858441507,2.559521142462204,-14.409147783472568,64.61847228363801,-3.5847975696004086,-4.96430435001424,1.9999999999999991,-82.9355463367631,0.0625444552684119,0.09650392042249825,0.028035742997645125,-0.6288772947747461,0.34322229771253154,-0.824273755066517,-1.4769375716080089,0.02774153623718001,0.19258523453993093,-0.08,710.5816791579383,766.6586386742778,472.1174374818873,533.7352544837759,0.0,0.0,0.0
21.528,-3.602275051785948,-5.514015358481318,2.0555899902712103,1.241407594154017,-12.81116210050235,62.04596907702232,-3.5837740394743984,-4.926955475901902,1.9999999999999991,-82.45534909691223,-0.06362347357945114,0.07637122478104522,0.0046564756361532,-0.6555015520999272,0.6262067924343164,-0.8769446466026588,-1.2737546087574896,0.02889825052126732,0.17598027648156744,-0.08,714.7932863878501,766.7856994984336,478.88714675159684,533.5103162461551,0.0,0.0,0.0
21.58,-3.6085413900137833,-5.517889750505992,2.053662047214377,-0.1784743916670325,-10.423178715582546,59.306820847275056,-3.583719020512745,-4.896924707615651,1.9999999999999991,-82.04289605674725,-0.16973310912203848,0.06363894307217875,-0.02444025903658508,-0.6670803217916859,0.8974284402029749,-0.9276415456390046,-0.9299243464694307,0.035244818526774385,0.10321485541901465,-0.08,728.0845122192591,762.9977433685146,500.89591373638933,525.7873168551163,0.0,0.0,0.0
21.631999999999998,-3.617004364405777,-5.525465330022252,2.049616583389403,-1.7013738129007223,-7.456312035309679,56.369993533167325,-3.5846963478701563,-4.8739424592734615,1.9999999999999991,-81.8009733972185,-0.24910551698738698,0.06002297155713208,-0.05653972221512059,-0.6639246854773516,1.0716849273224027,-0.9765953592402538,-0.4888935242788095,0.03988958837903084,0.006080839650450143,-0.08,746.5647957584813,758.0521743088304,529.0510455198544,516.8979494243617,0.0,0.0,0.0
21.683999999999997,-3.627714122883,-5.535198365554771,2.0441559242117595,-3.332522142056711,-4.296159074248922,53.21745549806752,-3.586889317116713,-4.857598431467771,1.9999999999999991,-81.71134178510458,-0.2984059111354972,0.06747829043855556,-0.08533405257473504,-0.6499460444721805,1.1095672928543432,-1.0241011336108259,-0.03480732246272422,0.05633968432886291,-0.08698443916693843,-0.08,763.7064410873049,756.1253981907465,558.541404882492,508.01678183280234,0.0,0.0,0.0
21.735999999999997,-3.6405622372823467,-5.545413172746958,2.0380367655940375,-5.030087353776647,-1.3686024414012754,49.85808145644861,-3.590421783808317,-4.847186776060017,1.9999999999999991,-81.78812083863745,-0.3192267053555392,0.08769189872227356,-0.1034537285260754,-0.6081803168864288,1.0126740080068142,-1.0704241321073402,0.3360112313731751,0.07009731577106712,-0.15998475796439607,-0.08,777.8932584121972,755.8582942635167,582.246967713618,502.4983151443475,0.0,0.0,0.0
21.788,-3.655339439726242,-5.554459118390309,2.0319278542670784,-6.721923019237201,0.9568392740926275,46.332876866013684,-3.595517071488302,-4.8418982248610645,1.9999999999999991,-82.02742274237991,-0.31766541118894437,0.12139268240013487,-0.10602349955815529,-0.5451292101695969,0.8075272453722088,-1.1157332776169717,0.5544510506847773,0.09292816040807957,-0.19994399941109253,-0.08,784.8897226024619,758.8252290157169,598.7733282723245,498.4119900563394,0.0,0.0,0.0
21.84,-3.671813988264714,-5.560882485227654,2.026295374696208,-8.283388241561445,2.4330204577231744,42.70531901601657,-3.6022034077634464,-4.840623613459652,1.9999999999999991,-82.36846767446113,-0.3025522746908979,0.16815343213298178,-0.0928204423467269,-0.44834282789412716,0.5382107841757381,-1.1601805540589418,0.603427292972501,0.10763787287151703,-0.20581085095891014,-0.08,786.0022155258658,762.16015426161,604.8203934403056,497.95208693093895,0.0,0.0,0.0
21.892,-3.6898082056165302,-5.563574904113087,2.0213445983141316,-9.595612099700846,2.9644268073681515,39.040989230609696,-3.6106400744044067,-4.842218229059166,1.9999999999999991,-82.84017922841329,-0.2833508599175754,0.22628518240026238,-0.06813437277116735,-0.3361174000400688,0.25291496533163815,-1.203804634297757,0.518389218147343,0.12684306443952392,-0.17896627389971093,-0.08,780.0328261815301,767.3680754935949,603.0590876290912,498.6994241825127,0.0,0.0,0.0
21.944,-3.7092590844411264,-5.561849808545889,2.0170436425995737,-10.538866197380676,2.605474125931124,35.381079888198364,-3.62071680001492,-4.845389401890087,1.9999999999999991,-83.98438408098511,-0.2687294240623996,0.29308214145171596,-0.03836148466317956,-0.20439507679934876,-0.0034000991466487697,-1.2465856659274208,0.362995105700438,0.07307582225317728,-0.14323578378831595,-0.08,780.0005111825508,762.9035565451568,586.0155932374976,511.9421492330031,0.0,0.0,0.0
21.996,-3.730239905427678,-5.5554360137162275,2.013204846356928,-11.045452012322482,1.5285907376404941,31.727748299592246,-3.6325089605407643,-4.84889088176064,1.9999999999999991,-84.70330840838437,-0.26578573184446236,0.36479869671718523,-0.009479938469303364,-0.07264095465996487,-0.19696583207596013,-1.2884342626215382,0.20178757851104664,0.07772965667058152,-0.08163143330932014,-0.08,769.1501971342622,768.1959539197676,573.0229201201804,518.1102083841141,0.0,0.0,0.0
22.048,-3.752944362735356,-5.544404482098237,2.009582253288829,-11.073431433968734,-0.013357423013940415,28.043883611701904,-3.6458525440860465,-4.8516034948867475,1.9999999999999991,-85.86761376075277,-0.2796307854514498,0.4368795001295869,0.014571751891896616,0.055577825554071904,-0.30818590726091943,-1.3291713822922393,0.08119622001693194,0.0413125883503374,-0.019193563329611363,-0.08,763.5384681261011,768.965130696316,553.2287327763626,532.271302448599,0.0,0.0,0.0
22.099999999999998,-3.7776391127912277,-5.529065885468646,2.005961718777675,-10.685928357008647,-1.7458986181815093,24.272543645380075,-3.660833811053205,-4.8525120235020145,1.9999999999999991,-87.11198546514804,-0.31300523298856203,0.504256764201678,0.03281133242257957,0.14255367531209648,-0.3362136228481416,-1.3686119959718006,0.017678956009317626,0.01954407944586753,0.035548998904169016,-0.08,757.9793360618316,771.5223529398186,537.9768773659033,543.5408908690068,0.0,0.0,0.0
22.151999999999997,-3.8046127198315114,-5.509856587136111,2.0022084183614783,-9.989285862332519,-3.4083399113270576,20.35814420602777,-3.67734167340811,-4.850935316983677,1.9999999999999991,-88.69541357328231,-0.36615449500178465,0.5622859337460864,0.0461857737860429,0.1880499623343521,-0.28805891078942236,-1.4066552553511686,0.006265663685206535,-0.003883458866643902,0.07632328453277296,-0.08,755.3358942339294,773.1548773633376,525.937639820975,553.8653104979065,0.0,0.0,0.0
22.203999999999997,-3.834120986575751,-5.48723623098296,1.9982752946317768,-9.153087115220382,-4.787773904401106,16.264190674231514,-3.6955482703926372,-4.846278707203069,1.9999999999999991,-90.42271323302468,-0.43691055310064825,0.6073284790945522,0.05666526047952654,0.17568743096677628,-0.18149886912782892,-1.4431465401833736,0.029161882108903803,-0.02896940357289951,0.09886378826298335,-0.08,755.889725590233,773.0772184583559,517.7021088354619,562.2086757637367,0.0,0.0,0.0
22.256,-3.866335395334325,-5.46160042997201,1.9941857097586193,-8.32651330896776,-5.73974820087929,11.979045755218426,-3.715435726115322,-4.838337441278283,1.9999999999999991,-92.63013783918299,-0.5212282421426201,0.6373980246988034,0.06558208796452243,0.11933778076481286,-0.0389340511235272,-1.4781910148752124,0.07257554346130779,-0.051315738775340555,0.10312360180009708,-0.08,758.7871703005226,771.5159437832218,513.8115620963955,567.5111502208255,0.0,0.0,0.0
22.308,-3.9012943046804427,-5.433222098701131,1.9900090281534815,-7.694257787354548,-6.202485742005719,7.512191210613668,-3.737247248361576,-4.826908344731485,1.9999999999999991,-95.00968682962502,-0.6139334686714004,0.6522231131787868,0.07398084015111876,0.020355535415023572,0.1175588238547626,-1.5115912331687629,0.12406233437107672,0.24012141686037936,0.29528726828553176,-0.08,697.1818047845287,829.0760483389323,532.8060340592659,551.9272584013778,0.0,0.0,0.0
22.36,-3.9388645743559265,-5.402234671259024,1.9858264117191697,-6.467811536130168,-5.756861886618298,2.8394273146883533,-3.7610124151907196,-4.812106173145155,1.9999999999999991,-97.97253755103553,-0.7096224846042388,0.6529039879081928,0.06865484379889164,0.5514284000310763,0.584835450954652,-1.540189416311346,0.31044373632833755,0.6678460856450397,0.6881451743848364,-0.08,579.4702386094426,919.5735830829351,542.6074193997675,549.5952385118611,0.0,0.0,0.0
22.412,-3.9784930717756657,-5.369076316847608,1.9818749343959154,-2.2227839626851416,-2.9529722610592444,-2.053779452290636,-3.786948174043543,-4.793949141506304,1.9999999999999991,-101.04667740965563,-0.7934789858751142,0.6268119881499584,0.003993154674502285,1.7637616006472243,1.3620620004796047,-1.576527781623123,1.0710822570858782,-0.18388809340244178,0.0025493645428120715,-0.08,801.8360103916366,758.1297299887057,530.4152828624325,592.8218184277657,0.0,0.0,0.0
22.464,-4.018732887286264,-5.335501711822712,1.9789690481580764,3.064175626898173,1.29059055557029,-6.75678509815339,-3.8150150953982744,-4.772681098619618,1.9999999999999991,-104.65105701171602,-0.8345637537439619,0.5439254154166199,-0.081801797970989,1.4336299775978638,1.2709094543255457,-1.597349389342382,2.005597477829964,-0.8,-0.6414732289517671,-0.08,952.3799838459887,604.2003305577721,560.1601063983229,611.0505166685803,0.0,0.0,0.0
22.516,-4.057781622976502,-5.304000398200608,1.978395218727321,4.1790465699715185,3.968136818922355,-11.376991190356046,-3.8452402450795877,-4.748500100025766,1.9999999999999991,-108.29602334178887,-0.8314180494141272,0.4269910903407491,-0.07524642365456992,-0.2765660215087054,0.44659454716614777,-1.6155384866898832,1.960807495332737,-0.7372384119202956,-0.49686214778648186,-0.08,931.8713620468466,635.911364324632,546.564949419588,623.7873519002576,0.0,0.0,0.0
22.567999999999998,-4.094512247815864,-5.2753985204778955,1.980848141314158,0.03532267142717554,4.303003282256764,-16.229875819705658,-3.8771645620057362,-4.72210921914305,1.9999999999999991,-111.63163995383402,-0.8078413256254583,0.326152397239929,0.004080423437153086,-1.7829820088090584,-0.1815587461526549,-1.6443507105005826,1.1062341210825408,0.3401656478053474,0.020896995402652732,-0.08,736.4429319092776,823.4692763581417,614.6404920858236,507.68426428041244,0.0,0.0,0.0
22.619999999999997,-4.12848836833395,-5.247953265195719,1.9854115919746644,-5.252065662290856,3.5042643890296588,-21.17137077942502,-3.9101217544318785,-4.694435889178854,1.9999999999999991,-114.703899602213,-0.7824822547241255,0.2680163860609771,0.0713369138775999,-1.295801194207601,-0.07717628863943732,-1.6799318891242976,0.3023520922914117,0.33263618664311057,-0.03684632388468771,-0.08,729.7119029342634,802.3038421575814,604.2211959022416,475.56710198639547,0.0,0.0,0.0
22.671999999999997,-4.159419493717634,-5.2194368073681705,1.9906250119412638,-7.996936010461344,2.8286383600594234,-26.208376608272427,-3.94358064158831,-4.666116268515012,1.9999999999999991,-117.75482957520076,-0.7617248397601386,0.24848159763414635,0.09585994129301628,-0.6867001246909956,-0.10921064422649299,-1.7176745818614567,-0.10380413080284456,-0.044471319801228704,-0.5114919572065324,-0.08,826.2981678467219,688.2847214004661,611.2171460957163,444.9657580795255,0.0,0.0,0.0
22.724,-4.187043634736997,-5.188711734815974,1.9955313111400146,-10.353315399460161,0.7009126834212855,-31.105298746328945,-3.976839704381752,-4.637572219013502,1.9999999999999991,-120.31390955238045,-0.7487918747906619,0.25095752065289795,0.1226080666546759,-0.7748156166054729,-0.6708479758463346,-1.7507271218099265,-0.522222637601419,0.09295718274092965,-0.288817641515769,-0.08,777.8269808409982,728.9544476946355,589.4941441903106,451.62203062722665,0.0,0.0,0.0
22.776,-4.211521374533521,-5.154720578806777,1.9994521366786866,-12.526202561651957,-2.990437094372259,-35.73497743378374,-4.009262260708195,-4.608761721167402,1.9999999999999991,-122.83160973378821,-0.7583925861636848,0.2711101322770872,0.1608297964072238,-0.7158050777746404,-1.0174890712036178,-1.7829693409475786,-1.0218332576767735,0.1657910700311171,-0.05275231699815813,-0.08,731.953440582786,760.4317862983721,552.8369423986735,472.7156244061642,0.0,0.0,0.0
22.828,-4.233410206267349,-5.116182010754378,2.001580711390165,-13.90555752008351,-7.287938909027343,-40.25419993539506,-4.040271618733021,-4.579440748461425,1.9999999999999991,-124.98993042187703,-0.8029150567829607,0.30284829050496614,0.19883342011585745,-0.5117012319435996,-1.0418649690536337,-1.8142109575934249,-1.4622353858552493,0.14799764263500623,0.12869775829180563,-0.08,704.7978295077431,775.0953354944759,509.8262428782706,502.659295448974,0.0,0.0,0.0
22.88,-4.253386964826887,-5.071894765174857,2.0011321691898987,-14.222577626862993,-11.248471310384039,-44.94665116112605,-4.06951156798214,-4.548949125703313,1.9999999999999991,-127.26376759802352,-0.8870222575027611,0.3353284538882174,0.2288345371226103,-0.21145048549127807,-0.7600127281923644,-1.842499641361799,-1.7419730462159,0.5740168087254645,0.7110828253741569,-0.08,551.0866597312503,887.0582108800788,476.50323914289197,527.8161088431821,0.0,0.0,0.0
22.932,-4.272061368016121,-5.021016666438791,1.9975453559783904,-12.08678734905118,-13.333066661723835,-50.26351368064754,-4.0967197544998735,-4.516695296879347,1.9999999999999991,-129.41711002366117,-1.008758959015743,0.3577893856646598,0.2228279428134567,0.6987255788081647,0.075749510447948,-1.8750340195194386,-1.568556464881195,-0.23878545999830486,0.11237515040379793,-0.08,757.670942370106,725.628772167592,437.97734960965084,569.0822601196332,0.0,0.0,0.0
22.983999999999998,-4.289997551375356,-4.963639086059985,1.9908964545436634,-8.915876220174995,-13.42870899994408,-56.13253115199945,-4.121926297799382,-4.481617661344988,1.9999999999999991,-131.92988526635227,-1.1455916376216844,0.3439077971005858,0.17839598475105703,0.327004998501751,0.3977494906312575,-1.899369875495776,-0.9205631450540103,-0.3935702890377879,0.030583719803127102,-0.08,796.4261861194051,705.5620802525705,440.2920504460722,594.417222988653,0.0,0.0,0.0
23.035999999999998,-4.3075058998026545,-4.9003745268799905,1.9821010174460703,-8.16829520920112,-12.855321396433343,-62.11505326082853,-4.145172464142501,-4.443149530178504,1.9999999999999991,-134.50578904883625,-1.2751816420143893,0.2891188572972491,0.14988812805343632,-0.5178760411940633,0.5375913983435935,-1.9118090795421676,-0.3596563025509987,-0.10180569981264997,0.062492941715833805,-0.08,767.2317326565061,757.5378527596462,507.8439822635095,565.4016495218711,0.0,0.0,0.0
23.087999999999997,-4.324055714605689,-4.8315254169420205,1.9722254451940169,-9.08501457408738,-11.762304895461616,-68.2109290165157,-4.166755525022059,-4.400268163669889,1.9999999999999991,-137.64901200110677,-1.3903004384992579,0.21872717786187484,0.1299858091171017,-0.8259548344200883,0.7535211455994268,-1.928857677754675,0.15190744602518236,0.056859166476845024,0.04458018422066945,-0.08,759.5430431903388,784.2481223908763,553.0116850344767,548.8216775896313,0.0,0.0,0.0
23.14,-4.338372497838789,-4.757418016013567,1.9621963816933108,-10.265733003064547,-10.150605403218902,-74.46961577311885,-4.186794859749429,-4.352916525868111,1.9999999999999991,-140.90731663725774,-1.4856430873331858,0.1478392838645693,0.10516103045029832,-0.747402442385912,0.9659610053957491,-1.949869339532792,0.717128823938487,0.07857477598360699,0.006644768820834923,-0.08,772.1089593845162,792.5864968817509,577.263576700207,553.3432649458412,0.0,0.0,0.0
23.192,-4.348978420967907,-4.678790329212925,1.952964407177797,-10.894669295911033,-8.036917908322689,-80.902364700362,-4.205460669349118,-4.300295984081649,1.9999999999999991,-144.81914302796542,-1.5563808024809789,0.07990605615133026,0.0736491703505319,-0.3132402250033208,1.2184692534141495,-1.9716744254453196,1.3229276619165473,0.6250864242884654,0.5024028853785367,-0.08,645.4781269443173,916.8200230425145,599.3347610997678,559.5312473823228,0.0,0.0,0.0
23.244,-4.354778205188265,-4.596977921258906,1.9455419749218141,-9.340046021676748,-4.721154991027165,-87.5662129076308,-4.222531849659092,-4.242811066068676,1.9999999999999991,-153.3463588648413,-1.5951299280057836,0.00794047885126414,0.01843558153080363,0.5438063093045699,1.600950930793377,-1.9987038813975133,2.103630666928795,-0.4582266366247487,-0.2213409125200746,-0.08,879.8543880225328,720.1651341444226,556.2341853299047,631.2380702038254,0.0,0.0,0.0
