Time_s,X,Y,Z,Roll_deg,Pitch_deg,Yaw_deg,Ref_X,Ref_Y,Ref_Z,Ref_Yaw,vx,vy,vz,p,q,r,T_pert,tau_x,tau_y,tau_z,RPM_0,RPM_1,RPM_2,RPM_3,Wind_X,Wind_Y,Wind_Z
0.052000000000000046,1.99999999999375,-16.49999999999705,0.010054993693929872,-6.511451058162054e-09,3.073393339453023e-09,89.99999999880782,2.0,-16.5,0.014464867854085735,89.99999999971945,5.608298636639493e-11,1.1566816993194474e-10,0.0009999505390285296,0.0,0.0,0.0,0.13101390137454277,4.0613599192543584e-10,-1.9309763861268087e-10,1.8547165660488376e-11,658.9128020957179,658.912802156499,658.9128022630424,658.9128020920775,0.0,0.0,0.0
0.10400000000000009,1.9999999999918867,-16.49999999999615,0.010106992969363172,-8.452683501264847e-09,4.013065335349238e-09,89.99999999916183,2.0,-16.5,0.027872386655924238,89.99999999971945,4.904087424024191e-12,1.0222636040979921e-11,0.000999997498566177,0.0,0.0,0.0,0.5574704251948901,3.9514970189746804e-10,-1.8765100907923723e-10,1.1344789981288456e-11,668.3095398694421,668.3095399278103,668.3095400116244,668.309539847686,0.0,0.0,0.0
0.15600000000000014,1.9999999860989763,-16.499999965361628,0.01034989587745525,-0.0006309168330551689,0.000298681260322775,90.00026613954283,2.0,-16.5,0.04988052804296929,89.99999999971945,1.1124717297794977e-06,1.1105602976760349e-06,0.010465006729951222,0.0,0.0,0.0,1.1597126642167384,2.88034369804943e-05,-1.4237857775711044e-05,-5.414670035106565e-06,681.3641813705902,681.3682000700131,681.3576024813555,681.3457269691235,0.0,0.0,0.0
0.20800000000000018,1.9999996641429516,-16.499999781848953,0.01180822808064097,-0.0016252116105528692,0.0007900178692881556,90.00069365480938,2.0,-16.5,0.07930197671112224,89.99999999971945,5.222366048175444e-06,9.73433970064087e-06,0.04275901085508081,0.0,0.0,0.0,1.7361612036445968,8.120033183542991e-05,-4.002906929103085e-05,-1.411255701056617e-05,693.6325145394429,693.6436728795503,693.6173317346185,693.5844740727977,0.0,0.0,0.0
0.26000000000000023,1.9999985529597135,-16.499999213316965,0.01556633637374375,-0.0022802554137054537,0.0011714418496314232,90.0010687962136,2.0,-16.5,0.11471958995594762,89.99999999971945,1.3079428392004814e-05,2.5741656213739803e-05,0.09475012615325942,0.0,0.0,0.0,2.2376296410116927,0.00012701352632037236,-6.518885683740123e-05,-2.174488686841539e-05,704.1316562170242,704.1481621922469,704.1091178712895,704.0577994872572,0.0,0.0,0.0
0.3120000000000003,1.9999963144320605,-16.49999806159409,0.022565479489694305,-0.0022556494816434376,0.0013161486177952087,90.00136096255669,2.0,-16.5,0.15478502333384989,89.99999999971945,2.3511130828516456e-05,4.5837521698497846e-05,0.1636236790090605,0.0,0.0,0.0,2.6185890361763504,0.0001487535419955735,-8.337831047180836e-05,-2.7689071857957913e-05,712.0060400426535,712.023300911132,711.9742305243715,711.9129351780948,0.0,0.0,0.0
0.3640000000000001,1.9999929578005544,-16.49999624801502,0.03356504809065769,-0.0013482612386374942,0.0011297759539893328,90.00155901032245,2.0,-16.5,0.19834257833568275,89.99999999971945,3.486472061650164e-05,6.541483568360471e-05,0.24540365823767027,0.0,0.0,0.0,2.85684893841657,0.0001331277442759184,-8.902542935334192e-05,-3.171839482467903e-05,716.8903584806233,716.9019234234211,716.8443935973687,716.7861318342085,0.0,0.0,0.0
0.41600000000000015,1.9999889690321195,-16.499993873704515,0.0490854952623547,0.0004328676600953839,0.000562965121647279,90.00165872535642,2.0,-16.5,0.2444608221996299,89.99999999971945,4.519357821343291e-05,7.916696469465637e-05,0.33516969296360416,0.0,0.0,0.0,2.954263193260432,7.46882353340342e-05,-7.794928244965117e-05,-3.37471179213031e-05,718.8833293609409,718.8824765804352,718.8170497170702,718.7771294599023,0.0,0.0,0.0
0.46799999999999997,1.9999853110168935,-16.49999125038178,0.06939541393106109,0.002802465243135744,-0.0003679522329553872,90.00166100228125,2.0,-16.5,0.2924195984772763,89.99999999971945,5.2305136976444525e-05,8.138866573046002e-05,0.4282440795246054,0.0,0.0,0.0,2.9250962509408662,-2.106894411129096e-05,-4.826146125081283e-05,-3.379344243017914e-05,718.2985248098139,718.2803795748653,718.2070091835659,718.1998914738958,0.0,0.0,0.0
0.52,1.9999832537404258,-16.499988886965827,0.09452956442940177,0.005204722155875078,-0.001568562592198005,90.0015721949679,2.0,-16.5,0.3416788632904029,89.99999999971945,5.378240306582241e-05,6.646234744820633e-05,0.5202832564554642,0.0,0.0,0.0,2.793556077605678,-0.00013720265277128316,-9.54144989378795e-07,-3.198663917784161e-05,715.6225022880814,715.5862080545812,715.5047477309944,715.5405447379657,0.0,0.0,0.0
0.5720000000000001,1.9999840485206646,-16.499987426786895,0.1243206362863977,0.006902272461797713,-0.0028656498010606163,90.00140332009899,2.0,-16.5,0.3918432295534576,89.99999999971945,4.709129216287534e-05,2.9935900938259337e-05,0.6077401104549465,0.0,0.0,0.0,2.587117732109088,-0.00024765947059728885,5.985873609907078e-05,-2.8550844861813955e-05,711.3939896968803,711.344360118059,711.2551703891141,711.336445754319,0.0,0.0,0.0
0.6240000000000001,1.9999885159056496,-16.49998754076707,0.15844674655344784,0.007121132408280881,-0.004017944396736292,90.00116911152841,2.0,-16.5,0.44262887758017755,89.99999999971945,2.988618876630386e-05,-2.965828085824395e-05,0.688054523748337,0.0,0.0,0.0,2.3366018406315945,-0.00032110812130577664,0.00012682838424314744,-2.378582280306271e-05,706.2206982289049,706.168980277585,706.0736419236359,706.192894598771,0.0,0.0,0.0
0.6760000000000002,1.9999966482053255,-16.499989791005827,0.19648499235365188,0.005255771604173615,-0.004743346547537807,90.00088708009983,2.0,-16.5,0.4938354933521529,89.99999999971945,5.965030635633325e-07,-0.00010833979332393489,0.7597245734381622,0.0,0.0,0.0,2.069955911146125,-0.00032716653064626406,0.00018989695353347258,-1.8047834756258093e-05,700.662905935441,700.6260748150604,700.5280293359951,700.6667731700875,0.0,0.0,0.0
0.7280000000000002,2.0000073407345837,-16.499994485608823,0.2379637811140621,0.0010786973621690072,-0.00475661934078312,90.00057626972036,2.0,-16.5,0.545323807075738,89.99999999971945,-4.081683905319011e-05,-0.00019462583777568148,0.8220881733188558,0.0,0.0,0.0,1.794232121669241,-0.00024348458226322538,0.00023742041487450887,-1.1724332970402288e-05,694.8588657463523,694.8572251058235,694.7621432699675,694.8922563100792,0.0,0.0,0.0
0.7800000000000002,2.0000183472230617,-16.500001545125304,0.2823887669059225,-0.00481286463033862,-0.0038419396423658133,90.00029105649975,2.0,-16.5,0.5969983116619324,89.99999999971945,-9.183662584826872e-05,-0.0002663328959029834,0.8748836570529461,-0.000992503366783372,0.00020842805421341374,-3.850633121907142e-05,1.5245765968898741,0.0003097941593660084,0.00017738808279025155,7.896146497539736e-06,689.0676889469307,689.2005892680527,689.1731450357884,689.1370265697973,0.0,0.0,0.0
0.8320000000000003,2.0000267710620974,-16.50001042927105,0.329267899680225,-0.009467814888918435,-0.002069939752124135,90.00004956223927,2.0,-16.5,0.6487943519941037,89.99999999971945,-0.0001448706524513686,-0.00027583514563012145,0.9183453831863432,0.0,0.0,0.0,1.2722084875817572,0.00010889962040224664,0.0002451197221393107,-1.0083597697813625e-06,683.7215687588496,683.8189006462804,683.7488147489802,683.7862664084098,0.0,0.0,0.0
0.8839999999999999,2.000030267622033,-16.500020169629515,0.3781328325984643,-0.013299769387759404,0.0007356753430124148,89.99980167993378,2.0,-16.5,0.7006687011803812,89.99999999971945,-0.00019547829123211968,-0.00023640957614911006,0.9530529584714984,0.0,0.0,0.0,1.0449135173577009,0.0003076646891446875,0.00018679756607154385,4.0348572684657755e-06,678.8169216443505,678.9538442114189,678.9129843793532,678.8795153497404,0.0,0.0,0.0
0.9359999999999999,2.000027102031237,-16.500029340171082,0.428553657139681,-0.015557205891475212,0.00446819711956108,89.99957814299782,2.0,-16.5,0.752592813273509,89.99999999971945,-0.00023429396718471066,-0.00014589075597385738,0.9798612410459013,0.0,0.0,0.0,0.8470431779777421,0.000496917549018881,7.590378061581582e-05,8.582762702388747e-06,674.5240777195764,674.6837055769547,674.6858088464336,674.5684891772273,0.0,0.0,0.0
0.988,2.00001639561228,-16.500036128104405,0.4801513024016389,-0.014977525461555936,0.008714892443035582,89.9993919861153,2.0,-16.5,0.8045480718714191,89.99999999971945,-0.0002483065301326423,-2.735208096115884e-07,0.9998143991136388,0.0,0.0,0.0,0.6798074722789025,0.0006266669132564424,-8.486656632022499e-05,1.2370163177740346e-05,670.8881407655655,671.0399430747703,671.0974117813657,670.8980634387602,0.0,0.0,0.0
1.04,1.9999986780749963,-16.500038542761537,0.5326020246218414,-0.010556864650541902,0.012821555369740641,89.99926371481429,2.0,-16.5,0.8565224933733969,89.99999999971945,-0.00022464353894013981,0.0001909752714701511,1.0139487222278745,0.0019487719078348238,0.0012333114622348003,-2.809583815413649e-05,0.5429561197586956,-0.00010560695891583699,-0.0007563048597111261,2.5061886048262975e-05,668.0788998042574,667.8363213195421,668.1177519593857,667.9346368170172,0.0,0.0,0.0
1.092,1.999976189545935,-16.500034782594685,0.5856357348934214,-0.004470972737762355,0.014880643775415656,89.99922071975708,2.0,-16.5,0.9085084704357087,89.99999999971945,-0.00013852932930050071,0.0003664359488519177,1.0233266234321388,0.001196962163020061,0.00019980339207948078,-4.891189709948957e-06,0.4344241908555908,0.00012047108427524084,-0.0005363753878120935,1.7609785813896037e-05,665.6464635966514,665.5289937360528,665.7288389143864,665.5433297539163,0.0,0.0,0.0
1.1440000000000001,1.9999519246968351,-16.500024019570922,0.6390361948504181,0.0017039100211955593,0.014238162112059038,89.99921745292757,2.0,-16.5,0.9605012471176994,89.99999999971945,2.592068212160846e-06,0.0004869917778442585,1.0289304035238018,0.0022170554724575213,-0.0005281695595766736,3.715557122515696e-06,0.351315507791476,-0.00038623719968238076,-0.00037929092985264113,1.4587772628038816e-05,663.8719606368829,663.6551472485005,663.8027500937734,663.8047173018747,0.0,0.0,0.0
1.1960000000000002,1.9999288805738598,-16.50000669585724,0.6926352054325386,0.007418756938154565,0.011581471942273793,89.99924506273278,2.0,-16.5,1.0124979011985418,89.99999999971945,0.0001648876698816906,0.0005460855190787515,1.0316489702615028,0.00016947814631588365,-0.00010645459646775775,1.1931222476220913e-06,0.2901833323179499,0.0002465366574659208,-0.0006071155007895077,1.4931205449748436e-05,662.4661778013037,662.3638465179914,662.5773278952016,662.3350788260643,0.0,0.0,0.0
1.2480000000000002,1.9999097319502448,-16.499984210314594,0.7463061483224869,0.011834157325477188,0.007212543092851871,89.99930068064259,2.0,-16.5,1.0644966733149472,89.99999999971945,0.0003255027303655023,0.0005346558383654834,1.03221866257282,0.0014180152170342082,-0.0016962945492552946,1.9844857702078477e-05,0.24779277276777734,-0.0004026707124235988,5.311637380719524e-06,7.106588378050491e-06,661.5458849049787,661.4329577002312,661.4510870171887,661.5670298547137,0.0,0.0,0.0
1.3000000000000003,1.9998964948763727,-16.49995872047086,0.7999580626548647,0.014805853880451754,0.0018932138214692135,89.99936439619005,2.0,-16.5,1.1164965302517906,89.99999999971945,0.000459137480301739,0.00046459849867738496,1.0313000596828934,0.0,0.0,0.0,0.2205414047214127,-2.890911977272866e-05,-0.0005835214106013177,1.2931485943044003e-05,660.9657995966455,660.7915894578016,660.9933384428167,660.8355836433884,0.0,0.0,0.0
1.3519999999999999,1.9998904686006551,-16.499932812514597,0.8535304747548719,0.016141598868325682,-0.00416381713339408,89.99944765100005,2.0,-16.5,1.1684968843679675,89.99999999971945,0.0005535799041853669,0.0003455470587292027,1.0294221190110122,0.00026317938683271803,-0.0021044649325691373,2.607011186424011e-05,0.20516109383290804,-0.0002875795110490074,0.0003559247087439516,1.882552206560646e-06,660.5438793843449,660.563330220816,660.4672389561731,660.6503768675111,0.0,0.0,0.0
1.4040000000000004,1.9998921406199215,-16.49990931228857,0.9069869877717364,0.01582789079643589,-0.01001276287429107,89.9995324301697,2.0,-16.5,1.2204974158561033,89.99999999971945,0.000590558747102001,0.00019367700936378108,1.027002790643215,-4.0937983588453026e-05,-0.0001963989702599899,3.557210358862866e-06,0.19871363088437377,-0.0002999570617886483,-0.00019783398815925463,8.236316905470445e-06,660.4729235011108,660.3312211676364,660.4103375843921,660.439407167397,0.0,0.0,0.0
1.456,1.9999012186478375,-16.499890978265228,0.9603093564002877,0.013780616916270489,-0.015752509779949624,89.99962108069053,2.0,-16.5,1.27249796188242,89.99999999971945,0.0005735015676686955,2.2449027621544264e-05,1.02435064999672,0.0,0.0,0.0,0.19875931939760605,-0.00039990778175568527,-3.9445424404178683e-05,7.709186418040066e-06,660.4663521573602,660.3412852042524,660.373853805675,660.4764602542317,0.0,0.0,0.0
1.508,1.9999166177440206,-16.499880362786048,1.0134928624359851,0.010158616466022556,-0.02025753045424756,89.99971985568101,2.0,-16.5,1.3244984486536715,89.99999999971945,0.0004888583405995978,-0.00014958016540653177,1.0216930856393074,-0.001536489119859124,-0.001419420152335247,3.479656876304001e-05,0.20322545828550354,0.00016343198531919252,0.0007621683912865997,-6.786943339998471e-06,660.39103221776,660.6544675895849,660.418769857366,660.5891812303892,0.0,0.0,0.0
1.56,1.9999365076451379,-16.499879467394866,1.066542252929133,0.005181346708472099,-0.02325450412186096,89.99980226530067,2.0,-16.5,1.3764988506491465,89.99999999971945,0.00034520673044351397,-0.00030632580203841,1.019183937177762,0.0,0.0,0.0,0.2104593121392231,-0.00038820762853810796,0.0004790160126613508,4.022947857372268e-06,660.6550120664234,660.680851385582,660.5556694459704,660.8024318076147,0.0,0.0,0.0
1.612,1.9999584583914276,-16.499889511469608,1.1194685378169014,-0.000819914050888295,-0.023865124774524887,89.99988829039985,2.0,-16.5,1.4284991667760278,89.99999999971945,0.0001441723173050085,-0.0004304374541536737,1.0169224667378638,-0.0020898766746148185,0.0001371231919133176,2.3177435169747356e-05,0.21914330901061163,0.0005251289293596792,0.0006568053080153744,-6.044328967163973e-06,660.7058988437988,661.0421106728164,660.8385791447071,660.8760366218138,0.0,0.0,0.0
1.6640000000000001,1.999979688601829,-16.4999105797101,1.1722863725453583,-0.006132782171047204,-0.021692502825979183,89.99995698701579,2.0,-16.5,1.4804994068808617,89.99999999971945,-9.729304226951232e-05,-0.0004909161415938999,1.0149603755043906,-0.0017275330041435055,0.0011621577176655535,2.486746505060924e-05,0.2283091810573996,0.0005266652568901839,0.00042871588264816157,-8.04843259988919e-06,660.9437090079215,661.215391270945,661.0712370709259,661.0433822160894,0.0,0.0,0.0
1.7160000000000002,1.9999976540188116,-16.499941447667066,1.2250119387518466,-0.010406046872088851,-0.01667782363671694,90.00000768664451,2.0,-16.5,1.5324995844656653,89.99999999971945,-0.00035548939277097895,-0.0004890704972452793,1.0133136053110066,-0.001059233664054113,0.0019443988363896853,1.4127751675046031e-05,0.23728963446878382,0.0004288199774775107,0.00020243687210115156,-5.226047811506427e-06,661.1845294593388,661.3639874628515,661.2919974000885,661.2276382611016,0.0,0.0,0.0
1.7680000000000002,2.0000104680771273,-16.499979626894557,1.2776615455852545,-0.01181500510692083,-0.010209781269862704,90.00004069531406,2.0,-16.5,1.584499713025486,89.99999999971945,-0.0005859146957472653,-0.0004099539769713917,1.0119770584621315,-0.00013226323195431343,0.0022880102157822086,9.89810219315938e-06,0.24561861920030914,0.0001870412739687826,6.821546023822909e-05,-4.379832674469197e-06,661.420961710031,661.4935077620665,661.462018016507,661.4282461302455,0.0,0.0,0.0
1.8200000000000003,2.0000175024255116,-16.500021946942127,1.330250731694594,-0.011272432740409304,-0.0031257562645401796,90.0000626731594,2.0,-16.5,1.6364998044288215,89.99999999971945,-0.0007639871073110544,-0.0002915323946295394,1.010929993034772,0.00034156940221695105,0.0024130458378595703,6.575735281944587e-06,0.25300710306333585,8.035700385316318e-05,-5.018746758944084e-05,-3.6347658277612786e-06,661.6152261587758,661.6237984847111,661.6280167018966,661.5909234322392,0.0,0.0,0.0
1.8720000000000003,2.000019076065367,-16.50006498974554,1.3827935760561965,-0.009844112808585912,0.004014304499058315,90.00007614944819,2.0,-16.5,1.688499868396729,89.99999999971945,-0.0008773250050167729,-0.0001671364168041926,1.0101389467626638,0.0005530132855268227,0.002362539596772955,4.014155455827437e-06,0.2593364702123946,5.048089017149144e-05,-0.0001621991975573608,-2.9897367539514113e-06,661.7743577186881,661.7426209160304,661.7804399489252,661.7200212908798,0.0,0.0,0.0
1.924,2.00001594194992,-16.50010536766484,1.4352833272219416,-0.019476946153955354,0.010684415518230909,89.91932240978971,2.0000005931096694,-16.500002494102198,1.7404999125307015,71.82282186773246,-0.0009192358534682204,-0.00017770561111751104,1.008315963687319,-0.013788255916458741,0.002136183798541579,-0.07854724643120062,0.27744534673230703,0.005979846893668084,-0.00026108853486412405,-0.08,763.9399626424639,765.3459499477088,541.655601654901,539.4852217289273,0.0,0.0,0.0
1.976,1.9999983987016674,-16.50013990383338,1.4876563656121777,-0.16635210600903977,0.015418520254122386,89.5101115606237,2.000002739572691,-16.500013793334894,1.7922370210453975,71.82284550842931,-0.0008763144321320409,-0.0019396336047425512,1.0069104006318543,-0.07048996165351465,0.0015387075034608692,-0.17014484418836093,0.28677038533728094,0.03259101065153395,-0.00023644403431908516,-0.08,760.8360524867211,768.7888328343099,546.5010258704375,535.0895276693323,0.0,0.0,0.0
2.028,1.999899829546967,-16.50016571007228,1.540015934397651,-0.4128745190597377,0.01594257932719067,88.87749018937552,2.000003976061162,-16.500032206791236,1.8400654457389551,71.8227932113113,-0.0007536980584871947,-0.0038512154207550747,1.0067396324361244,-0.08451245106081062,0.0011344735190600246,-0.24022968267166597,0.159497678039779,0.04718091419369188,-0.00019964408147253517,-0.08,756.5772966007293,768.1623331007012,545.6066675000642,529.0296265336824,0.0,0.0,0.0
2.08,1.9996103566295629,-16.500179697696925,1.5922594078279257,-0.6345677053064506,0.011351881172043665,88.04156869079391,1.9999963152657079,-16.50005512557291,1.8804669274779404,71.82241174796891,-0.0006171897939810777,-0.0032740917698791823,1.0022962375990316,-0.06479342067705518,0.0010660284977369815,-0.3077334648234589,-0.15978529937497576,0.050382435436752235,-9.230255078996566e-05,-0.08,749.9764409641556,762.4781326671924,537.5367985714404,519.5846039125769,0.0,0.0,0.0
2.132,1.9990350109320858,-16.50017824907129,1.6439684715666372,-0.775493067108486,0.0018724025682710303,87.00653337848377,1.999961417872846,-16.500079557069856,1.9127221006331419,71.82147314474288,-0.0005716869975898189,0.00036923918541521383,0.98736955284394,-0.03505633775193053,0.0012459207049207413,-0.3741620015924637,-0.620232365703421,0.0495359572139004,0.00023301312580253821,-0.08,741.0186760416362,753.5389643008177,524.6632868240654,506.68973747800516,0.0,0.0,0.0
2.184,1.9981227485716688,-16.50015795022822,1.6944403884669141,-0.8275912278725195,-0.010980533989792504,85.77542503812543,1.9998616416186599,-16.50010226248453,1.937492695194252,71.81956261523744,-0.0007397298656635022,0.006426887760816788,0.9572674661538288,-0.006025152708841608,0.0017724679428011384,-0.4395491990663351,-1.1326593123333026,0.047822693242091784,0.0008236018514504001,-0.08,730.9840536255301,743.3894485370129,509.7611348751002,492.1235107839684,0.0,0.0,0.0
2.236,1.996867804904412,-16.5001164956051,1.7428141496796878,-0.7989744530527108,-0.024271916135445073,84.35161517133874,1.9996558454054922,-16.500120069853562,1.9559718875095369,71.81686458954051,-0.0012363799099723584,0.013891720439246243,0.910111332564774,0.019377318193578047,0.002869353637872022,-0.5037078986259493,-1.6133338060942677,0.04571559176380613,0.001614773670605389,-0.08,721.4733325986922,733.7023837092436,495.22748616054156,478.19358016112295,0.0,0.0,0.0
2.2880000000000003,1.9953002913477649,-16.500053175021318,1.788220660594231,-0.694699258805681,-0.0332735677612974,82.78575993852512,1.99930019989735,-16.500129916286895,1.969444447485329,71.81291866707392,-0.0021260254454886834,0.021808697697041447,0.8466756769844898,0.04774576353499373,0.00466748170449563,-0.5294170954808901,-2.001227316400498,0.039875609635347684,0.0024422590744525166,-0.04044687804170261,661.6749760307956,673.590809011411,552.2153083557546,539.3212762815184,0.0,0.0,0.0
2.3400000000000003,1.9934801678496399,-16.499969590186932,1.829899269655513,-0.4713986435693237,-0.03193493729003267,81.22991384248672,1.998744800540797,-16.500128437688435,1.9790811110268332,71.80841818612012,-0.0033301612050782117,0.029743450010168766,0.7699375510506322,0.09368163923928659,0.0066729615922637734,-0.5147733521423173,-2.2638907756986226,0.022186498531992213,0.0031516499946892765,-0.013304561434323743,619.4321947780688,627.074923695698,586.0030233711606,579.8644339514188,0.0,0.0,0.0
2.392,1.991506934533379,-16.499872310348152,1.86729838117278,-0.12080870374493163,-0.01673473698949142,79.74704892685118,1.9979521994349445,-16.5001126479092,1.9858613204030369,71.80278810435287,-0.004659974575598155,0.03641311655922692,0.6842782956390596,0.1307617744096013,0.008483725587425783,-0.48473662726506667,-2.395329566011739,0.0009881332552237679,0.003534226817520241,0.00686770375894923,588.9663725049503,590.4080952756134,610.2128085007539,610.9966938093083,0.0,0.0,0.0
2.4440000000000004,1.9895201680012111,-16.499775146573675,1.9001020165163396,0.29646708416407175,0.013539018323883238,78.37213448389998,1.9969180111728888,-16.50008126605165,1.9905620541967308,71.79099147677857,-0.005861198004299035,0.03986614670867077,0.5942401504369054,0.1426202236016339,0.010161934033198324,-0.4448555786889611,-2.4050468170099766,-0.01686178575261949,0.0032221397867172397,0.021876078205002748,567.9629622541215,563.4302529334427,629.4570232398847,635.426912384896,0.0,0.0,0.0
2.496,1.9876788186050998,-16.499697408201687,1.92821605066309,0.701854673612933,0.057199324594900895,77.12674826015106,1.9956590086099983,-16.50003489821952,1.993777241743015,71.7856657086519,-0.006664059271971938,0.03887093857465355,0.5040359616087968,0.1290208125503302,0.011505923059882742,-0.3997086237145801,-2.3122016913055266,-0.029232138711743943,0.0020458619682766016,0.031574459624914245,556.9010937043305,547.647009638166,643.876601295662,652.9449270873579,0.0,0.0,0.0
2.548,1.9861354834079972,-16.499659225413748,1.9517404243360825,1.0312342759483737,0.10934599145811967,76.02079127079199,1.9942371377560624,-16.499977867370692,1.995948373820355,71.78075094021159,-0.006844979386765307,0.03336310908780896,0.4172209403666656,0.09702035293425378,0.011915705893179123,-0.35223877436224144,-2.1405477479446353,-0.036240080233093705,0.00017633646913917719,0.03759020520098191,553.0501043619768,540.6524384773662,655.4845511632105,665.8467951313302,0.0,0.0,0.0
2.6,1.9850155117136774,-16.499676526832967,1.970932715539083,1.244221716973735,0.16239858539886476,75.05720197151923,1.9927069164315991,-16.499916164284368,1.9973963845320741,71.77735284988724,-0.006279841205119407,0.0242222695866063,0.33661096653282163,0.05461687722379978,0.010672708993770805,-0.3047278185562696,-1.9154672676109386,-0.038482117478200795,-0.001960446552202048,0.04060319303892302,554.7901711802804,540.9125741310431,664.6499400023941,674.9007885082716,0.0,0.0,0.0
2.6519999999999997,1.984402765094048,-16.499757366474245,1.986165051163797,1.3241969899397783,0.207451858013865,74.2321419887404,1.991164192405289,-16.499858873546003,1.9983502602015535,71.7751814702583,-0.004978199810055858,0.012864964476987612,0.26392624098053563,0.009659360270319526,0.00735540992497878,-0.25899776190007673,-1.6582025985543865,-0.03689321362619346,-0.0038421530726045366,0.041428927913673044,560.2465193715913,546.4067646210036,671.9074869446082,681.0919994382967,0.0,0.0,0.0
2.704,1.9843319825208456,-16.49990041120167,1.9978821709553085,1.2758832688080157,0.23631013027927047,73.53828650866662,1.9897019251880568,-16.49981700141361,1.9989707584948548,71.77471385729983,-0.0030839423998328904,0.0008594153845457502,0.20028035268534644,-0.03135070415659523,0.0021006183327646763,-0.2160194965994088,-1.388560777508042,-0.03260411307865951,-0.005047286862133989,0.04053142895053535,568.1707145374776,555.5732807114912,677.2983440022987,684.9043350254772,0.0,0.0,0.0
2.756,1.9847878015445537,-16.500095705571685,2.006566168034763,1.1198802888318227,0.24327660850263677,72.9657708841956,1.9884130075788438,-16.499802250294017,1.9993691106817555,71.77577801780775,-0.0008430120049496987,-0.0103789106243735,0.14596728461675607,-0.06388953610198031,-0.004405391582966926,-0.1765572619395811,-1.1211092318938753,-0.026740365474626708,-0.0053534395661152525,0.03836318774840241,577.5271141220908,566.9839845786721,680.977772823737,686.8564989093757,0.0,0.0,0.0
2.8080000000000003,1.985709678902735,-16.500327202502273,2.012701865599622,0.8863003826544062,0.22625424783061193,72.50322358870908,1.9873842709030352,-16.49982176891439,1.9996212543378067,71.77814871979669,0.0014497500673869806,-0.01977231075620603,0.10075362716736627,-0.08562557558379418,-0.011159536742068751,-0.1411993318295784,-0.866482191945054,-0.02025577278370882,-0.00473935509842748,0.03540178193880773,587.3965818591305,579.3418665604071,683.2567419752364,687.512680976016,0.0,0.0,0.0
2.86,1.9870016919980762,-16.50057622395379,2.0167569583203133,0.6090451680450835,0.1869933723922157,72.13848145036556,1.9866759011056814,-16.499878309265963,1.9997783763274568,71.78193550511554,0.00350739713056276,-0.026652857915548177,0.06423626569606213,-0.09582158914815797,-0.017066912323238405,-0.10991480257127459,-0.6339159053874929,-0.014029665274539214,-0.0033763001337818316,0.03218824114660139,596.8728408517803,591.3652332190583,684.5839295307841,687.5031941584251,0.0,0.0,0.0
2.9120000000000004,1.9885453084308655,-16.500824947008866,2.019157111016668,0.31582778817085305,0.1345551793664548,71.81521358710062,1.9931201231165918,-16.492773036961182,1.9998745549770065,47.307289451572,0.005109439557919178,-0.03075686455199026,0.034660782241468624,-0.10439369317901077,-0.015038442304595372,-0.1475379043109238,-0.418630877057592,-0.012626046539868985,0.2604293507321728,-0.08,719.5452736414624,781.6106824562092,469.61305703665414,568.5073808268711,0.0,0.0,0.0
2.964,1.9902083973576297,-16.501042964128423,2.0200966106932237,-0.1657580197388503,0.6283442370286002,71.12745343600989,2.045732965913857,-16.43711151459536,1.9999321994522559,47.35793370436249,0.007132383236084558,-0.031623988600816826,0.008908245137815306,-0.1886616726097347,0.383472337100181,-0.26986048590971673,-0.19547567302864866,0.08827157530521905,0.4848581664342849,-0.08,680.5385180246487,823.7838186470042,451.50802777837595,594.112246024284,0.0,0.0,0.0
3.0160000000000005,1.9918872428587906,-16.500915828791324,2.0200852714591715,-0.6257360087688979,2.9506651365387926,70.18177079349584,2.119995125661013,-16.358875847537664,1.999965860168862,47.3715451027607,0.01963240465302589,-0.02762975494094629,-0.004825230740198823,-0.08853263864103597,1.0146434682330885,-0.33765293563869836,-0.06051607946177911,0.14164480002003402,0.14027151954328992,-0.08,722.7671794243836,792.7093865531033,532.1528460404058,531.6674912744668,0.0,0.0,0.0
3.068,1.9937505486019829,-16.499435489412235,2.019489685382265,-0.5886156325645445,6.471438549184773,69.0165412700605,2.1951024732953317,-16.280057684196223,1.9999848600861982,47.303792956383575,0.05788464013793913,-0.020581225714445567,-0.009170028764562306,0.14082202917789263,1.2437016008299406,-0.4020248003482652,0.0006515484628589335,0.12264793694978704,-0.10249038604364685,-0.08,758.6683838593949,763.6469180449388,573.7852148840377,494.5515796480191,0.0,0.0,0.0
3.1200000000000006,1.9963927993970527,-16.495180296221776,2.0184538684689484,0.017755578020203167,10.014233683941008,67.67264546018893,2.2617490421962714,-16.210366236505916,1.9999950877655612,47.07880230418511,0.12693993256012293,-0.014747465366647583,-0.0017283074090118408,0.3408685591261343,1.120723111594453,-0.4643942616735369,-0.039854452368750314,0.07076869697524715,-0.2109592238347954,-0.08,779.9963999658968,745.4428972352606,585.2695292636763,486.4313731229164,0.0,0.0,0.0
3.172,2.000715363635362,-16.48683826483106,2.0169709390950947,0.9570154928055122,12.858241524529737,66.17215518978256,2.3169250313488274,-16.15270864837344,2.000000203852635,46.678272590168085,0.22269615065799964,-0.012866587585815197,0.01683190763541985,0.4775726287015183,0.8227189356684225,-0.5256994520194551,-0.17512946674085822,0.4025389014364673,-0.22146442191914584,-0.08,740.5412624725997,785.1638734696074,638.1907192546028,415.539024795644,0.0,0.0,0.0
3.2239999999999998,2.0077271143552284,-16.47353739437473,2.0148811064023064,2.8843028664100845,14.765781908352311,64.50794380219749,2.3608350434310497,-16.10652752851412,2.0000024428942704,46.39606495870597,0.33742878305512786,-0.016799993263767923,0.041400229036200824,0.9739014698368189,0.4891058650163244,-0.5829220604785089,-0.3498967331398681,-0.2547824782184411,-0.17712629114127315,-0.08,813.8959107318115,707.1323420646661,523.613260556762,550.7887632418202,0.0,0.0,0.0
3.2760000000000002,2.0186457556873325,-16.45505440190815,2.0119224834546947,4.822343943940176,15.825302338017424,62.67244927685887,2.3952221690087954,-16.069618094510208,2.00000313965557,46.378367074912134,0.4638980002194558,-0.03341847058316267,0.06660362834460513,0.6001221303417212,0.20593401156286445,-0.6402246626972179,-0.5030629688948162,-0.2225244427722083,-0.1148949973230989,-0.08,801.9937384932001,718.5610235604562,516.784990439993,554.5571029776816,0.0,0.0,0.0
3.328,2.034516610258627,-16.43158604329093,2.0078916936510676,5.0125891483242135,16.25566233036991,60.625371759798455,2.4223769613244,-16.03934398307642,2.0000030702283746,46.36043099598582,0.5960967974084864,-0.05590202619645414,0.08878997557207553,0.05402997117280607,0.017171040675336247,-0.6811196177637612,-0.5922711087391705,-0.06590796917440919,-0.061283744108032084,-0.04597239741970073,734.7161251826741,701.4170286616677,589.0355477001018,590.5095316735101,0.0,0.0,0.0
3.3800000000000003,2.055618922358401,-16.40331511593262,2.0026731190396996,4.1155543077293775,16.26756209755068,58.535131439381665,2.4447921143975524,-16.01304277969439,2.0000026701603293,46.34219548559772,0.7291143514815291,-0.07198836811447915,0.10412099855994927,-0.1672683238748407,-0.08603014474959904,-0.6611660929380367,-0.5761453120621438,0.01009193533275319,-0.022154387572937792,-0.010975019369777643,673.923199736322,670.5499241520187,646.4090831736705,636.962031749187,0.0,0.0,0.0
3.432,2.0817227004440375,-16.37033384933426,1.9962807732338161,3.028410016434635,16.039618683983647,56.53881457969616,2.464654260852028,-15.98859754994888,2.0000021719317744,46.32712289416592,0.8593799040495007,-0.07645225877973501,0.1150171448521174,-0.16615250532931583,-0.13079239770212528,-0.6194117200534681,-0.4787812506830895,0.021609491012065128,0.00506338985442982,0.014352337311445954,634.4713810196702,642.3258411084146,680.5494960805472,675.9634324194761,0.0,0.0,0.0
3.4840000000000004,2.1124783399366995,-16.33271368613561,1.988875356209543,2.152665024558752,15.708122032496776,54.70029484570657,2.483988834153381,-15.964103470605261,2.000001690210258,46.31210495023681,0.9847768655126604,-0.0701339380446575,0.12530033672054994,-0.09302758269640905,-0.1387173366749422,-0.5652979633412851,-0.34270020545627755,0.005162907392025528,0.022678960586358144,0.03203529029056535,610.8487266672662,619.3579248777401,701.5633007905323,706.2413222482882,0.0,0.0,0.0
3.536,2.1475899936975993,-16.290559166313745,1.9806990107719893,1.6363450007971525,15.367109211070208,53.05165361781552,2.504140277654402,-15.938390911677784,2.0000012737435635,46.29875874191061,1.1044184077758474,-0.05637224938081849,0.1377730819730412,0.06387701683115148,-0.12476321770940806,-0.5037649486061241,-0.2030478914403553,0.10974925728642217,0.03230634052412654,0.04322658554378854,578.4404393916536,622.8995489080982,730.6735048394421,710.4692404524026,0.0,0.0,0.0
3.5880000000000005,2.186897496547125,-16.24404922963592,1.9720158823428247,1.934136925346366,15.07218514738272,51.60431161576217,2.526389091855628,-15.910245342623144,2.0000009362494953,46.284317649848305,1.2183665200434766,-0.03985689740940101,0.15423123127490765,0.3090504070026824,-0.10487242212982299,-0.4399114109703078,-0.08582300227100248,-0.035124412407543645,0.03762691819133986,0.04946755673812296,593.6562669733154,594.4482006327404,721.1544280961651,739.8763281995675,0.0,0.0,0.0
3.64,2.2304945354838814,-16.193528227759803,1.9630661670728653,2.473926429168411,14.846649476535033,50.350264191444374,2.551247644404166,-15.879259424518818,2.000000674296906,46.27106486414387,1.3273481518202637,-0.02828114088384905,0.17441910199431207,0.21558963792129227,-0.08154691814931753,-0.37938789314006666,0.003829456032102607,-0.15579711772850585,0.0283056095341018,0.05299489725497273,610.5960080497624,569.9937111185482,712.732548462516,759.7415365991963,0.0,0.0,0.0
3.6919999999999997,2.278542363779378,-16.139372029805,1.9540458907269664,2.3668744466638,14.652832668242853,49.27785018058259,2.5795251734726916,-15.844644632314303,2.0000004772800226,46.25803125609561,1.432264297594031,-0.023363112401942665,0.1971625303365669,-0.03666329763294803,-0.0956963240191975,-0.32176803210955646,0.07116354934794833,-0.06628908085442181,-0.10309151723395044,0.053873265215300926,617.0104267061815,563.0431793813657,743.4559106911133,734.0910001409712,0.0,0.0,0.0
3.744,2.3309749827901216,-16.081778640514774,1.945119196984423,1.8198509738731767,14.143732414463718,48.37016033269045,2.6112692358062177,-15.806513036054723,2.0000003326946088,46.24151627658532,1.5336868952343403,-0.02005178760365095,0.21362748860204336,-0.1328889024766168,-0.2584304572603607,-0.2666545542390195,0.1975003294099138,0.04011950507483949,-0.16241296436890185,0.05222927345588335,614.4037879401054,575.7705610039077,763.8812806061331,712.2961618584823,0.0,0.0,0.0
3.796,2.38746392684425,-16.020896749217428,1.936498100877098,1.3236115067961585,12.954899903539378,47.614880402803216,2.6470562200989485,-15.764414210188818,2.0000002287007392,46.237567936659964,1.6289929893544706,-0.015028727802333258,0.21292059042842962,-0.07081090531073618,-0.5104062078683611,-0.2151338105508757,0.4828024696663751,-0.008618106766802285,-0.14989826879136517,0.04902785095516342,629.5763348175146,580.3161903395675,756.5452836841849,720.5843537854827,0.0,0.0,0.0
3.8480000000000003,2.4474933169706925,-15.95707057148898,1.9285898513750568,1.0796142005770002,11.000306244374885,47.00259731434959,2.686697667902102,-15.71871899811374,2.0000001551767568,46.2355229478772,1.7118219315384455,-0.00918554992012585,0.19248459882035301,-0.03368140516249651,-0.7547807216649506,-0.16949833022077282,0.9390976282284025,-0.01819067149171116,-0.08931332589798913,0.045067512236110004,635.8313468551182,603.2095936544371,749.7990974963775,731.7497997857804,0.0,0.0,0.0
3.9,2.510386882215656,-15.890932818827498,1.9220631428871746,0.8714334809986648,8.444401986933117,46.518715076259,2.7305593057415734,-15.66915049110242,2.000000103978881,46.23550993289262,1.7745065323108118,-0.004658665647386576,0.1587850669638803,-0.04806301057036262,-0.9177673222675569,-0.1298078150247093,1.4816233326079185,-0.007722970109006449,-0.007120486881841137,0.04066923997968791,638.2496310770989,633.8625264043552,743.7313849056503,743.8836578483895,0.0,0.0,0.0
3.9520000000000004,2.575267595092393,-15.823327408605184,1.9177554514884216,0.6751183715302973,5.600212958081208,46.15351205299583,2.778024823069199,-15.616422846666456,2.0000000688181236,46.23736506816345,1.8112824565109882,-0.0015266168913760474,0.1236443371592904,-0.050169660437204264,-0.9662624451065677,-0.09523607961813556,1.967696930039603,-0.002264915725352281,0.07141982354880938,0.03573103565378456,641.8256824651268,661.7713232702013,736.0116662677823,754.5975024147233,0.0,0.0,0.0
4.004,2.64111470451988,-15.755216908968505,1.9164730906304552,0.520828927490248,2.8131173194063788,45.89360482441392,2.8290751943032886,-15.560582319712658,2.0000000449827042,46.24057590237624,1.8204373257353956,0.00034330075758888697,0.09873960827993972,-0.04131259076340989,-0.9018258789287099,-0.06582308258600567,2.2570094636222313,-0.003106555881643814,0.13581037958696748,0.030529167541833678,645.1421205227942,682.7171834838734,725.7051971613602,760.8406240799841,0.0,0.0,0.0
4.056000000000001,2.7068907024208437,-15.687574948215111,1.918763335499047,0.4087582140989692,0.38946928221103944,45.7220507727583,2.8834042806886018,-15.501942601543124,2.0000000290254922,46.245374483662324,1.8043722718340092,0.0009340385790410726,0.09127745997807755,-0.03324825154206471,-0.7434064510863551,-0.04162637007088085,2.2612949644824663,-0.005179213534641186,0.17945376251133188,0.025433677611073794,645.9391917614473,694.8105692685028,712.9304881296994,760.0583940001918,0.0,0.0,0.0
4.1080000000000005,2.7716819645562243,-15.621254422658435,1.9247468658531781,0.3157470859956039,-1.4387685419589957,45.62187272875594,2.9406738406212587,-15.440833435685034,2.0000000184735853,46.25123590186602,1.7682991162945065,0.00037001865069335223,0.1024028379024641,-0.031157466177316406,-0.5195037807241618,-0.022274217501045447,1.9652894882492986,-0.00619084602341243,0.19969053432764225,0.02064596109991107,643.3158269570878,697.5728411353173,697.85710266542,751.2738903729119,0.0,0.0,0.0
4.16,2.8348150241110335,-15.556865458823777,1.9340549419843496,0.22140256588067253,-2.5353372517140613,45.577603997848264,3.0007749043765455,-15.377331892228542,2.000000011582606,46.25733895769655,1.718685231367654,-0.0009986693807300588,0.12759244142331527,-0.033315644918872844,-0.2633535460721621,-0.00740846856320813,1.424906795940389,-0.005441163550707555,0.19872133019131744,0.01633556536542395,637.3985479020098,692.0599597613672,681.1389236473821,735.3311387274044,0.0,0.0,0.0
4.212,2.895920373546922,-15.494705555510178,1.9458751158014833,0.11637844569702635,-2.8596327008753777,45.574937585034945,3.062358215586004,-15.312775469998652,2.0000000071403607,46.26387650836376,1.6621432482769591,-0.002704489958311443,0.1591908350295373,-0.03664124368195777,-0.005993311871242439,0.0036507357528401765,0.7409523261745858,-0.003399468945583368,0.1781581681679098,0.012553504395430092,629.8955890721243,680.0549780448486,664.3666652647963,713.8947203826251,0.0,0.0,0.0
4.263999999999999,2.954932161891369,-15.43476010367304,1.9591050142261284,-8.208745870757174e-05,-2.4589067571241707,45.600753474678974,3.124128062288161,-15.248435149001633,2.00000000431594,46.27119691414245,1.6049541445436344,-0.004294630496032357,0.1893650412536438,-0.041911044681798126,0.22439039652690065,0.011427346140612086,0.025280013195935203,-0.01826018480530252,0.14196433466650835,0.009385737838912955,625.3477544007873,661.4911076376053,646.9207175002667,691.916272819092,0.0,0.0,0.0
4.316000000000001,3.012034618695883,-15.37675674935416,1.9725227116177595,-0.17528011072936128,-1.4559028990251792,45.64268563196457,3.1859025556859475,-15.184437660684905,2.0000000025470905,46.27796336839137,1.5528730034923115,-0.005401799950114683,0.21155446964482022,-0.06668029050199309,0.4049363952806143,0.01653439923048912,-0.6188453875236917,0.015494268240058551,0.09822257768152926,0.006836828631276803,615.2211223122383,649.0397855658131,639.778479183371,663.6421851214299,0.0,0.0,0.0
4.368,3.0675712214789663,-15.320238669015179,1.9849585099544813,-0.3390686472134111,-0.023029869253637418,45.691968671639124,3.24705158861911,-15.121361198914006,2.000000001458063,46.285051864373415,1.5108188604329074,-0.0052206351333882305,0.2224040295333371,-0.042715183619077,0.5234824487928249,0.0201211258893469,-1.121174309406556,0.012989306928116128,0.051953693883613594,0.004690440133667931,613.8167277441597,633.3943850185167,631.5076541274223,643.0022307785496,0.0,0.0,0.0
4.42,3.1219817674119668,-15.264664695069476,1.99544408451817,-0.4141516620228365,1.6461812717173794,45.74458680296693,3.3074972076194533,-15.059216143703193,2.000000000800828,46.29109054237478,1.4824633481072051,-0.0037710035244570435,0.22165715687821316,-0.015458412618605139,0.5760472450086829,0.02210562453930614,-1.4481937221352243,0.006982655490798944,0.008504184676046328,0.0030299149398813705,616.200735684862,620.9075108736218,627.2203654423241,627.6762350986171,0.0,0.0,0.0
4.4719999999999995,3.1757586841595806,-15.209492069706926,2.00329499162868,-0.43033613572906554,3.358340906936034,45.79931035345609,3.3671335270030323,-14.998034542086202,2.0000000004136993,46.29691333211062,1.4698425703065192,-0.0017666212469592975,0.21105361284469107,-0.0015006399170134992,0.5654916077262564,0.0228502960148537,-1.594974414245702,0.0046131606307753415,-0.028081688616917205,0.001767093336129124,620.9210370890659,613.7745221604259,627.4850563659076,617.6121636691772,0.0,0.0,0.0
4.524000000000001,3.2293936092093367,-15.154211635884923,2.0081433099870996,-0.41814162720761144,4.941140845107473,45.85563167061192,3.425715347386864,-14.9379920215027,2.000000000192649,46.30159288168048,1.4731351924573035,0.00031452035940012207,0.1935047075243748,0.005015838830118127,0.5014149579528507,0.02269614611279642,-1.5781471983814166,0.004269561710010995,-0.05584569782553819,0.0007711795565388485,627.6240016751611,611.9804990232631,631.1389922801903,612.9715369112605,0.0,0.0,0.0
4.5760000000000005,3.2833372454633345,-15.0983689767963,2.0099258975986825,-0.3900337511551447,6.256554826868246,45.91286383094257,3.4828927035299144,-14.879380241403123,2.000000000071672,46.3059375141383,1.4907713291795353,0.0022541743511980007,0.17195183386781676,0.009099430232663647,0.3959465866467603,0.021887467520032226,-1.4243591490277265,0.004345521508682918,-0.07384896993383334,-1.5164854544527878e-05,635.6976632464766,614.800289561648,636.9379267327408,613.4249050015527,0.0,0.0,0.0
4.628,3.337972321812984,-15.041584836917847,2.008843802660836,-0.35051053823821465,7.205633120061696,45.97010636059118,3.539239692745958,-14.821550811735426,2.000000000009525,46.309328898645276,1.5197901576938655,0.003938249460615033,0.14867556580606572,0.01217236491164084,0.263326452477802,0.020608753693318476,-1.1622222669319175,0.004363128344014263,-0.07993144525660141,-0.0006523300081358548,644.1327907711346,621.6869316555784,643.5547720660518,618.4411114452536,0.0,0.0,0.0
4.68,3.3935924605100176,-14.98357556071344,2.0053105959886546,-0.31008901025983926,7.736935642145294,46.02599197254118,3.5951827019913116,-14.76401935311174,1.9999999999808822,46.31239809475853,1.5563128613635198,0.005289226052234406,0.12541026275333772,0.006757231174477865,0.12030857439533371,0.018893930402197404,-0.8217989617002568,-0.00455969250988162,-0.07426266674629745,-0.0011119103659731988,653.3685890567075,630.2813951207809,648.9308549263642,628.4139663689544,0.0,0.0,0.0
4.731999999999999,3.450382953489956,-14.924166275370611,1.9999003344331772,-0.30547571095538045,7.849624357183463,46.07865780702548,3.6507258846565827,-14.706755249921692,1.9999999999705094,46.31473951594605,1.5961089718403236,0.0064169636138207645,0.10357167092399,-0.0011106421332280438,-0.016393690604279424,0.01696711573845755,-0.4351803310998419,0.012644980468569439,-0.05970091021667975,-0.0014446302664593445,658.0658803081393,644.4831012526605,657.6653878805664,636.6497695831091,0.0,0.0,0.0
4.784000000000001,3.5084055624294863,-14.863293746608665,1.9932842843303504,-0.27494035763703606,7.586745950166787,46.12780616981967,3.7058668477815453,-14.649746864817468,1.999999999969468,46.316797523231344,1.635159378608049,0.007590208336886267,0.08440054504536387,0.014434735297097179,-0.13378017559145053,0.015157187081627693,-0.03587960529653689,0.00781218467008329,-0.039543132247831445,-0.0017534564586633573,665.0200770589331,655.9888736808472,662.403739856305,648.8250265129852,0.0,0.0,0.0
4.836,3.5676152312216534,-14.801018767725195,1.9861732855055183,-0.20794846756703658,7.022258706181855,46.172200561610225,3.7613279369848036,-14.59223286645485,1.9999999999726799,46.318237199731655,1.6700895258813873,0.008509398426129178,0.06910319626885622,0.023219066152592494,-0.22305492209527705,0.013168648078747774,0.34162759237278106,0.0037373231277706195,-0.015352357114415627,-0.0019139771887118407,670.3270429474618,667.0616821948349,666.1429649795962,660.7337227342698,0.0,0.0,0.0
4.888,3.6278778530814177,-14.737519150523136,1.9792526419799195,-0.13349293045359317,6.251370964383101,46.21032970678285,3.817597567912539,-14.533699686441391,1.9999999999773872,46.31933222856092,1.6984428628414143,0.008933530173066166,0.0588297640317489,0.02274579946448379,-0.278107728429951,0.011124402122642619,0.664194948319471,0.002267365233835363,0.0102366378335228,-0.001934012807960783,673.5242233364182,677.0052979399273,668.8924126446932,671.128431543838,0.0,0.0,0.0
4.9399999999999995,3.6889858273506553,-14.673057767673539,1.973127036804929,-0.07012904702964162,5.38101073448202,46.24166942188247,3.874382392333016,-14.47446185769226,1.9999999999821905,46.320021375808516,1.7188298269785243,0.008872091911908176,0.05451887745135471,0.01816928784082575,-0.29690679939186515,0.009179796171701851,0.9032893939160183,0.0021527811258531364,0.03288074597801573,-0.0018598792155480077,674.9716558636763,684.6595875718733,670.5198359095135,679.0802944258523,0.0,0.0,0.0
4.992000000000001,3.750683593509887,-14.607943039987012,1.9682646634521075,-0.023134188689667535,4.514549973666449,46.26663522593958,3.932163225045694,-14.414023965877199,1.9999999999864582,46.320552721367704,1.7309277691192666,0.008452235639859949,0.05656287879385319,0.012961219965027559,-0.28262765670981516,0.007423641455434643,1.0400613288601104,0.002504155880684915,0.051441250052976416,-0.0017268827679882497,674.6851987138393,689.5525209169944,670.6925877165311,684.2719257010257,0.0,0.0,0.0
5.0440000000000005,3.812701445939413,-14.54248860618883,1.964961068885935,0.008829239072805372,3.7402170277484443,46.28611060240819,3.99054425337118,-14.352821719635495,1.9999999999899754,46.321396525412005,1.7353217305606854,0.007813750023147836,0.0645482041408823,0.00851161899215572,-0.24142586877268926,0.005886593188682983,1.0690513101969616,0.002415950519573447,0.0635712606852479,-0.0015544895726614912,673.0678248553294,691.2527569896398,669.5116080248625,686.4686134619404,0.0,0.0,0.0
5.096,3.874789609224111,-14.476977407460332,1.9633238753458657,0.02847794663486387,3.1232352969120876,46.30107938763898,4.049886368011559,-14.290496345694773,1.9999999999927374,46.32186364093742,1.7332633009215843,0.007068931073018504,0.07730340549908567,0.004889976863313418,-0.18191287628081326,0.004568435312765797,0.9982168605079605,0.0027067455374672846,0.07008189896833306,-0.0013765722147963879,670.1069307208023,690.2250356705127,667.1046053049058,685.828312663084,0.0,0.0,0.0
5.148,3.936745615380258,-14.41163430701097,1.963280513569186,0.03843098224288963,2.7032150507767034,46.31244843203838,4.10972161156524,-14.227565738028483,1.999999999994833,46.32247538523841,1.7264111141452685,0.006300713396398869,0.093049732560549,0.002049782271721861,-0.11251095929156578,0.003461018960676801,0.8472196386885972,0.002942317717166501,0.07025872196306798,-0.0011981147868512978,666.3686581174642,686.7092131387869,663.9076857916806,682.7028977403002,0.0,0.0,0.0
5.199999999999999,3.9984311847675693,-14.346610007689705,1.9646062962943909,0.04088589836408791,2.49399052895879,46.32096199743943,4.1702837906208865,-14.16380658050265,1.999999999996382,46.32316153634892,1.7166067205198796,0.005568240997142664,0.10978880923309949,-0.000141877337026175,-0.04187188034238391,0.0025458102246786584,0.6427388971416543,-0.0024259336737102555,0.0660400318861306,-0.0010290303060760558,662.932320344155,680.7327582341544,659.3976422464649,678.6363514969809,0.0,0.0,0.0
5.252000000000001,4.059777563013959,-14.281976629222347,1.9669684081938061,0.026859658765346642,2.486763795896069,46.32705625381206,4.231088402278551,-14.099751215859277,1.9999999999975027,46.32402779850771,1.7056869323532733,0.004915901544043952,0.1256141509187923,-0.008925014645274986,0.023114088221585394,0.0017254058745430935,0.4140210212306068,0.006528138664598924,0.057652113028872,-0.0008411046290209197,657.5193666838435,675.6200178278057,657.0474110207197,671.5154886072897,0.0,0.0,0.0
5.304,4.120778017869985,-14.217730546717297,1.9699755534463275,0.00026190040445235526,2.6540306729501424,46.33127281383952,4.2922946394296995,-14.035249703225404,1.999999999998299,46.3249392743398,1.6953386808704227,0.00449661381606213,0.1389905558742989,-0.0070811490088269246,0.07676934493217716,0.0012145332119419306,0.18856074389633926,0.006533957230619398,0.047344855454119525,-0.0007251323219964765,653.8453414292321,669.1571222896902,653.6967716936363,665.3297512850131,0.0,0.0,0.0
5.356,4.181478172719528,-14.153806834604714,1.973225594408417,-0.009510220773637924,2.9557084786796697,46.33415700600637,4.3534800647379,-13.970761043201549,1.9999999999988558,46.32597306917742,1.6869782344501694,0.004339970537682483,0.14888458422330947,-0.0012954873739126633,0.11570115436300825,0.0008203824383726854,-0.010696878689151701,-0.0008430638245844505,0.0356568227296022,-0.0006214668202939125,652.0628106407246,662.0236359251303,650.0746033870018,660.545479885152,0.0,0.0,0.0
5.4079999999999995,4.241968562899123,-14.090102715769278,1.9763499740756683,-0.021270997093281816,3.344146143404035,46.33575000179663,4.4147855644501455,-13.906145416305298,1.9999999999992397,46.32694248559563,1.6816614423531941,0.004288358529689121,0.15488799287317653,-0.006621135796390542,0.13812713804473473,0.00040579103614018385,-0.16798515326124752,0.0069072389959408224,0.02445293621375079,-0.00048550013606418264,648.9527289690838,657.9745745734307,649.585846242144,654.6439165877136,0.0,0.0,0.0
5.460000000000001,4.30236399236995,-14.026490161141231,1.9790455979350794,-0.03645529757374897,3.770381837245513,46.3363830661355,4.475906484429316,-13.841727690325543,1.9999999999995013,46.327998887402174,1.6800252258217079,0.004389403632851935,0.1570836132815368,-0.002697280853301375,0.14425259034514806,0.00022964884161280453,-0.2744222278966544,0.006058419339742462,0.014182858873419982,-0.00041380640434508233,648.2102842333244,654.0542419488027,648.8001648426258,651.1499873145904,0.0,0.0,0.0
5.5120000000000005,4.362787932452015,-13.962831213790043,1.981094285470313,-0.03354204135635628,4.18775474286133,46.336573619792105,4.53699283478863,-13.777350593608222,1.9999999999996767,46.32894255251808,1.6822723868205038,0.004620308948606383,0.15589960540937492,0.0029535638155789843,0.13548093718844342,0.00010251640398058277,-0.327208050260553,0.0038923104464616987,0.006209678246716213,-0.0003529759502614745,648.5662206635768,651.4877740664086,648.6996114001286,649.3708316469194,0.0,0.0,0.0
5.564,4.423364877779204,-13.898997089485915,1.9823717411254418,-0.021091954461051478,4.557081374901285,46.33647679431162,4.597876778511255,-13.713189224382912,1.9999999999997933,46.32992484463329,1.688188976412278,0.004817961864390518,0.15205098951316154,0.004524822439344245,0.11474995074339991,-1.7385126520677172e-05,-0.329342600435117,0.0028621314281591743,0.0005883909314936195,-0.0002881136880544963,649.5500941464032,650.5479712897906,649.5676714606092,648.9092939487824,0.0,0.0,0.0
5.616,4.484207691978139,-13.834877388474187,1.9828462714194985,-0.008871311982323151,4.848630755288426,46.33616522158534,4.658709826150865,-13.649081220470865,1.9999999999998697,46.33081371346594,1.6972148139607353,0.004907617721213755,0.14635376309877984,0.003651079617939637,0.08558740277012461,-0.00011200706036499806,-0.2877683745906583,0.002685335618657634,-0.0021005288263971217,-0.00022984505774905606,650.9565399680396,651.1254060519641,651.0866275262053,649.7033109993412,0.0,0.0,0.0
5.667999999999999,4.545406529768928,-13.770385544972406,1.9825682450198188,-0.0006320531024193664,5.044522842966992,46.33570205266611,4.719449607445258,-13.585068935839594,1.999999999999919,46.331802443369696,1.7085380827747194,0.004896552710179915,0.13965735430167575,0.002183552864588113,0.0519397608666927,-0.00016543936872804487,-0.21237649710113038,0.002811477514840873,-0.002160677429080618,-0.0001812505920594415,652.6728714545372,652.8602966760305,652.974987485437,651.5419310985961,0.0,0.0,0.0
5.720000000000001,4.60702244288251,-13.70546297710615,1.9816540165244103,0.003468553568899397,5.138168839135084,46.33516157399546,4.780218214433329,-13.52102291515299,1.9999999999999507,46.33275898414874,1.7212125608702553,0.004820214766057681,0.1327416857019515,0.000898055633385823,0.017745217278009325,-0.00018370375908553072,-0.11448856829095222,0.0029762494001086275,0.00022552329046236948,-0.00014435608416210266,654.5006712586888,655.4196679581767,654.9522236008185,654.1622036082751,0.0,0.0,0.0
5.772,4.669085027380503,-13.64008135698783,1.9802666628060877,0.004327301966155803,5.134481087223401,46.33459889167944,4.841072963573556,-13.456883468810778,1.9999999999999707,46.3338766203175,1.7342713015272224,0.004713883453454451,0.12634005588345784,-4.5323524169430584e-05,-0.013539417250846125,-0.00018363447705951725,-0.006468660088117639,0.0031088018908963766,0.0044780527776172785,-0.0001103271766627939,656.2421945647153,658.4119889363641,656.8252004072821,657.2169802303326,0.0,0.0,0.0
5.824,4.73159338052195,-13.574242161944301,1.9785941458022314,0.0013474163862525108,5.0470182388775715,46.334095964773134,4.902219171124915,-13.392435917754165,1.9999999999999831,46.335061778658215,1.7468364513356085,0.0046014421504862735,0.12098020449091781,-0.0027177731379665433,-0.039129878138870325,-0.00016665683347528052,0.10052951015361655,-0.0014884660311305072,0.010280613770834092,-8.222419067179123e-05,658.3756043577715,660.8813323920992,657.7219818334789,661.0772879675069,0.0,0.0,0.0
5.8759999999999994,4.794518656035533,-13.507972508115138,1.9768274115965834,-0.02096329401703531,4.897183226882805,46.33358215047302,4.963895532315174,-13.327430791093532,1.9999999999999905,46.33624693692219,1.7581948614474474,0.004540780514340433,0.11712829960565876,-0.008824808367942175,-0.05666288727444836,-0.00015149737181357646,0.19585034385831124,0.008259889162432164,0.015978801186051262,-5.323928931057971e-05,658.1797274120427,665.0668326314335,660.3873876002982,662.5810760090009,0.0,0.0,0.0
5.928000000000001,4.857806859830726,-13.441315886484631,1.9751430878140022,-0.033487398511658675,4.7092327729920775,46.33354001308418,5.025501728778936,-13.262502443761429,1.999999999999995,46.33747731008115,1.7678646697769345,0.004680953862916793,0.11504915241956826,0.0001756246193817087,-0.06680381250170132,3.3877575701120125e-05,0.27125891274520386,0.009024419297856162,0.018262649805464624,-9.402084999443504e-05,659.3892759687252,667.1234477151855,661.6974593443707,664.3169020746963,0.0,0.0,0.0
5.98,4.92139355987461,-13.374332462340675,1.9736867718673148,-0.010973154061872529,4.498285065484605,46.334033699180715,5.087353120325395,-13.197319045034186,1.9999999999999978,46.338820269779234,1.7755908448318034,0.004864133741443763,0.1145197943984351,0.012288137047914986,-0.07301271960606244,0.00019485959452844373,0.32428244974894427,0.007081950416040813,0.021692141945417614,-0.000134669895215814,660.3135585048775,668.4553600729346,661.9549583055029,666.0912491099524,0.0,0.0,0.0
6.032,4.985217118561061,-13.307101581724586,1.9725651938007214,0.04171454958236383,4.276944182785657,46.33472132299333,5.1493589806636635,-13.131975021941818,1.9999999999999991,46.34004734891728,1.7812483454047665,0.004783638195678554,0.11515133661949258,0.020640887477078977,-0.07445797784078707,0.00027612951099492407,0.35530860669211806,0.003984553943114177,0.024518923904629827,-0.0001530079021351143,660.9671920610809,669.0250035374307,661.6769543419861,667.4855566085768,0.0,0.0,0.0
6.084,5.0492219363933115,-13.239716021153177,1.9718443416951426,0.10741890988705587,4.058905291339533,46.33527518662702,5.211809527570691,-13.066163189367824,1.9999999999999991,46.34144510512548,1.7848310750224599,0.004206103298141179,0.1166273634294996,0.021661344437568696,-0.07205430245769809,0.00027090764812252996,0.3653114077622057,0.00010553976269393577,0.025989023286936377,-0.00013413328774550758,661.4131558280509,668.7888140445028,661.07237356523,668.3924265298207,0.0,0.0,0.0
6.136000000000001,5.113357109451432,-13.172271503814066,1.971551673776599,0.16070812958144085,3.852249771370886,46.335484512772844,5.274418323966758,-13.000186805388399,1.9999999999999991,46.34293628479928,1.7864411984567958,0.0030713086064313045,0.11852811218019206,0.014604516968735843,-0.06717508346318468,0.00020994368624699687,0.35750552689652704,-0.0007492715748333954,0.02803421933267567,-8.63570987392964e-05,660.922204575279,668.6380486776108,660.4700940516392,668.6126320195125,0.0,0.0,0.0
6.188000000000001,5.177571500068364,-13.104855590827675,1.971680529340622,0.1873345287097155,3.6655772260146238,46.33548156308997,5.337509347621751,-12.933711968973423,1.9999999999999991,46.344955665578766,1.7862428184236645,0.0015287754970582258,0.12053820589671138,0.0051087230329835255,-0.059115366352317164,0.00018396135149303575,0.335171781714255,-2.2072555995052666e-06,0.030821702156402026,-3.6136761281079985e-05,659.7829045396298,668.5066123868153,659.6821533549772,668.4084177498627,0.0,0.0,0.0
6.24,5.241812033794286,-13.037539875270333,1.9721960942837142,0.18755414405637952,3.509805853183883,46.335566111305305,5.400656063365939,-12.86719935426172,1.9999999999999991,46.347338856921255,1.7844710012997047,-0.00018010554191984782,0.12253128706296337,-0.0030386785238655655,-0.04719462971675328,0.0002164555172138381,0.3006389390389079,0.0011106262268943284,0.032459467180339936,-1.3166479315201898e-06,658.5178607296193,668.0326048745134,658.8311894882988,667.7163852282404,0.0,0.0,0.0
6.292,5.306027264627238,-12.97037625422649,1.9730411116789597,0.16784178450822243,3.3948982982201974,46.336030043888975,5.46425974513658,-12.80024390431624,1.9999999999999991,46.350569298207134,1.7814508542162035,-0.0018346798673532724,0.12444715812782389,-0.008710896317059654,-0.0324023193571586,0.0003108360193888151,0.25630655153777426,0.002107102348904182,0.03369029308257858,2.0712636717098765e-05,657.1410256063641,667.3031872864485,657.8010969326639,666.7660980777182,0.0,0.0,0.0
6.343999999999999,5.37017262843439,-12.903395762401832,1.974139607813097,0.12772084587087054,3.327586960167066,46.33691208348869,5.527776493530554,-12.73343172013395,1.9999999999999991,46.35415396930923,1.7775812784248408,-0.0032770098523280783,0.1262163479265261,-0.01822171428567078,-0.015846518978895115,0.00036056857287831496,0.20526621778855736,-0.0003547641621664162,0.03299657535861988,5.7416647173478647e-05,656.3796355654903,665.6628244267469,656.4379200261146,665.9206284206662,0.0,0.0,0.0
6.396000000000001,5.434212160339842,-12.83660633452098,1.975402976786453,0.06471542216610067,3.3089161697256047,46.338284261698846,5.591154771773338,-12.666829842215952,1.9999999999999991,46.363271571961924,1.773305481436837,-0.004300003125960619,0.12770384858180056,-0.02009996683880288,-8.559516084967146e-05,0.0005665807360329027,0.15165940896544616,0.007579696073042504,0.030763200643293076,0.00013996786058715775,654.2416839211851,665.1679958543607,656.8056861566535,663.4081063889582,0.0,0.0,0.0
6.448,5.498119731554147,-12.769993945077028,1.9767364220290722,0.01929658492451208,3.332501124906345,46.340515454185024,5.654806816759468,-12.60001458970697,1.9999999999999991,46.368614819245934,1.7690528477235845,-0.004784401908116006,0.12869146030536646,-0.012076146453506199,0.012951760342087667,0.0008266422031720266,0.10064527812388002,0.005531437445756605,0.028679643620519193,0.00010931240688920091,653.7435998687549,663.5084650411906,655.6371273314207,662.2411776608232,0.0,0.0,0.0
6.5,5.5618877167517216,-12.70353517125905,1.97804695904543,-0.006585558372190249,3.389861200725545,46.34340504016513,5.718865659446643,-12.532847704879968,1.9999999999999991,46.37373243860125,1.7651801962281408,-0.004911609781028795,0.1290312818737793,-0.007019095794925945,0.023225726315308157,0.001017875111949325,0.05664118134863427,0.004185352357248019,0.02709396033828402,8.540365063890398e-05,653.2318909215612,662.1724826098553,654.6737671895704,661.2193215758734,0.0,0.0,0.0
6.552,5.625525859646927,-12.637201716654925,1.9792520992449316,-0.023155804478999648,3.473545782452045,46.34672555098661,5.782651815771497,-12.466032061606953,1.9999999999999991,46.37937841355083,1.7619613296917707,-0.004839251297692946,0.1287591757611432,-0.004937650944650722,0.030995218635684378,0.0011521851677306675,0.021933221675958903,0.003859635505733079,0.024245008080076076,8.383400264010206e-05,652.9415214392377,660.9837379607293,654.2860736989436,660.1172790561259,0.0,0.0,0.0
6.604000000000001,5.689055472484909,-12.570960082621397,1.9802849291716385,-0.035577944711024226,3.573755398436094,46.35040686720902,5.8462965107642875,-12.39941910337412,1.9999999999999991,46.38464111338738,1.7595984469927592,-0.004640535558215867,0.12792105424433267,-0.0038064510042127306,0.034811612094458745,0.0012852621296982568,-0.0017844389868184596,0.003935358874197253,0.021203434226154123,6.761762925618943e-05,652.8946409971319,660.0933070173236,654.2157407127963,659.1591159574269,0.0,0.0,0.0
6.656000000000001,5.752504397259873,-12.504773124296197,1.9810974660371912,-0.04461379781835668,3.677494807159395,46.354425421492735,5.9098361071730965,-12.3329570220987,1.9999999999999991,46.390357747285776,1.7581955776782727,-0.004351099154492329,0.1265165297915599,-0.0026242505028437925,0.03432427802931437,0.0014032560404315041,-0.012965466112559554,0.004013133330000112,0.018605591464101335,5.913034289550332e-05,653.0562985498069,659.5352815969478,654.3757074674627,658.5545416910974,0.0,0.0,0.0
6.708,5.815902678728273,-12.438603803427448,1.9816632019945513,-0.04978721016688645,3.7729541225131418,46.358777016163295,5.973379039529347,-12.266518140745106,1.9999999999999991,46.395630181819804,1.7577394803723543,-0.00400237970699435,0.12460714355230962,-0.001284396694675809,0.030048662051900876,0.0015224168163520096,-0.011354176226581858,0.0039993921604334045,0.016990709997507084,3.44689907536989e-05,653.3970994956302,659.4085938276033,654.6430205367166,658.363122053576,0.0,0.0,0.0
6.76,5.879279034866316,-12.372419059710376,1.981978149732408,-0.05111880179372123,3.8507890022979456,46.36341390318376,6.036813438645828,-12.200206137253463,1.9999999999999991,46.401301908088506,1.758113256099423,-0.003628772930421595,0.1223253662422847,-0.0002637799921427904,0.023260297700861417,0.0016018145058462004,0.0018917250425640741,-0.002561482455119119,0.01606734052956299,2.6342879235321864e-05,654.8105541151621,658.676579486714,654.148370938715,659.4802605751354,0.0,0.0,0.0
6.812000000000001,5.942657635127822,-12.3061923316815,1.9820596146919487,-0.06541618658166211,3.905696111269154,46.36811734716989,6.100305593934558,-12.133835024433672,1.9999999999999991,46.40650337163967,1.7591261150621427,-0.003253091571676285,0.11987507290381816,-0.00827015363499222,0.015046158720325862,0.001594772896930028,0.024234545501114146,0.008139772929750027,0.016154151065018295,3.8371918009683505e-05,653.7659150927183,660.7147470320265,656.2092409561775,658.5012063534037,0.0,0.0,0.0
6.864000000000001,6.006052058035853,-12.239901118655458,1.9819424041614653,-0.08148914048132028,3.9355667983774616,46.37312145527265,6.1639963685747645,-12.067247136623534,1.9999999999999991,46.41208183160345,1.7605490654434468,-0.002732986525291444,0.11746850070750466,-0.002079132802698073,0.006727096998646642,0.0017754728590207284,0.052494390180056305,0.007072929743641319,0.017416363086297314,-1.546116345400514e-05,654.4582036898034,661.4552902264794,656.4436914430477,659.3991782819036,0.0,0.0,0.0
6.916,6.0694679239685225,-12.173530746530998,1.9816736909866879,-0.07221660330260003,3.943104415677584,46.37859154477028,6.227820211426966,-12.000502536030586,1.9999999999999991,46.41712549421069,1.7621478454888173,-0.00213191401195581,0.1153487610713964,0.00577490829332824,1.8374767078186317e-05,0.001878050159985573,0.08279180199679148,0.004372182595971916,0.019104950813029653,-6.155624656350197e-05,655.3487938486737,662.0491275872979,656.4304020972645,660.6361667953097,0.0,0.0,0.0
6.968,6.13291132415912,-12.107080863196046,1.9813067157588329,-0.04894086794068379,3.934680110981199,46.38423392938053,6.291584897252086,-11.933794563659697,1.9999999999999991,46.4224558684656,1.7637280053980304,-0.001659409086820563,0.11376092908923188,0.008329649757168201,-0.00451106114762614,0.0019047171823679948,0.11103168204090785,0.0030101702387733517,0.02042753513895143,-7.811490575609662e-05,656.0053043876327,662.6878155292286,656.6499541193239,661.6175612448678,0.0,0.0,0.0
7.020000000000001,6.196387873814393,-12.040560953915064,1.980893748397945,-0.024629961999234423,3.916107512685169,46.389862612519785,6.35531257716825,-11.867093600335481,1.9999999999999991,46.42729666683958,1.7651597907576047,-0.0014078011932195408,0.11279976143264284,0.007565215421721605,-0.007145690973026142,0.0018817135123764203,0.13462010684846182,0.0026615928617290895,0.02142882620369795,-8.647923924076545e-05,656.4428442029603,663.3059614511875,656.9640578125596,662.3125667698288,0.0,0.0,0.0
7.072000000000001,6.259900275955062,-11.973984474430821,1.9804803114417597,-0.00486882130859778,3.8923573481626983,46.39540806658801,6.418977212145906,-11.800422904626283,1.9999999999999991,46.43255292850063,1.7663695133590256,-0.001367379482928124,0.11245864628490512,0.005745150526677978,-0.00842808656629117,0.0018594300898177492,0.15216935808222476,0.0027077922487194457,0.022121899254641343,-8.500223215227696e-05,656.717280149912,663.7869619031675,657.2555982196167,662.7852576888116,0.0,0.0,0.0
7.1240000000000006,6.323447836152815,-11.907365407873868,1.980101769601586,0.009296925099789535,3.8665179460862897,46.400871071057715,6.482566279390754,-11.733795184046249,1.9999999999999991,46.4374937503787,1.7673266579624272,-0.0014908396293513413,0.11262050164100786,0.0038974764754855585,-0.008714961297575428,0.0018326248523041096,0.16369646083159184,0.00280857945671467,0.02252441698124944,-8.660849260392272e-05,656.8945552846403,664.1048378566692,657.4570816956599,663.0706118284232,0.0,0.0,0.0
7.176,6.387027081215848,-11.840716772632408,1.9797824756414457,0.01620299092898579,3.840895581023883,46.4062366846925,6.545701539072272,-11.667610059816209,1.9999999999999991,46.44301741213654,1.768028038542558,-0.00172804171983883,0.11315635053802027,-0.00037568228906729344,-0.00858373079996314,0.0017822330662233452,0.1696850939794079,-0.002762800045369713,0.021848664553895957,-6.597693421733669e-05,657.8826314602406,663.3140429382944,656.9091215317777,663.9149712619134,0.0,0.0,0.0
7.228,6.450631240342238,-11.774048733048586,1.9795366807055332,-0.0033727916689382993,3.8144974311157145,46.411377121366314,6.608919531856456,-11.60130873555404,1.9999999999999991,46.44831889840011,1.7684859483230078,-0.0019801871341482862,0.11385724475824696,-0.008624813114039849,-0.009141843803685153,0.001741267924029353,0.17172414339096953,0.007846701818608729,0.02185922742622429,-4.8643513451427387e-05,656.3746562490238,664.8282614063311,658.483171491717,662.4715542260459,0.0,0.0,0.0
7.280000000000001,6.514246130517519,-11.70736501660701,1.9793703129961286,-0.01732931589776047,3.7861595991246726,46.41679976978983,6.672454150935736,-11.534651266858134,1.9999999999999991,46.454290210746585,1.7686986567183947,-0.002043819550706324,0.11454423416573781,-0.0016598471350450605,-0.00968786215559789,0.0018737992581073382,0.1713738117138235,0.005761164988210028,0.022985601514719924,-8.575979507072546e-05,656.5449453150411,664.725179320142,657.9542899602712,662.8574092284109,0.0,0.0,0.0
7.332000000000001,6.577858067961049,-11.640670854507,1.9792837599790163,-0.015768912089968303,3.7584801181778817,46.42243571035111,6.735984656968185,-11.467979331246616,1.9999999999999991,46.45995566036428,1.7686573655276896,-0.0020293385901965226,0.11519742838405009,-0.0008971063139537781,-0.008818220965354614,0.001869738863474862,0.16881247018746004,-0.0014424271432936767,0.0237988674802932,-8.438928402732036e-05,657.389625660291,663.7520350208238,656.7421744147723,663.9281468828459,0.0,0.0,0.0
7.384,6.641457667363757,-11.573974976825541,1.979273222097757,-0.030778814265014078,3.735566061294315,46.427917453528636,6.799163074847874,-11.401661310477538,1.9999999999999991,46.466232997933254,1.7683819892582888,-0.0020046375914701082,0.11586896967194453,-0.005568380190292062,-0.0069451441012905735,0.001865848553585155,0.16364644435969522,0.007928468178637179,0.023358442259841124,-6.756360916991436e-05,655.9639722355886,664.8699744332641,658.0446077954066,662.4380088440952,0.0,0.0,0.0
7.436,6.705033632868846,-11.507281376022624,1.9793306459536997,-0.03351308330912337,3.7178984620702122,46.433717362155996,6.862475137386156,-11.3351880477036,1.9999999999999991,46.47213036059354,1.7679236498275972,-0.001854310003899422,0.11650642041740829,0.0021603887164893523,-0.005284806253135033,0.0019840247928308644,0.15664297403547112,0.005264787494210462,0.023341212794703598,-0.00010870692084573443,656.242283399317,664.3864143742275,657.4465742193785,662.5952223171327,0.0,0.0,0.0
7.488000000000001,6.768579448646901,-11.44059519617831,1.9794442938109642,-0.01790134595124899,3.704950101239523,46.43972887141521,6.925617501804344,-11.26887811669719,1.9999999999999991,46.47861072510696,1.7673324751926198,-0.0017242164439195003,0.11703557558068092,0.006340083920632201,-0.0037926862280362244,0.002027525878489403,0.14890076784518946,0.0031441878746148685,0.022946451775622045,-0.00011556266704135516,656.4343060716853,663.8641714571759,657.0127007307948,662.6545146443398,0.0,0.0,0.0
7.540000000000001,6.832095866905627,-11.373925420463097,1.9796004519013655,0.001408401416847303,3.695868249489272,46.44579327556088,6.98896483031689,-11.20233635961221,1.9999999999999991,46.48467232483797,1.766651772296998,-0.0017488574594046354,0.11740997061409084,0.005928664032467621,-0.0025358943216027942,0.002019667829335263,0.14131047953859843,0.002482232172519002,0.02314470187202768,-0.0001135322799126561,656.3250225806958,663.6247657708302,656.7197000746116,662.608107540444,0.0,0.0,0.0
7.5920000000000005,6.895586213304802,-11.307280812274918,1.9797850763843359,0.00600355258245948,3.691304501232858,46.45173112484955,7.052748831499255,-11.13531761013101,1.9999999999999991,46.4913879049118,1.7659164630593864,-0.0019386973510460103,0.11764820227056291,-0.0037969228923365726,-0.0007041809350234391,0.0019253176046976667,0.1341365012154474,-0.0012120602535784517,0.02416780103059317,-6.466239953153901e-05,656.4776428953198,663.0187527784565,655.9502956874882,663.1841295638576,0.0,0.0,0.0
7.644,6.959050187752756,-11.24066357783298,1.9799847810792446,-0.016202296437004316,3.6943971527287047,46.45753545195943,7.1163280037721535,-11.068496808122955,1.9999999999999991,46.497810332981224,1.7651703338347882,-0.002100409593317701,0.11786008211926184,-0.006654589663817235,0.002321516533868526,0.001981063842626202,0.1267291343899477,0.007789915386128436,0.02394696180519075,-7.286921601133521e-05,655.0660817721334,664.1115127907939,657.0951642372322,661.7014670520058,0.0,0.0,0.0
7.696,7.0224828218075555,-11.174066683085538,1.9801864827284203,-0.020978256778711388,3.7065703613595122,46.46375069842446,7.179623059883135,-11.001958715334618,1.9999999999999991,46.51190174492758,1.7644858959654761,-0.002086445277815264,0.11810480142736486,0.0014028822000784376,0.005101300647404937,0.0021203412705682683,0.11892571416564945,-0.0023801603742160346,0.022770367780060103,3.5686545839160705e-05,656.3714832365675,662.1856972883525,655.7889033729894,662.9594706281562,0.0,0.0,0.0
7.748000000000001,7.085886019461016,-11.107484195242204,1.980376755366238,-0.02016295162160107,3.7245670877196213,46.47010513781477,7.242928661619639,-10.93539441432431,1.9999999999999991,46.519528801211216,1.763938784871098,-0.0020723741897632902,0.11829194733963011,-0.0034129620632038183,0.006520681912593522,0.002072889067181282,0.11204116538194153,0.006685192040910516,0.02179481293249566,7.768130356535598e-05,655.0061463522065,663.1297404972244,657.1381561397706,661.4465349349882,0.0,0.0,0.0
7.800000000000001,7.1492649580238865,-11.04090969817876,1.9805431355079204,-0.03540749431963652,3.7443896360850384,46.47644775851563,7.306161681339746,-10.868891317504813,1.9999999999999991,46.5267470038963,1.7635713246663205,-0.0020229902276983243,0.11833428662120771,-0.003457632789627079,0.006531719029624422,0.0021688409018363057,0.10732920272546687,0.00744129719716057,0.021003548898751813,6.019365825415336e-05,654.9377077451024,663.0521720459805,657.2375958824961,661.105464412972,0.0,0.0,0.0
7.852,7.212621944836677,-10.97433297066368,1.980676117518238,-0.030561619181708136,3.762027190388017,46.48324882597969,7.369598167253134,-10.802158000297235,1.9999999999999991,46.53471227409584,1.7633878319823661,-0.0018737990921585464,0.11817910498856052,0.004406706724380163,0.005451493688152859,0.00230635184045238,0.10561141955523357,0.004391285782099735,0.021106093321917065,3.356491941789068e-05,655.3659900854199,662.6395437712974,656.717851115784,661.4853145552967,0.0,0.0,0.0
7.904,7.275963966378115,-10.907749466088658,1.9807708671680877,-0.010893835954433731,3.776354361498674,46.49032394649308,7.433325329698532,-10.735101057558214,1.9999999999999991,46.54221075728368,1.7633591831481237,-0.0018098178140367829,0.11787777757254136,0.007060579900960001,0.004522413703591757,0.0023638709973593003,0.10654065291688752,0.0026078357677630343,0.021908018282524866,2.0631222375082147e-05,655.5509717276618,662.544054154248,656.3558499792573,661.860668521389,0.0,0.0,0.0
7.956000000000001,7.339301856167258,-10.8411601772989,1.9808274460021613,0.008605937771244306,3.789525505566724,46.49748501459614,7.49692911916767,-10.668154653465887,1.9999999999999991,46.550598098885,1.7634531332499104,-0.0019290989919546226,0.11757557837430829,0.0056020968233954135,0.004434894932271682,0.0024089931938980434,0.10869341734721605,0.0022435621449669323,0.022035167764578034,2.8373301888886252e-05,655.6273307171277,662.5523294596104,656.3493464627135,661.993787074432,0.0,0.0,0.0
8.008000000000001,7.402646134151024,-10.774566606796391,1.9808491364603296,0.021161711809087425,3.802995460882516,46.50472043464241,7.560616415446207,-10.601099856323964,1.9999999999999991,46.558682717338904,1.7636589741069648,-0.002211896543796157,0.11736518347158698,0.002988155135406329,0.004657993612187045,0.0024167083634691632,0.11105867913605261,0.002435783845621418,0.022145690270302335,4.190164599095152e-05,655.6231243879419,662.6340622326381,656.4378704131354,662.0583582418413,0.0,0.0,0.0
8.06,7.466005092238583,-10.707968068583602,1.980840379651457,0.026288696479619303,3.8173082823325886,46.51205613063808,7.624132763347207,-10.534205563070794,1.9999999999999991,46.56792046691932,1.763978401921045,-0.002591125198354892,0.11727674826491234,0.000666735794968821,0.004845586914646948,0.0024902718204167854,0.11320083047247453,0.0027335383800339177,0.02169881013071364,5.3084037777422394e-05,655.6823213671336,662.6503278823745,656.613382433625,662.0209633631939,0.0,0.0,0.0
8.112,7.529384654796482,-10.641361352380752,1.980805634417512,0.025636236178115158,3.8311765070223243,46.51959294662117,7.687747676539828,-10.467189805711007,1.9999999999999991,46.57774452604134,1.7644156160082658,-0.003005110046224238,0.11727029757092064,-0.001017792203446508,0.0045078829385265685,0.002565742991463654,0.11537066552605624,0.0029655887584922945,0.02159598667595158,7.13448004445167e-05,655.6922007527127,662.6967630511095,656.7405071889816,662.0519683661136,0.0,0.0,0.0
8.164,7.592788580268851,-10.574741598889487,1.9807491922489866,0.021000907676282113,3.8436293205197662,46.52741476267213,7.751602011969059,-10.399907206508448,1.9999999999999991,46.587365727533,1.7649624805641941,-0.0034075231338857844,0.1173123070496779,-0.002149031905318701,0.003987208800267223,0.0026785045236929783,0.11776088517916272,0.003154699374796393,0.022094238010546875,6.632714770556951e-05,655.6589028700884,662.8587866434477,656.7474305770126,662.1466108757295,0.0,0.0,0.0
8.216000000000001,7.656218806908916,-10.508103181960289,1.980675568512191,0.013813264821355677,3.855222388024855,46.535524237947826,7.8152202508314925,-10.332862078168834,1.9999999999999991,46.597566623851776,1.7656039787317528,-0.003766252624433049,0.11741960978774997,-0.0028446883654889227,0.0038863053925724256,0.002777652247240724,0.12006336589694988,0.0032998728766135644,0.021748982707107945,7.206834248261963e-05,655.7355463391093,662.8778571285393,656.8814723193951,662.1403344092023,0.0,0.0,0.0
8.268,7.719676090184741,-10.441440046799721,1.9805893191457742,0.005208114502793957,3.865906335759161,46.54394705275099,7.878204382731356,-10.266476626648718,1.9999999999999991,46.60923329785482,1.7663330858204234,-0.0040620204701002135,0.11759562884739146,-0.0031916219784946165,0.003164240881828513,0.0028960559223939553,0.12209985392166178,0.0034278981589583634,0.01996078196534451,9.41595996706933e-05,655.99236149825,662.6610952385594,657.2359060809408,661.9479748351174,0.0,0.0,0.0
8.32,7.783160267031867,-10.374746230256747,1.9804946438791493,-0.005456302827771673,3.870554752752344,46.55277732117192,7.941145837125655,-10.200128224299968,1.9999999999999991,46.62061012557819,1.767135840205984,-0.004290085624698273,0.11768831614673592,-0.005488588380192289,0.00017434054675113144,0.003018301757406515,0.1252266889472704,-0.0036810200053041782,0.01909233021771515,0.00010072842115115772,657.1968407781263,661.5905682081255,656.4235875948063,662.9135098161619,0.0,0.0,0.0
8.372,7.846667848017715,-10.308016480019294,1.980396554330387,-0.04147011197772208,3.8634449368717885,46.56181400389821,8.004322430863375,-10.133523634031864,1.9999999999999991,46.633561980219966,1.76794678577309,-0.0044023342756059234,0.11754045337899091,-0.014729732270110646,-0.004194406972224819,0.0031247893940524957,0.1308247171937973,0.009416233612744412,0.01974972496883836,0.00014060365966543406,655.2935150802061,663.6079406192862,658.379792167723,661.3238004179315,0.0,0.0,0.0
8.424000000000001,7.9101853598348555,-10.241243118758579,1.9803031426962765,-0.06914640346973533,3.8441331281043354,46.57162504626717,8.067604007328377,-10.06679843982593,1.9999999999999991,46.64603087949993,1.768655944068027,-0.004194101909507305,0.1171876107254883,-0.005042980050919191,-0.00782550066273526,0.0034314132552255563,0.13828696454812683,0.007055802719760338,0.020984541311350764,8.313730207848346e-05,655.6945056343326,663.6851517107812,657.9453461049163,661.9131732929598,0.0,0.0,0.0
8.476,7.973697838434949,-10.174424284605822,1.980225904090625,-0.06735496243613832,3.8168133698728512,46.582206921509865,8.130536353734152,-10.000428281670862,1.9999999999999991,46.65991388204052,1.769161489791435,-0.0038179976671348773,0.11680157270343343,0.0031595945394308177,-0.009966555868494256,0.003650558088562208,0.14556252528999813,0.004185405812594437,0.02128270426770093,6.998084660973645e-05,656.2333584982489,663.489110804377,657.6258029997954,662.4952771868914,0.0,0.0,0.0
8.528,8.037196993623612,-10.107569344720137,1.9801772880341784,-0.05205974217487669,3.784422770262694,46.593361874886895,8.19360462873652,-9.933894778470137,1.9999999999999991,46.67298215563363,1.7694025570897665,-0.0035124872901477534,0.1164680500483849,0.005427142242505524,-0.011403616027354284,0.003806212402326015,0.1514128088876554,0.00298979071063255,0.02211865065581055,5.146621511258105e-05,656.4287191078955,663.5804497244309,657.4275038854,662.8748382653143,0.0,0.0,0.0
8.58,8.100677719100844,-10.040693692391951,1.980167877268518,-0.03607779284316289,3.749663009039121,46.60493717513437,8.257008660960508,-9.866979313496415,1.9999999999999991,46.68750627813285,1.7693436230105355,-0.0033662209494691184,0.11621286299254023,0.004686927930511096,-0.011646200993507227,0.003943785237900321,0.1552450898383222,0.002795587988387435,0.023754152722385784,6.033663059593411e-05,656.2821905185108,663.8437826741493,657.250321006721,663.2179512867194,0.0,0.0,0.0
8.632,8.164134696880518,-9.973813704249844,1.9802050319689515,-0.023892775638682504,3.7179220392064534,46.61686813018234,8.320407386599127,-9.800036348641177,1.9999999999999991,46.701373660583094,1.7689773686479786,-0.0033701133217333133,0.11612460776897737,0.0032308077478607664,-0.00971127528659382,0.0040583845707224345,0.15595394272573793,0.002881204634519943,0.024761136537683654,5.6933820199081835e-05,656.1342118059318,664.0068956193184,657.117588629748,663.34757874738,0.0,0.0,0.0
8.684000000000001,8.227562367356914,-9.906943473786727,1.9802914014265343,-0.015929807913475848,3.694794281277518,46.62918670218086,8.383441191913239,-9.733442016778435,1.9999999999999991,46.71706085211675,1.7683490701538669,-0.003486531452125986,0.11628179056026441,0.0018827136720262199,-0.006439421665916284,0.004201972270768521,0.15268297844461665,0.0029985209170786944,0.02430218064811248,7.204585683738364e-05,656.0803549827745,663.8569386536776,657.139413433284,663.2058692629026,0.0,0.0,0.0
8.736,8.290956312967593,-9.84009294739009,1.9804233538340212,-0.011480667074466907,3.6811388597693093,46.64198321577211,8.44658697160564,-9.666689001125711,1.9999999999999991,46.732300597723786,1.7675466327575589,-0.0036798413908371115,0.11660306406307593,0.0007986700682318968,-0.003391422292179773,0.00435272536669316,0.14634279309273635,0.0030919717452998854,0.0240726877863476,6.581469314143501e-05,655.9618097053836,663.7012498773735,657.0304623850172,663.0063525071243,0.0,0.0,0.0
8.788,8.354313828871724,-9.77326778256876,1.980591423104762,-0.00983809672931327,3.6758908159734855,46.65526902337939,8.509539551820795,-9.600100022263296,1.9999999999999991,46.74977599284686,1.7666579372158389,-0.003918864320925745,0.1169646377570011,-7.131144227906924e-05,-0.0007915661320166356,0.00453441741062586,0.13844653416747343,0.003148205522986719,0.023368449888372625,8.373450002572218e-05,655.8513502398657,663.4084777125503,656.9861338025497,662.7467468517663,0.0,0.0,0.0
8.84,8.417633842691286,-9.706469944322166,1.980782464269329,-0.010457175409483089,3.6770518659130422,46.66919597623801,8.572671009765259,-9.533280545868296,1.9999999999999991,46.76691648989271,1.7657572673414297,-0.004183756684407392,0.11725876855836556,-0.0007843001553011281,0.0011337327724772477,0.0047258429189058265,0.13046817857324378,0.003214940438434119,0.023231671859559787,7.834442671260654e-05,655.6910673791441,663.2301678168091,656.8302281091571,662.5344531275845,0.0,0.0,0.0
8.892000000000001,8.48091641180432,-9.639698345502559,1.9809822168285598,-0.025520225520054236,3.6838881715369327,46.683670139654154,8.63621206398268,-9.465985563206743,1.9999999999999991,46.786730915154344,1.7648986697187605,-0.004457787930807553,0.11745669900645177,-0.011350735558115579,0.003160005962912242,0.004842105359477525,0.12314407704729602,-0.0020490985815018615,0.023947861844431272,0.00014287495220243143,656.0918528618922,662.336836215897,655.9027452612054,663.3120151115681,0.0,0.0,0.0
8.944,8.544158087929834,-9.572944891522216,1.9811771263075533,-0.06932028264705131,3.6981237276870638,46.69865616890375,8.699525120352673,-9.398891974305723,1.9999999999999991,46.80628144755314,1.7641321856873486,-0.004538986193711127,0.11762933721807718,-0.012816255708486615,0.005916137272515469,0.005145940891449067,0.1162121494786621,0.010057472918516068,0.02347256431861545,0.00012434471796783436,654.2995561084232,663.8634173951749,657.528649651347,661.3529866562309,0.0,0.0,0.0
8.996,8.607350685917963,-9.506192485213464,1.9813548604453803,-0.08296640675452811,3.7199828004784865,46.71491175224494,8.762531400241427,-9.332082346772989,1.9999999999999991,46.85080138345563,1.7635236645563974,-0.0042962868500908795,0.1178248199315602,8.532894524549582e-05,0.008066031452480832,0.005580734019851355,0.1095950935487704,0.0057456819937502495,0.022112822823052505,0.000537976913614824,654.3966700507754,662.3513638407551,657.542395874446,662.2052332606887,0.0,0.0,0.0
9.048,8.670496351355505,-9.439429346891732,1.9815039117358937,-0.06846382517306829,3.7452908205016953,46.73231850886695,8.82552343305665,-9.265242364727957,1.9999999999999991,46.875722829037215,1.7631321306492116,-0.004027391998085371,0.11794329871757248,0.00637692453311117,0.008588388604665834,0.005886986808025611,0.10463998141394848,0.0030113270097610425,0.021083791942702587,0.0005779495966676765,654.7797910748366,661.6614940206094,657.2530982274692,662.4021261914653,0.0,0.0,0.0
9.1,8.733607421797796,-9.372651252621502,1.981614886359242,-0.04705098554438635,3.7695060054425245,46.75062463794101,8.888417783971683,-9.198454394775009,1.9999999999999991,46.90005837929851,1.7629757764264133,-0.003938017761813189,0.1179016095878214,0.006515794773758375,0.007591153702420238,0.006188200771463774,0.10246345261532475,-0.008733214467428056,0.020330421815768298,0.0005895877691204179,656.5157310463983,659.8282043460101,655.6559789002462,663.9368939575515,0.0,0.0,0.0
9.152000000000001,8.796698024206846,-9.305856419268535,1.9816825142418655,-0.050596813398664155,3.78856453116717,46.76964277941436,8.95148798671362,-9.131420025792394,1.9999999999999991,46.928279336232436,1.7630312765168406,-0.004058973822632647,0.11765876550235514,-0.009472817037783684,0.005541599544927564,0.006392223067909536,0.10363756322909645,0.008414275525961041,0.020479922961878862,0.0007001930979762743,653.9136173699593,662.1682185987206,658.2753156153587,661.7120754910766,0.0,0.0,0.0
9.204,8.859772831004973,-9.239037246863044,1.9817069425796232,-0.07872485453302777,3.801594086652522,46.78976814312538,9.014820763887876,-9.064040142108762,1.9999999999999991,46.95642038588489,1.7632428955782788,-0.004097174051426915,0.11728246055502926,-0.006448139063252337,0.0037341175721544786,0.00689811569198492,0.10749655991985918,0.008491319882338557,0.0214095092414549,0.0006783315176333647,653.8911511363797,662.4317658419775,658.2142934597456,661.8935542702483,0.0,0.0,0.0
9.256,8.922828130573876,-9.172181834878419,1.9816934774216783,-0.07628022104691178,3.8111151201430147,46.811523356502875,9.078005752954173,-8.996747425682209,1.9999999999999991,46.98915899056086,1.7635548184878673,-0.003974374174899714,0.11693244553069215,0.0038467297869108274,0.0029259585066336554,0.007486565255444907,0.11230774898736229,-0.00724771161803528,0.021734089536637673,0.000686667492983892,656.2026960687393,660.3397699794358,656.0390699139261,664.2920510719567,0.0,0.0,0.0
9.308,8.98586663496417,-9.105286602540241,1.9816502633710438,-0.08425105149526747,3.819247244712929,46.83445454603949,9.141247374326221,-8.929316757231714,1.9999999999999991,47.02181149227535,1.7639370543550243,-0.003945805246685706,0.11670510232512228,-0.009718750593690225,0.0026961416423452586,0.007771624270994362,0.11686837592168065,0.01028511541908239,0.021990152071806914,0.0007782063462896184,653.6270828752839,662.8448680217107,658.7414808023136,662.0734360072317,0.0,0.0,0.0
9.360000000000001,9.048888290187287,-9.038346355807349,1.981585835807645,-0.10393996362889461,3.8272977321858015,46.85888876344866,9.204290782691553,-8.862013691112924,1.9999999999999991,47.06019982301725,1.7643790600558407,-0.0038249054432320266,0.11663702987481246,-0.002309317270877688,0.002651379102834279,0.008539850210665905,0.12054857292923415,0.008535067315037155,0.021716863117463975,0.000781785503767793,653.9987656405807,662.6376087161368,658.620874684011,662.3726966073535,0.0,0.0,0.0
9.412,9.111890226599916,-8.971353566215866,1.981507744905077,-0.08677616979178482,3.834620048957124,46.885506987553406,9.267330208726909,-8.794621205287003,1.9999999999999991,47.098769041083955,1.7648793180684461,-0.0036536956216738476,0.11668909789604207,0.009108463830797279,0.0023159141972841236,0.009220608404666255,0.12349157366404673,0.00364340307590852,0.021597990523070584,0.000775975864225516,654.795164907665,662.0023004248393,657.9995115653803,663.1093265287445,0.0,0.0,0.0
9.464,9.17487970426555,-8.904310794064552,1.9814220696154647,-0.051918394924492184,3.840444831988343,46.9137684848158,9.329872470266618,-8.727660614683499,1.9999999999999991,47.12047862209586,1.7654301467519873,-0.003731875210519512,0.11681012734654542,0.011272486925190978,0.0015857621116078416,0.009573590760741671,0.12600530310068114,0.0017752855440398806,0.02046853362682621,0.0004964836079393464,655.6732653185039,662.0201894694208,657.5636390073673,662.8863288529387,0.0,0.0,0.0
9.516,9.237869337967616,-8.837226773859333,1.9813339031688977,-0.021026789383372005,3.8396631081231143,46.94234911752673,9.392349770184232,-8.660654248807619,1.9999999999999991,47.13935403761157,1.7660176909008931,-0.004129604626948425,0.11686380851881102,0.008328250404573391,-0.003659801368097483,0.009591865566189493,0.12926306243431718,0.0015399299554669115,-0.0057056558621964215,0.0002701960635726882,659.8338949072851,658.6459794667231,661.0200691799553,658.9562306679366,0.0,0.0,0.0
9.568000000000001,9.300867198189223,-8.77011287168611,1.9812489570322294,-0.0015653818269936103,3.766798644410154,46.970714982469104,9.454985569160575,-8.593347604700002,1.9999999999999991,47.16154953329428,1.766547755600469,-0.0047711845519452165,0.11513369418916812,0.0042082820744511595,-0.045573736800053756,0.009505957890590073,0.14990175599052513,0.0016237395471364255,-0.05661988680484081,0.0001471657622108143,667.6296965237091,651.9599596181304,668.489278054447,651.9043601896972,0.0,0.0,0.0
9.620000000000001,9.36385315386713,-8.703002944159493,1.981190384340676,0.005401363561941495,3.452811455444367,46.99866719348231,9.517691004956076,-8.525822243899835,1.9999999999999991,47.18451139343519,1.7661471425272566,-0.005542921705617281,0.1071636125313257,0.0001295231957614079,-0.1503472507495506,0.009366386330830357,0.23084700261756375,0.0019325330902373189,-0.0661925367769579,6.45649481735248e-05,670.7032520790823,652.4432358614198,671.4204993291795,652.0671828659763,0.0,0.0,0.0
9.672,9.426731178376428,-8.636003762654983,1.981251467698291,0.0010073494115797434,2.7761666517608568,47.02630436172115,9.580359008561796,-8.458173286298106,1.9999999999999991,47.21286054670959,1.7622697855471536,-0.006331055893212065,0.09063975867103657,-0.0032739636377042886,-0.2798077068353212,0.00932789836501834,0.391789379357103,0.002393331592093809,-0.051993632039025406,5.196648818378167e-05,671.9679456199397,657.9453202928419,672.7783809423848,657.4056357270273,0.0,0.0,0.0
9.724,9.48929242743694,-8.56933569159229,1.9816419520622448,-0.012101913958461837,1.7318115735351003,47.05395452157272,9.642908631968547,-8.390462494737795,1.9999999999999991,47.242952143696854,1.7513460678996338,-0.007035830993110961,0.06751291317805157,-0.005644451612958112,-0.3930568090669372,0.009307395194846482,0.6069044148446793,0.002719127471619164,-0.014973862019210499,6.252080297123734e-05,671.1762790947764,667.7349956053897,672.1075103472392,667.1403451826488,0.0,0.0,0.0
9.776,9.551211574748,-8.503338628037223,1.9826724621718723,-0.03115644678097806,0.4293329092717106,47.082191019985906,9.705328686563597,-8.322658005780156,1.9999999999999991,47.28063859334277,1.730094239534618,-0.007585372890628729,0.042970376577620914,-0.007047811379222976,-0.46136114396263894,0.00945247008881471,0.8154181548387512,0.0030080724039146444,0.022532927921956325,0.00013957729813446828,670.1771555450683,677.3037757654414,671.4005265778111,676.8453908228087,0.0,0.0,0.0
9.828000000000001,9.612077886057056,-8.438440763062017,1.984649800839518,-0.07816655936986834,-0.9288294306869616,47.21659420767908,9.743298477697309,-8.248660509613925,1.9999999999999991,108.00247191390758,1.6967254924635136,-0.010349246969676875,0.021459597447256153,-0.03767114718807539,-0.40814820307560024,0.09745214494092519,0.9639115014956678,-0.14098621798434904,0.4362982173897241,0.08,506.7913570277239,606.5227158673116,704.4791262962665,844.5946006158207,0.0,0.0,0.0
9.88,9.671473520920559,-8.375039128381147,1.9877472795390716,-0.549287632353624,-1.3429025897347133,47.66714853171884,9.724674936463696,-8.160252761389225,1.9999999999999991,108.38899869907222,1.6538234027003995,-0.020915791366996873,0.029760497334516762,-0.2539014826461614,0.06075554269493141,0.1817199589790483,0.7843826232830544,-0.16368844478836014,0.2570634302956648,0.08,538.1768868303103,569.8611930917285,721.4929434209074,823.8614372936844,0.0,0.0,0.0
9.932,9.729127109955435,-8.313088367838397,1.9919765891834158,-1.8353955358116691,-0.474421019902407,48.31159229550989,9.687843507525212,-8.068199947531532,1.9999999999999991,108.74057166813816,1.6119681215640682,-0.031187317064152842,0.07056463513523913,-0.5495103163967923,0.40321759085064857,0.24962218811324993,0.25002295571828204,-0.1480186282427118,0.059284605661195255,0.08,555.2805223555744,524.3795994595306,738.3398613272791,789.3594025331673,0.0,0.0,0.0
9.984,9.784901479685205,-8.251878252859315,1.9966824259405331,-3.979130344001042,0.8716864875497574,49.10843283159331,9.65390414758792,-7.978075691871199,1.9999999999999991,109.11461542076722,1.579914106181178,-0.03430692947773423,0.10889929980153305,-0.8330473928194465,0.3848020494523572,0.3162745262558898,-0.2755918455381219,-0.10678389261188082,-0.33885672891126206,0.08,600.7413892023686,439.7008845152864,783.0728403851527,725.2224524591976,0.0,0.0,0.0
10.036000000000001,9.838511240588614,-8.190352111811052,2.0009393642933917,-6.790492774773102,1.3508807990092144,50.12665032461224,9.63173832400384,-7.892120445042969,1.9999999999999991,109.45366873803943,1.5597536116786757,-0.022967329490850855,0.11007295901945299,-1.0047470211663012,-0.0567009170072831,0.3777635893017558,-0.4229715790731383,0.024701960892964225,-0.21364441086981384,0.08,557.0667536109622,489.16683980282863,782.3507431764968,722.8128901368686,0.0,0.0,0.0
10.088000000000001,9.88919268731282,-8.12760203280533,2.0042034066682515,-9.628315104685992,0.7051035004815119,51.47200152986758,9.623184597237591,-7.811352267431846,1.9999999999999991,109.81389346860261,1.5425820818271037,0.009641482616487443,0.07855727863577691,-0.8901747901302624,-0.4037384223829711,0.43976552747153297,-0.21852202407708188,0.10541428456308258,-0.06035763418565143,0.08,524.7214893531942,540.6229565324052,779.376949618425,738.3095470585758,0.0,0.0,0.0
10.14,9.935784139531584,-8.063117327153687,2.0065390510320777,-11.757154896768341,-0.4989281119099399,53.151791666684595,9.627102063007365,-7.735567346786123,1.9999999999999991,110.13734606625509,1.5187614250861634,0.06220220025539923,0.042599233040441394,-0.5889161237258532,-0.5421218228971573,0.5039484715015545,0.05896025816910455,0.08323450382185996,0.06057505313775896,0.08,517.7533982135072,567.5725032906598,769.3017265843436,763.7444439621776,0.0,0.0,0.0
10.192,9.977112456105678,-7.996814032804386,2.0083588766244245,-13.035693993013165,-1.6927305481823784,55.06811927706736,9.64149965727543,-7.663289402397848,1.9999999999999991,110.4729134834245,1.4852439036429101,0.12660985394158203,0.0204411564630108,-0.31170182497512794,-0.501747502107038,0.5667701385486368,0.21758365678175806,0.032919002178676535,0.13698512212760525,0.08,519.8783873850215,578.061086308605,758.3616049190043,783.7342838708117,0.0,0.0,0.0
10.244,10.012290313171444,-7.928920427110646,2.0100371291321357,-13.706152477194218,-2.476894761011358,57.10313852039894,9.663287014366508,-7.593888323613128,1.9999999999999991,110.76390213299405,1.444755665969225,0.1953678284834888,0.017502151460557898,-0.13771242627917843,-0.3441206212511881,0.6274043685582561,0.1923123847672111,-0.004462587571812976,0.16735268143824938,0.08,521.8274474028584,577.5359812918892,750.3917806495846,792.2672935561592,0.0,0.0,0.0
10.296000000000001,10.040831305972384,-7.8597628708435066,2.0116917491484703,-14.040723266005775,-2.6435144890889175,59.17998946537037,9.689676834632207,-7.526345067789205,1.9999999999999991,111.29569309693358,1.4028563786867205,0.2642420664927076,0.031127024440772567,-0.050311536531667714,-0.13591544014191775,0.6863583643889682,0.005401197777590516,-0.02333839233520558,0.1016088515473712,0.08,532.2385925844678,559.2014757396237,752.9707000772951,783.5451034154087,0.0,0.0,0.0
10.348,10.062627985700765,-7.789578573049299,2.013143733808542,-14.188518394884774,-2.3749811568510673,61.32842651661465,9.71838214377227,-7.45936274846027,1.9999999999999991,111.52787945702156,1.3655653551419078,0.33122522139561805,0.05042196707038531,-0.00414342452853574,-0.13386841072853886,0.7433071974127057,-0.23068178917395815,0.057135069810647914,-0.09948754401490081,0.08,546.8303499162348,532.0710633257867,782.9221227335396,744.3652276322697,0.0,0.0,0.0
10.4,10.077794898018398,-7.718538071843233,2.0140307668313127,-14.052101434508614,-2.4156061630773116,63.7275997529414,9.747297081167478,-7.39213953107006,1.9999999999999991,111.71474472218219,1.33422464203933,0.3952680364862758,0.05257105124144934,0.17788096683445423,-0.17785124366817695,0.8007446846967599,-0.28077587582863633,0.07675109471605424,0.2973281813271126,0.08,467.95019790040857,599.6873177050056,735.0485021618944,789.4488967351203,0.0,0.0,0.0
10.452,10.08651035984638,-7.6469328744003,2.014152071598025,-13.090891811101883,-1.7508772527924024,66.13197775991961,9.774548518071652,-7.324958702422154,1.9999999999999991,111.88729900065631,1.3080743903308,0.4524187538147263,0.05908657432553455,0.46380493025015007,0.17426786132547328,0.8591405323270832,-0.34923052947936173,-0.10134802214713966,0.08054778662546556,0.08,537.7841491722209,530.4632445002673,737.2709429081535,782.2775696422908,0.0,0.0,0.0
10.504000000000001,10.08935051994873,-7.574944823590669,2.0134547659757027,-11.85311670817836,-0.408742040165905,68.55536109990555,9.798863279371364,-7.2573870690725135,1.9999999999999991,112.0202912821886,1.2940021139551756,0.4958389739796417,0.0716793226252856,0.29137432360212234,0.2432063546327198,0.9109964525388647,-0.4510801430571089,-0.0925419929084747,-0.006128586338737904,0.08,546.4069075877134,511.33358676914537,745.8069985696475,767.2796497091449,0.0,0.0,0.0
10.556000000000001,10.087092717424131,-7.502514668115832,2.0117689587372447,-11.263076106703988,0.7875121354732907,71.16777376520211,9.819370232941155,-7.1889748917903065,1.9999999999999991,112.1394816528888,1.2945504575185152,0.5271203924476382,0.07955456168851116,0.27715471573661,0.2558580275000474,0.9617062209247864,-0.47507614215754507,0.19927843852604837,0.13820267046418827,0.08,463.6643965492737,584.6981025218386,763.1328834403346,747.9360536085746,0.0,0.0,0.0
10.608,10.080281274636002,-7.429461397059665,2.009023162551123,-9.517261635445099,2.3841590938114483,73.88826867268875,9.835503351332544,-7.119589416104552,1.9999999999999991,112.22893990816311,1.3091674109000082,0.547134849386222,0.08394298455431971,0.7415149295016077,0.4233527590601702,1.0166421067287037,-0.43094093257091887,0.021620364000820957,0.023413126735611717,0.08,518.875757365705,534.9428789026765,754.8660414634178,755.3123784708908,0.0,0.0,0.0
10.66,10.069832392998348,-7.355556045788929,2.005322665270695,-6.763811148051498,4.193885313136015,76.78326957899922,9.847056279615243,-7.04992124557167,1.9999999999999991,112.30723838370406,1.339926285671043,0.5440492875020657,0.08367903259165775,0.9101916421065213,0.4707798940576958,1.0661976638205015,-0.31056278164962103,-0.10631317255789036,-0.0742943731810146,0.08,559.5225688269591,495.13646347823976,752.0341378333741,759.9959686611228,0.0,0.0,0.0
10.712,10.057041709093724,-7.280507784396278,2.000841404048541,-3.944447722711995,5.762136054400508,79.91823941700014,9.853955128627438,-6.979485717598078,1.9999999999999991,112.37277711206202,1.3857805746290965,0.5105684787902576,0.08272511130761359,0.7917792160005233,0.3816648953594245,1.1106055977777503,-0.15827780980705397,-0.15104212231438327,-0.12737011092053246,0.08,578.7848787618109,479.91003042077375,755.423355134518,761.2914829778323,0.0,0.0,0.0
10.764000000000001,10.043157493714387,-7.204000128556397,1.9958136516531428,-1.6407430246637107,6.759236371488487,83.2741451292759,9.856322996837859,-6.907610648584738,1.9999999999999991,112.42859703918673,1.4415212454673403,0.4475864552297414,0.0831278990253651,0.5477867823885689,0.20520477081740215,1.1510510767267355,-0.0015875907176382542,-0.15533085935280758,-0.13556403606623257,0.08,584.7499130677969,482.24567602196413,758.9416826890615,763.8222761266264,0.0,0.0,0.0
10.816,10.029115117819131,-7.12579581699616,1.990504069684578,-0.05788985342103732,7.055994205980841,86.79234702929082,9.85474365072283,-6.834972259477182,1.9999999999999991,112.48529625593756,1.4996734802266791,0.3605276336400447,0.08294218060416549,0.2850752210614004,0.001272894746990802,1.1892986331634194,0.1701390059733493,-0.15310518471083462,-0.11103203367507572,0.08,584.8564948585256,492.69258725573,759.5748498681402,769.9173636944587,0.0,0.0,0.0
10.868,10.015462133723267,-7.045833849631741,1.9852043016103476,0.7644937350099943,6.6987906061334135,90.38672186360284,9.849936353894323,-6.762045551480187,1.9999999999999991,112.55189594257561,1.552309967635911,0.257083974160494,0.07939089295678578,0.029326997112998097,-0.18209208593528126,1.1899052877223348,0.37480823769724303,-0.14201549894984733,-0.0671460942133446,0.026617466682958613,659.5722917705531,596.9877560104884,692.0603877118699,712.1075847218691,0.0,0.0,0.0
10.92,10.002377617072915,-6.964284039099181,1.980228269165182,0.7371135261514145,5.852053673597777,93.8255485804182,9.842456992837548,-6.6880279161448195,1.9999999999999991,112.62007587216594,1.592248049508632,0.15063525157444385,0.07163288860448894,-0.24594506426942483,-0.3179655962175927,1.1214831596987704,0.6106294004316384,-0.09318281394742903,-0.012806041783152741,-0.0174138462334303,708.7545965565045,680.0610693556384,635.3242116926986,658.6783457044958,0.0,0.0,0.0
10.972000000000001,9.989685786648124,-6.881528701119895,1.9759610157505278,-0.145136366150928,4.728655631310045,97.01653196386376,9.83292020909511,-6.612480510364755,1.9999999999999991,112.70112842457586,1.6164270939714716,0.05335147534026554,0.06182194303560075,-0.5032600197549868,-0.4027074451552453,1.03096993321718,0.8441757061194709,-0.26761934748220895,0.0052010955897847655,-0.04821503622708068,770.7410509373242,703.8301897010176,563.1680122228568,647.8688832583694,0.0,0.0,0.0
11.024000000000001,9.976858667334218,-6.798138497131562,1.9728069040693703,-2.2703253470011346,3.4782575577102395,99.93537378685541,9.821940542048988,-6.535524140619491,1.9999999999999991,112.78053855885113,1.6246758461797897,-0.023951577886584013,0.050558335853728,-0.9273970659328391,-0.4484371311256122,0.9269425272270254,1.0566049876548824,0.19379548808615182,0.10947089858560066,-0.06866320612608323,728.6603218789214,803.0995612529155,593.9634985290368,566.6462880756933,0.0,0.0,0.0
11.076,9.962916503470218,-6.714872892091153,1.9711069616514583,-4.589005503835115,2.403625675908496,102.58670013645215,9.80995058698734,-6.457185311807601,1.9999999999999991,112.8667713002618,1.6191468185863542,-0.07006646465426274,0.04489540653873029,-0.7011873001252696,-0.3773732456015086,0.8238938113267716,1.1678451077371172,0.19079365998869197,0.13368179482512377,-0.08,742.7140997163431,820.7444949669045,575.2370218107075,556.2594127911882,0.0,0.0,0.0
11.128,9.946839151047376,-6.632519187538648,1.971097219985221,-5.9909671361586465,1.7279908786537346,104.94635764893688,9.797216616719624,-6.377788086299164,1.9999999999999991,112.93975742042468,1.6042919190470772,-0.0884829131929148,0.05403967043358314,-0.37465222729307246,-0.24283162831188396,0.7298297759275113,1.080062647588604,0.1304007170857296,0.12530367641562176,-0.08,750.2194958880863,811.7695647702901,565.1512740712209,563.4532468254212,0.0,0.0,0.0
11.180000000000001,9.928047066361035,-6.551656248410095,1.9727529208658774,-6.649155286555336,1.4837904143200238,107.00011249514796,9.783835462827737,-6.298056562319648,1.9999999999999991,113.00472762773201,1.5851535878489507,-0.08838120454509737,0.07516887943110874,-0.1642177323550259,-0.10229037042953201,0.6394329670630275,0.8216145035746165,0.10061064952102083,0.09985676737254817,-0.08,752.4210378157005,800.9430578513311,558.1250095948968,557.871023962623,0.0,0.0,0.0
11.232000000000001,9.906336696997124,-6.472571653964843,1.9757449538509817,-6.8591786578789256,1.5957265731710084,108.74613500451284,9.769497025412786,-6.217675923703517,1.9999999999999991,113.04791630772492,1.5659424778216144,-0.0758913861731999,0.10035335887391181,-0.0464233844726636,0.010728856890929107,0.5502848589299026,0.48063308775284663,0.08061123340097406,0.06927368874976302,-0.08,752.2111275451134,788.7811992304094,551.061018243922,547.1796053203537,0.0,0.0,0.0
11.284,9.881709928979278,-6.395303871416958,1.9795400172026014,-6.736789261441247,1.8565858537489228,110.20947980888185,9.764459015409969,-6.168440401129994,1.9999999999999991,113.04791630772492,1.549704896382805,-0.0546931922293767,0.12077792168369621,0.10648710303286082,-0.014698348725488416,0.4624170527797631,0.16047129122934223,0.14851918999552716,-0.5096121607327195,-0.08,807.7100172762579,718.770208218775,644.8056935681963,410.2780854710912,0.0,0.0,0.0
11.336,9.854338623995298,-6.3197777322611,1.9835428364185108,-5.944284309884603,0.8993401701948678,111.55010009516391,9.777301484206415,-6.177023790041834,1.9999999999999991,113.04791630772492,1.5367419407776144,-0.028695303544259955,0.10299284530038659,0.3422920168710042,-0.6843329641765036,0.3801026883599937,0.2078826239488607,0.06850155512655251,-0.4364081145554528,-0.08,808.8396714161892,718.2582822170723,622.5072247998256,444.60964311022354,0.0,0.0,0.0
11.388,9.82480980617476,-6.24632653290803,1.9875641818594727,-4.715086475891263,-2.2599807107004515,112.84848210364476,9.793797197291983,-6.202263098003899,1.9999999999999991,113.04791630772492,1.5098059335983431,-0.005511481470176827,0.02804770883329503,0.4461327034944144,-1.3128565607335148,0.30588816487887727,0.8146001959863052,0.009638168397671426,-0.056049184478635494,-0.08,781.6712850618954,770.4286076685078,567.6019637787,545.4123703799048,0.0,0.0,0.0
11.440000000000001,9.794211689643493,-6.176117820532472,1.9921742197492336,-3.4868753651978994,-6.45704900479176,113.92647246061084,9.80638685626144,-6.222601645015056,1.9999999999999991,113.04791630772492,1.4459423235680717,0.01099682335134306,-0.05520167181016215,0.42096176491389004,-1.450028984700077,0.22783212874708197,1.4836709265722845,-0.012658082543794719,0.18113389436719318,-0.08,769.539726551204,809.6514380885446,543.1117456504808,606.4922747408663,0.0,0.0,0.0
11.492,9.763901151811538,-6.110822178615467,1.9983528540733955,-2.4916772187501834,-10.425237286583087,114.68011398549754,9.81194592864631,-6.229343530219674,1.9999999999999991,113.04791630772492,1.341622936457199,0.02252749790828474,-0.10125888888042774,0.3326968354447638,-1.2380374141653754,0.14869364661428655,1.7379326889376423,-0.008381754174059175,0.27409949380158927,-0.08,765.4915991462265,828.1803980437862,538.8545194631075,629.7399245451309,0.0,0.0,0.0
11.544,9.735193144460482,-6.052060946526313,2.006732737086005,-1.757941070256832,-13.471765112496458,115.11458343045005,9.81020273845206,-6.221459500726402,1.9999999999999991,113.04791630772492,1.2075040646211794,0.03213539447521178,-0.09970952165503207,0.24093325119044198,-0.8755582088626266,0.07828331527180825,1.4550322211093822,0.006808608270417307,0.26873339269182717,-0.0674254329518964,746.9548907184062,813.3515528254658,560.3654961755112,642.2528984229955,0.0,0.0,0.0
11.596,9.709091176747233,-6.000956887784296,2.01717651028302,-1.2007991555698023,-15.411720497463795,115.31369211968236,9.801774548226227,-6.200389348767135,1.9999999999999991,113.04791630772492,1.0561374622538553,0.040612996863653286,-0.06624962625587916,0.1837055421015353,-0.5077295114591225,0.02898960637947017,0.7930454615576326,0.01653367817759581,0.2126735581946247,-0.05374854543896601,725.0545729371021,782.2289846005632,579.1615190245487,639.6665913569102,0.0,0.0,0.0
11.648,9.68618472256384,-5.957955506564866,2.028835231880901,-0.7132139903919272,-16.37717918952612,115.35069358154388,9.788244944301125,-6.16971441964264,1.9999999999999991,113.04791630772492,0.8969053692832821,0.047476003950300064,-0.024328461088256162,0.1587638299009238,-0.21247988627445724,-0.007363989752377058,0.008771028537050585,0.016425367959860195,0.14166729811311152,-0.04141524286483354,703.4327615451161,744.4849380579165,591.2601851413639,629.8233542086538,0.0,0.0,0.0
11.700000000000001,9.666718923505119,-5.922929462405167,2.0404922839054604,-0.24181277030810824,-16.636462427700984,115.28086991727196,9.771074110805351,-6.132719086145308,1.9999999999999991,113.04791630772492,0.736111975025081,0.05184773686671764,0.008109413518314198,0.14719071919152055,-0.014916425574525388,-0.03282344080619789,-0.6831359883728272,0.009902887269775222,0.0771551687861592,-0.03082372031387613,684.2983263986937,707.8111037388428,599.4188935353824,620.1521847041753,0.0,0.0,0.0
11.752,9.650731578806736,-5.895424100499467,2.050935903016795,0.21281178107957402,-16.4715505190447,115.146270112161,9.7519237823474,-6.092912920924864,1.9999999999999991,113.04791630772492,0.5779571079501734,0.05291956631933625,0.023177232156605634,0.13373405993827953,0.0920435483266623,-0.04948466272465596,-1.166666267933362,0.0013474651668595392,0.028810007144513032,-0.022072615116443553,669.2174283318828,677.6360872549495,606.3547905032556,614.8102016337208,0.0,0.0,0.0
11.804,9.638171720589881,-5.874888705699191,2.0592190440508857,0.6221088978508327,-16.114866331757252,114.97583378308937,9.732042613911291,-6.052858615938259,1.9999999999999991,113.04791630772492,0.4249399438489256,0.050292511698520684,0.02144793826726751,0.11158756950978777,0.13023652708934175,-0.059327911019590264,-1.4171026848342252,-0.006381036312842189,-0.001542372798951773,-0.01504602255216971,658.6451658692667,656.3797578285937,613.5221737362795,615.0030190530591,0.0,0.0,0.0
11.856,9.628970122806553,-5.860822426178937,2.0647700888118266,0.9525453493974728,-15.725143596862393,114.78758478576097,9.712596553549501,-6.014778184144347,1.9999999999999991,113.04791630772492,0.27804799655956086,0.04412212211195802,0.008229022024581626,0.08031628607841587,0.12628847337494947,-0.06418075097895226,-1.4680703457179396,-0.01184290630712988,0.047041748711869294,-0.00945095874885144,642.789515783009,653.0027044331413,611.6985156450995,629.5353127796631,0.0,0.0,0.0
11.908000000000001,9.623065817613117,-5.852834655496363,2.067385159953089,1.1784961741951703,-15.256864669004347,114.59549338968903,9.694373975814445,-5.980082773547752,1.9999999999999991,113.04791630772492,0.13734068328104126,0.0350737546179191,-0.009739236832089982,0.043407036758143676,0.20083765508703344,-0.0652953766938969,-1.3789573162562858,-0.01481105998461377,0.17667177325794334,-0.005126357567443297,619.0982726665134,666.4379688470585,599.1436938800646,656.4811329692957,0.0,0.0,0.0
11.96,9.620378870188532,-5.850593244964349,2.0671556244295917,1.2847364619653583,-14.257547360480919,114.4188149139672,9.67803539560933,-5.9498340740686,1.9999999999999991,113.04791630772492,0.004938275583590959,0.024150326768897924,-0.027941100976059514,0.00503641957805232,0.44117325265483415,-0.06388337989668061,-1.196779084588083,-0.01528065090988602,0.2153005322824626,-0.0020267292780941646,611.640693520757,670.3047336428979,600.7909870833287,669.0623600064977,0.0,0.0,0.0
12.012,9.620721559560776,-5.853637198650526,2.06439214195682,1.2699476001288152,-12.400191690613681,114.2708585734987,9.66399814068544,-5.924616007111369,1.9999999999999991,113.04791630772492,-0.11285075552695105,0.01250389536787094,-0.04764267650531697,-0.03039922918427687,0.7453818209564661,-0.06106976210371522,-0.918908909574359,-0.01364176018270955,0.17970541594942485,-2.096567784485399e-05,618.0774038075402,666.6759389754556,613.8517409505704,670.4544975930055,0.0,0.0,0.0
12.064,9.623731600391773,-5.861226145523364,2.0595710650888694,1.1498360200377766,-9.69074781830656,114.15004803732212,9.652567629208727,-5.9047726067122275,1.9999999999999991,113.04791630772492,-0.20790770390194738,0.0012764867751941973,-0.07114901264709753,-0.05909220123115118,1.0075970590447745,-0.057632971686508584,-0.5378512335614832,-0.010631277486407326,0.10097747250675843,0.0012035825337500328,633.646222490215,659.906189597454,633.9640197525968,666.2382334991636,0.0,0.0,0.0
12.116000000000001,9.628870118742766,-5.872317444152232,2.0533173059936827,0.9511122493923143,-6.381474437961673,114.0446686110091,9.643891710321066,-5.890379150299324,1.9999999999999991,113.04791630772492,-0.27329058637780806,-0.00853598726475483,-0.09678748254470007,-0.07892791317120809,1.1619785321750944,-0.053908336850706465,-0.08986002498134504,-0.006916818859433901,0.006669009456522046,0.002006275156891979,653.3084921308105,653.2371803098074,656.9215054082167,660.7979315282288,0.0,0.0,0.0
12.168000000000001,9.635462366480127,-5.885632221298246,2.046361973206291,0.7037725373157502,-2.848464956623717,113.94190680980753,9.637992200263835,-5.8812884888003305,1.9999999999999991,113.04791630772492,-0.305511392650351,-0.016204690058903244,-0.11885652134700127,-0.08914184131320202,1.1826885468892665,-0.04991189473275087,0.3459048330036032,-0.00305816643588995,-0.08239987015576261,0.0026538394263374188,672.4902196366397,648.160718297967,678.8189078584267,656.4784602609291,0.0,0.0,0.0
12.22,9.642760872440828,-5.899771811089402,2.039439762214279,0.43654824489659066,0.5137576258676122,113.83444794880366,9.634751200813634,-5.877130137364544,1.9999999999999991,113.04791630772492,-0.3055339999013641,-0.021347885639797465,-0.1308172665716624,-0.09004153725945681,1.075029949526181,-0.04554156925390508,0.6819256784817552,0.00047124002494433603,-0.15219207800787282,0.0032609958967538856,687.6554138921829,644.8453264511495,696.3968735961122,653.8881982116872,0.0,0.0,0.0
12.272,9.650023823265965,-5.913367419105964,2.0331680535739505,0.17561505670996294,3.3632495578171877,113.72245748213518,9.63391969375848,-5.8773135075593705,1.9999999999999991,113.04791630772492,-0.27823403896420784,-0.023934508566992856,-0.12871845879555424,-0.08274004664771634,0.8643752507973378,-0.04077399237956878,0.8597510814208742,0.003253132778089654,-0.19454121778234063,0.003815523297735001,696.600251562847,642.9080964634172,707.406331949176,652.7299460838125,0.0,0.0,0.0
12.324,9.656598933227174,-5.925240788989149,2.0279402896152994,-0.05669975100035426,5.460815545871999,113.61193252601184,9.635127563043527,-5.881055688251923,1.9999999999999991,113.04791630772492,-0.23080354342966075,-0.024210433619531894,-0.11330747862266248,-0.06920946367635679,0.5895016334576343,-0.03570738245160428,0.874095538756241,0.005064206042854021,-0.20803144071037505,0.004233821737304215,698.8513045772519,641.9352715533277,711.1786630642815,652.4221990637866,0.0,0.0,0.0
12.376000000000001,9.661994822544735,-5.934538475756465,2.023890737798512,-0.2434657448562051,6.6888856251524755,113.51105106386565,9.637875218787313,-5.887359209576483,1.9999999999999991,113.04791630772492,-0.17108193391903131,-0.022590021234998505,-0.0892866506205409,-0.05185325795610128,0.2918610857918383,-0.03056836742918017,0.7666902023061222,0.005856447231928418,-0.1959583822414916,0.0044298961143432874,695.3441134079108,641.8943203060542,708.4490479617979,652.7029074602129,0.0,0.0,0.0
12.428,9.665921375571388,-5.9408038454308105,2.0209309548625662,-0.3750251693202583,7.047469446963232,113.42638572860012,9.641709213612032,-5.895335553127564,1.9999999999999991,113.04791630772492,-0.10650848600716611,-0.019563149777256948,-0.06306112803222332,-0.03316220785258696,0.008505361136953608,-0.02564139281691085,0.6030630350926393,0.0058125285439717,-0.16490126648791892,0.004374729239433555,687.9692854751769,643.029593854539,701.056463515475,653.6777957689884,0.0,0.0,0.0
12.48,9.668291884158936,-5.943974300213506,2.018837824339811,-0.44940819555847467,6.631585131919074,113.3607008241918,9.646124226855344,-5.9040235912878805,1.9999999999999991,113.04791630772492,-0.043689231967684136,-0.01563522212781345,-0.040245236371532364,-0.015173414915087047,-0.23248958642749168,-0.021162464247289552,0.44530182627413933,0.005158520584327814,-0.12201929154314071,0.004095654594016145,678.8518713380494,645.679631538372,691.1961813731567,655.6946326129995,0.0,0.0,0.0
12.532,9.669194717594552,-5.9443202327221085,2.0173513790493693,-0.47103646371955504,5.60212516902898,113.3127800294081,9.650625907652477,-5.912516522429419,1.9999999999999991,113.04791630772492,0.011804084911443882,-0.011291654524129644,-0.024044237379477914,0.0006435316269548464,-0.4129229083631225,-0.01727559173217829,0.3330779042424765,0.00410536199218276,-0.07396393689974615,0.003670546423090662,669.7953232887995,649.8923991913433,680.8729723170144,658.9652997559565,0.0,0.0,0.0
12.584000000000001,9.668849189137145,-5.9423546459872,2.0162525482945632,-0.4485879139386194,4.155947358241133,113.27881259243061,9.654805878895973,-5.920079615543631,1.9999999999999991,113.04791630772492,0.055687200844551796,-0.00696905455106696,-0.014824005322798922,0.01339748403260559,-0.524855701997365,-0.014008204150140337,0.2769464992036732,0.0028312559921656105,-0.026058885509021995,0.0031858270540650016,661.9263337926546,655.2963260071423,671.4593320789195,663.3215127327081,0.0,0.0,0.0
12.636000000000001,9.667558585937238,-5.938738442418226,2.0154012545971396,-0.39286765050200667,2.5004422966765567,113.2541709440685,9.658364481540945,-5.926210444993484,1.9999999999999991,113.04791630772492,0.08525326232638583,-0.0030279727304799845,-0.010934713578024382,0.022626930598331162,-0.5673309877313266,-0.011305647835450076,0.26519808120537836,0.0014865862400105477,0.01699115685016417,0.0027163172046719875,655.8043051473051,661.0798787188492,663.7533093074709,668.1301612445202,0.0,0.0,0.0
12.688,9.66566681997418,-5.93419347948272,2.0147343896506933,-0.31510922516172807,0.8320561537991322,113.23492316377258,9.661106153105269,-5.930602165880424,1.9999999999999991,113.04791630772492,0.09956133747930358,0.0002687643206594848,-0.009802537144668767,0.02830439489575124,-0.5472126279197245,-0.009059060173734519,0.2746163065982475,0.0001718592189204858,0.052080278042454076,0.0023023740607772953,651.4499971874394,666.3580269988207,657.9275573304334,672.5959854743736,0.0,0.0,0.0
12.74,9.663520250381316,-5.929426220099929,2.014239580582733,-0.2259274134939342,-0.6818503260762093,113.21853719994877,9.662967650210005,-5.933216194730169,1.9999999999999991,113.04791630772492,0.0993622636853255,0.002764431609425266,-0.009121307182355542,0.030617598007429775,-0.47556543856567857,-0.00717614383485189,0.2829892361236217,-0.0010106194854554561,0.07689056217199429,0.0019618702639736963,648.6864794213454,670.3161386751863,653.9008518213361,675.9259226576426,0.0,0.0,0.0
12.792,9.66143525851511,-5.925063460848206,2.0139200389180805,-0.1348347941058253,-1.9130838607428828,113.20397909014447,9.6639792391579,-5.934186757442264,1.9999999999999991,113.04791630772492,0.08678924527437837,0.004403639800497931,-0.007538013859049508,0.02999107785491406,-0.3670706399172453,-0.005572624645379931,0.2769472780331434,-0.0019802149713308535,0.09044715431767282,0.0016853952963741723,647.2772394586332,672.4804087203742,651.4481706516755,677.5956384318072,0.0,0.0,0.0
12.844000000000001,9.659672345098837,-5.921602199428149,2.013768318170926,-0.04981550289843499,-2.779903760851322,113.19129946939486,9.664228985970615,-5.933744763816005,1.9999999999999991,113.04791630772492,0.06490762479637159,0.0052169208764352324,-0.004799830147202499,0.026979119666684804,-0.23764756739625043,-0.004195439512522578,0.2542417924913225,-0.0026683208950201093,0.092990200909976,0.00145499722532267,647.0289403716322,672.7599508293355,650.3555526558131,677.4424948534314,0.0,0.0,0.0
12.896,9.658418689354427,-5.919377764424127,2.0137550616501194,0.02305931832304461,-3.2486645950212876,113.18105971255208,9.663875076710784,-5.932252813975751,1.9999999999999991,113.04791630772492,0.03724306849032351,0.0052998395549774865,-0.0014824433819569042,0.022267781296708464,-0.10327221544059739,-0.0030232476770580543,0.221443273026298,-0.0030530795429838838,0.08590309990733719,0.0012450412281168263,647.8139233883246,671.4261597779725,650.435669700993,675.6571481372607,0.0,0.0,0.0
12.948,9.657780536284116,-5.918552745178792,2.013832914974576,0.07986249778606419,-3.3301659872791154,113.17377474573183,9.66312640759309,-5.930157596000141,1.9999999999999991,113.04791630772492,0.00736259275011245,0.0047908524879837,0.0015219410764998483,0.016575135459852463,0.022011890160989513,-0.0020499793147763824,0.18880050164083628,-0.0031441566223748252,0.0712403678448348,0.001045855631813369,649.5232701359814,668.9420782352412,651.5533277249328,672.6730736800038,0.0,0.0,0.0
13.0,9.657785208674554,-5.919125776892059,2.01394920722631,0.11884557269865607,-3.07218292552958,113.16956264614487,9.662182139240869,-5.927872986579675,1.9999999999999991,113.04791630772492,-0.021462592687021085,0.0038508551231616664,0.0034670103823411214,0.010573738697668773,0.12698806020941908,-0.0012714635474425102,0.1653051106886517,-0.0029861259221618756,0.051608999279194524,0.0008531359669357932,651.9939019231057,665.8659230722257,653.5229041103335,669.0433703506183,0.0,0.0,0.0
13.052000000000001,9.658390994117633,-5.920956105749412,2.0140600357819465,0.14003780302474872,-2.5495473396299837,113.16807025381033,9.661233459364595,-5.9257751329779955,1.9999999999999991,113.04791630772492,-0.046519864694108876,0.002645924340119833,0.004049747433178937,0.004794040089657209,0.20412743060323665,-0.000677910354723835,0.15532748981074734,-0.0026125890083718464,0.029698070499208376,0.0006706696152171689,654.9744824001568,662.7029925130788,656.0953427323975,665.2889305786426,0.0,0.0,0.0
13.104000000000001,9.659502320686373,-5.923798410379598,2.0141399992301814,0.14508132586488118,-1.8522794358936416,113.16860162023929,9.660439219251113,-5.924168473958256,1.9999999999999991,113.04791630772492,-0.06584194336907398,0.0013333679355311179,0.0034493902959711158,-0.00027834557900045657,0.2500261404849127,-0.0002484337280358593,0.15792348524394523,-0.002105917660994532,0.007898996858502844,0.0005051441554140244,658.1560829342783,659.8087067196049,658.9570032378977,661.8051156029809,0.0,0.0,0.0
13.156,9.66098759549085,-5.927342161448588,2.014184096801367,0.13674103474788563,-1.0745036641724868,113.17033059637295,9.659918271247406,-5.923267725984831,1.9999999999999991,113.04791630772492,-0.07830221146350348,4.9366977343668725e-05,0.002163963534048284,-0.004331893807453249,0.26440604348750407,4.1417951960093755e-05,0.16837451060029804,-0.001539959686341425,-0.011599949503556084,0.00036461005023915704,661.1657848043235,657.4190528221623,661.7356931122621,658.8715665702916,0.0,0.0,0.0
13.208,9.6626976133661,-5.9312511744346565,2.014202673984854,0.1183913355912581,-0.3055151470047582,113.17252622262045,9.659744469672692,-5.923187839868534,1.9999999999999991,113.04791630772492,-0.08362313310874864,-0.0010992266483902495,0.0007796216166592754,-0.007220806071115721,0.25031826372649796,0.0002260447386563392,0.18060817905870924,-0.0009722718771668854,-0.0271807191197172,0.0002519530741415363,663.6682550989223,655.6451049056186,664.0866495633796,656.6255740573391,0.0,0.0,0.0
13.26,9.664482962715619,-5.935200219508447,2.0142130014788697,0.09356318575378626,0.3792668347151114,113.17468608114407,9.659936045666317,-5.9239240816355725,1.9999999999999991,113.04791630772492,-0.08229033920240528,-0.0020385799409133286,-0.00024724119317698167,-0.008932536369054844,0.2133296545878598,0.00033579728837451636,0.18960170951297595,-0.00044624742133355733,-0.03784935610265228,0.0001663957913239705,665.4206847053405,654.5121750942474,665.7516138099494,655.1047809275325,0.0,0.0,0.0
13.312000000000001,9.666208914422704,-5.9389055970416385,2.0142307678861515,0.0656359048546735,0.9236957424647757,113.17656457746206,9.660481074149656,-5.925414632079158,1.9999999999999991,113.04791630772492,-0.07538978553005932,-0.0027276224968281336,-0.0007063302877668451,-0.009544834703998592,0.16035192210998075,0.0003940964664140781,0.1927934595047801,1.4145121828472787e-06,-0.04323193346484108,0.00010504998155307478,666.3067624066526,653.9959911717528,666.5952837303253,654.2891283415984,0.0,0.0,0.0
13.364,9.667766748417174,-5.942147563165516,2.0142645032058843,0.037601322053776774,1.2935551108780106,113.1781318827388,9.661324170296728,-5.927509970957991,1.9999999999999991,113.04791630772492,-0.06440735525490482,-0.003155023626633213,-0.0006409134961363677,-0.009224250505753696,0.0990014232216299,0.00041985774727656706,0.19033436991840888,0.00035044931180658323,-0.04352892719438982,6.153501119251104e-05,666.3458600940984,654.0507829427648,666.6134759272633,654.1220235123009,0.0,0.0,0.0
13.416,9.66908085788586,-5.944783359772981,2.014313886044455,0.011843300863437415,1.4771976571401502,113.17947992354685,9.662396212807145,-5.930039852697099,1.9999999999999991,113.04791630772492,-0.05101827055283124,-0.003333976395886764,-0.0002621155076386147,-0.008190075885703049,0.03664866117590757,0.00042328961044368234,0.18430263533518101,0.0005970845550751546,-0.03947438633339448,3.081723980606632e-05,665.6738153425748,654.6024896257401,665.9270102347091,654.5170635898369,0.0,0.0,0.0
13.468,9.670111393673006,-5.946750561990866,2.014371697353088,-0.009903873961643281,1.4832331896798838,113.18072868431582,9.663601571329398,-5.93278633603031,1.9999999999999991,113.04791630772492,-0.036891753105972744,-0.0032959208317118295,0.00017109373884185858,-0.006664050318662263,-0.020342209434939647,0.00041077403494394605,0.1774657546940196,0.0007384584565763429,-0.032063611614033906,7.920840041644988e-06,664.4884610735845,655.566309576348,664.7191283537305,655.376605571173,0.0,0.0,0.0
13.520000000000001,9.670852848806684,-5.948061769707967,2.014427652159697,-0.026591066728973396,1.3367541616461933,113.18196150218029,9.664858505783927,-5.935567952585685,1.9999999999999991,113.04791630772492,-0.02352837545868555,-0.00308436694573763,0.00045581538696881884,-0.004876885589725662,-0.06703251471179128,0.0003850492731184874,0.17214016965345308,0.0007879234158883644,-0.022547415297035234,-9.464366714874873e-06,663.0198099011949,656.821183270284,663.2170946606618,656.569281432964,0.0,0.0,0.0
13.572000000000001,9.67132935998307,-5.948792481696824,2.014472229861185,-0.0378065564094433,1.0745822539853747,113.18319943728838,9.66609155927422,-5.938223331925511,1.9999999999999991,113.04791630772492,-0.012136394611831169,-0.002748853862356753,0.0004996503602918304,-0.0030294370660023592,-0.10025185526249984,0.00034937471692628614,0.1695356668205219,0.0007618643985210555,-0.012198042257916361,-2.3169140178665518e-05,661.4843564853427,658.226210435687,661.6368346151567,657.9442186465324,0.0,0.0,0.0
13.624,9.671587726695389,-5.949064418209331,2.0144993519823924,-0.0436730543292866,0.7397907767687559,113.18440646912332,9.667242079737175,-5.940631007939143,1.9999999999999991,113.04791630772492,-0.0035535022718610637,-0.002339698281199161,0.00032213114097414617,-0.0012839607961558689,-0.11857353887807447,0.0003062169967508326,0.1696557216686933,0.00067966785461023,-0.0022207169057661333,-3.3156260862643016e-05,660.062777621346,659.6237275744819,660.1645266844911,659.3380821679519,0.0,0.0,0.0
13.676,9.671689239668094,-5.949026695242388,2.0145072233362042,-0.04471091978385421,0.3762638985535537,113.18551879159067,9.668259489319496,-5.942695710097591,1.9999999999999991,113.04791630772492,0.0017846222827130102,-0.0019037910375037585,1.748967513405825e-05,0.0002436278007077429,-0.12249884613616521,0.00025908748150617474,0.17163526330134807,0.000554215315192712,0.006519228703077494,-3.957711264928037e-05,658.8673252185854,660.8824765065182,658.9156569109456,660.6153095670625,0.0,0.0,0.0
13.728,9.67170135861274,-5.948837107619306,2.0144976324841717,-0.04172756660474649,0.02427623645122907,113.18647315324607,9.669116929530784,-5.944372829688486,1.9999999999999991,113.04791630772492,0.0038279046667935197,-0.0014815648263926395,-0.0003012770812129215,0.0014680152548292038,-0.11362991250909711,0.00021131729557381204,0.174310898443026,0.0004045046535431101,0.01330303464971807,-4.228779274053837e-05,657.9763182473237,661.8811363791652,657.9744126829736,661.6494216930782,0.0,0.0,0.0
13.780000000000001,9.671690059104723,-5.948645294163614,2.0144743488933,-0.03570693766844334,-0.2827655148069764,113.18723080458336,9.669806603306872,-5.945661190075031,1.9999999999999991,113.04791630772492,0.002862508973477633,-0.001104882634325219,-0.0005478927142419226,0.0023484784029169153,-0.09476168761975004,0.00016615361683479862,0.17671765697394243,0.0002455887863111565,0.017764857404284913,-4.1809091338078884e-05,657.4181839428977,662.5483319971728,657.3721634589257,662.3632768130849,0.0,0.0,0.0
13.832,9.671713457213684,-5.948579073709894,2.014441481316604,-0.02769315301823212,-0.5208821446629963,113.1877860719965,9.670338989785806,-5.946599572315742,1.9999999999999991,113.04791630772492,-0.0005673083091746948,-0.0007960543185731794,-0.000684609979647419,0.0028761798193324773,-0.06920250002217672,0.0001258161385601224,0.17835505586847047,9.115696998167723e-05,0.019795256378653158,-3.886035741706073e-05,657.1918744177881,662.8560291866753,657.1098604172969,662.7230019570951,0.0,0.0,0.0
13.884,9.671817180716726,-5.948734913320824,2.0144023944725156,-0.018708807141140302,-0.6763212539215175,113.1881626723195,9.670738974204115,-5.947255869228175,1.9999999999999991,113.04791630772492,-0.005751318323940479,-0.0005677699378343087,-0.0007213337019569917,0.00306970046007654,-0.04043548418990901,9.147858889826057e-05,0.1792131117797258,-4.619777210675179e-05,0.019532757702779152,-3.439459032833535e-05,657.2713136318043,662.8213916419589,657.16243908548,662.7396381718601,0.0,0.0,0.0
13.936,9.6720316606852,-5.949172834000459,2.014359312840606,-0.009672473968794138,-0.7455166216890793,113.18840196266258,9.671040172002163,-5.947715766290785,1.9999999999999991,113.04791630772492,-0.011907646004678677,-0.0004237674189482356,-0.0006982641335947804,0.002974422590646909,-0.011786840822382804,6.327642520308193e-05,0.17961496900956372,-0.0001594532621090202,0.01733365165077092,-2.9374496185017966e-05,657.6088290308821,662.5002495242596,657.4815843892011,662.4644487665005,0.0,0.0,0.0
13.988000000000001,9.672371343561842,-5.949915659923395,2.014313552222423,-0.0013453558887148095,-0.733998113641859,113.1885487368323,9.671282577403952,-5.948073918667305,1.9999999999999991,113.04791630772492,-0.01827082090214919,-0.00036015044310279366,-0.0006611319416566931,0.0026476528149829036,0.013910779079395346,4.055822174928012e-05,0.17996689077550324,-0.00024197588129212398,0.01369008526251457,-2.4549848515396846e-05,658.1414606220943,661.9716340145973,658.0041448836549,661.972563196722,0.0,0.0,0.0
14.040000000000001,9.672835624045568,-5.950952081987567,2.0142660566150328,0.005702496158088612,-0.654517134912788,113.18864007375973,9.671502772427468,-5.9484145222690135,1.9999999999999991,113.04791630772492,-0.024165286711237195,-0.00036703449935014177,-0.0006424971223749585,0.0021579111636676348,0.03453224965836584,2.241117427373804e-05,0.1805578987563485,-0.0002919393258914104,0.00917655651006228,-2.0314000265501172e-05,658.7945823332522,661.3250091689205,658.6548975691385,661.3518493558981,0.0,0.0,0.0
14.092,9.673411146970873,-5.952242678028448,2.0142178819936998,0.01111505867173482,-0.5248374109709341,113.18870019738137,9.671738442141828,-5.948821261987728,1.9999999999999991,113.04791630772492,-0.029059542164300046,-0.00043043033831534393,-0.0006530401379701598,0.0015783020379249758,0.048701120981210724,7.857605484708291e-06,0.18145899308007762,-0.00031166863670060524,0.004379597856564468,-1.689925521953465e-05,659.4890202818628,660.6475918144624,659.353324019593,660.6895207910306,0.0,0.0,0.0
14.144,9.674075059668423,-5.953727892722087,2.0141704466701627,0.014732322411966562,-0.3651936480862055,113.18873809559177,9.672013130960146,-5.949343709378785,1.9999999999999991,113.04791630772492,-0.03259922205814782,-0.0005341902494790014,-0.0006825801907967945,0.0009677520564462478,0.05596444633946447,-4.1164085162059765e-06,0.18252512217823139,-0.0003025076002940461,-0.0001717625510800104,-1.4030859834369448e-05,660.1486021989497,660.0135297223594,660.0235947331352,660.0608332080213,0.0,0.0,0.0
14.196,9.674798735880971,-5.955336882822139,2.014125441326864,0.016571048891692242,-0.1957271707901096,113.18875452037402,9.672345717493274,-5.950019457836762,1.9999999999999991,113.04791630772492,-0.034616438982021144,-0.0006616515291811728,-0.0007113692962298793,0.0003871529690147667,0.056660317740540936,-1.3881122249701855e-05,0.18350870679792058,-0.00027160345532086996,-0.004083590566520027,-1.251857528126489e-05,660.7158650635884,659.4755302009744,660.603944107857,659.518254625377,0.0,0.0,0.0
14.248000000000001,9.67555150044646,-5.956996155813807,2.014084501432228,0.016804173343177315,-0.034608780945355015,113.18874571759572,9.67275040662556,-5.950874658048691,1.9999999999999991,113.04791630772492,-0.03511829785106616,-0.0007971910824164357,-0.0007196022519519793,-0.00011863011411063807,0.05163729052577716,-2.1692037142028038e-05,0.1841632822448049,-0.0002259348553474567,-0.007067306292896668,-1.0507497719177382e-05,661.1435448904809,659.0665000044804,661.0502448671463,659.1018025297179,0.0,0.0,0.0
14.3,9.676304004819526,-5.958637214774628,2.0140488508050507,0.01571019029077579,0.10331596369148074,113.18870880898406,9.67323043210506,-5.951910113399002,1.9999999999999991,113.04791630772492,-0.03426141013331479,-0.0009274025855233461,-0.000696011194476762,-0.000520198242499097,0.04217782720566606,-2.7732827992380935e-05,0.18433910976078624,-0.00017209226143140337,-0.008952389144015227,-8.513399167787723e-06,661.4054491947168,658.8068892223641,661.3330034027946,658.8323747517536,0.0,0.0,0.0
14.352,9.67703099249317,-5.960202659335379,2.0140190142615233,0.013627495572771492,0.20760797393221475,113.18864470308507,9.673771734004722,-5.953088438727155,1.9999999999999991,113.04791630772492,-0.03231568803643066,-0.0010418320166424785,-0.0006413711784047331,-0.0008038870414012354,0.029875319002629346,-3.192030078237401e-05,0.18402673290750746,-0.00011639832898447988,-0.009683407740194378,-6.70556204599446e-06,661.4936368543283,658.7027174611748,661.4420260184681,658.7173291996421,0.0,0.0,0.0
14.404,9.677713252474955,-5.961650327108132,2.0139947221259376,0.010912759831672707,0.2727443360299974,113.18855811603581,9.674363753573843,-5.954380409912576,1.9999999999999991,113.04791630772492,-0.029620909157058128,-0.0011332948026974122,-0.0005664272070949377,-0.0009679721873591044,0.016381949354501744,-3.4641363716878185e-05,0.18333975383946524,-6.363078269054867e-05,-0.009365169344089104,-4.873491540002134e-06,661.4247637791309,658.7394390060421,661.3932095691956,658.7440749074516,0.0,0.0,0.0
14.456000000000001,9.678338665888814,-5.962955303114507,2.0139750220256105,0.007909280880635016,0.2979367784493905,113.18845635136324,9.67499376938515,-5.955752567578399,1.9999999999999991,113.04791630772492,-0.026542329910373242,-0.0011978618512451687,-0.0004868260754621797,-0.0010207980592495847,0.0032231333344932183,-3.5988886546741884e-05,0.18246164014286329,-1.717909308228822e-05,-0.008197770095372262,-3.257137506625877e-06,661.2313058002845,658.8916129292247,661.2174176228394,658.8874784694176,0.0,0.0,0.0
14.508000000000001,9.67890237145197,-5.964109907760787,2.0139585267479174,0.0046373972231124085,0.28652812973697195,113.18833528332682,9.675644809790962,-5.957163303635781,1.9999999999999991,113.04791630772492,-0.023430319111481027,-0.0012341999536117025,-0.0004174301395319938,-0.0011735614978108035,-0.008337844897914214,-3.874550756482583e-05,0.18158212067275883,0.00010832891035327972,-0.006427540137139668,-6.187643093328102e-07,660.9383236431536,659.138491473208,660.9674238869945,659.1058784739671,0.0,0.0,0.0
14.56,9.679406069146742,-5.965122009419618,2.0139437306939114,0.00146504570522483,0.2448355902745317,113.1882235177294,9.676296108728147,-5.958564494218727,1.9999999999999991,113.04791630772492,-0.020588014180387332,-0.0012402812519279817,-0.00036771599446022956,-0.0009477526710352282,-0.01743782708237746,-3.6091464759870235e-05,0.18084200674521067,0.00011724455854580484,-0.004278877450427502,-1.2363989342675102e-07,660.6132304830447,659.4278858168461,660.646251986806,659.3941178227705,0.0,0.0,0.0
14.612,9.679856931611292,-5.9660120263652905,2.013929257232929,-0.000772419757282032,0.18141096206482554,113.18811916562831,9.676934016457293,-5.959924289417082,1.9999999999999991,113.04791630772492,-0.01824889857303067,-0.0012213898258896705,-0.0003411026865536381,-0.0006241704908831443,-0.023463221548665772,-3.416748275666886e-05,0.18031870980786344,7.835208697648977e-05,-0.002049650267179468,6.020653260307637e-07,660.2875523640768,659.7260620722915,660.3115263892328,659.7054031380671,0.0,0.0,0.0
14.664,9.680266286041519,-5.966809006887301,2.0139140368870834,-0.0021714214234319833,0.10575039514428161,113.18802336428453,9.677542943196352,-5.961209024810648,1.9999999999999991,113.04791630772492,-0.01656237981759404,-0.0011862144483654837,-0.00033482189768968903,-0.0003752104219735744,-0.02627858034422732,-3.1984438950893216e-05,0.18001926780421362,5.397452060566614e-05,4.7712818199150894e-05,1.0589107878509162e-06,659.9840260538007,660.0129903028725,660.0023327924297,660.0005492399804,0.0,0.0,0.0
14.716,9.680647827976527,-5.9675465070631715,2.013897380614332,-0.0029458434450693313,0.027148075535654317,113.18793570877162,9.6781182405542,-5.962408850631418,1.9999999999999991,113.04791630772492,-0.015591396877163257,-0.001141663502993411,-0.00034277739226643694,-0.0001876355410372614,-0.026068374967943574,-2.9745987727473336e-05,0.1799060059795699,4.243318697238796e-05,0.0018162978364195965,1.421780338974575e-06,659.7302000753033,660.2596370903757,659.7462305755241,660.2514914139383,0.0,0.0,0.0
14.767999999999999,9.681015823708538,-5.968258648527962,2.0138789442758855,-0.0032236847904613397,-0.04608266809887522,113.18785528708143,9.678658028558838,-5.963520965812606,1.9999999999999991,113.04791630772492,-0.015318630875199848,-0.0010929119651360108,-0.0003583522146086046,-3.2598552659925983e-05,-0.02326109271033646,-2.749422211350271e-05,0.17992515984603022,3.2996049345979445e-05,0.003109791106045784,1.6116780173032128e-06,659.5474587346771,660.4426434040067,659.561330134575,660.4377118223854,0.0,0.0,0.0
14.820000000000002,9.681383551480481,-5.968976647636229,2.013858657110951,-0.003080501485976578,-0.10735538085578407,113.18778102595628,9.679162371635838,-5.964547907912299,1.9999999999999991,113.04791630772492,-0.01565922269816501,-0.0010441365893055835,-0.00037616310695791084,9.95067008921987e-05,-0.01853225446634984,-2.5228493779324815e-05,0.18002633442290422,1.9997840300410192e-05,0.003874930344310662,1.7395904578659284e-06,659.4427972595574,660.5522160188168,659.4533199967124,660.5513384923117,0.0,0.0,0.0
14.872000000000002,9.681762100903496,-5.969726116558556,2.013836640350571,-0.002591105051619912,-0.15229225693562465,113.18771246294577,9.679632103659591,-5.965494885859614,1.9999999999999991,113.04791630772492,-0.016479361450040902,-0.0009988036577976388,-0.00039298818867618935,0.0002037879643869387,-0.012639556904602767,-2.2983293410304503e-05,0.18017418129436957,3.0137483948392577e-06,0.0041266511051522405,1.7128605138056786e-06,659.413239834781,660.5895133312,659.4188470283609,660.5933952386641,0.0,0.0,0.0
14.924000000000001,9.682159587535741,-5.970525327525181,2.0138131325867317,-0.0018497247758651294,-0.1787526366390149,113.18764872028196,9.680077273967823,-5.9663855658383405,1.9999999999999991,113.04791630772492,-0.017616944535128676,-0.0009595861085880881,-0.00040783996630357894,0.00027442287945203834,-0.0063275421750445746,-2.1033980763584014e-05,0.1803514892148504,-1.4642605474382138e-05,0.0038975890646002886,1.687441319121654e-06,659.4528145265389,660.558806534564,659.4533176170033,660.5676431405716,0.0,0.0,0.0
14.976,9.682580777677247,-5.971384452829856,2.013788443441638,-0.0009563395668532014,-0.18676648666927084,113.18758797395135,9.680507626625554,-5.9672433003630365,1.9999999999999991,113.04791630772492,-0.018901623181543956,-0.0009282290874288359,-0.0004207709370821198,0.0,0.0,0.0,0.18054895512934757,8.841534593999024e-05,0.003162314146402904,-5.210015127655055e-06,659.557004990307,660.4829007861789,659.5677667071681,660.4433154510226,0.0,0.0,0.0
15.028,9.683027122466777,-5.972305738478173,2.0137629249575637,0.00027178839471230057,-0.1783779882495561,113.18751630376916,9.68092629550275,-5.968077938312271,1.9999999999999991,113.04791630772492,-0.020174234680720795,-0.0009062414901143724,-0.00043219562981130274,0.0004605640857187879,0.004885668903878741,-2.069164972988831e-05,0.1807594515429121,-0.00011472281126963637,0.0024100704558734608,3.0695609745581137e-06,659.6861868085442,660.3399707896127,659.6619989377849,660.3811266827734,0.0,0.0,0.0
15.08,9.683497201314957,-5.973284416758934,2.013736950476244,0.0014605950123350493,-0.15634081747192954,113.18746255723741,9.68134258396988,-5.968911212654156,1.9999999999999991,113.04791630772492,-0.021298691430343988,-0.0008960270653753882,-0.00044224602548673315,0.0003362823855382512,0.008891598010879425,-1.7168971908225604e-05,0.1809723832497385,-0.00010379793458981764,0.0013705793169440173,2.2235123435898445e-06,659.8382462223627,660.199060577501,659.8148327843741,660.2347722691891,0.0,0.0,0.0
15.132,9.683987165870883,-5.974310112372274,2.0137109016952035,0.0021818229906129995,-0.12507074148284208,113.18741604378047,9.681762019670336,-5.9697561746802394,1.9999999999999991,113.04791630772492,-0.022172356021650727,-0.0008948686232003539,-0.00045022398293587975,0.00018560503300111848,0.011378828683582627,-1.5275428592572137e-05,0.1811687341808515,-7.306396742895918e-05,0.00034455508903093266,1.8422724532064262e-06,659.9844488612018,660.0617765149723,659.9687392971691,660.0876870257803,0.0,0.0,0.0
15.184,9.684491384782145,-5.975368808824734,2.013685134167722,0.002563129416306498,-0.08906023439207113,113.18737468662296,9.682191726490334,-5.970628517264083,1.9999999999999991,113.04791630772492,-0.022734198375938017,-0.0008987669013848076,-0.00045520500023121856,9.618720548433043e-05,0.012373113867668522,-1.3867796628592153e-05,0.18132808574795783,-5.803426836095373e-05,-0.0005930376272957477,1.463422121521056e-06,660.1194952167092,659.9340542251383,660.1070201099889,659.9546391755223,0.0,0.0,0.0
15.235999999999999,9.685003320238561,-5.976444788171655,2.013659945545239,0.0027537945832598917,-0.05255346111303635,113.1873372172709,9.68263247814162,-5.971530128096656,1.9999999999999991,113.04791630772492,-0.02296331092074049,-0.0009052084453131977,-0.00045642520967406717,4.5421285297471585e-05,0.01199996441846445,-1.2733942861135292e-05,0.18143342526045275,-5.46189322359609e-05,-0.0013566002892426562,1.14511496829197e-06,660.2302391810713,659.828291399261,660.217857386945,659.8470248526505,0.0,0.0,0.0
15.288000000000002,9.68551636856764,-5.9775224181095705,2.0136355475862744,0.0028174140723760833,-0.019235235717345762,113.18730225849528,9.683088174296106,-5.97246880821419,1.9999999999999991,113.04791630772492,-0.02287491845171258,-0.0009127486168159152,-0.0004536052310178145,5.448879113548188e-06,0.010497653807470921,-1.197078509899658e-05,0.18147521694896268,-5.2851414180399056e-05,-0.0019063096412076808,8.437923906903268e-07,660.3094664259354,659.7514531823048,660.296755198281,659.7688503775116,0.0,0.0,0.0
15.340000000000002,9.686024551852373,-5.978587683829672,2.0136120457243663,0.002767928778053312,0.008071396554089701,113.18726894570895,9.683555066592128,-5.9734357431532175,1.9999999999999991,113.04791630772492,-0.022513580040886917,-0.0009203070428864347,-0.00044717632632804567,-3.102090990950096e-05,0.008175295958207884,-1.1377254434549746e-05,0.18145427555277066,-4.9554476102851215e-05,-0.0022057967225996965,6.223463017052296e-07,660.3514555200571,659.7090804584475,660.3390707187222,659.7249257395611,0.0,0.0,0.0
15.392000000000001,9.686523023569043,-5.979629344535194,2.013589436774182,0.00261900942741025,0.027545815386987235,113.18723642662115,9.684034585693679,-5.974432724111134,1.9999999999999991,113.04791630772492,-0.02194453217912373,-0.000926928738722053,-0.00043818388073216583,-6.183581947437352e-05,0.005387244905214606,-1.1030154192793588e-05,0.18138089944709654,-4.418053821865169e-05,-0.002276003329528443,4.214757071958723e-07,660.359371920909,659.6985297291611,660.3479611286006,659.7122873514365,0.0,0.0,0.0
15.444,9.687008383452094,-5.980639649589654,2.0135676220692753,0.0023937346445116127,0.03840965171328795,113.18720443521312,9.684520181696364,-5.975444786145524,1.9999999999999991,113.04791630772492,-0.021244163278040754,-0.0009318272734301213,-0.0004280389598516009,-8.360691445826734e-05,0.0024719152748132233,-1.07407499580271e-05,0.1812720220202819,-3.841567346501863e-05,-0.0021286888351274057,-4.193981905211211e-07,660.3363710007411,659.7191282384484,660.3242733668922,659.7289129512965,0.0,0.0,0.0
15.496,9.687478802012357,-5.981614601374939,2.0135464315787615,0.002090433292198562,0.04113078996133009,113.18716499128692,9.684787918476292,-5.975788264003659,1.9999999999999991,112.71165145436855,-0.02049061437803835,-0.0009344398272922378,-0.0004182968808689641,0.0,0.0,0.0,0.18114827616381685,0.009445947559812453,0.05086099968168796,-0.0070398753453206845,661.1832186060111,678.1132961533884,644.1883132340027,656.1630461965633,0.0,0.0,0.0
15.548,9.687933106281388,-5.982551335831479,2.013519487845868,0.01298638341165714,0.2547770909548711,113.1700801831841,9.667549528999157,-5.922743501410065,1.9999999999999991,112.71263972225852,-0.019554441971713268,-0.0009530392253044243,-0.0007865772473106391,0.009120500023282942,0.1997616995112826,-0.008096334099279429,0.1849136153039232,-0.08545247421646769,0.5718640357748658,-0.003766966874882213,592.613699497689,730.8033461252285,552.5315698241783,743.257051318297,0.0,0.0,0.0
15.6,9.68831611203422,-5.983313873325123,2.0134670391525287,-0.09088742248372615,2.0278370905684517,113.14021439701469,9.636113986037213,-5.8264061035684005,1.9999999999999991,112.71351035943454,-0.012339322363047833,-0.0009712328513911421,-0.0014691570295069976,-0.086538051790456,0.8624346811309289,-0.010258680376432062,0.19257529021642833,-0.028615407470774262,0.2393158488748653,-0.0023657813292811275,633.2097898781948,692.9462072896177,617.6948840091039,694.4671323981829,0.0,0.0,0.0
15.652,9.688264308415263,-5.983192598401392,2.0134022119862953,-0.5028918268549953,5.347365297721024,113.09212628814262,9.602225074015273,-5.72260098811188,1.9999999999999991,112.71380815014066,0.016518141090599934,0.0011461094928237822,6.2121311646775384e-06,-0.1521205315663869,1.22463654086007,-0.010496369943752923,0.17948973277909536,0.031031718081617882,-0.04575756738930137,-0.0012961001991159534,665.3134577918383,661.1394152760854,670.5006724188539,648.6136577327864,0.0,0.0,0.0
15.703999999999999,9.68704632681406,-5.9809148547813065,2.013282394196287,-0.8845160365715146,9.010619529733832,113.01550246278758,9.571343931206034,-5.628012215377711,1.9999999999999991,112.71188184106323,0.07574121225426897,0.006976327746782829,0.008536710929859305,-0.09505522444902868,1.1895116764334093,-0.010023405805586263,0.09903217953630972,0.0457750524061239,-0.19327656330458104,5.4132613574443995e-05,682.8808923794685,640.9900433752699,695.5105006167705,627.5790670914037,0.0,0.0,0.0
15.756000000000002,9.683884061982791,-5.975064478566521,2.0129891373813322,-1.0073940895604505,12.12074494711822,112.93431623448251,9.545423407515791,-5.548712873579387,1.9999999999999991,112.7052973109401,0.16365347221605908,0.01518284014280043,0.026664216988302375,0.006001242117221061,0.9274019532340013,-0.008498462464998278,-0.06991701868340883,0.1273458201982926,-0.22927022349018092,0.0010254434448471249,674.8404487421773,645.8233323894456,712.0662169162518,610.701798313491,0.0,0.0,0.0
15.808000000000002,9.67822362900848,-5.964430589791595,2.0122977897448946,-0.6321862708273953,14.300047864506107,112.87720541819941,9.52453925311681,-5.485181943090717,1.9999999999999991,112.6938096677002,0.2731584922458904,0.02312314417830355,0.05085873319834776,0.2184483067254937,0.598359343986236,-0.00622512127579602,-0.285579529116103,-0.04770280454746863,-0.19863323599805477,0.001139173349358688,692.6249222507223,622.1825223909221,682.6114505768808,639.6960987524755,0.0,0.0,0.0
15.860000000000001,9.669893575404426,-5.948148319321724,2.010908481632484,0.028032746415386264,15.5420202368615,112.85394122975066,9.507864943500161,-5.435232573972881,1.9999999999999991,112.67551256923117,0.39609716300780673,0.026577059486432002,0.07478255408197283,0.1913679155451543,0.3026411293370533,-0.004877533973707793,-0.4762487008744532,-0.054061959807632926,-0.13960082568863647,0.0007587130316536426,683.5431483218013,628.0265108666379,670.5807436837307,646.1558361487326,0.0,0.0,0.0
15.912,9.65900354420823,-5.92573134214725,2.0085359559112277,0.38662495185677037,16.0374120489336,112.8407971487728,9.494209183635034,-5.395594026314259,1.9999999999999991,112.65456953177113,0.5252576880384624,0.0250872294808172,0.09409555387073532,0.07920096138324172,0.08581376590444077,-0.004842612235527055,-0.5902429397819697,-0.02127392281884036,-0.07806496311190872,0.0005898637830189864,668.8847670015571,640.3570002717213,664.5032757949103,648.2377120573536,0.0,0.0,0.0
15.964,9.645684554209495,-5.897054124661502,2.0049895106432043,0.50494164876361,16.042173989046656,112.82592089081459,9.482396364986059,-5.362899712179015,1.9999999999999991,112.62881696427844,0.655129777362501,0.021220894423997855,0.10743538649617115,0.023081794188533455,-0.04453112964690438,-0.004830489745981306,-0.6080664197893156,-0.0038762131831236845,-0.02819259823619912,0.00036712654650448463,659.2742657970252,650.0655551129821,659.186846013082,652.2152618341896,0.0,0.0,0.0
16.016,9.63004127141657,-5.862216825271215,2.0002207638689082,0.5347261362514967,15.789530124223049,112.80891833889993,9.471370114997892,-5.334035808861987,1.9999999999999991,112.60275620953028,0.7821319029900895,0.01666492253503963,0.11650356070971779,0.006757519789490378,-0.10405918483015075,-0.004736198595669752,-0.5447841115600958,-0.0002709929651350386,0.005784243274338713,0.00015192746085876136,655.2531633293908,656.833005470803,655.5991393390925,657.3331712936046,0.0,0.0,0.0
16.067999999999998,9.612170305681724,-5.821413915412645,1.9943212877393857,0.5395834514241983,15.451096642496237,112.79119286118977,9.460402626707046,-5.306674801242102,1.9999999999999991,112.57222662415751,0.9044429226022528,0.012013358931446455,0.12437432637182448,0.0010713938823385754,-0.11512254138941795,-0.004759057013082744,-0.43338275689656636,-0.0011098527675604058,0.024910571899272312,-9.69430770588215e-05,655.0142119651294,661.8098566690768,654.4248850282863,661.8573641297977,0.0,0.0,0.0
16.119999999999997,9.592161875477908,-5.7748573236659,1.9874810086380204,0.5263611632681255,15.132761192991072,112.77312201009502,9.448710013984346,-5.278448896253587,1.9999999999999991,112.53934297744188,1.0215722874534756,0.0074552014745776244,0.13394595764125866,-0.005843417408278421,-0.09892460964706774,-0.005068270658686788,-0.30827302747689544,-0.0016351785660082556,0.032679062427235124,-0.0002836604011316364,656.6238783710755,665.4523978388183,655.3648756480356,665.13509562777,0.0,0.0,0.0
16.171999999999997,9.57009031596595,-5.722742404502466,1.9799331969900538,0.4888928019240692,14.884605622113222,112.75459497118153,9.435715719713803,-5.2475650636692714,1.9999999999999991,112.50689139491377,1.1338461224047038,0.0031572806575251786,0.14698801068523232,-0.014506466136356033,-0.07223792767126609,-0.005526641090161753,-0.19420075905736334,-0.0008862725280269811,0.033332831476795714,-0.00039883141496768054,658.820629386542,668.0149549192571,657.459779222222,667.1725163676286,0.0,0.0,0.0
16.224,9.546007066038774,-5.665238113642627,1.9719065002321399,0.42639287824279093,14.717510351656275,112.73557055944423,9.421340602338994,-5.213509248843044,1.9999999999999991,112.47232960720132,1.2419505312342654,-0.0006775267084202399,0.16405832902343537,-0.022364976260880586,-0.045717811504509896,-0.006022444413347896,-0.10390288462014952,0.0006549672819189112,0.030487671508544215,-0.0005331472693062712,661.0017696386633,669.8003029214584,659.7124608473509,668.159504944973,0.0,0.0,0.0
16.276,9.519940448604851,-5.602488019470531,1.9635970068308202,0.3447314872697335,14.619813490529836,112.7155571968622,9.405506796320553,-5.175858976572852,1.9999999999999991,112.4322950905929,1.3466223589142503,-0.003849575008496001,0.18484291734743147,-0.02755505571418494,-0.025525206195874804,-0.006638718755644747,-0.040544683999024445,0.0023619052146383445,-0.020352602677184906,-0.0007148431315067592,669.4816266801954,664.4106034653444,668.1918744675899,661.7704357868492,0.0,0.0,0.0
16.328,9.49190183755178,-5.534618132875212,1.9551577180809032,0.25273404897376495,14.469644528637877,112.69327001251096,9.387879355899125,-5.133632608315157,1.9999999999999991,112.39265495563647,1.4486247848250813,-0.006205150844548832,0.20643487860256618,-0.029550941371401056,-0.08883592616317813,-0.007369123353511834,0.019482956177937716,0.003943565137080415,-0.13333413910862207,-0.0008013444010640646,686.1587341513601,649.7423623675254,685.1036341742467,646.338062283223,0.0,0.0,0.0
16.38,9.461913321830934,-5.4617916703454314,1.9467229323169775,0.1593719104777247,13.861923888937993,112.6671343889937,9.36827479996328,-5.086273145643193,1.9999999999999991,112.34638884083984,1.5477650005266814,-0.007654660777880606,0.21800379825888036,-0.028564835199388506,-0.2968620967322756,-0.008191811596419022,0.17802097829385888,0.005307659854945857,-0.16759946434914713,-0.0009104981340777359,693.3841202301518,647.8908550559453,692.4222372677798,643.76889919758,0.0,0.0,0.0
16.432,9.430069733109633,-5.3843453953030735,1.9385335449466117,0.07344323841523803,12.508003351015715,112.63816841051974,9.346794277613764,-5.033978385402423,1.9999999999999991,112.30024887592018,1.6400749727272124,-0.008176190968894001,0.21070531713217244,-0.024979734113245205,-0.5621072245544351,-0.008955628432145316,0.5140361237893694,0.006465363779670106,-0.14011087716969833,-0.000980642622959725,695.0625610526289,657.9236334141863,694.2318237368347,653.3357739290686,0.0,0.0,0.0
16.483999999999998,9.396586213627423,-5.302894242025758,1.931069633973927,0.0025804367341549766,10.403351793660576,112.60799220555607,9.323329365780143,-4.976460517767854,1.9999999999999991,112.24622320067427,1.7183637978730313,-0.007811616698914119,0.18480499130909916,-0.019386463031210693,-0.7953719498652013,-0.009900474411784177,1.0095717900257462,0.007267539922372338,-0.07651684966712824,-0.0011207580726749133,694.7028843550268,675.7037267707167,693.7199242668025,670.6309100950325,0.0,0.0,0.0
16.535999999999998,9.361809743877131,-5.218352907105022,1.9250686894239042,-0.04789801390267156,7.748482629214202,112.57770992076269,9.298068375103853,-4.914202545161293,1.9999999999999991,112.19252953782268,1.7750363177822692,-0.006699154552947323,0.1482281419806599,-0.012460839475123303,-0.9419399720470046,-0.010850945110034937,1.5633622115812311,0.007766735738675158,0.001313490362304881,-0.00124998154271944,693.5555042342351,696.0123915161363,692.3653304732667,690.610917627061,0.0,0.0,0.0
16.587999999999997,9.326203426756134,-5.131893726463725,1.9214009831865013,-0.07506288229322015,4.849935225757912,112.54645733530306,9.27120159456952,-4.847710493161223,1.9999999999999991,112.13039767906223,1.8049366094434944,-0.005043458972074666,0.11254262831312607,-0.004935499353334394,-0.9785433153522343,-0.012030691549714052,2.0341660444416663,0.007805034774369308,0.07706533723621634,-0.0014479242237623031,691.5744968228087,714.2724350404478,689.8670628688168,708.4894273499187,0.0,0.0,0.0
16.639999999999997,9.290305517731777,-5.044844184226239,1.9208600849289994,-0.07873118981730544,2.038863267548925,112.51202113304302,9.24259742649289,-4.776694618619886,1.9999999999999991,112.06977459907144,1.8069377410875624,-0.0030762283457293487,0.08844882115391445,0.0023332653651372604,-0.9058667054950045,-0.013326944469455967,2.2916474734956713,0.007431486692060282,0.14052614318358547,-0.001508763430068962,687.4675184657913,726.8020084245211,685.4852344539757,721.0626534040977,0.0,0.0,0.0
16.692,9.254667107218173,-4.958529718495862,1.9239457109355071,0.0570146720955216,-0.3820862718511768,112.47317227835282,9.212290898633912,-4.701284037659931,1.9999999999999991,112.00125891766248,1.783834431784872,-0.0010742273468302037,0.08243222925258946,0.10660822326501576,-0.7377779967289053,-0.013450939923866242,2.2561209000742903,0.0667568627099966,0.18716005538584723,-0.0020601802579254254,672.5747943923554,740.1522328268143,685.5105812115313,717.7703841333188,0.0,0.0,0.0
16.744,9.219842677164646,-4.874063213081606,1.9307148109107604,0.6375368162755107,-2.1739649607804346,112.42244084151258,9.180851893901652,-4.622940193503602,1.9999999999999991,111.86526074187405,1.7411375859683678,-0.001184835347620291,0.09530537818182859,0.23571971148070725,-0.5029225969746227,-0.014257102330694039,1.9176137208097421,-0.05976419347671675,0.20028549263627288,-0.0034904582647710142,683.1971480632252,720.8272878037798,656.9076756327565,727.5314324699832,0.0,0.0,0.0
16.796,9.186422169640757,-4.792145441714306,1.9407263320641943,1.1970327976441741,-3.2102451924882693,112.35650718142065,9.148431120109155,-4.54205477725707,1.9999999999999991,111.80197164250467,1.6855681876570086,-0.006557103821057571,0.12184423755783971,0.10792362412232312,-0.242532400021797,-0.017837151236355774,1.341217697659276,-0.09058972141877727,0.19603066765117136,-0.0021449049366247383,674.1641714979922,702.9518799311832,642.3362360307447,721.3600118517085,0.0,0.0,0.0
16.848,9.154788990790369,-4.713073125303392,1.9531110846818096,1.1375982272554597,-3.4747620582225447,112.29280417120579,9.115638694589196,-4.4601039455274885,1.9999999999999991,111.73858084773849,1.6238256258288928,-0.015614856851287268,0.1535403353080329,-0.09327183043715849,0.012262257086619857,-0.019917819212269858,0.6379149057557465,-0.01997532100866324,0.173464280251173,-0.0013848390363082404,650.8321852617926,693.7519659936736,641.1002211420192,695.5138512713938,0.0,0.0,0.0
16.9,9.124894222686939,-4.636850811670879,1.9667255933569405,0.7131923864111492,-3.027829228005461,112.23846799608233,9.082715243975503,-4.377531528466499,1.9999999999999991,111.68515478873125,1.5621225162664283,-0.02351794764240201,0.18194284638508657,-0.16076312494696438,0.23730526637381333,-0.020402733262416865,-0.07306557953560877,0.015874155782438976,0.13776690407602193,-0.0011863503947804896,634.1253562025342,678.1455681413471,635.4103829844324,670.5042654232839,0.0,0.0,0.0
16.951999999999998,9.09639884452124,-4.563226537651814,1.980339497188193,0.25796203447889937,-1.994945002043834,112.18562736996462,9.050302188657465,-4.29577712451386,1.9999999999999991,111.63117331778496,1.506095842609917,-0.027650094770541582,0.20122552620883014,-0.14213730447332085,0.4127768994154043,-0.02017674444996568,-0.6953756198482282,0.023247377562711946,0.09341328650643793,-0.0012846323903120977,625.0347036055097,659.1895179197325,628.2616321350109,648.9174642386682,0.0,0.0,0.0
17.003999999999998,9.068876688340877,-4.491736249873439,1.9928126404528457,-0.08977492960401834,-0.5482236395909692,112.12700157391903,9.018608386726022,-4.215205345350505,1.9999999999999991,111.58299208032983,1.460539961470935,-0.027848931409363047,0.2088413139566307,-0.09960851605483334,0.5258567723008765,-0.020029624728897244,-1.167617672491716,0.020473791774475256,0.04664289735314736,-0.0011195544625107502,620.995781205011,640.9918112518782,623.8915962697009,631.7276831965046,0.0,0.0,0.0
17.055999999999997,9.041916759448151,-4.421783321569891,2.003222010960642,-0.31446083537169606,1.115892323149428,112.06149806788098,8.98777898906546,-4.136131448864104,1.9999999999999991,111.53065165544879,1.428981512932451,-0.025044792355431493,0.2048105274684488,-0.059895043088649735,0.5718657399277516,-0.0195632135256845,-1.4604317017301693,0.016694112519700648,0.002759820863754231,-0.0010132816014071194,621.2078629502817,627.0674281569095,623.2748883389173,619.057774410289,0.0,0.0,0.0
17.107999999999997,9.015156280966684,-4.352720241867209,2.010939386445792,-0.43680683190943415,2.802605722295644,111.99217365714675,8.957830369177591,-4.058641287573517,1.9999999999999991,111.48081364688368,1.413239260586297,-0.0203445036988206,0.1912703256975177,-0.027987045691423594,0.554428610558803,-0.01927337865215962,-1.5745733797851813,0.013691122592938941,-0.034215445997477945,-0.0007152772353436511,624.4389802602813,618.2291169384597,626.463710171054,611.9188829367026,0.0,0.0,0.0
17.16,8.988288847725958,-4.283911892012076,2.0156552973302357,-0.4781063289487418,4.338175607198757,111.92331046104555,8.9287702976951,-3.9828845033578375,1.9999999999999991,111.42397560542155,1.413240081061574,-0.014695608710324251,0.17114496738374652,-0.0026986948433895485,0.4828810203152186,-0.018595703980461682,-1.528665511320835,0.011170618432663556,-0.06161833118732965,-0.0007074696514044617,630.4980453479718,615.2725388178786,631.7763853028382,609.7327160668265,0.0,0.0,0.0
17.212,8.96106841687808,-4.21478116208176,2.0173576808675704,-0.4557865393145698,5.585233164179414,111.85780589488951,8.900419376658041,-3.9085594224187883,1.9999999999999991,111.36807176359976,1.42714121191051,-0.00885257607383469,0.14733282349948673,0.016784674352602377,0.3708051314612015,-0.018377930080176304,-1.3505661431269442,0.008963856000414609,-0.07736566727476504,-0.0005840617365902357,637.6842204220461,617.1897916608854,638.6518822163628,612.7134596355205,0.0,0.0,0.0
17.264,8.933314028750985,-4.144844131668617,2.0162908147314624,-0.3857776831619083,6.450915192387458,111.79699364380267,8.872697013238463,-3.835631727367543,1.9999999999999991,111.30313197772895,1.4517271522971404,-0.0033913882668166204,0.12217220373517024,0.030917457932377195,0.2343553468167948,-0.01814608171147013,-1.0708373514331788,0.006803565655158213,-0.08134403416915693,-0.0007440055261971321,645.7111791731721,623.6320785496273,645.5858097868282,619.3860094276246,0.0,0.0,0.0
17.316,8.90491476659165,-4.073739118342923,2.0128998148400523,-0.28335208876419915,6.893145194800154,111.7398523099836,8.845317523370687,-3.763511667698619,1.9999999999999991,111.2387994819061,1.482955632978955,0.0012893401012385015,0.09747401512578635,0.03976420686115713,0.09054322642568076,-0.018361018827703537,-0.7213047986391312,0.004759661252364695,-0.07395204388093105,-0.0008060242763446163,653.227321522386,633.0013949893006,652.3410492142085,629.2492133019323,0.0,0.0,0.0
17.368,8.875832407303182,-4.001247734676713,2.0077768359591395,-0.1636823529971003,6.919211575687547,111.68418284894958,8.818033135754177,-3.6916743367360514,1.9999999999999991,111.16416381717977,1.5165543695907506,0.004954518981216643,0.0747420268501662,0.04355970147867738,-0.044283168236458385,-0.01890575641309511,-0.33550715824930694,0.0030805485304209214,-0.05712711719356786,-0.0009881197181476195,659.9819553156839,644.4032775558752,658.1201066035736,640.6910402341077,0.0,0.0,0.0
17.419999999999998,8.846099586356143,-3.927305180895982,2.001601699254929,-0.024059940070359012,6.582178245597039,111.62777913758833,8.79072091158125,-3.619877906454906,1.9999999999999991,111.09075531303901,1.548577240048532,0.007524840583051426,0.05531582349614979,0.06707496407551594,-0.155496321908494,-0.01922971200749077,0.05179289219087424,0.0994875020542549,-0.03060533176976797,-0.0012096770483239322,651.1348953769668,670.7273551147142,675.9881425112613,638.7857700136963,0.0,0.0,0.0
17.471999999999998,8.815831259353828,-3.8519888479880304,1.995063569452483,0.44665652857151505,5.975155552951508,111.57016440829999,8.763463552451208,-3.5483706218043314,1.9999999999999991,111.00660825493146,1.5758793273645109,0.008147365217185187,0.04045042574565927,0.20510079686718216,-0.23231226287024237,-0.01883008997481659,0.40632704302682826,-0.07955997083136152,-0.012201053773264359,-0.001883537318527416,682.1582264920493,656.3834627290595,654.6303204691162,673.6962757109274,0.0,0.0,0.0
17.523999999999997,8.785307857028814,-3.7754552229569622,1.9888091660434524,0.8616454688672794,5.191271840305707,111.50016318391043,8.735938301641394,-3.476301253842766,1.9999999999999991,110.92556447080447,1.5963921772369016,0.004239446801702387,0.031208406725785363,0.0795524484229405,-0.2800993873314036,-0.021457010033986434,0.6970332208468482,-0.05246854275294594,0.012292124278236574,-0.001156549515284769,679.9217083728357,668.7210738165944,662.0711151557615,680.211054611236,0.0,0.0,0.0
17.576,8.75483181616032,-3.6979577528057717,1.9833907980869916,0.8482757058115568,4.3251061685186825,111.4200278712777,8.708203130042856,-3.4037509673660624,1.9999999999999991,110.8365126816787,1.609021228490262,-0.0017831854618438787,0.02801682901658114,-0.04597372901021113,-0.2939685079447717,-0.023089254261621322,0.9020600928148808,-0.009201477879379524,0.03423337640520689,-0.0007423566406687767,674.3298535930566,681.2725758593739,669.7367125738116,681.8196506142973,0.0,0.0,0.0
17.628,8.724554651810593,-3.6198681595779534,1.9792186488052699,0.6600787751908317,3.476429022071057,111.34006510245578,8.680082117413766,-3.3301106708366914,1.9999999999999991,110.75465393537303,1.6136282724146873,-0.006676684393129019,0.030775433268665765,-0.036237285618296165,-0.27456966991598186,-0.022857740092982554,1.00923682013459,0.10043675897976798,0.055601268373744246,-0.0008549322261636578,657.994378422825,701.1592298123883,683.8082258956274,671.3689763471285,0.0,0.0,0.0
17.68,8.69455908735703,-3.5415872543940528,1.9765326508014576,0.8132554862890579,2.738968146176549,111.26442076442176,8.651559605834452,-3.2551421445356654,1.9999999999999991,110.6663478437685,1.610955744788815,-0.010716929335709571,0.03922847293275106,0.07642921149538746,-0.22762649391630588,-0.0227168236096694,1.0133358315496612,-0.06431439408405594,0.06213877052001505,-0.0011533208210635503,680.4842761911904,679.8829696497168,659.2885904091504,694.41032546918,0.0,0.0,0.0
17.732,8.665017111960509,-3.4634288618712983,1.9753945070377559,0.8506345885015596,2.165748030828671,111.18504602193983,8.622882335487006,-3.179335391351995,1.9999999999999991,110.58505731220271,1.6024018601532515,-0.016074380061381077,0.05190386520810747,-0.03590523648243049,-0.16752492239083236,-0.024491103828367253,0.9267319124046028,-0.028972345612862663,0.06811981869697156,-0.00054660725949377,671.9030702981615,682.768280409713,662.2404030018282,689.2513080910039,0.0,0.0,0.0
17.784,8.636035524360981,-3.3856446827330555,1.9757033273480187,0.586190764971254,1.789065934759771,111.10551958927584,8.594082403178664,-3.102617628440924,1.9999999999999991,110.49831001934416,1.5896437814001778,-0.02070381297033431,0.06680816741131551,-0.11168780504298456,-0.09847194993884864,-0.025331385578810966,0.7721018297624055,0.005918793720570539,0.06847202809783885,-0.00038238793962630654,663.2293527003035,683.9903999075216,663.852858305414,681.3366109109296,0.0,0.0,0.0
17.836,8.607559185574939,-3.3084424348002255,1.9772245864236837,0.23447328928779726,1.6217292052351706,111.02879722600214,8.565415692269227,-3.025570366856113,1.9999999999999991,110.419661324558,1.574496164493938,-0.022638385368733333,0.08211532610871054,-0.11355501945005211,-0.028215214410431698,-0.025300980787284887,0.5747583931756899,0.018976042029053175,0.06312012261856241,-0.00042379247120858917,657.7745805027789,680.8334380990082,662.0066323631653,674.4258374369283,0.0,0.0,0.0
17.887999999999998,8.579455889179595,-3.231947424142901,1.979632313174687,-0.05254187865086141,1.653112082889968,110.95316047129457,8.536848682782184,-2.948003552748148,1.9999999999999991,110.3347543548913,1.5587624970224527,-0.021610651127020302,0.09621576874934977,-0.08152090703940915,0.03536602670116011,-0.025329092752897242,0.3608280594912522,0.019113258103600102,0.054273736809773106,-0.0005929252748560947,654.4908949275275,675.241143932435,658.3137503963206,668.2789389577058,0.0,0.0,0.0
17.939999999999998,8.551589472174275,-3.156183970366591,1.9825553828627547,-0.23326053714182013,1.8528175357272827,110.87671629860358,8.508496262213761,-2.8702278514194854,1.9999999999999991,110.24824845494655,1.5440763959754853,-0.018331138134435782,0.10774193567666616,-0.04571712433865405,0.08666791098108437,-0.02548929977069096,0.15552603771993168,0.015862096561145025,0.04329234808302966,-0.0007305896868178572,652.1724603090447,669.0067191914246,654.6922397539743,662.5218790308694,0.0,0.0,0.0
17.991999999999997,8.523846316932895,-3.0810854855150627,1.985623694207682,-0.3178776326633891,2.1785482147659487,110.7980850639407,8.480340989831133,-2.7922571710412565,1.9999999999999991,110.16541649532783,1.5317717856461555,-0.013701661201159765,0.11589713616696673,-0.016112330061528134,0.12275191805218785,-0.025769775710540642,-0.02153955432021326,0.012532335295401334,0.031703193114379406,-0.0007062648099507149,650.3823518281037,663.0452588741015,652.0177962153963,657.5219581225084,0.0,0.0,0.0
18.044,8.496138067821041,-3.006518260467212,1.9885075709012172,-0.32786074615009836,2.582444099886991,110.71788111077402,8.452691052833728,-2.7150955951214435,1.9999999999999991,109.97934410007758,1.5228058361362868,-0.008534126002656284,0.12039228082396809,0.0062940281917867715,0.1421249004637785,-0.0261091333816472,-0.15700710314160116,0.010953944442668824,0.019326024856920955,-0.0027178879343464383,652.2717367317484,660.9411287741632,647.7969873461919,650.2220372183237,0.0,0.0,0.0
18.096,8.468398933701199,-2.9323078127828897,1.9909430905914431,-0.2831397863486875,3.012767343009537,110.63573297866407,8.425304305569602,-2.6382015231680147,1.9999999999999991,109.88224626520147,1.5177115313551293,-0.0034230995269401835,0.12131961826377728,0.02237831395692051,0.1439710426048533,-0.02679953395500253,-0.24333589281022783,0.008750521481098707,0.00874232485960453,-0.0027636028717583413,652.3590599086679,657.3806795873436,647.1161318368274,647.113750659171,0.0,0.0,0.0
18.148,8.44058386194257,-2.8582640796199477,1.9927485045944593,-0.20096887623595736,3.4203141102423364,110.55179491266239,8.398277346904077,-2.5619956362854626,1.9999999999999991,109.77084528714369,1.5165610777139278,0.0011943835126252051,0.11907662648093434,0.033130879288541325,0.13021883741355006,-0.02758788579659909,-0.2785885502881782,0.006663020729699466,0.00031888683034866916,-0.0030271872499065553,653.5779951437111,655.5831564996994,646.9951091226854,645.1491176510868,0.0,0.0,0.0
18.2,8.41266773871145,-2.7842033994231334,1.993831285755724,-0.09594224037016659,3.7643132442711966,110.46520756905971,8.371399428192891,-2.485999942940089,1.9999999999999991,109.66215735548282,1.5189923871827955,0.005047364605897617,0.11434349432974238,0.0391377423564203,0.10428731211145637,-0.02871027836229853,-0.2664399348064206,0.005039631599366982,-0.004505942907521543,-0.00306211458207429,654.9456002265192,655.0987690361233,647.8071946714539,645.0311516777155,0.0,0.0,0.0
18.252,8.3846447335623,-2.7099659406069625,1.994185484789812,0.018934498002340292,4.016765360567218,110.37599124376233,8.344760738064652,-2.4105527584907174,1.9999999999999991,109.53804038747109,1.5242934846948564,0.007964659065575266,0.10794581182965117,0.04111056846252299,0.0707989469470702,-0.029986448369218516,-0.2147518555570127,0.003548073060749949,-0.006495429965688349,-0.003300595851093423,657.027944906204,656.1840930400664,648.8093005792649,645.8926543700002,0.0,0.0,0.0
18.304,8.356526875959975,-2.63542803662779,1.9938804541278536,0.13275159220817742,4.162885116363493,110.28273901022068,8.318183879711405,-2.335190482276011,1.9999999999999991,109.41768515678383,1.5315286045078589,0.009924082236549666,0.10073895590179335,0.03956147611483994,0.03417265219747247,-0.03150493769890671,-0.13408433186991775,0.0026757467322407573,-0.005118159041996117,-0.003293903774791985,658.8038728367592,658.1065545011973,650.3743658336804,648.1176118313192,0.0,0.0,0.0
18.355999999999998,8.32834175577209,-2.560509524236422,1.9930433856343615,0.23691494364005436,4.201625082196883,110.18491409062021,8.291754300636159,-2.260155208464716,1.9999999999999991,109.28117623622421,1.5396704085445854,0.010973795193441709,0.0935339311175997,0.035627227113985076,-0.0010891327607411435,-0.03341396142905674,-0.03641477253763603,0.001955864709744135,-0.0016742665312307484,-0.003380931582381589,660.7247586935289,660.8048750658816,651.8685927945,650.8208618518753,0.0,0.0,0.0
18.407999999999998,8.300129286141571,-2.4851759704966354,1.991838570818238,0.32572404478154576,4.143115348903724,110.0814919868002,8.265337273849873,-2.185025107605644,1.9999999999999991,109.14970083852039,1.5477322920566396,0.011254846210426368,0.08702599447218397,0.029936427202846515,-0.03159473635741879,-0.035059064459512845,0.06622123407177505,0.001848420007491039,0.0037852712770358506,-0.0033469491929388993,662.1703846444042,663.7678744077452,653.397970850225,653.954992093466,0.0,0.0,0.0
18.459999999999997,8.271937858017683,-2.4094361871319845,1.9904459347852206,0.39605298353710233,4.006683296976171,109.97243772350394,8.2390164449868,-2.1099736667574,1.9999999999999991,109.00150241352358,1.5548717507115135,0.010921587561879099,0.08175369515275156,0.023651055087489305,-0.05470570456481967,-0.03716322041936063,0.16281538732470513,0.0017605496820211255,0.009868817945902292,-0.003372071733367354,663.4380794683633,666.7252291235473,654.5872709192818,656.9117651596305,0.0,0.0,0.0
18.512,8.243820058171977,-2.333335613456031,1.9890401576284322,0.44707413800998846,3.816686577685046,109.85735222198612,8.212706456567005,-2.034668493784994,1.9999999999999991,108.85952311427302,1.5604637912998736,0.010171295655345188,0.0780770794344092,0.017150059620572606,-0.06911938213769432,-0.03887993919222912,0.24426671314088955,0.0021859216729078566,0.01632684695418537,-0.0032876862382650055,664.0731627424384,669.2933989532496,655.5882871826095,659.6307690072705,0.0,0.0,0.0
18.564,8.215828372949307,-2.2569466401317255,1.9877744027280866,0.4799268238967167,3.600183718315451,109.73657249545441,8.18648707983252,-1.959241847308752,1.9999999999999991,108.70014235119375,1.5641346600061496,0.009173136135226339,0.07617163969088289,0.011374554237590975,-0.07445483910455493,-0.041014971188734275,0.30396116589276023,0.002451078654522941,0.022021618430341887,-0.0032894983698029475,664.4696957355814,671.3578013419718,656.0608837405537,661.6449770632893,0.0,0.0,0.0
18.616,8.18801123576482,-2.180357128146047,1.9867666978595677,0.49692342101618986,3.382798811370512,109.61013132868084,8.160322831561952,-1.8834879821514419,1.9999999999999991,108.54790943464282,1.5657657867588504,0.008096921464671756,0.07599601137333803,0.006328833990662514,-0.07148273073153127,-0.04274865051456751,0.33852455305366713,0.0031087397582872885,0.026802114528697518,-0.003175527267032559,664.2297508585713,672.6419092502199,656.3238457031283,663.0756361677717,0.0,0.0,0.0
18.668,8.160409808425468,-2.1036587064395826,1.9860922639649468,0.5014921938115817,3.1870451595023246,109.47882349014017,8.13443248554059,-1.807964303998287,1.9999999999999991,108.37727905587113,1.565464969250916,0.007056237179945757,0.07734482627531225,0.002668815724130854,-0.061700063461752296,-0.044579716210751553,0.347551647711838,0.0036163035765605935,0.029266101069406088,-0.0032999166832767424,664.1145619678731,673.3582852619994,656.0061554231875,663.3158875697541,0.0,0.0,0.0
18.72,8.133055827747276,-2.0269361373662425,1.9857812463953706,0.49733751030886236,3.028052167227003,109.34192657258211,8.108658582643631,-1.7320981818690382,1.9999999999999991,108.21429231578482,1.5635198546070597,0.006171715715958231,0.07982502301499769,0.00016225639401039744,-0.04800475036525142,-0.046568574713445894,0.3339130776500244,0.003961289566241369,0.030756346875189938,-0.0030993175292455878,663.2271872096919,672.995948675539,655.766177962882,663.4031724841471,0.0,0.0,0.0
18.772,8.105970886476085,-1.950259627751464,1.9858219365489715,0.4876355201516534,2.9142271972617846,109.19925435913042,8.082954978297334,-1.6556582813466152,1.9999999999999991,108.0314069369467,1.5603218095846645,0.005512445880999849,0.08294912463896545,-0.0013167482090594843,-0.032027733308413124,-0.04883011053819457,0.30274071320154805,0.004260191054457838,0.03169788907141783,-0.003086078886510579,662.3095871427354,672.4385623837395,654.9608743316015,662.7894522864299,0.0,0.0,0.0
18.823999999999998,8.079166660572175,-1.8736802427681518,1.9861685699976634,0.4750420553110844,2.85076005066729,109.05127371540149,8.057423836062215,-1.5788883675152496,1.9999999999999991,107.85627282383479,1.5563130565809686,0.005107700154909295,0.08630720694453371,-0.0018476547961885702,-0.014621837397667708,-0.050601449809019136,0.2594955378800178,0.0048371214998743535,0.031441594550734774,-0.002983912247558227,661.1469763685334,671.3832802612877,654.2365750525876,661.8370862799861,0.0,0.0,0.0
18.875999999999998,8.05264563880939,-1.7972271539002953,1.9867513024674233,0.4630343630789821,2.839276305545691,108.89723515733903,8.032111478243417,-1.501860346246571,1.9999999999999991,107.65904538797473,1.551961877830074,0.004982757267365677,0.08957565704997379,-0.0011366933955326455,0.0025322393759903417,-0.05290542230427896,0.20956477048390687,0.00490250597313191,0.02997137727531845,-0.003014497762523691,660.2788495952909,670.1344271589348,653.2925078191516,660.4669356474093,0.0,0.0,0.0
18.927999999999997,8.026402701614304,-1.7209067161233835,1.987484776206722,0.4537716729277017,2.8757432987685214,108.73755462809304,8.0071061058027,-1.4248058411122935,1.9999999999999991,107.46933691777531,1.5477261688465576,0.005114433547931136,0.09245465608369391,0.0001424617746337742,0.017725094332025036,-0.054828235592697096,0.1586019469766441,0.005221667149097561,0.02732890750683448,-0.002914945793609193,659.3511627129423,668.5674402862808,652.7256972729194,659.0620494039792,0.0,0.0,0.0
18.98,8.00042709130005,-1.6447040640941826,1.988279475609868,0.4491492472956532,2.951521854631308,108.57123346815773,7.982391483308563,-1.347615878481984,1.9999999999999991,107.25456779501238,1.5440082593865578,0.0054898682530362146,0.09472219277691182,0.002039756324769733,0.029317515922889243,-0.05722725558706705,0.11163553671469395,0.005084443923743693,0.024242231349410764,-0.0030166039884900425,658.9305742081084,667.2449597676141,651.9763407443704,657.4771125103209,0.0,0.0,0.0
19.032,7.974704755966266,-1.5685869213494834,1.989049713183766,0.4495020693615152,3.054083400997941,108.39869153517155,7.958065062741738,-1.270577360422614,1.9999999999999991,107.04678765872112,1.5411166136829917,0.006055392338834862,0.09620012093620664,0.003975987576015421,0.03648998333378628,-0.05926313311263672,0.07314652822300494,0.005296789884664717,0.020768341459471887,-0.0029806136075364825,658.5213883210079,665.9207671642026,651.7250012695976,656.1726292890589,0.0,0.0,0.0
19.084,7.949220621666825,-1.4925110263281967,1.9897222904291882,0.4555342932763372,3.169553540709037,108.21778962291087,7.934063533704224,-1.1934276290549195,1.9999999999999991,106.81007206154027,1.5392398086890027,0.006811472517780992,0.09682268820853854,0.006182651326557514,0.03883367427126295,-0.06214685057765803,0.0461199234381795,0.005065787686774913,0.017816406416957715,-0.0030559307465709245,658.5154907536529,665.0157668580067,651.4411061004025,655.1103205263445,0.0,0.0,0.0
19.136,7.923960933918595,-1.4164260581348176,1.9902430391545995,0.46701179731253595,3.284257288345203,108.02935808883784,7.910503076926149,-1.1165311288736672,1.9999999999999991,106.57955385370853,1.538437711211444,0.0076914373001439286,0.0966301617584285,0.008316858474427468,0.03686873022787819,-0.06455593623962169,0.03189748788195923,0.005186543594436137,0.015056381296118018,-0.0030230053415341005,658.5677645688771,664.3210808618962,651.6211580783942,654.4623946223066,0.0,0.0,0.0
19.188,7.8989163109007015,-1.340281102934017,1.9905784813549794,0.6096594582436142,3.3897196076112195,107.83303031509517,7.887282451087325,-1.0394763532576263,1.9999999999999991,106.3151507626606,1.5386528184743433,0.00870967439053666,0.09573409002079511,0.12605818206854721,0.03403984269089526,-0.06641221014371095,0.030464073964990956,0.1025752816530836,0.017874453438602705,-0.0037136301814846002,645.0971452530185,679.2918322503076,664.1842468211237,639.7613871803832,0.0,0.0,0.0
19.24,7.8741524930967985,-1.264005454467587,1.9907148709053686,1.2360188304149693,3.486876357530304,107.62598136314182,7.864542845638098,-0.9627195362436163,1.9999999999999991,105.92240228865464,1.5397903697806892,0.007639746665601304,0.09454715950151563,0.20671156970493168,0.028135479972299943,-0.07267633120052416,0.038224845734780244,-0.10126423674765303,0.009473457948508962,-0.005293420719465053,677.7056642743445,651.7462577477655,633.9241141908242,665.9544172871819,0.0,0.0,0.0
19.291999999999998,7.849892466082584,-1.187484242354096,1.9906580703666794,1.4970471225189395,3.5540657746928153,107.37783281036353,7.842344774314699,-0.8864051866806281,1.9999999999999991,105.10746846454336,1.5417362921920517,0.0023244769433149745,0.09312403080405925,0.015951610347312323,0.015101703370441866,-0.09083236189615909,0.054467278423313226,-0.03500869125686154,0.00972523119584677,-0.01057718721169968,676.0137168307612,668.9457311939457,636.5250024979204,649.6024001614275,0.0,0.0,0.0
19.343999999999998,7.826243916625896,-1.110654476404626,1.9904342414015517,1.4814623289339812,3.5848911037941638,107.07181906089609,7.820539566021118,-0.809834423136627,1.9999999999999991,103.52517475110939,1.5441826187393166,-0.0025944504186440937,0.09132941323226272,0.05684059906004844,0.003411638986111845,-0.10791732241510354,0.07969105727469561,0.055156221801267336,0.011766103186573095,-0.030912557783692864,691.0732239110597,709.0443321751694,620.7340262202459,607.4510510069671,0.0,0.0,0.0
19.395999999999997,7.803222349325226,-1.0335005703704703,1.9900798126454602,1.79845950539071,3.588992833828324,106.70625383959295,7.799113860232064,-0.7327006770374166,1.9999999999999991,102.76165645778212,1.5468207597551968,-0.006557431925397698,0.08965540376585765,0.0913354583466244,-0.006194939887052544,-0.1285453786038995,0.10791869764419015,-0.056995632505090675,0.013435382506916707,-0.031838380883634915,707.7728961911769,696.1067117312348,602.5937279803226,624.179520160235,0.0,0.0,0.0
19.448,7.780935650073665,-0.9559927107106168,1.9896457780935315,1.7705107348577078,3.567202474517197,106.2774856952724,7.778273933031003,-0.6555652020035466,1.9999999999999991,101.9351828518671,1.5494217095779352,-0.011142352155750001,0.0883453916348336,-0.05619351395222649,-0.01523155282271393,-0.1493304453976598,0.13514237709569554,0.002604736773432311,0.015646175930803457,-0.032714573669569744,701.216950156186,706.0929444404245,610.8088986047242,614.8096221819594,0.0,0.0,0.0
19.5,7.759381169361462,-0.8781481512245835,1.9891866187876757,1.4566917336408596,3.525002105007057,105.78499224913347,7.757995869307231,-0.5780005398954083,1.9999999999999991,101.17261013608312,1.5517518282119576,-0.012914053117286297,0.0872646265229481,-0.1063567095009725,-0.020715069975753418,-0.1691365136422079,0.1609454428721484,0.03893570012831913,0.017969937644553603,-0.031319256332528085,694.6633806917478,709.896310316007,618.6277583168329,612.2234319937605,0.0,0.0,0.0
19.552,7.738438384976204,-0.8000284145788041,1.9887511514968743,1.1526514390545886,3.4708636486567848,105.23976589004285,7.738444296890911,-0.5004283731388087,1.9999999999999991,100.43105586040897,1.5536174827598548,-0.010313374368504609,0.08659512970063664,-0.07374427887754502,-0.022976010957504813,-0.186773280908921,0.18198543011455803,0.04449067611811927,0.019480651879152298,-0.029158872878192153,691.2442981999669,708.4284148291082,622.8548933737063,615.2600030806817,0.0,0.0,0.0
19.604,7.717988215957749,-0.7216986426178947,1.9883790617338397,0.9966953651270651,3.4127379818691974,104.64891887679333,7.719596668299239,-0.4224399610903883,1.9999999999999991,99.76094534072026,1.5549024044126365,-0.004063090770227202,0.08642436377584287,-0.018259519475135065,-0.02324460926888775,-0.2005312434920145,0.19613570124145885,0.040070026340021915,-0.026576591458670917,-0.025970395433692325,694.1510050134012,697.7957591115002,634.0105792025375,613.9311130782627,0.0,0.0,0.0
19.656,7.697975908456374,-0.6432090142260736,1.9880986839951917,0.9976447395241504,3.2885788422154816,104.0233360686577,7.701624219996502,-0.34468758443152814,1.9999999999999991,98.97947042853373,1.5555233184867945,0.004056922465694469,0.08519847685690486,0.031470342740305905,-0.06596256405625792,-0.2114672545139263,0.21771340977038456,0.03390465590770039,-0.0681080314396794,-0.02537315881890304,700.2123977808674,690.9685306472776,640.5360917070392,609.8618178450291,0.0,0.0,0.0
19.708,7.678424736267551,-0.564622836737807,1.987939790502354,1.1254113645904393,2.9407507885806217,103.35849343341248,7.684498591336606,-0.26678912818112943,1.9999999999999991,98.19716985757059,1.5545666617469713,0.01265987632463816,0.07890603620092486,0.06887880702280204,-0.16206758875905805,-0.22522398935054092,0.28507000199414934,0.025935996620315066,-0.072892217967223,-0.022978090309405633,700.1166247394129,687.3925675232902,644.912486450808,615.4302358940236,0.0,0.0,0.0
19.759999999999998,7.659438171194086,-0.4860859772218788,1.9879809375407846,1.3440720767791743,2.2640816777263706,102.6510616862203,7.668208250071311,-0.18840946243717685,1.9999999999999991,97.27557689643702,1.5496583035175036,0.02061852530702361,0.06572623841028194,0.09205555971289592,-0.2766400418206162,-0.23817834139383637,0.41353076505447217,0.01939094234439067,-0.055995513909844544,-0.022859838090933882,701.1149829092478,691.2304380127601,644.4241767004154,622.043796607176,0.0,0.0,0.0
19.811999999999998,7.641191219880455,-0.4078783408050769,1.9883884712026665,1.613978265815854,1.2777550890060758,101.89740909632036,7.652815320117069,-0.10953144261009537,1.9999999999999991,96.35201550532389,1.5376997554077183,0.027124693983220028,0.047838816100488624,0.10045076160806596,-0.37087373785753663,-0.2497792432844438,0.5764104328598452,0.014994377073903463,-0.01997993279653626,-0.022320556837038378,699.4404678762926,698.0991930482163,642.849689751907,632.5393060191984,0.0,0.0,0.0
19.863999999999997,7.62390664464146,-0.3304161734870597,1.9893985635384446,1.910741146044173,0.09477010347839107,101.09614233525231,7.638471053621896,-0.030545640606765276,1.9999999999999991,95.2712749758912,1.5161218312744418,0.031696103156639156,0.02957321921177771,0.1110438690528934,-0.42049970677498616,-0.2645282104566193,0.7237184299954551,0.10703957516159116,0.010412806018157444,-0.022899427019223494,686.6795408456662,718.114826406707,654.2620040261211,625.8823661833802,0.0,0.0,0.0
19.916,7.607838024839888,-0.2542089079932548,1.99124850462666,2.492058790229525,-1.1524703115474904,100.24582080194286,7.62529286399087,0.048539918149974944,1.9999999999999991,94.2019440643732,1.4837114636465227,0.033503536657312906,0.014523039373473334,0.23899979999578483,-0.4256026447464437,-0.2767641235422865,0.8126264270344672,-0.06381853799376727,0.05244358438808486,-0.023136148741620007,706.4347509399876,703.4012132850906,624.8798837731887,658.9290280626142,0.0,0.0,0.0
19.968,7.593336471195501,-0.17978054333125296,1.9941009869669448,3.0652912330982742,-2.304998897494347,99.34287874219561,7.613506790353349,0.12674341087490248,1.9999999999999991,92.97741555692978,1.4407984884962386,0.029998011321108527,0.005834606685577165,0.12277812768358014,-0.376532732156063,-0.29314415525820037,0.8070602156325275,-0.04535585290015229,0.07429153298292338,-0.023980712511198994,702.3885406646078,710.0908316381464,623.4008331217753,658.4937323398657,0.0,0.0,0.0
20.02,7.5807170075209,-0.10761497892328499,1.9979917033032764,3.220667369993628,-3.2361212981381176,98.39310522152742,7.603342898612577,0.20189238747070787,1.9999999999999991,91.81147145245811,1.389187532422159,0.02344513217885175,0.004456332074556477,-0.012063244544776367,-0.2934880764388207,-0.30984578542277075,0.696532898231646,-0.007456343147414437,0.08656399335405415,-0.02253642151349658,691.7086756081018,712.8843052152157,627.1119545737221,654.6903562139979,0.0,0.0,0.0
20.072,7.5700708301930915,-0.0381147400833295,2.002784455674264,3.126852743902969,-3.8874400113642644,97.40856952846869,7.595076270010569,0.2673948885183604,1.9999999999999991,90.53533255933768,1.3314558646341006,0.016977897824692768,0.007906044837763476,-0.07068385973631622,-0.1985704961931905,-0.3271935318455706,0.509665062864591,0.009463064051106813,0.07373642331020931,-0.02238029084657762,687.167800552639,709.5640834376617,627.6466262015895,646.611154543498,0.0,0.0,0.0
20.124,7.561324907219186,0.028447297340196825,2.008198177507708,2.9758588950469815,-4.2819148301476915,96.3924966446961,7.588643549097854,0.32074939915266404,1.9999999999999991,89.35663852931725,1.2702315251551908,0.011888515037162498,0.012456573626875602,-0.06093200494429022,-0.12183291441362847,-0.3409025781009176,0.29191412235994596,0.07023928382589058,0.04656796430104629,-0.020859291879501553,675.9170727700176,707.6591285474976,637.9779377635525,630.964208677643,0.0,0.0,0.0
20.176,7.554354932388148,0.09193074917738328,2.0138700022163967,3.060075423751357,-4.514016159441558,95.3429086895864,7.5837960844623,0.3623105591026493,1.9999999999999991,88.08205582169893,1.2075417428367499,0.007482355117242617,0.014290550302393953,0.036766534234462814,-0.0855948744253949,-0.355244192881832,0.09225050788881192,0.011666472598847946,0.016676902789616723,-0.020333447758498043,683.2561995136173,691.0106111556116,629.9928352363429,631.4861911376727,0.0,0.0,0.0
20.227999999999998,7.549114708197062,0.15228793612549946,2.019433250891651,3.2627125598659354,-4.7078190876637125,94.25592251703385,7.580233155151885,0.393654023785296,1.9999999999999991,86.9114581251362,1.144421677160034,0.0014110900347750251,0.011001523114854122,0.010569291946650808,-0.0892647947606373,-0.3668230251571444,-0.05403972876528336,-0.0663249210356184,0.0004241587926027898,-0.0178485657819376,689.868167345498,671.6699445979798,621.0722523281465,640.9580871946044,0.0,0.0,0.0
20.279999999999998,7.545598140181419,0.20949069087786285,2.024590157505403,3.1175847748095022,-4.983135121589378,93.15983549977011,7.577667179471314,0.4167061232262145,1.9999999999999991,86.9114581251362,1.0808569263284855,-0.006365384132432389,0.002098237004307803,-0.135078730200939,-0.1545579505286096,-0.3538588377855213,-0.13262042216175937,-0.014638021545075902,-0.37978011651300236,-0.00014449601665544876,709.3095675016739,595.6723113937146,705.0447993275769,599.8340661664498,0.0,0.0,0.0
20.331999999999997,7.543669234998811,0.2634343868995931,2.029142322161301,2.693619215478838,-6.095056814659306,92.08201214789223,7.575850985347177,0.4333166013241575,1.9999999999999991,86.9114581251362,1.0139761496482973,-0.013613268791897707,-0.022080947052753718,-0.19146329453933528,-0.5677643687749908,-0.3318546705758785,-0.04245580229187226,0.010998900170495401,-0.16645487734344513,0.010372036791107542,665.0377883823322,619.5372769261937,695.9371144172267,646.2266191222978,0.0,0.0,0.0
20.384,7.5430940828109705,0.3136377030158009,2.0330989666880743,2.2654935173002992,-8.276845649798636,91.04562418879371,7.574585014542085,0.4450787916682144,1.9999999999999991,86.9114581251362,0.9331294502293369,-0.019115584858342465,-0.05838457493990825,-0.17803134126667355,-0.8264586296157619,-0.2998747814415966,0.1853112501947125,0.012559432403170853,0.044520093408688954,0.020603774157985522,626.3331191991851,643.2372144850274,687.2685217249604,695.9559539384985,0.0,0.0,0.0
20.436,7.543640628999011,0.35913799743963726,2.0367069131722895,1.9455427952144642,-10.714694831431496,90.11311981710786,7.5737147821144974,0.45328090233694285,1.9999999999999991,86.9114581251362,0.8315889925156965,-0.02387203604105686,-0.08424373818135358,-0.14587302798311724,-0.7968352847993847,-0.26366388561884135,0.321673739798947,0.004141583339345327,0.17612628149763787,0.027129814186513498,603.592429041663,657.3442733255785,681.9541139077103,727.8219259866023,0.0,0.0,0.0
20.488,7.545097993549912,0.3988394516879751,2.040232612441714,1.7213040436511229,-12.693263565231518,89.31359854515381,7.573124330031192,0.45892116912275793,1.9999999999999991,86.9114581251362,0.7119024151248781,-0.02910180530492698,-0.08822488791618048,-0.12057335049332814,-0.5684125867917516,-0.22626697456941555,0.24609750663574848,-0.005230372054697063,0.23257805960081504,0.030510120857361243,591.7656954667665,660.049642060478,678.0546928393599,741.0601333800806,0.0,0.0,0.0
20.54,7.547270247258086,0.431899885967563,2.043707638374876,1.5396722136953827,-13.81069041304225,88.65424091262038,7.572728695964747,0.46274944380486616,1.9999999999999991,86.9114581251362,0.5815650057497413,-0.03532423593679144,-0.07389803406300605,-0.10763432705857812,-0.24806949157193983,-0.19007063641834193,-0.007441411775718443,-0.012057153891069462,0.2330807459259555,0.03135982170207881,586.6934502030109,653.6897911371175,674.032855961336,739.2482681661792,0.0,0.0,0.0
20.592,7.549974939070363,0.4579647520307794,2.046868904928581,1.3528643144489683,-13.946698707196903,88.12910308395408,7.572466852377732,0.46531547526572176,1.9999999999999991,86.9114581251362,0.44892265309738255,-0.042315127062031006,-0.05256295141547275,-0.10461960749747264,0.08109983215396305,-0.15649029465598724,-0.31980812409888537,-0.015436836711474444,0.1981340737216201,0.030374907132194595,586.5346169675795,642.4281540335292,670.2705543792309,727.709881857536,0.0,0.0,0.0
20.644,7.553046975424232,0.4772012295017848,2.0492844606969394,1.1337306289311062,-13.175469270097613,87.72197798566924,7.572295703114002,0.4670143435418126,1.9999999999999991,86.9114581251362,0.32159362708040146,-0.04938703190721487,-0.03525688828115993,-0.106976578599061,0.36581215143283075,-0.1265332263913236,-0.5690289483780093,-0.015628787871576268,0.14487504291563585,0.02843097590882138,590.5042136948157,630.309158991642,668.3982681927957,712.111631081975,0.0,0.0,0.0
20.695999999999998,7.556341466595907,0.4901931814911343,2.0505396210826956,0.8764613246853422,-11.685280722972713,87.41084481201682,7.572185270088477,0.4681251684684814,1.9999999999999991,86.9114581251362,0.20613476084365634,-0.05568287430939571,-0.028389231287377126,-0.11017848749621872,0.5771413903947563,-0.10047538860327225,-0.6790067746229816,-0.013487703118188768,0.08618419233003188,0.02558155954541478,598.9884061374115,621.3853579856041,668.7572975684758,696.2120889042217,0.0,0.0,0.0
20.747999999999998,7.559733234136727,0.49779156246925294,2.0503869784105735,0.5906451546971105,-9.714250960570217,87.17281847892832,7.572114985569555,0.4688421860541626,1.9999999999999991,86.9114581251362,0.10771427122357409,-0.06040170844286145,-0.03263285197143421,-0.11080142360218584,0.7056844063344816,-0.07826901998101801,-0.6351799762562347,-0.010016918711731215,0.03032186517113722,0.0225989317579544,610.4471088657305,616.6684601416114,671.9345450859015,683.1271729933387,0.0,0.0,0.0
20.799999999999997,7.5631141662042705,0.5009855599141457,2.048813718244399,0.29412995131372804,-7.506530072744032,86.98883094255477,7.572070919661743,0.46929870951770497,1.9999999999999991,86.9114581251362,0.029627798884633145,-0.06296280665038403,-0.04462111325768429,-0.10680175111677843,0.7539344323405698,-0.05943147490080294,-0.4700541203057175,-0.006148587462538067,-0.017358860522334985,0.019685483162836487,623.4027730808818,616.27316506245,676.9674288487083,673.8471832261945,0.0,0.0,0.0
20.852,7.566390579209286,0.5008112413894992,2.046024694702465,0.007112604071182788,-5.2825309686009945,86.84554867158406,7.572043755094739,0.46958505968130604,1.9999999999999991,86.9114581251362,-0.027027436613228144,-0.06309410957450375,-0.05923914939515599,-0.09760394995435404,0.7328733852751446,-0.04355081304830785,-0.24022153716710237,-0.002580503642811205,-0.053920972814493595,0.016989676743615213,636.145887329437,619.2236985695707,682.5113600470085,668.2204779043991,0.0,0.0,0.0
20.904,7.569482054645874,0.49828547552742886,2.0423675128111887,-0.2519590329099882,-3.220641663970884,86.73533291574506,7.5720273362856,0.4697616701219537,1.9999999999999991,86.9114581251362,-0.06324639845506223,-0.06083836604465427,-0.07184230617277088,-0.08383226682601456,0.6584663053965454,-0.030227269592458462,-0.0022402514762337455,0.0002592734968106386,-0.07826513808910443,0.014514238556630912,647.370059754831,624.3069007652986,687.2017392189598,665.3738629883592,0.0,0.0,0.0
20.956,7.572321870289496,0.4943502385802445,2.038241575651218,-0.46876750131524997,-1.4490748764322279,86.65421020795729,7.5720176470315685,0.46986848088063254,1.9999999999999991,86.9114581251362,-0.0816170548006405,-0.05649155177346704,-0.07937537352661025,-0.0668347066617814,0.5479633222337121,-0.019154428425545704,0.2012326437559817,0.002167087947469521,-0.09042413454354398,0.012243194682299228,656.1906492241247,630.3990869819022,690.0429628689677,664.3391862530513,0.0,0.0,0.0
21.008,7.57485826846777,0.48982327870953346,2.0340176995519266,-0.6344932253589355,-0.04367966782257857,86.60001832097807,7.572012100830803,0.4699315600085488,1.9999999999999991,86.9114581251362,-0.08565472058743936,-0.050507771780647005,-0.0808096649619647,-0.048361704223018706,0.4189067381097088,-0.010175147941119983,0.34829029767862096,0.003170633656585528,-0.09180658686305561,0.010157338848445673,662.3018487326066,636.6459903946306,690.6292516458994,664.2732359844154,0.0,0.0,0.0
21.06,7.5770554503957,0.4853599517763041,2.029989559855712,-0.7461397087660151,0.9686181754304964,86.57057890820462,7.57200905489735,0.46996770201891286,1.9999999999999991,86.9114581251362,-0.07917544003199466,-0.04340353954986321,-0.07670995562633547,-0.030104832065293075,0.28683581184243734,-0.003047710528952461,0.43508596614359596,0.0034413573315786143,-0.0846781099879309,0.008221010150477312,665.8860286393692,642.5422599768609,689.0226686585025,664.5455636362526,0.0,0.0,0.0
21.112,7.578893639040977,0.4814331623956008,2.0263511191879373,-0.8058549748704235,1.6018506755390909,86.56288679277426,7.5720074816119,0.469987578042384,1.9999999999999991,86.9114581251362,-0.06583556653805721,-0.035683858608610564,-0.06867748800632582,-0.013422065532147257,0.16418303668590054,0.0023462288326249296,0.4711005726112826,0.003218744915913805,-0.07177762395265953,0.006450686380422692,667.4029710839034,647.803785833529,685.7252811426779,664.847195113193,0.0,0.0,0.0
21.163999999999998,7.580367911705347,0.4783341274333596,2.023203871314745,-0.8195769331071929,1.9003047126710866,86.572858285465,7.572006749153237,0.4699978662313314,1.9999999999999991,86.9114581251362,-0.048853889896095876,-0.027796984383508767,-0.05853534680510832,0.0008312706163864467,0.05949884309505378,0.006221690994780266,0.4709340615315778,0.0027249499193156617,-0.05580418517699765,0.004855765500791308,667.4574283117258,652.3362035159123,681.3776688292194,665.0335037220251,0.0,0.0,0.0
21.215999999999998,7.581486168084058,0.4761913426708516,2.0205764176703074,-0.7953003872657792,1.9263855797835563,86.59583762498457,7.572006476825874,0.4700026746955185,1.9999999999999991,86.9114581251362,-0.030875166527414583,-0.020113217904681187,-0.04788881514541358,0.012281649127259884,-0.022591296149654508,0.008766764472883156,0.44937655805605564,0.0021192336010838865,-0.03902092993502781,0.003465831342502573,666.6123799688659,656.1231975836258,676.6381248251344,665.1098744920454,0.0,0.0,0.0
21.267999999999997,7.58226670185113,0.4750013973646707,2.01844878830401,-0.7417204165207332,1.7505993567875238,86.62714868425867,7.572006440840509,0.4700044802447206,1.9999999999999991,86.9114581251362,-0.013921415448962063,-0.012919708048221595,-0.03785205770698209,0.020903237270399787,-0.08066014634386538,0.010214942064897153,0.41795668416318077,0.0015017238902407058,-0.02318638208065843,0.0022932979607359814,665.346535995142,659.1911313390137,672.0375073792135,665.0955573064667,0.0,0.0,0.0
21.32,7.582735785311764,0.47466487670817487,2.0167735773634847,-0.6672469756184563,1.4433382418812308,86.66260970533607,7.572006513751531,0.47000473997321796,1.9999999999999991,86.9114581251362,0.0006055954746768698,-0.006423811735096954,-0.029040605219713293,0.026879386946415052,-0.11568584307823518,0.010812128828674295,0.38419494330505694,0.000928951823047976,-0.009552136560481629,0.0013396420647052354,664.0126025588718,661.5667498461138,667.9516697557165,664.9952788366033,0.0,0.0,0.0
21.372,7.582925469087523,0.47502196378688344,2.0154926933023063,-0.5793149909720662,1.067626615014437,86.69898757875418,7.572006626071502,0.47000428452216886,1.9999999999999991,86.9114581251362,0.01188233752085571,-0.0007611497264716873,-0.02163617767968749,0.030557244749951216,-0.13093235700581615,0.0107700878702571,0.3517050027642217,0.00040203787611876006,0.0013923334412865446,0.0005937132702608672,662.7945191159231,663.3032699201121,664.5436138044695,664.8236977268757,0.0,0.0,0.0
21.424,7.582871706113715,0.47588369180241846,2.0145464543609966,-0.48430430584498985,0.6759646958837445,86.7339426981379,7.572006742315427,0.4700035674376467,1.9999999999999991,86.9114581251362,0.019583821361204214,0.003993843681866877,-0.01559483104167062,0.03224660582643544,-0.13010217315125844,0.010278359324271133,0.321943136383538,-6.229816239354535e-05,0.009372447848034114,3.972976799075743e-05,661.7954369242983,664.4348421099716,661.8874679796746,664.5617544357195,0.0,0.0,0.0
21.476,7.582612714900596,0.4770572442715478,2.0138782747992505,-0.38752503908261754,0.3086931987978761,86.76605575060168,7.572006846311242,0.47000282086159334,1.9999999999999991,86.9114581251362,0.023790555711004385,0.00781824859063077,-0.010742732427404991,0.03228995006153047,-0.11748896872918221,0.009505185578748711,0.29499702435169584,-0.00046277145603073645,0.014504517494060551,-0.0003559343479142556,661.0514314586087,665.0326717107924,659.9346829738163,664.1846382654536,0.0,0.0,0.0
21.528,7.582187521247913,0.4783648291464981,2.013436791362793,-0.293247308858668,-0.006568955603396341,86.79461428544494,7.572006932377225,0.4700021510509084,1.9999999999999991,86.9114581251362,0.024881146339846366,0.010730865216427306,-0.006888860399004976,0.031005719951218064,-0.09723037294088097,0.00856490744597267,0.27062195485525503,-0.0007954328039915456,0.01710242468794606,-0.0006162012905001385,660.5417305251573,665.1665440796736,658.6073312312585,663.6963981787399,0.0,0.0,0.0
21.58,7.581634660498842,0.47965617983111536,2.013175651485534,-0.20482632332486223,-0.25365202127450037,86.81941796267061,7.572007000156521,0.47000159578304385,1.9999999999999991,86.9114581251362,0.023425984125979477,0.012783266345317096,-0.0038724532004213177,0.028688732549984136,-0.07298665792964597,0.00754683136127378,0.2487122612558178,-0.0010536191020208124,0.017576596407444987,-0.0007715170808966618,660.241830625057,664.9297973292506,657.8013689672424,663.1042809901452,0.0,0.0,0.0
21.631999999999998,7.5809910172286425,0.48081546947818987,2.013052958483285,-0.12479454204836805,-0.4262526102217615,86.84058481142293,7.572007051691148,0.47000115799270065,1.9999999999999991,86.9114581251362,0.020091882213958905,0.014051828765841587,-0.001577742258085368,0.025612450729169976,-0.04782540844300254,0.006522428972214045,0.22946316182473772,-0.0012299231108346478,0.016397375946722213,-0.0008474123946277521,660.118128922959,664.4235473626848,657.4158249634065,662.4372677569987,0.0,0.0,0.0
21.683999999999997,7.580290814627881,0.48176352552106216,2.013031764380222,-0.05487413868554738,-0.5261104326448681,86.858411693364,7.5720070898388165,0.47000082484568206,1.9999999999999991,86.9114581251362,0.015561596034856216,0.014630479879394157,9.868271576918684e-05,0.022050408106763394,-0.024178368755638936,0.0055328737717885495,0.21303499869336187,-0.0013289581294375977,0.014069428051618104,-0.000866934457179385,660.130986399754,663.7492905965958,657.3461327726845,661.7351973915567,0.0,0.0,0.0
21.735999999999997,7.579564801670319,0.4824563091647228,2.0130802873269835,0.003948094796131252,-0.5609496381444199,86.87325705114873,7.57200711747436,0.47000057807495144,1.9999999999999991,86.9114581251362,0.010470234746929968,0.014623754482827211,0.001241672810727898,0.01824142002885432,-0.0037562140089980266,0.0046078725755575155,0.19960678981333213,-0.0013560554438329887,0.011070089532119496,-0.0008463526034476457,660.237714614163,662.9978526288334,657.5027857785146,661.0460906749323,0.0,0.0,0.0
21.788,7.578839658569617,0.48288069049558224,2.0131722360861626,0.05132975055614469,-0.5422877072177728,86.8854747975749,7.572007137134338,0.4700003992072999,1.9999999999999991,86.9114581251362,0.005360844297344681,0.014140702276261111,0.0019378323241950224,0.014392733538403538,0.012445476913426543,0.003761701140055114,0.18916655253613393,-0.0013195507283714153,0.007803585024083189,-0.0007997394109575479,660.4008785732321,662.2440696825827,657.8066025132956,660.408715345958,0.0,0.0,0.0
21.84,7.578137626253897,0.48304857470696316,2.013286728989493,0.08747381137131008,-0.4835977278857047,86.89539147358627,7.572007150900489,0.4700002719006394,1.9999999999999991,86.9114581251362,0.0006587645573981122,0.013289637049365624,0.002271150434776417,0.010677524686811185,0.02398876114137769,0.003005255285369852,0.18155641004055434,-0.001230221299675008,0.004614247356527315,-0.0007365180395232415,660.5833074779895,661.545646781223,658.1908699716543,659.8580474938406,0.0,0.0,0.0
21.892,7.577476352713904,0.4829902605678561,2.0134080264355245,0.1130279104680583,-0.39872876380086275,86.90329003982266,7.572007160402896,0.47000018272174166,1.9999999999999991,86.9114581251362,-0.003338663349161497,0.0121737556408465,0.002327929869215904,0.0072322008236318834,0.030947314384128177,0.0023394379292411274,0.1764325640073058,-0.0011001543559341603,0.0017552730636211013,-0.0006640239638712142,660.7543635752761,660.9407254481257,658.6009178550279,659.4154695592953,0.0,0.0,0.0
21.944,7.576868940157154,0.4827477634828989,2.013525108842496,0.12897451508144403,-0.3005602531047925,86.90942297500357,7.572007166875701,0.4700001211404026,1.9999999999999991,86.9114581251362,-0.006458811537672873,0.010887685328518809,0.0021916549775933924,0.004154629491934046,0.033803323750840095,0.0017637809659175677,0.17332880126630282,-0.0009410315120236396,-0.0006228654502377189,-0.0005901001247452543,660.8958264344457,660.4508267446851,658.9933305066154,659.0840877453047,0.0,0.0,0.0
21.996,7.576324168439534,0.48236870296219186,2.013630891311768,0.13653703209817286,-0.20020775118478798,86.91402427040448,7.572007171229404,0.47000007917762565,1.9999999999999991,86.9114581251362,-0.008640004449499595,0.00951499214138526,0.001932827445491773,0.0015169032251554561,0.033192445960884054,0.0012762724069091795,0.17178094407866365,-0.0007680434294767102,-0.00241207856084189,-0.0005113177398788041,660.9800741515581,660.0749853272584,659.3456041792424,658.8766927895872,0.0,0.0,0.0
22.048,7.575846866107239,0.4819011013779684,2.013721358151907,0.13708368153558467,-0.10655336197540906,86.91731219598547,7.572007174121775,0.47000005094305086,1.9999999999999991,86.9114581251362,-0.009912730034694405,0.00812646576386734,0.0016106134878165804,-0.0006504446715497106,0.02995148960043556,0.0008717691726527919,0.1713381661439989,-0.0005921855000146892,-0.0035945189353975525,-0.0004350671012248508,661.006555095492,659.8147737856567,659.6336163367884,658.777413946129,0.0,0.0,0.0
22.099999999999998,7.5754383935110505,0.48138929462012536,2.013794832992805,0.13202183537249035,-0.025885499685375686,86.91949430024853,7.572007176019641,0.47000003217903086,1.9999999999999991,86.9114581251362,-0.010376562581244798,0.006779410053726969,0.0012690921552808254,-0.002346103249766336,0.024952893135334796,0.0005412707926990218,0.17162292141397897,-0.0004221014147387966,-0.004209549226101636,-0.0003621341729190604,660.9746801344141,659.6560507910677,659.8522142391604,658.7722885883646,0.0,0.0,0.0
22.151999999999997,7.5750971963045215,0.48087108813295265,2.0138512463120875,0.1227189154328258,0.038050355525378096,86.92077068014248,7.572007177249182,0.4700000198624947,1.9999999999999991,86.9114581251362,-0.010175940816228125,0.005517789723784071,0.0009380039075414489,-0.003588899070914554,0.0190183180383674,0.0002804392678534862,0.17234689714902077,-0.00026506770094236265,-0.004336170144777439,-0.0002953532207715767,660.8939471129504,659.58382453972,660.0010637710371,658.840449883241,0.0,0.0,0.0
22.203999999999997,7.574819393482571,0.4803761152066102,2.013891558684418,0.11046841708280496,0.0837438928978619,86.92132935263234,7.572007178035114,0.47000001188027585,1.9999999999999991,86.9114581251362,-0.009477760619132254,0.004372907019345921,0.0006350879620157714,-0.00441326429996728,0.012854834083643237,7.961721982490218e-05,0.173306459991193,-0.0001276863938895023,-0.004073126258482425,-0.00023504702281417102,660.7749553741264,659.5787345153974,660.0880663121382,658.963456133249,0.0,0.0,0.0
22.256,7.574599372763903,0.47992524864584746,2.013917324303125,0.09642362221021392,0.11156633338777715,86.92134052437525,7.572007178530227,0.47000000677600223,1.9999999999999991,86.9114581251362,-0.008452314010853886,0.0033645067052360395,0.0003689856576316604,-0.004872354711753601,0.007033797432859918,-6.972552647946765e-05,0.17436810269789382,-1.1754986171621466e-05,-0.003532022204324363,-0.00018177770949348576,660.6314172006213,659.6222168840977,660.1249213377134,659.1216509403539,0.0,0.0,0.0
22.308,7.574430358234782,0.4795308820865297,2.0139303857365025,0.08157081996083974,0.12330006194073842,86.92095407833268,7.572007178837107,0.47000000355909627,1.9999999999999991,86.9114581251362,-0.007258158031109034,0.002502343682547865,0.00014239991896112977,-0.0050234807723601215,0.0019631128465259244,-0.00017534510214950368,0.17544720987420315,8.187315121814661e-05,-0.0028205479449089654,-0.00013587290262119747,660.4772318557431,659.6972626296933,660.124409718437,659.2973342753721,0.0,0.0,0.0
22.36,7.574304926544639,0.4791978577338455,2.0139326878871002,0.06672723206991589,0.12167452965043857,86.92029837233957,7.572007179023789,0.47000000156423466,1.9999999999999991,86.9114581251362,-0.006031504171234078,0.0017878596137525433,-4.518469303530886e-05,-0.004923494828553603,-0.002099275525172689,-0.0002450024756593598,0.17648733560204075,0.0001524005840248617,-0.00203868137372553,-9.720928761374629e-05,660.3253016474786,659.7880676926314,660.0995599188832,659.4752604809065,0.0,0.0,0.0
22.412,7.5742154592094835,0.47892481647230656,2.0139261460357836,0.05253541473691877,0.10991371888689142,86.91947675678153,7.572007179134831,0.47000000035003847,1.9999999999999991,86.9114581251362,-0.004879841978904858,0.0012158466826589207,-0.00019649562995836624,-0.004631978554942176,-0.005048310337478255,-0.00028629252751145845,0.1774545542799255,0.00020147247725517642,-0.0012658514302264746,-6.526950433842172e-05,660.1852801911122,659.8821225546278,660.061924347836,659.643884956843,0.0,0.0,0.0
22.464,7.574154519518402,0.47870575790181163,2.0139125633224046,0.03946880011992507,0.09135306841278135,86.9185713634209,7.5720071791990495,0.46999999962730915,1.9999999999999991,86.9114581251362,-0.003879567942872777,0.0007761192301340948,-0.00031477790259940854,-0.004202908702938174,-0.006885488045756517,-0.0003048983677047364,0.1783234959740341,0.00023079273811957182,-0.0005666993462387147,-3.966637525899261e-05,660.0651045818706,659.969428893454,660.0209884668259,659.7938023799612,0.0,0.0,0.0
22.516,7.574115148547636,0.47853163188957165,2.0138935856487223,0.027847221679724067,0.06914754873909383,86.91764313262262,7.5720071792348245,0.4699999992089697,1.9999999999999991,86.9114581251362,-0.0030766083509462345,0.0004550417003355933,-0.0004038330274055683,-0.0036867715400552142,-0.007711522382280326,-0.00030684376665700633,0.1790791750747274,0.0002433158947516567,1.6868340303355118e-05,-1.9549043528447416e-05,659.9688790312001,660.0429881218009,659.9840430666396,659.9195380088248,0.0,0.0,0.0
22.567999999999998,7.574091081021842,0.4783918245782205,2.0138706597862703,0.01785267323253523,0.046031541166058225,86.9167359592696,7.5720071792537125,0.46999999897563116,1.9999999999999991,86.9114581251362,-0.002489528483919698,0.0002369132260387965,-0.00046761715222790187,-0.0031253681775683813,-0.007688255250730176,-0.0002962729136575251,0.17971439953556115,0.00024160880274807183,0.0004620233485281341,-4.393455709493108e-06,659.8986468448418,660.0990667433174,659.9553041406737,660.0180873361177,0.0,0.0,0.0
22.619999999999997,7.574076884642903,0.478275433344668,2.0138450232472453,0.00955614861422232,0.02420138647215973,86.91587962860598,7.572007179262855,0.4699999988522154,1.9999999999999991,86.9114581251362,-0.0021142288080439964,0.00010512053438474964,-0.0005099949666654174,-0.0025544426273868366,-0.00700919399140771,-0.00027747217298806367,0.18022769361357516,0.00022862239314129626,0.0007611087343334859,6.756420146685366e-06,659.8537364440593,660.1356494623485,659.9375815888584,660.0892496218797,0.0,0.0,0.0
22.671999999999997,7.574068032140469,0.47817227518126704,2.013817687798919,0.0029323475825160667,0.005228358636550893,86.9150924344429,7.572007179266588,0.4699999987922809,1.9999999999999991,86.9114581251362,-0.0019294569130639712,4.308987878295069e-05,-0.0005350822019082748,-0.002002957419440756,-0.00588793314821247,-0.0002533423702090965,0.18062719171422098,0.00020760942260279877,0.0009244673360242531,1.459387273692217e-05,659.8314242197149,660.1538836767178,659.9309948041887,660.1351712901194,0.0,0.0,0.0
22.724,7.574060913188908,0.47807359753270096,2.0137894569649313,-0.002116366872661142,-0.00991724719011569,86.91438511799008,7.5720071792674775,0.46999999876764337,1.9999999999999991,86.9114581251362,-0.001902644125906581,3.5052409995223016e-05,-0.0005464390386546901,-0.0014921572195981724,-0.004517461860528247,-0.00022620791983648004,0.18092218727464002,0.00018145441682234888,0.0009679985501812682,1.9653079391440013e-05,659.828481975222,660.155891083543,659.9346154044358,660.1586354218236,0.0,0.0,0.0
22.776,7.574052798007139,0.4779725028554158,2.0137609420541502,-0.005736936836448299,-0.020809702999628116,86.91376182695896,7.572007179267002,0.46999999876158643,1.9999999999999991,86.9114581251362,-0.0019952142358572096,6.65873518330827e-05,-0.0005476097756834528,-0.0010356417279866984,-0.0030726470700383848,-0.0001979897944518885,0.18112791935571484,0.00015228057585606864,0.0009158658680935357,2.2602232953645653e-05,659.8405568766066,660.1448064826676,659.9465463545527,660.1640244830928,0.0,0.0,0.0
22.828,7.5740417653628755,0.47786411783872496,2.0137325781259614,-0.008107821782468804,-0.027486641971872363,86.91321954552296,7.572007179265978,0.469999998764479,1.9999999999999991,86.9114581251362,-0.002167249438727811,0.0001249598757345855,-0.0005417595123796332,0.0,0.0,0.0,0.18126151239140023,-0.00012455464770078894,0.0001438747835109177,-3.709191428415129e-05,660.0755832119855,660.081085623182,659.9373799909828,660.0138410995264,0.0,0.0,0.0
22.88,7.574026590847903,0.4777455281642647,2.0137046367363776,-0.00994810266683267,-0.031096044417579433,86.91256492819915,7.572007179264837,0.4699999987709833,1.9999999999999991,86.9114581251362,-0.002382591696547133,0.00020021771600781357,-0.0005316418564256769,0.0,0.0,0.0,0.18134126159121916,-4.467773439255396e-06,0.0004797880265024996,-2.3458308089845107e-05,659.9935447939179,660.1289204078278,659.927299878922,660.0652339953932,0.0,0.0,0.0
22.932,7.5740063887403775,0.47761526630875784,2.0136773201273446,-0.011979665338078222,-0.03271225811639484,86.91185254403523,7.572007179263779,0.46999999877830306,1.9999999999999991,86.9114581251362,-0.002619147562046324,0.00029115740362493795,-0.0005183341821948191,0.0,0.0,0.0,0.18137123827172819,0.00014671758433750567,0.0007723277563448859,-8.601209370027229e-06,659.9104423848593,660.1722029123898,659.9284137226728,660.1066051021596,0.0,0.0,0.0
22.983999999999998,7.5739803127138146,0.4774728846189555,2.0136507245752573,-0.013426631438233489,-0.03134531877687935,86.91116715462366,7.572007179262888,0.469999998785103,1.9999999999999991,86.9114581251362,-0.0028560761195474097,0.00039707086371006134,-0.0005040084039588976,0.0,0.0,0.0,0.18136961497856108,0.0002957801392667953,0.0009595204770250757,5.754512274831054e-06,659.8426231658625,660.2001659965226,659.9428254568094,660.131871697898,0.0,0.0,0.0
23.035999999999998,7.573947875791072,0.4773192854189825,2.013624871491455,-0.013214591923708899,-0.026012026958750174,86.91056403784278,7.572007179262176,0.46999999879085497,1.9999999999999991,86.9114581251362,-0.003063292023687261,0.0005087927715012021,-0.0004899317581959666,0.0003743534775735781,0.002357752729060108,-0.00017038861852313738,0.18134808720653134,0.00024408893303344215,6.269836861538933e-05,7.9530617872753e-05,659.8750603486768,659.9624550801,660.164838832215,660.1131832049724,0.0,0.0,0.0
23.087999999999997,7.573909431932511,0.4771570570429605,2.0135997366458875,-0.010881527584714914,-0.01794794016498706,86.91024620046744,7.572007179261632,0.46999999879545123,1.9999999999999991,86.9114581251362,-0.0032075878806235207,0.0006089119932940451,-0.00047683547032383483,0.0009979133882677608,0.002782928197604516,-8.140761982988204e-05,0.1813145557700327,2.775746355973064e-06,-0.00025090322272353126,5.440576647048526e-05,659.9881302475018,659.9174496300423,660.1395843337516,660.0673388340344,0.0,0.0,0.0
23.14,7.57386630263581,0.47698988668603376,2.0135752680314853,-0.007562890491112998,-0.010021516928998248,86.91007500715071,7.572007179261226,0.46999999879898324,1.9999999999999991,86.9114581251362,-0.0032772497802303667,0.0006820563530290069,-0.0004649795239260384,0.001135084227817549,0.00253387260775739,-4.2129062160208915e-05,0.18127319288267257,-0.00011190270954660906,-0.00035600769962961865,4.3958131346759866e-05,660.0329674178347,659.8996830317565,660.1228260523241,660.0533055146792,0.0,0.0,0.0
23.192,7.57382024812676,0.47682138823718173,2.0135513960105325,-0.00441358458227223,-0.0032424226222742014,86.9100036793138,7.572007179260928,0.46999999880161947,1.9999999999999991,86.9114581251362,-0.0032793180896545037,0.0007245626520509211,-0.0004545318578135768,0.0009827232129619398,0.002085800214936053,-1.2374963419339134e-05,0.18122783501837614,-0.0001308621391326108,-0.00039046620117217225,3.483119676465847e-05,660.0522011584643,659.9037032787697,660.1113854718229,660.0374493055147,0.0,0.0,0.0
23.244,7.573772919944481,0.4766546088109605,2.0135280411247836,-0.001844694828269101,0.0021293790099525937,86.91000816786024,7.572007179260717,0.46999999880354226,1.9999999999999991,86.9114581251362,-0.0032265617637963727,0.0007405462722739444,-0.00044557423961623637,0.0,0.0,0.0,0.1811817917764081,0.00017315446983125473,0.0002165857948179069,3.033944174880657e-05,659.9276456436439,660.038660415689,660.0609931948495,660.0733627273634,0.0,0.0,0.0
