Time_s,X,Y,Z,Roll_deg,Pitch_deg,Yaw_deg,Ref_X,Ref_Y,Ref_Z,Ref_Yaw,vx,vy,vz,p,q,r,T_pert,tau_x,tau_y,tau_z,RPM_0,RPM_1,RPM_2,RPM_3,Wind_X,Wind_Y,Wind_Z
0.052000000000000046,-1.9999999999942875,-16.49999999999537,0.010054993572264402,5.951545810006298e-09,4.833740516039167e-09,89.99999999855832,-2.0,-16.5,0.014464867854085735,89.99999999971945,8.056764283332248e-11,-9.813522835187657e-11,0.0009999482849616312,0.0,0.0,0.0,0.1310139273468343,-3.640528081226519e-10,-2.964746848731264e-10,2.3623460917459155e-11,658.9128027896595,658.9128026012072,658.9128027513269,658.9128027706072,0.0,0.0,0.0
0.10400000000000009,-1.9999999999927252,-16.49999999999408,0.010106992811127001,7.579385346888104e-09,6.1768832109736564e-09,89.9999999990139,-2.0,-16.5,0.027872386655924238,89.99999999971945,6.998089086423034e-12,-8.505817092117475e-12,0.000999997300541941,0.0,0.0,0.0,0.5574704321879711,-3.537004931448263e-10,-2.882966367595492e-10,1.4355054810911652e-11,668.30954013781,668.3095399572201,668.3095400775786,668.3095400959762,0.0,0.0,0.0
0.15600000000000014,-1.9999999837005809,-16.499999986275377,0.010344960920519482,0.0004953300671995506,0.00041838294278615684,90.00032901874339,-2.0,-16.5,0.04988052804296929,89.99999999971945,8.204085720184015e-07,-9.742728928758012e-07,0.010311273418812357,0.0,0.0,0.0,1.1613766602367486,-2.2719352578103036e-05,-1.9187563009164122e-05,-6.693960442804298e-06,681.4093962780893,681.397834633649,681.3851712848323,681.3861456913417,0.0,0.0,0.0
0.20800000000000018,-1.9999997250585941,-16.499999766776465,0.011794351994504407,0.001275880922596354,0.0011136984012697123,90.00086568332918,-2.0,-16.5,0.07930197671112224,89.99999999971945,6.61107540549467e-06,-7.772957483020068e-06,0.042573636072747126,0.0,0.0,0.0,1.7384207517115726,-6.38897777809204e-05,-5.5592752379811453e-05,-1.7612513009333978e-05,693.7065257779018,693.6741457579493,693.6428007909501,693.6450494529356,0.0,0.0,0.0
0.26000000000000023,-1.9999988493082919,-16.4999990035472,0.015543437195724024,0.001724044099024057,0.0016590618951761711,90.00133732784671,-2.0,-16.5,0.11471958995594762,89.99999999971945,1.77174660800456e-05,-2.025807468105675e-05,0.09460639250267984,0.0,0.0,0.0,2.2397692694519504,-9.688007058346435e-05,-9.136029372443217e-05,-2.7208218769926787e-05,704.2165564047674,704.1663035932133,704.1200650364385,704.1215387486833,0.0,0.0,0.0
0.3120000000000003,-1.9999971264039447,-16.499997413152098,0.02253985181971066,0.0015289276838710974,0.0018742056274884055,90.00170477763689,-2.0,-16.5,0.15478502333384989,89.99999999971945,3.2516503869195294e-05,-3.5319480193093e-05,0.16362653749154832,0.0,0.0,0.0,2.619379346951619,-0.00010548609175137166,-0.00011752289294395363,-3.46840611412045e-05,712.0693176690075,712.0104392162829,711.9524247733139,711.9492464400811,0.0,0.0,0.0
0.3640000000000001,-1.9999946567672817,-16.499994878836535,0.033541889446800206,0.0005295616756102369,0.0016246241512587716,90.00195420632349,-2.0,-16.5,0.19834257833568275,89.99999999971945,4.869767662341684e-05,-4.865638393898867e-05,0.24546795998044318,0.0,0.0,0.0,2.8569583340582687,-7.840052318251838e-05,-0.00012618887395010768,-3.975873962453722e-05,716.9354462438966,716.881797733904,716.813509849315,716.8009767637963,0.0,0.0,0.0
0.41600000000000015,-1.9999919745041739,-16.49999153626084,0.049067755460519405,-0.001213727849452489,0.0008389150851514634,90.00208033251202,-2.0,-16.5,0.2444608221996299,89.99999999971945,6.352930197687799e-05,-5.540573694430979e-05,0.33529421239661705,0.0,0.0,0.0,2.9536094920170215,-1.2765357567380245e-05,-0.00011140805511709456,-4.232480315073024e-05,718.8967475617519,718.8642754709806,718.785784671647,718.7599851531673,0.0,0.0,0.0
0.46799999999999997,-1.9999900167466484,-16.49998781754878,0.0693837777459076,-0.003363423552887176,-0.00045574530856948005,90.00208530927236,-2.0,-16.5,0.2924195984772763,89.99999999971945,7.390370877633688e-05,-5.047198347895353e-05,0.4283535226579057,0.0,0.0,0.0,2.924395385389878,8.300726961260207e-05,-7.069782398773397e-05,-4.242605637453729e-05,718.2845580311139,718.2877796883762,718.1983121875409,718.1580780783684,0.0,0.0,0.0
0.52,-1.9999899275122968,-16.499984431573562,0.09452302429264088,-0.00534722865528616,-0.0021430344779681926,90.0019732391355,-2.0,-16.5,0.3416788632904029,89.99999999971945,7.652608593926983e-05,-2.9185058311789736e-05,0.5203742026553627,0.0,0.0,0.0,2.7928737389972857,0.00019014044159468125,-4.840695253761593e-06,-4.014596614198493e-05,715.5764938502907,715.6251729270236,715.523894519896,715.4726647565267,0.0,0.0,0.0
0.5720000000000001,-1.9999927239677382,-16.499982284249647,0.12431818541586961,-0.00643806291907709,-0.004000657885534053,90.00176070529308,-2.0,-16.5,0.3918432295534576,89.99999999971945,6.786645331426295e-05,1.1691571275803107e-05,0.6078070485067696,0.0,0.0,0.0,2.586540071983686,0.00028148244504900996,8.128425566468794e-05,-3.5821920933338284e-05,711.3187076955902,711.4145753860541,711.3010472169489,711.2481343618083,0.0,0.0,0.0
0.6240000000000001,-1.9999989013447494,-16.499982337190144,0.15844781497087781,-0.005972302476324703,-0.005671748367758184,90.00146655001872,-2.0,-16.5,0.44262887758017755,89.99999999971945,4.4289854072502034e-05,7.168596824871484e-05,0.6881237001913119,0.0,0.0,0.0,2.3358898614004,0.0003282540306478247,0.0001769176632097614,-2.983727072361297e-05,706.1206862227475,706.2551660260835,706.1308400089616,706.0905489333398,0.0,0.0,0.0
0.6760000000000002,-2.0000080979092836,-16.499985408156522,0.19648888679457513,-0.0034792473437078547,-0.006753945351549443,90.00111236372642,-2.0,-16.5,0.4938354933521529,89.99999999971945,3.4284931502148484e-06,0.00014514065157846123,0.7597663679100753,0.0,0.0,0.0,2.0694218642763937,0.00030394570826143585,0.0002678611623740819,-2.263127697424213e-05,700.5626081569849,700.71603212419,700.5851208829404,700.5754380668892,0.0,0.0,0.0
0.7280000000000002,-2.000018901871863,-16.499991962482145,0.2379693906903983,0.0011094892236411422,-0.0068391260179155745,90.00072187893467,-2.0,-16.5,0.545323807075738,89.99999999971945,-5.4918312397604454e-05,0.000219353065963511,0.8221273187943412,0.0,0.0,0.0,1.7936690160524869,0.00019130638549225907,0.0003376278421486576,-1.4686782706881236e-05,694.778538179641,694.9216412325549,694.7916619749243,694.831251417838,0.0,0.0,0.0
0.7800000000000002,-2.000028889016702,-16.500001921598766,0.28239630832858015,0.00692854726811454,-0.005625633670086136,90.00037431025301,-2.0,-16.5,0.5969983116619324,89.99999999971945,-0.0001272180668639481,0.0002706758855032037,0.8749109695554045,0.0,0.0,0.0,1.524067405291385,1.8897402136896245e-06,0.00036959170675359874,-7.615425621740937e-06,689.0932418869695,689.1945783055229,689.0735564955381,689.1738648498077,0.0,0.0,0.0
0.8320000000000003,-2.0000352211315007,-16.50001455611357,0.3292759418438873,0.011298748175179717,-0.0031212578866114927,90.00004852708994,-2.0,-16.5,0.6487943519941037,89.99999999971945,-0.00020387943202935355,0.0002579437130977035,0.9183445128243892,0.0,0.0,0.0,1.271959055623734,-0.00019035278812628434,0.0003538764044149186,-9.872994414316383e-07,683.7423968358809,683.787355359422,683.6874186750966,683.837047432695,0.0,0.0,0.0
0.8839999999999999,-2.000035747404621,-16.50002849707539,0.3781409942819745,0.01451904569422886,0.0009080805090760998,89.99972527828932,-2.0,-16.5,0.7006687011803812,89.99999999971945,-0.00027794242305460983,0.00019520616915999026,0.9530620907945913,0.0,0.0,0.0,1.0445618359853004,-0.0003891481706448034,0.00027132511163576763,5.589264608362709e-06,678.8920340614349,678.8594069697926,678.7993178035016,678.9822093783152,0.0,0.0,0.0
0.9359999999999999,-2.000029070722224,-16.50004169491897,0.42856264236346053,0.015632525688906922,0.006283852692004085,89.9994411852235,-2.0,-16.5,0.752592813273509,89.99999999971945,-0.0003352245402898725,7.988946672536691e-05,0.9798814925981404,0.0,0.0,0.0,0.8465557987957091,-0.0005574653190917139,0.00011287709590858587,1.1369197093603774e-05,674.651503251537,674.5276074221922,674.5269575712338,674.7137570253939,0.0,0.0,0.0
0.988,-2.000014890918173,-16.50005154000032,0.480161674619664,0.01360771441077522,0.011963730223946381,89.99926129381483,-2.0,-16.5,0.8045480718714191,89.99999999971945,-0.00035153677659798254,-8.498985842174511e-05,0.9998367148128795,-0.0006354771379512066,0.001027880069257923,-2.523935930347906e-05,0.6792550717277432,-0.0004036896834232322,-0.0004979754927938065,2.4086112136442987e-05,671.0623581342279,670.8097178957839,671.0148741613035,670.9884585247673,0.0,0.0,0.0
1.04,-1.9999943860228109,-16.500055447772077,0.5326130025114202,0.008688580648382911,0.015638399064280106,89.99916257407432,-2.0,-16.5,0.8565224933733969,89.99999999971945,-0.0002923494555473327,-0.0002702973009086199,1.0139594810025294,-0.002005567916485789,0.0009653219048708226,-2.316300296412439e-05,0.5424970666522029,0.0001288674535827951,-0.0006830002567274329,2.5349498235894657e-05,668.0251559289176,667.8691970563139,668.1307753262562,667.9023015289933,0.0,0.0,0.0
1.092,-1.999970049209902,-16.500051787081567,0.5856476665229856,0.0026840733353810623,0.016923640119853648,89.99912939729155,-2.0,-16.5,0.9085084704357087,89.99999999971945,-0.0001690985263528971,-0.000426832751753149,1.0233465988975623,0.0,0.0,0.0,0.4338437738409837,-0.0005679903281044883,-0.0004896361601030616,1.7712587387550135e-05,665.724187923321,665.425461404267,665.6124193574002,665.6345488681728,0.0,0.0,0.0
1.1440000000000001,-1.9999448598725271,-16.50004012266641,0.6390489859272139,-0.0036144223809833212,0.0157459629800422,89.99913589331366,-2.0,-16.5,0.9605012471176994,89.99999999971945,-1.5625320133757574e-06,-0.0005321131895231899,1.02894058699804,-0.0021339112046427308,-0.0006815989465694099,7.227314144287385e-06,0.35080295082359036,0.0003847359278565281,-0.0003528437973172951,1.4986947787007025e-05,663.7472081873542,663.7562408588542,663.8974314304867,663.6885428705895,0.0,0.0,0.0
1.1960000000000002,-1.9999217937308398,-16.500021183488865,0.6926479035880987,-0.00883129355374413,0.012698194530851362,89.99917616742755,-2.0,-16.5,1.0124979011985418,89.99999999971945,0.0001797013043647602,-0.0005663858554238345,1.0316358188452226,0.0,0.0,0.0,0.2899017302918967,-0.00027991740756809963,-0.0006835704936389841,1.676103924739748e-05,662.5429811085938,662.2695422819324,662.5097977715535,662.3952486233575,0.0,0.0,0.0
1.2480000000000002,-1.9999033354184943,-16.499996590735247,0.7463178120931331,-0.013111074650495467,0.007858690528865715,89.9992431567954,-2.0,-16.5,1.0644966733149472,89.99999999971945,0.000356622454814209,-0.000539978136585967,1.0321979801637977,-0.0012558189786519027,-0.0017884421543102672,2.2592151635211084e-05,0.2476173630684002,0.0003812548307370443,7.220748967060736e-06,7.29107368603743e-06,661.4300895160935,661.5404927709696,661.5585863719032,661.4522905723232,0.0,0.0,0.0
1.3000000000000003,-1.9998913657194337,-16.4999687127289,0.7999687476320041,-0.01547784489913145,0.002336182194885655,89.9993205805622,-2.0,-16.5,1.1164965302517906,89.99999999971945,0.0004982503445953386,-0.0004499192641532754,1.0312813785788761,-4.729227433401523e-05,-0.0001948130101092333,3.2073596815837545e-06,0.22037705966585364,8.228764463823851e-05,-0.0005445666167736983,1.2671982949190068e-05,660.9411703186616,660.8096711871433,660.9996182097706,660.8213137118672,0.0,0.0,0.0
1.3519999999999999,-1.9998869093504514,-16.49994025806174,0.853540111836717,-0.016237555412471242,-0.003925793255111355,89.9994117815018,-2.0,-16.5,1.1684968843679675,89.99999999971945,0.0005988901062073115,-0.0003169616755889015,1.0294007987806633,-5.218674554118346e-05,-0.002105699504420887,2.793459504313336e-05,0.20505554297638007,0.00023210287072213698,0.00031952830083069946,1.9432664256569606e-06,660.4726831701425,660.6296763088527,660.5441212470912,660.5690021485993,0.0,0.0,0.0
1.4040000000000004,-1.999890175045961,-16.499914139613225,0.9069954267230063,-0.015410642464327926,-0.009779811066504294,89.99950735992799,-2.0,-16.5,1.2204974158561033,89.99999999971945,0.0006371582100790299,-0.00015732549828596475,1.0269788849616175,0.0004193679054019958,-0.0015747158735293237,3.0075157331757125e-05,0.19867120418060047,0.00016758533473356442,0.0002895528783228313,-7.694239741863088e-07,660.3485319007432,660.47865963451,660.3941096047095,660.4288286693061,0.0,0.0,0.0
1.456,-1.9999006256178942,-16.499893122896168,0.9603165141244803,-0.01302663136280625,-0.015452270563519206,89.99960035145634,-2.0,-16.5,1.27249796188242,89.99999999971945,0.0006204222311177578,1.4515753648431554e-05,1.0243256989291563,0.0,0.0,0.0,0.19876764422444992,0.00040104441030663495,-8.9421900104868e-05,8.130926997214892e-06,660.3590658386095,660.4477728308237,660.4957279049852,660.3561156904342,0.0,0.0,0.0
1.508,-1.9999170218680264,-16.499879739557674,1.0134987288790083,-0.009268901904098127,-0.01998046823753858,89.99970412971534,-2.0,-16.5,1.3244984486536715,89.99999999971945,0.0005377804597922215,0.0001813263091329231,1.021668647501706,0.0015462014560510137,-0.0014382653402828034,3.262677357352517e-05,0.20326965315453904,-0.00017520214126503597,0.0007138161784580858,-5.688377805646699e-06,660.4455678694737,660.5988630793156,660.3799509802894,660.6329809610514,0.0,0.0,0.0
1.56,-1.9999374894429722,-16.49987599198515,1.0665469111629653,-0.004458166881810172,-0.023031785853400072,89.9997913916758,-2.0,-16.5,1.3764988506491465,89.99999999971945,0.00039635440011872284,0.0003273878245298091,1.019161561090528,0.0,0.0,0.0,0.2105216099469338,0.0003784214387772073,0.00041873709392240406,4.2441740160244e-06,660.5555793838159,660.7824086664352,660.6750103195685,660.6864818250401,0.0,0.0,0.0
1.612,-1.9999596529337746,-16.4998831449991,1.1194721011231585,0.0015174426771935342,-0.02402945063848036,89.99988093926275,-2.0,-16.5,1.4284991667760278,89.99999999971945,0.00020160665871791066,0.0004444324233539766,1.0169023863911644,0.0014284450325276366,-2.904359392490068e-05,1.6793451025509414e-05,0.21921786233440166,-0.0002859208617665648,0.0006663248581979063,-3.603915594261551e-06,660.8181942132204,660.9264038322217,660.7268794984055,660.9977591515153,0.0,0.0,0.0
1.6640000000000001,-1.9999807612068061,-16.499901454226574,1.1722889617601948,0.006900075194075609,-0.0223456924924233,89.9999581576062,-2.0,-16.5,1.4804994068808617,89.99999999971945,-3.554765809936283e-05,0.0004992313802221008,1.0149426053415673,0.001830423802671554,0.0009825944949506682,2.7387196539965313e-05,0.22839204344604802,-0.0005897321683315241,0.000455819880493752,-8.976438461019447e-06,661.1017218203309,661.063641289359,660.9091779055881,661.2065118823301,0.0,0.0,0.0
1.7160000000000002,-1.9999982393336286,-16.49992992492363,1.2250136906793219,0.011428642087716283,-0.017872088622505986,90.0000149462987,-2.0,-16.5,1.5324995844656653,89.99999999971945,-0.0002930318621152204,0.0004941658491292801,1.0132988413874295,0.0011005991201706062,0.001773690643015985,1.520972483225761e-05,0.23736966408386095,-0.00048332257781069437,0.00024481443295847137,-5.762006316105086e-06,661.3106794952907,661.242875031083,661.157340655268,661.3643446115655,0.0,0.0,0.0
1.7680000000000002,-2.0000101049647694,-16.499966311273887,1.2776625988715529,0.012724663177134317,-0.011822178858278036,90.00005290633037,-2.0,-16.5,1.584499713025486,89.99999999971945,-0.0005291672362933929,0.0004046205057182048,1.011964445184735,4.962585940167111e-05,0.002170226086573035,1.0521768422496055e-05,0.24569981211897662,-0.0002004077684778226,0.00011057119865720837,-4.8520670831457505e-06,661.4724519728952,661.4469197794417,661.4020840070124,661.4904682377872,0.0,0.0,0.0
1.8200000000000003,-2.0000157835755847,-16.500007629605836,1.3302511844252263,0.01183837584023456,-0.004985742913343136,90.00007896924757,-2.0,-16.5,1.6364998044288215,89.99999999971945,-0.0007189166028996844,0.0002735618711310403,1.0109189507368512,-0.00046958470193784877,0.0023536111345262714,6.815781472528746e-06,0.25309204091359305,-7.547327062807361e-05,-1.0480535871930916e-05,-4.052452210443967e-06,661.6341791577349,661.6097564651333,661.601538322854,661.6200055031622,0.0,0.0,0.0
1.8720000000000003,-2.000015757406784,-16.500050565743656,1.3827935171732437,0.01002788960673673,0.0020776910559180788,90.0000952126246,-2.0,-16.5,1.688499868396729,89.99999999971945,-0.0008482996154671014,0.00013915618540953254,1.0101303472573584,-0.0006777605170763442,0.002358925509387212,3.860241573781197e-06,0.25941379921128593,-4.2332310521914945e-05,-0.0001260352088076806,-3.3223500026597034e-06,661.7845714436663,661.7367419575309,661.7633693483361,661.73959087761,0.0,0.0,0.0
1.924,-2.000010962869367,-16.5000917526516,1.4352828812938838,0.019317109519089316,0.008830717809946176,90.08086980796399,-2.000000471446148,-16.500002007448114,1.7404999125307015,125.22011058351924,-0.0009089026639966457,0.00014380703288468282,1.0083092825273057,0.01368226985330508,0.0021850605318491077,0.07855585274265503,0.27751625115567435,-0.0059721912816886845,-0.00022926080152336147,0.08,541.650661415638,539.4940201178526,763.9383437888625,765.3502714440866,0.0,0.0,0.0
1.976,-1.9999918610899237,-16.50012795581633,1.4876556472312328,0.16583939245364376,0.013801236824401425,90.49010961500352,-2.000002074222103,-16.50001146716417,1.7922370210453975,125.22006137348664,-0.0008859072963334793,0.0019031066463952029,1.0069065528887426,0.07034485398703019,0.0016357888748508443,0.1701546839333834,0.28682225661748895,-0.03255730273362877,-0.00020894228475122352,0.08,546.4918725840648,535.1016837441314,760.8378065623009,768.7890511754159,0.0,0.0,0.0
2.028,-1.9998919996302376,-16.500156165679133,1.5400150944618458,0.4119740821967992,0.01468217675819982,91.12276213798907,-2.000002439685045,-16.50002780913421,1.8400654457389551,125.22007426230898,-0.0007825319151676743,0.0038148803967983863,1.0067380646754436,0.08441735808209515,0.0012624365109938653,0.24023971877973488,0.15953113067907942,-0.04715012714566218,-0.0001739104483159049,0.08,545.5977792996201,529.040544503225,756.5785367680118,768.1623178485178,0.0,0.0,0.0
2.08,-1.9996016602171476,-16.500173115673057,1.5922588553177983,0.6335139608979407,0.01052124479176229,91.95870965266364,-1.999993700703452,-16.500049136369753,1.8804669274779404,125.2203331707612,-0.0006627503791887238,0.0032448826370733105,1.0023143671999128,0.06478311886381899,0.0012129630647310873,0.3077400935341811,-0.1599539957386913,-0.050370427136579965,-6.904360514403126e-05,0.08,537.525960576039,519.5861516502094,749.9716830615147,762.4762266728283,0.0,0.0,0.0
2.132,-1.9990259210573098,-16.500174976428408,1.643969511745029,0.7744874380698219,0.0015432028591520546,92.9937767920112,-1.999957648099695,-16.5000726607481,1.9127221006331419,125.22101899537729,-0.0006306622254527317,-0.00038686244754476093,0.987402124407665,0.035088724418787735,0.0014206939213753458,0.3741745043683243,-0.6205934483129187,-0.04953000049520101,0.00024363655493683952,0.08,524.6501586589753,506.6822952906573,741.0108921655641,753.5324740111595,0.0,0.0,0.0
2.184,-1.9981137223326897,-16.500158097689074,1.694442773209044,0.8267146271244411,-0.010690237626595236,94.224925602564,-1.99985674874071,-16.500095191278625,1.937492695194252,125.22242809103264,-0.0008086280229004095,-0.006432242291534442,0.9572885894676173,0.006075658673104505,0.001994089218152307,0.4395635021045171,-1.132951241666186,-0.047815254751867806,0.00080476487141152,0.08,509.754775424296,492.1125690991453,730.9815318051875,743.3803240928995,0.0,0.0,0.0
2.236,-1.9968592458051462,-16.50011990173734,1.7428169570566827,0.7983036435931072,-0.023199389264699003,95.64878144474784,-1.9996499610515976,-16.50011364461093,1.9559718875095369,125.22443573220237,-0.0013109881477857068,-0.013885193762589875,0.9101087590406204,-0.019304173336003438,0.003149695256262518,0.5037175482484892,-1.6134071678433184,-0.04571146181327373,0.0015490515091533433,0.08,495.23694400699713,478.1791611274147,721.480900719643,733.6919279221814,0.0,0.0,0.0
2.2880000000000003,-1.9952924173275917,-16.500059330080283,1.7882261225233618,0.7020847288944834,-0.03183765924179077,97.26134371206746,-1.9992935353573693,-16.500124758653325,1.969444447485329,125.22738315996038,-0.00221316642578249,-0.02171346036875674,0.8468244575177473,-0.039946496269940776,0.005060988475387908,0.5664312306876392,-2.002868722065089,-0.04310645570567039,0.00233733660818338,0.08,482.93147453225964,466.7915045472972,713.7767905988117,725.6468875213201,0.0,0.0,0.0
2.3400000000000003,-1.9934679196461733,-16.499976796914474,1.8299220857182457,0.5541633482807754,-0.03195460955932927,99.05794529052514,-1.9987376120796323,-16.50012503988814,1.9790811110268332,125.23075622155157,-0.0035210684887313423,-0.028960537604605274,0.7704373780641177,-0.05476272114726884,0.007744441551047492,0.6275016816732025,-2.2695268843926097,-0.04003918234612547,0.0029896324029513393,0.08,474.04045764553683,459.1125682268978,708.6057410008568,719.9306938621257,0.0,0.0,0.0
2.392,-1.9914555688865114,-16.499873748973602,1.8673498951959593,0.37434090745483395,-0.019086274074065674,101.03341997614804,-1.9979443763634182,-16.50011126470001,1.9858613204030369,125.23499659657884,-0.005153507744052566,-0.03482170303322343,0.6850057945750656,-0.06265893418610063,0.011081887212915881,0.6867851622548162,-2.4041149377741045,-0.03684656861682655,0.0032838480336052486,0.08,469.1625594950078,455.5156320190657,706.202249203468,716.8053960602457,0.0,0.0,0.0
2.4440000000000004,-1.9893323040455926,-16.499751848340292,1.9001802037415505,0.18450764698900474,0.009830834309842842,103.18220478631285,-1.9969064013398024,-16.500081418428717,1.9905620541967308,125.24428132499972,-0.006937527837196622,-0.038742230011175535,0.5950038758185989,-0.06335256991197122,0.014638360211933968,0.7442016990500483,-2.415042331162558,-0.03391907310845787,0.003074874617627122,0.08,468.2702709923069,455.7193751425797,706.389301392973,716.1668414612524,0.0,0.0,0.0
2.496,-1.9871755476146005,-16.49961190522093,1.9283102978949511,0.006080804973959566,0.055568793397466114,105.49867285022823,-1.9956308890729033,-16.500034033543482,1.993777241743015,125.24896880879469,-0.008631119358738292,-0.040485948574322445,0.5046724407779472,-0.057446252255512295,0.01784831055468067,0.7997706759929633,-2.321467719344602,-0.03161155785673203,0.0022809208561716905,0.08,470.87935425385086,459.020197824515,708.7339073735778,717.6675770632588,0.0,0.0,0.0
2.548,-1.9850576992284303,-16.499452715702166,1.9518369693089732,-0.14279123266941282,0.11609411495015816,107.9749258751493,-1.9941611284738316,-16.49996948219576,1.995948373820355,125.25400644281912,-0.009965692198716403,-0.04014480834724087,0.4175810758673187,-0.04651844313473162,0.02004963406350096,0.8493947913702131,-2.1471843053203234,-0.03014410589764379,0.0009440879770471252,0.05695978878340162,518.5713759767665,507.8755342594056,682.5061352046379,691.0161073022829,0.0,0.0,0.0
2.6,-1.983042185240289,-16.499270371142988,1.9710056495835984,-0.28059415097188456,0.18587842714163155,110.4718120572083,-1.9925164574084375,-16.49988637129146,1.9973963845320741,125.2588736767493,-0.010625934704230039,-0.03820747511207227,0.33607194949402125,-0.054692545221649236,0.020199418905655846,0.8247763402632075,-1.9125437361636983,-0.019832769116872994,-0.0007039396479434478,0.013645990028837908,594.4130538717322,587.8821505104526,629.0919860492488,634.7825169245862,0.0,0.0,0.0
2.6519999999999997,-1.9811924407608672,-16.49906256037922,1.9861778226386662,-0.4831758282125152,0.2565770219271381,112.83991513429002,-1.990745320438786,-16.499784251260532,1.9983502602015535,125.26309432342619,-0.010358849987535815,-0.03503210197439846,0.2625318609028095,-0.08205742045644708,0.016928203670137986,0.7727373819997653,-1.6449786046890926,0.002351655333104271,-0.002128603542137844,-0.017051060257351938,642.9391418343569,643.0043575356051,593.2285615309546,591.80708387963,0.0,0.0,0.0
2.704,-1.9795947690789386,-16.49884022282802,1.9978240881422094,-0.7454797983021829,0.31958140683220454,115.0263456172405,-1.9889076939269905,-16.49966302257937,1.9989707584948548,125.26719405772421,-0.009094577475182292,-0.029960226339644326,0.19853381301413822,-0.094997323574379,0.010588256083717601,0.7067642920895619,-1.3696222160194647,0.02391688025507477,-0.003233630760781766,-0.039064653518784825,676.6366219566075,682.3589017057319,569.2257694658385,560.1873284270038,0.0,0.0,0.0
2.756,-1.9783559275065787,-16.4986327939809,2.0064490315904617,-1.0012200414902852,0.3673697809950399,117.00027000391249,-1.987046146373623,-16.499520390263594,1.9993691106817555,125.27030806371418,-0.006896760965619716,-0.02245893198701321,0.1443587712006998,-0.0831290423307243,0.002637341458366727,0.6322815954354355,-1.1016327681313365,0.038562733790332954,-0.0042581305858290786,-0.05351679063170489,699.6859296646253,708.842966902699,555.3504545200627,540.660896846716,0.0,0.0,0.0
2.8080000000000003,-1.977577858416651,-16.498481365662244,2.012550109799354,-1.186432299376629,0.3936818001291128,118.7468897011788,-1.9852341702793883,-16.499360219727823,1.9996212543378067,125.2725390358518,-0.003947526694112821,-0.012785907071846694,0.09970875529385156,-0.0526685355381323,-0.0058814100518274496,0.5549994507621547,-0.8514161779921162,0.045677850123006264,-0.00518556844390233,-0.06224760428534215,715.3328778026873,725.8963701845158,548.9190729790097,531.2140455126257,0.0,0.0,0.0
2.86,-1.977332033095278,-16.49842685417168,2.0165965960550283,-1.2650632592830195,0.39356609940261794,120.2635332122406,-1.9835513785620464,-16.49919136389218,1.9997783763274568,125.27371786766764,-0.0005283542270608629,-0.0018244723864784464,0.06390002348046797,-0.014040152028585998,-0.01445505653669991,0.47793537261867824,-0.6255106376260005,0.04685448128916248,-0.005723937521066106,-0.06635309792113307,725.0556565115943,735.6426408176518,548.4071211398074,530.0771385879998,0.0,0.0,0.0
2.9120000000000004,-1.977644024777477,-16.498500012855583,2.0190170855712957,-1.230019461178325,0.3641425646605871,121.55622423049968,-1.982070106977498,-16.499027229448767,1.9998745549770065,125.27353528710725,0.0030110225979175886,0.009300347698946717,0.03599596474710916,0.023882073399865623,-0.022649483964044127,0.4040000286385478,-0.42724504640051386,0.04407468863415956,-0.0055469742815238265,-0.06686537828305122,730.0165560010835,739.8715713386241,552.3141334163762,535.1579155712027,0.0,0.0,0.0
2.964,-1.978489478229081,-16.498716197987317,2.020191286802772,-1.0945323942228244,0.3056780228671836,122.63656098635951,-1.980867320554306,-16.49888773768048,1.9999321994522559,125.27193633523943,0.006297956449750829,0.019528334323855114,0.014934950509393755,0.05531134975309163,-0.029811110718314087,0.33370152673336406,-0.25755438511567724,0.03899815709367976,-0.004490028760543699,-0.06612945575116853,732.9908661375574,741.7884357480992,556.9416620843969,542.0638259476898,0.0,0.0,0.0
3.0160000000000005,-1.9797985919699213,-16.49907466018139,2.0204196744373126,-0.8702194532199523,0.2313511753246419,123.59589647821798,-1.9910879426613712,-16.49096060286495,1.999965860168862,142.88550348107572,0.009013071091021767,0.02803392438685178,-0.0027824505639817854,0.09973154623903346,-0.022577585635304445,0.37161805266865067,-0.09122395659296158,0.061008875661042086,0.3103220183801901,0.08,460.0887585245329,592.7021273765897,726.0039738083944,787.9208728592538,0.0,0.0,0.0
3.068,-1.9814593891086203,-16.49953196597376,2.0196639988124576,-0.2352935454448533,0.8114913481225107,124.94969244169911,-2.05651362233425,-16.44434498619336,1.9999848600861982,142.7301248944874,0.012598786603773815,0.03302535768440478,-0.019393219268438483,0.2517689044614263,0.42711920847386553,0.4926305482672933,0.0952344364825802,-0.3970609651057644,0.4600379241179477,0.08,524.4966977622579,546.6032008310879,646.7382506148281,860.5376660376133,0.0,0.0,0.0
3.1200000000000006,-1.9834465289272787,-16.499711229707145,2.0184565151001927,-0.31483486273168676,3.2498930348749666,126.52427386443634,-2.145109512200923,-16.381715794083057,1.9999950877655612,142.55713055506885,0.02830070657219987,0.032905490496817166,-0.023231481042590152,-0.307893180254985,1.0374126383326274,0.555324243288078,0.17073789943570516,0.11617988268268768,0.11837077710171917,0.08,495.6926132072347,577.8392980556089,762.7939683209848,763.3337261081994,0.0,0.0,0.0
3.172,-1.986433504135095,-16.498788965745558,2.0170924533704837,-1.2260506052521525,6.8116029508411975,128.24222158446653,-2.233528547895474,-16.31956365553531,2.000000203852635,142.41477723618829,0.07065469835932758,0.037447792924370935,-0.018411329255255026,-0.3067964488770628,1.2322827270475232,0.6142182615617322,0.16630301521677515,-0.21972837926299155,-0.113054577216404,0.06659956403386923,615.8052469591502,504.0786939862807,734.8978120433763,761.6970148833346,0.0,0.0,0.0
3.2239999999999998,-1.9917247049701832,-16.495802493678987,2.01560283357983,-2.1817301033478795,10.34112703166085,130.00753837611617,-2.311523769467875,-16.265039992280087,2.0000024428942704,142.30862501996705,0.143681362268247,0.04703001276428741,-0.0032982672854046822,-0.49067949585351023,1.0883008304257067,0.6149335024173487,0.06500067719434247,0.2315463121672984,-0.2128700798637171,0.028207886753356032,620.1769671231664,625.8126065684057,758.1547268505697,638.5182304413779,0.0,0.0,0.0
3.2760000000000002,-2.0006926864734966,-16.489913582396245,2.0138554886007767,-2.798958871779079,13.127911625488542,131.7088015836964,-2.376056022924561,-16.22018096781861,2.00000313965557,142.2461778860762,0.24311467523868363,0.061767207736636284,0.021353950515039195,-0.16225782744996833,0.7790513707551658,0.5884639867633239,-0.12151075466992292,0.1422124443388567,-0.21653937424749237,0.0017883260676508747,670.4189401811861,649.2425469348951,713.7707939543702,612.0327770585876,0.0,0.0,0.0
3.328,-2.014391737817951,-16.480517772783674,2.011633054091746,-2.28978674983863,14.952882672519129,133.36414912570143,-2.4277414525816345,-16.184443241495785,2.0000030702283746,142.24180701845236,0.3610222000046082,0.07456772373350119,0.049403649280509596,0.13226981207279553,0.46227707777772115,0.5497141237492005,-0.3260649727843722,0.024312765574626298,-0.1750418545178986,-0.018075664835362295,705.1747587615914,663.776956573461,663.5752496380986,604.4651693578506,0.0,0.0,0.0
3.3800000000000003,-2.0332361773731393,-16.467095348472338,2.008667651210163,-1.3526638440312266,15.900333521803963,134.94442355174306,-2.4689721809089833,-16.156057626516898,2.0000026701603293,142.3078626354105,0.489335855277235,0.07850146908273659,0.07436819123693097,0.17321607336547765,0.20232726133237794,0.5012673309978821,-0.4765395786664663,-0.01423517250259175,-0.11680711998788233,-0.03145930858889138,717.7905624551021,682.6079418518464,628.3812799226695,596.9067872579964,0.0,0.0,0.0
3.432,-2.057228445620925,-16.449298202494152,2.004730954659434,-0.5516255525482233,16.183913587579084,136.39669963464573,-2.5025733755668105,-16.132964719412236,2.0000021719317744,142.4609250255105,0.6212512601766507,0.07258517615303321,0.0935882370350781,0.09896981274051853,0.02074409908600133,0.44892086571656514,-0.5395324628346672,-0.013251177552459654,-0.059502952769657336,-0.039019745827493894,718.8066126969246,699.5202798638493,607.4976667217696,593.0122499342147,0.0,0.0,0.0
3.4840000000000004,-2.086215782336124,-16.427009948525143,1.9997108738234752,-0.05735476461462166,16.05096227825884,137.6965827180234,-2.531462103610575,-16.11301465641883,2.000001690210258,142.75697390227393,0.7517757502278407,0.05926146967034388,0.10740710845652865,0.007648686787616247,-0.08270546636676233,0.39901256289844866,-0.5147707243285694,-0.000237901564255261,-0.01391137266983302,-0.041364318627570736,714.4198555480972,710.6868802827215,599.239306095339,594.9342415060879,0.0,0.0,0.0
3.536,-2.1200208729414936,-16.40030584682466,1.9936347301520538,0.15551942267126265,15.718218379336491,138.84289912363107,-2.5579272384538774,-16.09448468795498,2.0000012737435635,143.0469206441444,0.877886150513216,0.041827040996741796,0.11812519150529602,-0.06062571855635174,-0.12349773193765641,0.3513800904873642,-0.4256103060630253,0.008371907095937606,0.01638744395147828,-0.041530362042970996,710.901774083861,717.4192848795005,597.2465772976399,599.7642708644856,0.0,0.0,0.0
3.5880000000000005,-2.158494500781628,-16.369378812197795,1.9866469541036471,0.15357378074044567,15.34210974928447,139.83534261845904,-2.5840992701528593,-16.07572641808552,2.0000009362494953,143.05455953137923,0.9982880740013963,0.02327856413182681,0.12868851087652958,-0.10722038141160684,-0.1222283774526238,0.30105930361945343,-0.3054791083127588,0.0214009188330611,0.032431220725302495,-0.0435100326295161,711.6082487538929,725.6902060724475,596.1291006031098,599.5974581716615,0.0,0.0,0.0
3.64,-2.2015343191693586,-16.334477884974337,1.9789622752398193,0.01579211784738973,15.015342457855656,140.675272563995,-2.611221646677662,-16.05576791283912,2.000000674296906,143.06381945222176,1.1129452137663323,0.006046969924079341,0.14155897909060544,-0.12744764043981455,-0.09858467841871763,0.25317975246871144,-0.18531625113245798,0.026694754991422303,0.03770948031863103,-0.04323002020922233,711.9327297841077,728.7407747072668,599.0374540309251,602.4842089768514,0.0,0.0,0.0
3.6919999999999997,-2.2490830992992605,-16.295865940657098,1.9708125951647604,-0.19670121523089715,14.776609113030121,141.37414791485477,-2.6406668823221384,-16.033530901084195,2.0000004772800226,143.07583968587045,1.2225285819637928,-0.008414167332351855,0.15807165840255075,-0.13338164564391514,-0.06802709626216853,0.20906601517357526,-0.08557937377157354,0.031112389921684573,0.03646181070491197,-0.04137573235788052,710.9111363509917,728.5611863143231,604.840569068046,606.5009529075433,0.0,0.0,0.0
3.744,-2.3011187287234507,-16.25379519264295,1.9624067153126243,-0.4400604070189693,14.62789968335422,141.94489718024474,-2.6728913030284858,-16.008692707326926,2.0000003326946088,143.1026887052914,1.3279575428847763,-0.01929654886364896,0.17843492837982622,-0.12773181819857798,-0.04010724729200228,0.16930306370779574,-0.014959862068899099,0.022170218350851843,0.016187468554122494,-0.03817602911069263,711.9565344480933,722.0138153341717,612.9068923206902,611.0691006358974,0.0,0.0,0.0
3.796,-2.3576403567946893,-16.208496154301262,1.9539078388870705,-0.6821127312291702,14.500192673390677,142.4020637653309,-2.7087457594621536,-15.980640977167292,2.0000002287007392,143.11631083601188,1.4301898621347857,-0.02628043328814858,0.20109168514496142,-0.11362369034081501,-0.06527219198709018,0.13425125204932525,0.03659708403159323,0.02497455986220197,-0.11086269381977841,-0.034623542051040325,724.6132481500506,701.9771159268378,638.6537250616602,597.3324592065396,0.0,0.0,0.0
3.8480000000000003,-2.418628722651874,-16.160191501890274,1.945443209374611,-0.8917501035554644,14.02991749628811,142.76544799899403,-2.748254766389991,-15.949457680000755,2.0000001551767568,143.13089829890515,1.5297208238246813,-0.02937670713708767,0.21677904373561013,-0.0909559371886808,-0.24112649145429668,0.10407597743668195,0.15579543223346848,0.026460808092931137,-0.16351316572551008,-0.030893425639530462,728.3896383640099,692.1142196160858,653.8814476056289,596.7695879987117,0.0,0.0,0.0
3.9,-2.4839301121497677,-16.10917064523925,1.9372046183369582,-1.0449709350715577,12.866322986424112,143.0572196054629,-2.791994214018599,-15.914812343072924,2.000000103978881,143.1437955170345,1.6237095664364127,-0.0288552986234624,0.21502151348552645,-0.06241074174473169,-0.49831695037257673,0.07839788133376908,0.43915254510319723,0.02577821319382908,-0.14860953352147716,-0.027354304210142864,726.4700045934126,693.9568900089877,661.399824868017,609.8220069686957,0.0,0.0,0.0
3.9520000000000004,-2.553144471560617,-16.05586362321619,1.9295944423374882,-1.1266931189859715,10.940078434255724,143.29325702397793,-2.839768122794443,-15.877001812404021,2.0000000688181236,143.15675284307227,1.7056354183198164,-0.025219568198651055,0.19385267022375602,-0.03138870264779124,-0.742321007436004,0.056546130052559374,0.8930667874870271,0.02436562568391413,-0.0928663556160505,-0.02405310423983018,722.3813724767672,704.3292763413355,665.62995347516,631.6533776585659,0.0,0.0,0.0
4.004,-2.6255872406224845,-16.000861967940523,1.923279351801191,-1.1354783333551934,8.408846857243663,143.48088086349838,-2.891958042064006,-15.835879284990858,2.0000000449827042,143.1674880791248,1.7678235822431678,-0.019213093941716993,0.1595873849981568,-0.0016424584089329065,-0.9111823798868162,0.03783689856553895,1.4343213712144398,0.022265398886274847,-0.01751496220038884,-0.02093953654981787,717.5576178417709,718.801098290385,668.3637989898964,657.0794653162542,0.0,0.0,0.0
4.056000000000001,-2.700310480325558,-15.94489831244746,1.9190941156653283,-1.0744862494953362,5.55668224240222,143.62132735838333,-2.9481731567658493,-15.791888937299023,2.0000000290254922,143.17757490405927,1.804374637888045,-0.011710241187462892,0.12310211509518783,0.025258372615095632,-0.9745914768267397,0.02207218896993179,1.929593406568185,0.019866591524897406,0.0612428081254805,-0.01793587229968641,711.8187152963513,732.9267686114702,669.7655696730935,681.2801751892946,0.0,0.0,0.0
4.1080000000000005,-2.7761777073299476,-15.88878810036876,1.9178560724663636,-0.9520140972520597,2.717046692941853,143.71400636099432,-3.00855828308084,-15.745052569415783,2.0000000184735853,143.18593506012675,1.813112683068659,-0.0036315694056878248,0.09579940499545543,0.04743446457335188,-0.9236441308634635,0.008992186816947852,2.2409176891874334,0.016388581435123773,0.1355753723903374,-0.01495868411672919,703.754833799824,743.240705799698,668.3914650004887,701.1129519299525,0.0,0.0,0.0
4.16,-2.851992036064074,-15.833336775359998,1.9201421019290479,-0.7790861258675794,0.22258204335286788,143.759845421192,-3.072866059882733,-15.695669346036432,2.000000011582606,143.1921450722452,1.7960129566742555,0.004192105141219892,0.08594408090796898,0.063657935942968,-0.7662390041604329,-0.001335129316064609,2.2687166480712597,0.012814875933264545,0.18651482434193623,-0.012059795432238337,693.760545195639,745.8205518789812,664.8563776974373,712.2796154373306,0.0,0.0,0.0
4.212,-2.926664222452435,-15.779225199446993,1.9261115454701359,-0.5706315923880383,-1.6599273528011536,143.76399630521257,-3.1400551959545786,-15.644588740402515,2.0000000071403607,143.1970291132149,1.758285746782058,0.011096176891465385,0.09587095016979914,0.0734136484435732,-0.5330746967874054,-0.009058073855892478,1.9848339650916274,0.009042294910423541,0.20927608960691704,-0.009274133899565435,681.5567904965865,739.3265076066123,658.7983648515502,713.6524443329353,0.0,0.0,0.0
4.263999999999999,-2.9993721507360065,-15.726909017068298,1.9354234853553918,-0.3458141121235813,-2.7738470535145496,143.73611250033076,-3.2092572735423532,-15.59249856074962,2.00000000431594,143.20108260741642,1.7066954707996564,0.0166095508549047,0.1214560809269,0.07265549537609255,-0.2636874760452476,-0.014453109894616362,1.440381354608329,-0.0160121795203726,0.2060747131664835,-0.006688874986111502,670.4604527947438,721.7877264987582,647.3360059818125,708.9039612367166,0.0,0.0,0.0
4.316000000000001,-3.0696597138545663,-15.676571416909141,1.9472779119854717,-0.1909832012175906,-3.0792627172150127,143.68781012259993,-3.279981743692785,-15.539772329357238,2.0000000025470905,143.20398316742217,1.64820649548717,0.020510004190281827,0.15442308046251502,0.03859624951888407,0.004342892832031658,-0.017860725716187124,0.7418503910055585,0.018814352866311244,0.1815926917049583,-0.004424687321864499,650.4605026267427,706.0088740775489,643.426059769398,689.346793138808,0.0,0.0,0.0
4.368,-3.1374598519171863,-15.62815364781537,1.9605521682706697,-0.0499207940383428,-2.637045768974561,143.6312884929312,-3.3513746674591616,-15.487013451597065,2.000000001458063,143.2065513193923,1.5893567335776002,0.023301958679511656,0.1858303554216701,0.05531976052327199,0.24017153054125187,-0.01903137823054681,0.012604801471388427,0.010180455498580567,0.1438892560201796,-0.0028027187253691754,638.2156736096616,682.0900644622357,633.1672950054538,671.6941824442714,0.0,0.0,0.0
4.42,-3.203012593430564,-15.58139042732095,1.9739985296719547,0.14553750497417162,-1.581465272576575,143.57495865540454,-3.422803433198273,-15.434637220818987,2.000000000800828,143.20860037425314,1.5360306848961294,0.02485156205612042,0.20882382199682809,0.06835496296500072,0.4236029919730644,-0.01925490406614264,-0.6403906950682305,-0.0010154820510202209,0.09881419951946399,-0.0015350229620711693,629.4325455522468,657.9939177490153,624.6533683720897,654.0077256589333,0.0,0.0,0.0
4.4719999999999995,-3.2667471840300086,-15.535860574510309,1.9864301163074112,0.3398766807766849,-0.09064717050027242,143.52456682387944,-3.4936396491886694,-15.38303757945511,2.0000000004136993,143.2107605383325,1.4932184073843628,0.024634467970967338,0.2200631486376377,0.06032624250934154,0.5431946465778343,-0.018900803060005848,-1.1464811843185336,-0.006344737234816527,0.05164088121103769,-0.0005931685838551416,624.0053275274281,637.5054776804736,620.3455854120103,637.6756689442216,0.0,0.0,0.0
4.524000000000001,-3.32919801088197,-15.49107354073548,1.9968690668456515,0.485809042682544,1.6368544011690886,143.4820705337158,-3.563436478683477,-15.332465020758498,2.000000000192649,143.2130099481913,1.4646320820887495,0.022630326429978663,0.21943785888984874,0.040795145723744264,0.5954761359912801,-0.018178805505002345,-1.473278606662102,-0.007308956775919482,0.006826387754046093,5.7840170552019314e-05,622.4195958729377,622.273826801991,620.3785614418456,624.6472687513244,0.0,0.0,0.0
4.5760000000000005,-3.390941245467853,-15.446536554402574,2.0046304943068987,0.5580306299046471,3.4037284665282286,143.44580384703937,-3.6315546849485507,-15.283297234191181,2.000000000071672,143.21602161847616,1.4523073258519292,0.01925414292251173,0.20888205268627255,0.007813883104379174,0.5827505865992471,-0.017319556742852633,-1.6177416627605457,-0.03071182840722724,-0.03187514128838728,0.0005482682909447021,628.0788918130274,609.0578384223409,620.4355805108535,620.0829973185579,0.0,0.0,0.0
4.628,-3.452550328016469,-15.401799812980872,2.0093470055494045,0.473507646495415,5.029417658770864,143.41052770553367,-3.698438312906064,-15.23513153904102,2.000000000009525,143.21954144568863,1.4563846664414954,0.015218723015118198,0.19130652675905294,-0.04116570137789192,0.5133782729487563,-0.016335446444900144,-1.5965107651605428,0.015531291793502038,-0.06160446744592918,0.0009840153896388721,626.1021788219834,612.1120830745809,633.5935433333336,610.2778343922196,0.0,0.0,0.0
4.68,-3.5145711342721504,-15.356498346650097,2.0109611217008863,0.3750883218426082,6.367035607404544,143.3747817301948,-3.764388473889327,-15.18766658718785,1.9999999999808822,143.22425791736097,1.4751687422784276,0.012029656546523538,0.1695187802125752,-0.0227086144865414,0.4003919408946907,-0.014456881804932662,-1.4350997477517993,0.007910455641482565,-0.07831527568389061,0.0011325555227701307,633.9950561394066,612.7631742273902,639.5813429532161,613.7140011718978,0.0,0.0,0.0
4.731999999999999,-3.5774661167965016,-15.310337903300976,2.009683483687206,0.3399105383492751,7.243017028653326,143.34017669912896,-3.829294473656217,-15.1409121169824,1.9999999999705094,143.22938057112125,1.5055679165160127,0.009633779850489077,0.14434225316150126,-0.0027504366572068243,0.19937200807820876,-0.01258299401983316,-1.148146949654407,0.0037944826651498354,-0.16105660737111033,0.0012677771582314942,653.6073783732734,606.6916033816658,658.2279022504727,609.3297506520371,0.0,0.0,0.0
4.784000000000001,-3.6415423977670724,-15.263107663020604,2.0059593125954813,0.341273187064653,7.379219446212658,143.30642957034812,-3.893110368958988,-15.094849854884739,1.999999999969468,143.2357098901018,1.5424260096849483,0.0074167417037629395,0.11169828196109524,0.0025986553964176752,-0.05302254425209905,-0.010769829284428071,-0.7097634403051726,-0.002026753664249859,-0.1064313322697178,0.0014317367108841164,656.336708207283,624.4993719701281,659.7347596038968,629.2818084059064,0.0,0.0,0.0
4.836,-3.706879721940462,-15.214745675524169,2.0004815131041256,0.33264515235660647,6.8708267673817165,143.27421288416681,-3.9566623241253844,-15.04884203511164,1.9999999999726799,143.24228509981816,1.578255694044111,0.005098114746331187,0.07605347290443583,-0.0053130193967283355,-0.23973851037259308,-0.009008171597702804,-0.1857334230671558,-0.0025710482410813565,-0.04971513723753436,0.0015880203086975466,659.4773246980411,644.4002009045898,663.1358171471819,649.6335355946547,0.0,0.0,0.0
4.888,-3.7733476267148274,-15.165349850412012,1.9941251699780793,0.29469158650049126,5.949814764583539,143.24531578469575,-4.0205629591821195,-15.002416922952975,1.9999999999773872,143.2502290690411,1.6071351290158855,0.002830712715264289,0.0445984701284798,-0.015761690537445604,-0.344866746883598,-0.007208401023426995,0.3256074207530356,-0.0011954773653827383,0.005992087234993865,0.001690769050903337,662.0066468667579,663.3673528399642,666.321535096259,668.3463107234355,0.0,0.0,0.0
4.9399999999999995,-3.8406655519266244,-15.115146636373922,1.9877992938268947,0.2305998219961801,4.858932799996399,143.22191764832564,-4.084581576814487,-14.955733922080114,1.9999999999821905,143.2583205864533,1.625940236147399,0.0008866800285413409,0.02304286807604585,-0.023598595466100315,-0.3710907702505181,-0.005412763964310149,0.7393056278478394,0.0007411167856845487,0.04665284980286209,0.0016861102731508585,664.5279526961422,677.8028703716965,669.3579631414974,682.1305734211313,0.0,0.0,0.0
4.992000000000001,-3.908474682914189,-15.064439559974492,1.982289590053938,0.10343646338587477,3.8023072536239417,143.20496948102272,-4.149337314984834,-14.908328390048025,1.9999999999864582,143.26783462012799,1.6341871298453667,-0.00047298677108321974,0.014206567013902249,-0.06460294642882347,-0.3367700654690326,-0.004109617197851306,1.002616409183129,-0.016233138991071854,0.07344586482337423,0.0017557217731767067,668.3605136645207,684.2636882643449,668.5962229798735,693.353229276577,0.0,0.0,0.0
5.0440000000000005,-3.976426085035431,-15.013568900813487,1.97814875760956,-0.12626803058125938,2.922920886323084,143.1958845577328,-4.2144620718458405,-14.86047638768248,1.9999999999899754,143.28766863730218,1.6332196632580274,-0.00034730878534216256,0.017884203311343282,-0.06777904044045803,-0.263181154900286,-0.002280795071483285,1.0998447213215667,0.02875731161414431,0.08552565364042546,0.001685444618601336,662.2218221161894,693.9064828239489,674.9160001819521,690.5472795872683,0.0,0.0,0.0
5.096,-4.044246967319433,-14.962865605910777,1.9756484801878664,-0.2354656604382041,2.3014069495318736,143.19461439265652,-4.280395063788889,-14.811861971569297,1.9999999999927374,143.29729196098896,1.6253360648095616,0.0013230064522437451,0.03152501034994646,-0.016512376932403313,-0.17007312395548246,-0.00047715051203766544,1.0472300808065356,0.013944064940074816,0.08797265714048609,0.0012586930655358827,663.2316706889828,691.5166054398662,670.6120170570293,691.0528041211628,0.0,0.0,0.0
5.148,-4.111731454236834,-14.912550652120318,1.974788682382067,-0.22832474168230554,1.9686162247913206,143.19681803124638,-4.3466470059432645,-14.762876531827867,1.999999999994833,143.30739704703197,1.6131458918084587,0.0033910748046595807,0.05138586839243333,0.01119316308878601,-0.07247499330822697,0.0006663387501315951,0.8813669530605643,0.0038367554800924214,0.08169203564005828,0.0010079027038835903,662.1645058020953,686.0169196270066,666.0248125793374,687.6491268745062,0.0,0.0,0.0
5.199999999999999,-4.178753147696584,-14.862714964223747,1.975347928628619,-0.18248025207206964,1.9150486300438603,143.2005461540935,-4.413486036629377,-14.713361287012791,1.999999999996382,143.3164001795587,1.599201717017422,0.005142894644707708,0.07355509961933561,0.01615811224984007,0.017288971187563847,0.0014290175246405707,0.6475762573926596,0.0007752565679306767,0.0702656790670358,0.0008404651949018866,659.2683310181424,679.2237661663079,661.8147514067093,681.2679286912194,0.0,0.0,0.0
5.252000000000001,-4.245282554193774,-14.813351070116756,1.976958286003279,-0.13964518663871,2.102263280506865,143.20543129367243,-4.480392655363791,-14.663746937394682,1.9999999999975027,143.32585414707,1.5857805007107602,0.00641410429213269,0.09470957373315275,0.012650127689659615,0.09113106638829024,0.0020076047902928083,0.3901055785282457,0.0008773284617346324,0.05524339240379075,0.0007246599058105679,655.8712770551739,671.7645238390289,658.1384234972722,673.4886090581541,0.0,0.0,0.0
5.304,-4.311381202887922,-14.764384616841426,1.979182772087892,-0.10936346400708806,2.472974074996151,143.21156725765067,-4.547549890520484,-14.613937592522491,1.999999999998299,143.33439921596047,1.5747565438936362,0.007278063201705913,0.1124870866476018,0.008474390857258457,0.1440155832258711,0.0024818786848497545,0.14601270479478878,0.001522104172613498,0.03952700992878999,0.0006024600571611577,652.8342234899359,664.5496950038546,654.9559265441337,665.7750885623973,0.0,0.0,0.0
5.356,-4.377178840429884,-14.71569834666367,1.9815833032928944,-0.0892945344535498,2.9611747805798596,143.21887522475564,-4.614515578859966,-14.564289288947766,1.9999999999988558,143.34353805625392,1.567510695773486,0.007851764033061101,0.12554828245802746,0.005528168628191847,0.17423923393773613,0.002866752071268558,-0.057609184279424186,0.0019498829159150847,0.024103031246736628,0.0005005061666051617,650.7003198998275,658.184139985251,652.6666576682162,659.0166733388911,0.0,0.0,0.0
5.4079999999999995,-4.442845760866181,-14.667151616609601,1.9837764272811456,-0.07604297110257308,3.4996637445247867,143.22723638612393,-4.6814690100717735,-14.514688015572915,1.9999999999992397,143.35191466416268,1.5648736203461984,0.008225199996394112,0.13353673386143078,0.0035406795578950823,0.18233536277799112,0.0031638858740652884,-0.2050215149878578,0.0021272802662761223,0.010929382473392618,0.0003931896026471797,649.583544954429,653.3512582051536,651.3033203188849,653.839014483658,0.0,0.0,0.0
5.460000000000001,-4.508567198037426,-14.61859735264623,1.9854675928206373,-0.06774226902963906,4.02709780008532,143.2364527207374,-4.748116682193419,-14.465359725428419,1.9999999999995013,143.36100253326686,1.5671095988352104,0.00846210621300517,0.13679053043960868,0.001969105920075602,0.1710252686662273,0.0034072869185841938,-0.2901123656131228,0.002248279225194081,0.00035269844902999226,0.0003021438303901628,649.5025787940993,650.2549681064005,651.0019078168766,650.4542855705388,0.0,0.0,0.0
5.5120000000000005,-4.574522448700235,-14.569896316003836,1.986469416932175,-0.06360482404782054,4.491992043412763,143.2463340404564,-4.814666460655517,-14.416154155141713,1.9999999999996767,143.36944107149066,1.5739538433111453,0.008610428412650951,0.1360811605864663,0.0006089791867701283,0.14415211316752397,0.00354508907999714,-0.3144262976643819,0.0023517005667310284,-0.006548621932228459,0.00022232981010482985,650.2459584439091,649.0314591035252,651.54953255613,648.9764420996446,0.0,0.0,0.0
5.564,-4.640868798691285,-14.52092845146678,1.9867036912903193,-0.06314330225548434,4.856898633119695,143.25669466504453,-4.8809853199694935,-14.367167958792386,1.9999999999997933,143.3786746792128,1.5846944935686935,0.0087121973316858,0.13242294974358962,-0.0006016552690512194,0.10667475810957572,0.0036591238604533178,-0.2853668081319729,0.0025131505898119836,-0.010009652765958936,0.00015737038287762933,651.6377634288428,649.4714901287109,652.8031764821319,649.1868949819958,0.0,0.0,0.0
5.616,-4.707730089198962,-14.471601007409852,1.9861919989046062,-0.06581278100628202,5.098999541765637,143.26740958385912,-4.947287275284323,-14.31823995158347,1.9999999999998697,143.38731540498168,1.5983024537224964,0.0088028599495207,0.12686812772090716,-0.0015827889081577351,0.06368784018651465,0.0037088311163193366,-0.2138940571460981,0.0026730435055077797,-0.00983467655473902,9.630061312369061e-05,653.4025333727195,651.3387885875223,654.4401752415966,650.8373463668815,0.0,0.0,0.0
5.667999999999999,-4.775189486003482,-14.421853531069143,1.985038029566681,-0.07091992262075318,5.211204240862193,143.27837492462942,-5.013570492222138,-14.269367108938622,1.999999999999919,143.3968121926202,1.6135756120249138,0.008912712334314635,0.12045616423604469,-0.0023178463155573955,0.020247071413698414,0.003745666167773535,-0.11346843793255346,0.002868282597640069,-0.006723996200181994,5.2066390007283114e-05,655.3004016134136,654.1933453846378,656.2677693244904,653.5142310584788,0.0,0.0,0.0
5.720000000000001,-4.8432865508863525,-14.37165959366399,1.9834058385281246,-0.07766190657829777,5.199990385382449,143.28953453462762,-5.080003598688019,-14.220421154868227,1.9999999999999507,143.40571703663105,1.6292929272077998,0.009063729197157958,0.11409030272272591,-0.0027579078916407,-0.019219097124705493,0.00374558095606605,0.0018497911170172188,0.003032311600294652,-0.0012425521641216321,5.154768912885672e-06,657.1315409306651,657.6433542681368,658.0127694110325,656.7903227937263,0.0,0.0,0.0
5.772,-4.9120181539699255,-14.321025606693967,1.981491858810531,-0.09670833225648977,5.083703550005984,143.3006823394257,-5.146674723467788,-14.171333913241455,1.9999999999999707,143.41550436612212,1.644347088212242,0.009261506219169128,0.10850796880171827,-0.017336132577431503,-0.05125723430912375,0.0035549388512389492,0.11858179347565412,-0.027926793496758726,0.00623637167964426,4.471146101679355e-05,662.9571643523591,656.7777168990117,655.1149928794326,664.8461680282632,0.0,0.0,0.0
5.824,-4.981349740688994,-14.269994712109185,1.9795024197330282,-0.24262841322797957,4.889536814405708,143.3109069948036,-5.213823329374987,-14.121927179894694,1.9999999999999831,143.42543283939514,1.6578476598763348,0.00981720951420643,0.10436950450428398,-0.060368500766212654,-0.07327281826546274,0.0032410536678163285,0.2236774859696169,0.032254743928621196,0.013358117376198596,0.00015013423764904704,655.4588579732821,668.4130311067242,665.0582006031132,659.695079323384,0.0,0.0,0.0
5.8759999999999994,-5.051244588683444,-14.218668194377438,1.9776297724010277,-0.34562530101834926,4.647889392912432,143.3230023004709,-5.281716359597567,-14.072005281403218,1.9999999999999905,143.4346063438353,1.6691947460752317,0.01172252691707323,0.10200917681436135,-0.013239056915478945,-0.08494379734869217,0.0038691532059175137,0.3077210539968942,0.020221513024367997,0.021559545030708793,-0.00013579989999798416,658.1679818542935,669.9955706387557,663.5447130760381,663.9236881542143,0.0,0.0,0.0
5.928000000000001,-5.121638724206334,-14.167149573857673,1.976035280679251,-0.30748806815055774,4.391761181673674,143.33646087289924,-5.349680691930884,-14.022067748446334,1.999999999999995,143.44353584236842,1.6780855193988724,0.014192130106064849,0.10163482126999575,0.02547158037621496,-0.08530454053334646,0.004049642260931842,0.3635126539376864,0.005934660712624867,0.02752254827302656,-0.0002937841996284935,660.6948665333615,670.1470378227731,661.5701253038771,667.6763526563162,0.0,0.0,0.0
5.98,-5.192425261117965,-14.115498794834588,1.9748346276224025,-0.2089536814046747,4.15089097833558,143.34935497079746,-5.418058264792851,-13.971880673884337,1.9999999999999978,143.45282229752928,1.6845258157498137,0.01612682821887243,0.10317779139686237,0.034518868123625604,-0.07690126456074872,0.003871244163540679,0.3880131237549358,2.50820853991314e-05,0.031823356667368144,-0.00030427671229706164,661.3739083492526,670.3655136128991,660.5395602530419,669.5282854177455,0.0,0.0,0.0
6.032,-5.263484109140711,-14.063748678697158,1.9740889674902482,-0.11406748611064865,3.946676392545478,143.3609329702437,-5.48673511143816,-13.921545281930676,1.9999999999999991,143.46109515018765,1.6887675050622395,0.017166172372186966,0.10629137571315013,0.028562360184832002,-0.06223236982874919,0.003575084101328461,0.3826446983766516,-0.0008036476854741247,0.03418886353251776,-0.0002662378569456107,660.8977740796932,670.3268942971876,659.9321213558306,669.8260954542026,0.0,0.0,0.0
6.084,-5.334708509376956,-14.011922707269456,1.9738054431419465,-0.04451721249021836,3.7933227919435692,143.37136691220695,-5.556017307579744,-13.870853553710479,1.9999999999999991,143.46992172561988,1.6912272305260074,0.017416391929602922,0.11048136819058381,0.019420976085864478,-0.04387401952905134,0.003336268051728864,0.3519978911084496,-8.544789299402486e-05,0.03540321316589506,-0.0002143006838270364,659.809471444787,669.7965526897365,659.1911536907958,669.2354700857463,0.0,0.0,0.0
6.136000000000001,-5.406017527940574,-13.960039864612664,1.9739437372724324,-0.0005900550595198921,3.6982659015750996,143.38102589112373,-5.625864610346334,-13.819838774218104,1.9999999999999991,143.47877201711873,1.6924162397283282,0.01711485345938523,0.11519670553588694,0.011453145051382577,-0.023688941545367513,0.003162769169096763,0.3027368064046638,0.00064838612459347,0.035433198221363475,-0.00016955501797221687,658.5069726530032,668.7282702962999,658.2213614744137,668.0822274937099,0.0,0.0,0.0
6.188000000000001,-5.4773597576788555,-13.908113312861762,1.9744264963692673,-0.016085980686295357,3.6645943761526554,143.38973844057756,-5.696413244298364,-13.768396315945822,1.9999999999999991,143.48708586310266,1.6928845207389593,0.016469454350776045,0.11997065190065519,-0.028179062904152154,-0.0028371235016771837,0.0026309280981311493,0.2418850250313438,-0.021443511391664588,0.03501684802876413,1.2185412015792855e-05,660.0990345335965,663.9533724412067,653.9976179510456,670.0306157706777,0.0,0.0,0.0
6.24,-5.548726061165425,-13.85616515870197,1.9751519273179632,-0.201680286476521,3.6919499405830316,143.3967697438377,-5.766748999347688,-13.717176137829219,1.9999999999999991,143.49559736192492,1.6931878159037574,0.016252939362713797,0.1245174781160295,-0.0792023369947349,0.016875624767740988,0.002302921082034283,0.17547761183982602,0.005677775707117638,0.031357324798607894,0.00015898277212076034,655.0739147027626,665.6173120948694,657.1436573222434,664.4492931796341,0.0,0.0,0.0
6.292,-5.620169890186981,-13.804255161026248,1.9760060918460338,-0.3982491323031617,3.7699934890513123,143.4043537621425,-5.837462978113885,-13.665734445733076,1.9999999999999991,143.50498951963993,1.6938556915085414,0.01783524364168418,0.12840527809767538,-0.04006552908113236,0.03163487684161036,0.0030764329764883316,0.11137548714103729,0.03764617874582735,0.02713462281399169,-8.2924603232291e-05,650.0122328429384,668.4851459680953,660.5808632564759,657.5826255022921,0.0,0.0,0.0
6.343999999999999,-5.691763374668162,-13.752429980921196,1.9768741490932307,-0.38038766252781325,3.88161346775373,143.41413115352898,-5.908036981520419,-13.614439971451958,1.9999999999999991,143.51349377224258,1.6952997322552938,0.02079312192543348,0.131198438187556,0.031735300308742706,0.04061198336271048,0.003720115788085474,0.05751073966823017,0.01189541696481963,0.02298419676938685,-0.0003418696597912189,653.5190728887007,663.4766947195226,655.9800735235857,659.1502490537824,0.0,0.0,0.0
6.396000000000001,-5.763538768642078,-13.700657304894495,1.977655359809519,-0.23094761616371054,4.0093948405260615,143.4246428082423,-5.978478912814992,-13.563295583364482,1.9999999999999991,143.5296935034726,1.6977696787780139,0.023275952412782543,0.13274852521155292,0.0561110808258344,0.04353411142028736,0.003682641871555761,0.01855675146615643,-0.038875846261493166,0.019450980543830196,-0.00021359593852119264,660.2878762005533,654.7340360366871,648.5233685442965,665.2161013934053,0.0,0.0,0.0
6.448,-5.835499113955344,-13.648853436167807,1.9782722000289135,-0.13407892601229346,4.135891901056897,143.43401666406064,-6.0493079206654485,-13.511944719424694,1.9999999999999991,143.53756028830017,1.7013547912606346,0.024351658194300997,0.13311056635197457,0.004142979078851549,0.04117051680532571,0.0028484675524594457,-0.003543452642548184,0.01533224850790315,0.016281362236202433,5.4137110990629556e-05,652.1606150632016,661.2107467894408,656.7161086394862,656.9877457626072,0.0,0.0,0.0
6.5,-5.907660821199262,-13.59695333066257,1.9786757650810425,-0.15937376073619033,4.248044516549293,143.44220698553767,-6.120730409808879,-13.460254926920854,1.9999999999999991,143.54479135540572,1.70599282923496,0.024868461267430312,0.1325106268874165,-0.0022879890814128958,0.03484048036056088,0.0029435588453535673,-0.009433437230926822,0.01949445036482072,0.015583279321049972,-3.687335219985065e-07,651.6529183362414,661.6949146210264,657.2516733605137,656.1320201488106,0.0,0.0,0.0
6.552,-5.980062196627319,-13.544931811255736,1.9788467436238164,-0.10656213125649618,4.33768761163966,143.45140179736336,-6.19202881565236,-13.408745611284887,1.9999999999999991,143.55258617860298,1.7115121289052975,0.02551604057526214,0.13115667809155804,0.029057000548296304,0.026741784393410385,0.0031956262750434962,-0.0005227011318604813,0.005813248273336114,0.014883677822874707,-0.00012023737710809153,654.1293219246379,660.0506530086734,655.4626553059122,658.0589797678939,0.0,0.0,0.0
6.604000000000001,-6.052718620533466,-13.49274906440739,1.978793031510741,0.001867722776280765,4.4006340973341285,143.46088511400905,-6.2633979292738,-13.357274081005697,1.9999999999999991,143.559812708442,1.717680714962287,0.025570442129050092,0.1293915984979339,0.03791534623118405,0.01684604429939047,0.003120807322619202,0.019588779670512535,0.000716240593564425,0.010866052868517204,-0.00014017090516956583,655.9424149432558,659.2535161008076,655.7570534544506,658.6603610258151,0.0,0.0,0.0
6.656000000000001,-6.125621194429316,-13.440352651358054,1.97854442508504,0.10928151170540623,4.42547419612711,143.46998306221755,-6.335186642360705,-13.305582320518186,1.9999999999999991,143.56788256256775,1.724232054781647,0.02466184371160559,0.12727527628529406,0.033660725720964804,0.0019528624336052635,0.0029668869927499146,0.04937366696782508,0.0002739229138447215,0.00941061675819835,-0.0001068216117118422,656.8448486321047,659.6107780832288,656.6259437899918,659.2365832283057,0.0,0.0,0.0
6.708,-6.1987472155658985,-13.387699801730822,1.9781481856376546,0.1985430864473067,4.400643001615335,143.47852286125524,-6.407498768797609,-13.253581935362789,1.9999999999999991,143.57577394692973,1.7307922028120195,0.022854878330848694,0.1247280161345971,0.027040507998482705,-0.015193464899786796,0.0028192689678209143,0.08811266300928278,0.0004174316360443294,0.011452302663077884,-6.798664067117076e-05,657.333220622611,660.7191404862928,657.2635441676327,660.4122134465508,0.0,0.0,0.0
6.76,-6.272061736781266,-13.334767353402903,1.9776672529313306,0.26794613403443107,4.328034517983878,143.48646322542572,-6.479628170892455,-13.201757632645128,1.9999999999999991,143.58501048201947,1.7369077755072184,0.0203297290424399,0.12200159749263248,0.020438868975810102,-0.030077508473171234,0.0027190715959564474,0.1313348428750345,0.0004766641112773553,0.01414680300453732,-6.768110584901357e-06,657.7880950979712,661.9541938567734,657.9055046414059,661.8001166780621,0.0,0.0,0.0
6.812000000000001,-6.345518640150579,-13.281552308835318,1.9771743601361251,0.3178551722930919,4.217559818631025,143.49398729495596,-6.551956617606514,-13.149806858387638,1.9999999999999991,143.59433354873198,1.7421711148674486,0.01726931685759763,0.11945992213885141,0.013947496821422437,-0.04121641582960639,0.002714100528108304,0.17315430580581026,0.0005492104200451303,0.01776611879656101,3.049990658592094e-05,658.0946504957794,663.3059803245542,658.3362086154125,663.234370647896,0.0,0.0,0.0
6.864000000000001,-6.4190638430888844,-13.228069208454205,1.9767425653129718,0.3486184384244096,4.082393342588068,143.5013403682267,-6.624736884739197,-13.09751506252944,1.9999999999999991,143.605430665675,1.7462803349887275,0.013850577118343418,0.11740199340488082,0.007610902110511575,-0.04738112771798286,0.0027777331643209237,0.20830687938141024,0.0007706947332159959,0.022203777585029044,8.251053475763904e-05,658.0842774888936,664.6148733934536,658.5334647724969,664.6238044718523,0.0,0.0,0.0
6.916,-6.492639905006425,-13.174346422464124,1.9764365131330632,0.36125554909601504,3.939763578619723,143.50880977425837,-6.69791902037074,-13.044884572765064,1.9999999999999991,143.6166817436952,1.749067889011362,0.010244227815790253,0.11610148677945267,0.0017528866801056506,-0.047270703030035485,0.002861333710061692,0.23204162460315825,0.0011521114846114824,0.02640131797378307,0.00012810069270556492,657.8379565612113,665.6653823937096,658.5227851350672,665.691770895628,0.0,0.0,0.0
6.968,-6.566191894960107,-13.120421165014854,1.9763035199524277,0.3578693895866058,3.808315150034945,143.5167305487418,-6.771266399339456,-12.992053435578388,1.9999999999999991,143.63001296452316,1.7505330163945465,0.006607174509875071,0.11574165054821901,-0.003251932485012565,-0.041283635234726106,0.003038155121615447,0.241044089520299,0.001687263290566674,0.029336589105888024,0.00017312978329784537,657.428087470606,666.2402981245613,658.3912178917196,666.2392028638274,0.0,0.0,0.0
7.020000000000001,-6.63967346366557,-13.066333717794071,1.9763671150038908,0.3416544635782956,3.7027126156516115,143.52540079113967,-6.844768393538811,-12.93900156638375,1.9999999999999991,143.6433952190919,1.7508377615822888,0.0030714377748167427,0.11630886184917828,-0.007075437170413186,-0.030964620755884,0.0032364153887815077,0.23468667833188817,0.0022554816236914363,0.030920222536401976,0.00019624652465581507,656.9054767331598,666.3319817778839,658.0959360221542,666.2339826033007,0.0,0.0,0.0
7.072000000000001,-6.71305135299347,-13.012122158207463,1.976624340315621,0.3163697171913321,3.6325967467089124,143.53493321701492,-6.917861348935563,-12.88611796545049,1.9999999999999991,143.65904881542696,1.750263367097313,-0.00025881797657582514,0.1176275608112329,-0.009607398486545545,-0.018391551692804726,0.0034700147325277568,0.2147738826474499,0.00282050937696379,0.030164448533932,0.00023508541764434739,656.4073973367854,665.787096966898,657.8681889066737,665.6360968157293,0.0,0.0,0.0
7.1240000000000006,-6.786307743956588,-12.957818306768374,1.9770476577854965,0.2859162551569667,3.5992289393958483,143.54551666470323,-6.991087518463042,-12.832989269567822,1.9999999999999991,143.6745294504593,1.7491561490906171,-0.0033197018236037793,0.11934358701244008,-0.01084832647535666,-0.006497654240860511,0.0037558415849448822,0.1856460140603715,0.003322046088077133,0.029043401680579773,0.00023029958333139274,655.8391809218821,665.0517972975175,657.4313556125772,664.7456526590543,0.0,0.0,0.0
7.176,-6.859439691643454,-12.903445818803435,1.977591000837477,0.23658941771467176,3.598762617998373,143.55692953122454,-7.064655912270472,-12.779451451365,1.9999999999999991,143.6923552272806,1.7478507452148233,-0.006091942981532839,0.12106621014969968,-0.030634954148695676,0.004033835327920701,0.0038002852201109044,0.15259534816214315,-0.026679347521395877,0.02873310617876482,0.0003426847461413434,659.2780413421158,659.8634058443159,652.5866448826891,668.3587928703857,0.0,0.0,0.0
7.228,-6.932464639987519,-12.849030383621917,1.9781978745364832,0.05435286918557175,3.6282039122849534,143.56800131396656,-7.138254136061642,-12.72573161069863,1.9999999999999991,143.70973938383725,1.7466375941344108,-0.008203126751014412,0.12256424308040212,-0.0682809461173908,0.013567348869864205,0.003908961795364299,0.11968652644671107,0.034085325760240814,0.02658431281453138,0.00043003264610053907,650.0114329680049,667.3272230772827,660.9859842961777,658.8491612093479,0.0,0.0,0.0
7.280000000000001,-7.005438084200908,-12.79462644693159,1.978809750890614,-0.06038585140216072,3.6815442486685024,143.58152135653756,-7.211944991891741,-12.67178586028306,1.9999999999999991,143.72939230083495,1.74577136097833,-0.008677081359643372,0.12372417764156662,-0.015674167796615547,0.020460501290894263,0.004975153282119184,0.08989901172402148,0.020303671334329712,0.025071652811254196,0.0001698577140581113,651.9345102779843,664.8901874656297,658.2350677613349,659.595394887392,0.0,0.0,0.0
7.332000000000001,-7.078409654825283,-12.740262394418632,1.979372411420471,-0.028600626240219758,3.7512261645686213,143.59733808632174,-7.285445596092699,-12.617837292673894,1.9999999999999991,143.7479176910731,1.7454408033813622,-0.008438570549353661,0.12446716768879836,0.02334786563233862,0.02501473452803387,0.005519530382334265,0.06573795366855317,0.0062149826709566956,0.023010766974981126,2.7398861250208396e-05,653.9426406881473,662.2909977401056,655.80322494961,660.6003338997866,0.0,0.0,0.0
7.384,-7.151397249316499,-12.685911410166225,1.9798401980109845,0.06399562334731924,3.8293626715179316,143.6141069822493,-7.3584132617415845,-12.564164996021486,1.9999999999999991,143.76823008821515,1.7457658480822418,-0.008641851524695815,0.12475395779678962,0.0326578787409479,0.02649926067174089,0.005692874496068259,0.049049811879479766,0.0006606926625803075,0.020097812862086464,3.485792222670311e-05,654.8048089675929,660.7376070786188,655.0917338544177,660.646054067672,0.0,0.0,0.0
7.436,-7.224404399937742,-12.631521151493672,1.9801799101833748,0.15543493284329332,3.9049448426678195,143.63133372313848,-7.4314506384810235,-12.510352733994942,1.9999999999999991,143.78729207127526,1.746788916392599,-0.009686912805645018,0.12451509391075048,0.027751808662569794,0.02414692121093892,0.005746078220026573,0.04158121182527119,-0.0001296241689995592,0.018274442839888796,5.081971280590297e-05,655.0209913052161,660.208031220144,655.1255970105467,660.3856193869632,0.0,0.0,0.0
7.488000000000001,-7.297433553887552,-12.577039754121389,1.980373544190712,0.22520572897760122,3.9682306395593994,143.64880308568365,-7.5042430824254565,-12.456657691132266,1.9999999999999991,143.80853176161315,1.748452071521561,-0.011498196933075815,0.12375300469650248,0.01979545224393725,0.018936159144656673,0.005828019577783686,0.0438904699710605,0.0004579277613256088,0.016889251642850846,9.558167965897902e-05,655.1510926279174,660.109991374821,655.5490463345457,660.2442369907866,0.0,0.0,0.0
7.540000000000001,-7.370488699681608,-12.52242663228801,1.9804198849837717,0.2725182083922017,4.012353538892822,143.66666485650967,-7.577250678904026,-12.402753540108488,1.9999999999999991,143.8288917918735,1.7506154588882925,-0.01387126681948556,0.12256405125700445,0.01271471582146555,0.011935085961570287,0.005946269204536733,0.05507985418445549,0.0010951277304516605,0.016889310206831345,0.00010153841815480091,655.3206071757413,660.4596453823318,655.9177151726628,660.4289477277739,0.0,0.0,0.0
7.5920000000000005,-7.443573398485887,-12.467654767041239,1.9803337645882406,0.30124912313832775,4.035364139539881,143.68500774112823,-7.6507646841742165,-12.348426587742246,1.9999999999999991,143.85197223292045,1.7530866784899601,-0.01660636796370561,0.12114914573222046,0.007004624039381376,0.005080383298661334,0.006141323140686041,0.07271435125755876,0.0015687093622597206,0.018390623535460282,0.00012516835574100105,655.4090062544808,661.10917224542,656.2075591912434,661.0091651584917,0.0,0.0,0.0
7.644,-7.516689017321347,-12.412709737483889,1.980142791636383,0.3149580363520196,4.040964764991044,143.70383831121887,-7.7240630613290495,-12.294206967002092,1.9999999999999991,143.87435160950795,1.7556699885884548,-0.019539152122714946,0.11980025141022455,0.002339528055765031,1.85441053178185e-05,0.00633246378065862,0.09305762659882055,0.0019418743953675977,0.019224640375864292,0.0001261011178507207,655.6922244814712,661.73298647842,656.5998798531226,661.5296141555511,0.0,0.0,0.0
7.696,-7.589834847463576,-12.3575874516592,1.9798817059690679,0.31634168724716366,4.033905182232197,143.72332704974988,-7.79706883484511,-12.240141032979965,1.9999999999999991,143.92465909432306,1.7582150419304252,-0.02254127434190182,0.1187426304025494,-0.0014630219224429706,-0.003876082946593207,0.006591024982233487,0.11279757355512743,0.0020786597708982294,0.019407582564846208,0.0006543088467828306,655.3485298039346,661.4833027597033,657.7653386706052,662.6994968464915,0.0,0.0,0.0
7.748000000000001,-7.663008829726498,-12.302291934699666,1.9795863810344316,0.30739988088313197,4.015751523494448,143.743620599305,-7.870134052923694,-12.185954872708045,1.9999999999999991,143.95288883264695,1.7606148472914955,-0.025511558175450838,0.11800103198931247,-0.005051316896588629,-0.00756600426873655,0.0068484691035625295,0.13054883052764743,-0.040756895125631354,0.018943698503521206,0.0007200083045554545,661.8246646424639,655.5993388682563,652.1657526226842,669.1536326046673,0.0,0.0,0.0
7.800000000000001,-7.736208440757837,-12.246835391385336,1.9792895986817591,0.21743830391106267,3.9853813576887367,143.76385271924363,-7.943171518727011,-12.131701660848886,1.9999999999999991,143.9802352588862,1.7627770624209602,-0.028350845256269568,0.11743551520554381,-0.05942414310676486,-0.011995771908809984,0.006569108859158945,0.1466367486514184,0.021417406179782536,0.017889502213665497,0.0009617267626083573,653.0944453488296,664.3124930235865,661.8918279025798,660.8890674864799,0.0,0.0,0.0
7.852,-7.809449143649311,-12.191264067048664,1.9790204926761248,0.013040421177229809,3.9404888748911424,143.78471578511537,-8.016507016242768,-12.077128689385699,1.9999999999999991,144.01108663450998,1.7645967700244671,-0.03003805286306558,0.11686073283622803,-0.05842110490096718,-0.017137089082086485,0.007390928103147188,0.16194649936132954,-0.014396435748489717,0.019836633392178372,0.0008663425875665043,658.4036578164953,659.9551492943045,656.6960569787366,666.4238645247268,0.0,0.0,0.0
7.904,-7.882766428083852,-12.13566241946638,1.978805921088293,-0.1667759366119548,3.8830971855764673,143.80776151016136,-8.090246063297183,-12.022153465988154,1.9999999999999991,144.0402733433288,1.765949988808974,-0.030068073302030558,0.11635660160549796,-0.06999050265857466,-0.020212529102394575,0.007668153200719387,0.174835177729189,0.03880400265231129,0.021605292967810722,0.0008883101960360169,650.7466911179612,667.9701573550639,664.3104437916109,659.4254630334782,0.0,0.0,0.0
7.956000000000001,-7.956188604696193,-12.080114160540568,1.978669080191597,-0.31093756828873403,3.821829165484455,143.8329752656319,-8.16391288962541,-11.96714360960574,1.9999999999999991,144.07215904890484,1.766751795766051,-0.028477799107080003,0.11609437648834323,-0.02358372350705149,-0.02054649026651658,0.00881202609275187,0.18288048192545503,0.028315534458299013,0.023458516316816284,0.0006097626931477595,652.5432727441392,667.292208607101,662.3352922074137,660.9552802536214,0.0,0.0,0.0
8.008000000000001,-8.029728215745447,-12.024684408409108,1.9786265132702574,-0.27345735954094347,3.7639640453312695,143.86125213182606,-8.237754902568167,-11.911939912389714,1.9999999999999991,144.10143819731528,1.7669928593725395,-0.026020955071226697,0.11622392347867046,0.030816161645560686,-0.01833619451033839,0.009577380547786236,0.18408110259482124,0.00795227478951658,0.025114130120211416,0.00035201024805399514,655.5953329118652,665.0095115419549,658.8490198453661,663.7278047288363,0.0,0.0,0.0
8.06,-8.103354832943547,-11.969376780406682,1.978684143090855,-0.14599794802486862,3.7169008803573913,143.89047368908516,-8.311483146174231,-11.856799165732255,1.9999999999999991,144.13289996715415,1.7667322365409668,-0.02417745575288095,0.11669471287990899,0.04520352848045716,-0.01393216888422274,0.00979227927222177,0.17873793432286278,-0.0012312093459485897,0.025705446816375058,0.00031671026062343515,656.7354316014814,663.7042467481548,657.2642800626655,664.9241022298633,0.0,0.0,0.0
8.112,-8.177017031825967,-11.914157804245319,1.9788360688860511,-0.02130245066991634,3.6848479106885654,143.91967948634075,-8.385416045015145,-11.80152753677585,1.9999999999999991,144.16438572104875,1.7660885367097474,-0.023525020085146967,0.117391348604205,0.03695455312624353,-0.008498249721065419,0.009791753244258971,0.16816505649971325,-0.0026337754315920656,0.026062469237692513,0.00035951667568746696,656.5765104769515,663.2507123083353,656.823241202563,664.9857694950601,0.0,0.0,0.0
8.164,-8.250668948479264,-11.858989824665148,1.9790664141464014,0.06191070285812313,3.6700522699347733,143.94877529769738,-8.45971441286232,-11.746040584205316,1.9999999999999991,144.1938342349419,1.7652088396186616,-0.023940204474158004,0.11821337083500308,0.01583997083467863,-0.0024498044222954654,0.009712600508273874,0.1538493233160112,-0.04129994511287631,0.027073142236929384,0.0003915723316892331,661.5787952363102,657.5237369484975,650.8378597312332,670.2962374903987,0.0,0.0,0.0
8.216000000000001,-8.3242853566935,-11.803849901715136,1.9793515304842662,-0.024379281619159622,3.675078467229459,143.97636897222776,-8.533809933791575,-11.690777784277307,1.9999999999999991,144.22394167696064,1.7642558182066228,-0.024890833643188153,0.11906925135504651,-0.05466022860873946,0.004477641936755673,0.009196439812253399,0.1374392874619954,0.0318704529989449,0.02524678317544033,0.000624335027459398,650.6691216084383,666.9673321587248,661.5402367188311,659.6552863336358,0.0,0.0,0.0
8.268,-8.397887568791932,-11.748763926749719,1.9796632052970171,-0.13460003594470782,3.6976432815005817,144.00508725341214,-8.607218521004302,-11.636100736215809,1.9999999999999991,144.2573402149399,1.7634083035006434,-0.024844391603412695,0.11990703843745054,-0.017426597550388147,0.009207476582328492,0.010087237612909557,0.12034280882090265,0.022597596534664845,0.022550989901842403,0.00039590599762276304,652.3411948009244,665.224879706806,659.9187006032089,659.9054236016398,0.0,0.0,0.0
8.32,-8.471510399257639,-11.693763260512275,1.979972317282461,-0.10237703105377542,3.7278515987700476,144.03614970732184,-8.68061072650648,-11.581509176057462,1.9999999999999991,144.288575826512,1.7628062484157159,-0.024115601255410953,0.12053071562142359,0.02441988188886338,0.010243977965474407,0.010675777398856631,0.10540994524779812,0.00603775782661012,0.020654096126044262,0.00018449817236921824,654.9671060210258,662.5840296537559,657.2111443824874,661.3788511117557,0.0,0.0,0.0
8.372,-8.545157517846235,-11.638830678202606,1.9802515140151848,-0.004934297341032299,3.7557012569088823,144.06812117789823,-8.754296489645784,-11.526774058780536,1.9999999999999991,144.32274862245444,1.7624950551033685,-0.023860213505109744,0.12066442934851843,0.03345417554625799,0.008451743621977264,0.01083896503503171,0.09621807006092942,-0.0011925105810936393,0.020262583218927845,0.00016663974854206004,655.8895544173736,661.3328457737359,656.0121498536722,662.1319307704986,0.0,0.0,0.0
8.424000000000001,-8.618813916727982,-11.583924650198577,1.980480971315419,0.08323723416838116,3.7763090692086583,144.1001229450559,-8.828115963499993,-11.472016421888362,1.9999999999999991,144.3547775878861,1.7624335524125905,-0.024483503162712996,0.12029305212049599,0.024584941424473657,0.005897163483859604,0.01076501623765745,0.09355057858008564,-0.002088639032596838,0.020472032050552084,0.00018989749891648328,655.9041385535273,661.1520886564762,655.8347108918709,662.2700350998516,0.0,0.0,0.0
8.476,-8.6924640461323,-11.52900791241644,1.9806516494387463,0.13630376271110664,3.789541019948574,144.132167315139,-8.90206499082834,-11.417239967484933,1.9999999999999991,144.39034378146116,1.7625460524741698,-0.025827336398908458,0.11960229614311332,0.012129325387309993,0.003502723010732122,0.010820477385481439,0.09587923169418167,-0.0008028778650757762,0.020975781596012374,0.0002373984837285366,655.6391135618013,661.3980030259361,656.0706162843745,662.2817087667488,0.0,0.0,0.0
8.528,-8.766099144253527,-11.474057916432182,1.9807643318461619,0.15569778254029093,3.7966272023468726,144.16440075059538,-8.975976284890079,-11.362561537076704,1.9999999999999991,144.42422004892504,1.7627601291947392,-0.02756803382924654,0.11878896934269667,0.0019066456551218452,0.0017497369561422875,0.010888989516706105,0.10125358269731666,0.0005184367394034026,0.02124526403602655,0.00024218541279941576,655.5274912668727,661.7394319584273,656.3509655893678,662.2609207194286,0.0,0.0,0.0
8.58,-8.83971751415428,-11.419066378520371,1.9808265533883418,0.1499688270862263,3.7993972136124032,144.19705376941187,-9.050000260820497,-11.30785792150452,1.9999999999999991,144.46224572000656,1.7630199072743822,-0.029418696855152804,0.11801136814817907,-0.005349196349321298,0.0004357603841014898,0.01107973217352012,0.10788473069094229,0.001622237698161955,0.021655341942105923,0.00027850186549152134,655.4089899771791,662.0520531163734,656.6498439628722,662.3602694187823,0.0,0.0,0.0
8.632,-8.91332275992239,-11.36403565941717,1.9808492825416661,0.12733280673523145,3.799126628805566,144.2303197720693,-9.123894737377832,-11.253292418131636,1.9999999999999991,144.49864899349467,1.763286548049443,-0.031174934352483773,0.11735176977190198,-0.010081928497431124,-0.00035666686082849746,0.011275877406072839,0.11461853942404931,0.002413335478301511,0.02165348916296026,0.0002675922381362983,655.4611541487093,662.3277468778476,656.8979786264636,662.3812551926682,0.0,0.0,0.0
8.684000000000001,-8.98692193163792,-11.308975265849222,1.9808445472346539,0.09408833620387848,3.796669658884031,144.26427737303308,-9.197327115351236,-11.199095393235345,1.9999999999999991,144.5395237937697,1.7635356536843467,-0.032701183330886945,0.11684711235928366,-0.012919058837334244,-0.0012482123557601135,0.01155082419842542,0.1207107072740079,0.003089864646127074,0.020764595803338594,0.00030477784893479963,655.5746386932252,662.3797862509297,657.3081790902827,662.3439006804417,0.0,0.0,0.0
8.736,-9.060523915777653,-11.253899226289695,1.9808237504459525,0.055367394437365755,3.789882816885265,144.29924755869297,-9.27090254013346,-11.144809063585745,1.9999999999999991,144.57853539009162,1.7637468856115912,-0.03392647987919212,0.11641915791040465,-0.014157234741197655,-0.003043601173172418,0.011853955138586371,0.12656487472277744,0.0036999631705004424,0.02071862555534223,0.00027356046933692995,655.6652327292086,662.6295152287503,657.4861944692898,662.334375981576,0.0,0.0,0.0
8.788,-9.134137345181665,-11.198824581574556,1.9807973986718075,0.015474896812728376,3.777245642950376,144.3351413120914,-9.34429109364418,-11.090670245056293,1.9999999999999991,144.62214639759856,1.7638799404433805,-0.03481175216131591,0.11600283408950951,-0.01404421935626336,-0.005092425767453604,0.012201375987787354,0.13248373301422833,0.004134664157776519,0.020678989677009655,0.0003006907482255949,655.6980838193639,662.774088190647,657.7186313233565,662.4305133574233,0.0,0.0,0.0
8.84,-9.207768881643027,-11.143770119452595,1.980775748254572,-0.022095931725470152,3.7586487758238376,144.37234706693607,-9.417944017806114,-11.036344905922068,1.9999999999999991,144.66355548353363,1.763883683840684,-0.03537060728612448,0.11558906124300272,-0.012904153809508188,-0.006922758257404378,0.012563249418192543,0.13822875757868958,0.004491113861184808,0.021490785979797297,0.0002514030612286006,655.7206242086662,663.1276593817735,657.7060075586862,662.5471923180553,0.0,0.0,0.0
8.892000000000001,-9.281422318832027,-11.088755042712977,1.9807687069369988,-0.054763954881523906,3.7368231205039923,144.41087002357176,-9.492142816437354,-10.981629988074003,1.9999999999999991,144.70958786134923,1.763710356822258,-0.035633297965260345,0.1152392112640003,-0.01098027204543012,-0.007336936140956554,0.01298084720299417,0.1428816808176332,0.004723796523347349,0.023231758810526318,0.0002488326709185382,655.5370869085764,663.505605911831,657.5824021890127,662.8523945598072,0.0,0.0,0.0
8.944,-9.35509891835775,-11.03379727366679,1.9807846881293312,-0.08075811268893998,3.7177939946742367,144.45050027986713,-9.566223143539208,-10.927022935415103,1.9999999999999991,144.80118650882036,1.763343799014594,-0.035646647927156105,0.11509074938289277,-0.008636453876833993,-0.005516357198397731,0.013318997150652628,0.14482583901593027,0.004226349201854219,0.02394711783671299,0.0011738571808248596,654.2513704830336,662.2972170137833,658.7300254840815,664.3341948802744,0.0,0.0,0.0
8.996,-9.428799043915815,-10.978911344411143,1.9808285616428232,-0.0994740854549353,3.706779826320566,144.491471057314,-9.640575583717286,-10.872248634782508,1.9999999999999991,144.84647865295898,1.7628239898208062,-0.03548171860794491,0.11523130973303346,-0.006169563249707456,-0.002346831176483987,0.013730790480155264,0.14304566245285621,-0.04354018380727613,0.02521470624126215,0.0011085988243837862,660.9449084102521,655.7119045909283,651.5601147196005,671.1045081024942,0.0,0.0,0.0
9.048,-9.50252475968934,-10.924108092671467,1.9808993950264155,-0.186776911059222,3.707370372771943,144.53249235700045,-9.714707486137474,-10.817681941972285,1.9999999999999991,144.89646235433426,1.762233792674099,-0.0351892179117166,0.11561364030170648,-0.05925568683277588,0.002000621493750925,0.013415399015411663,0.1380324893815994,0.028697320857117525,0.023697938589123023,0.0013981492617861759,650.2915013880694,665.2659390143351,662.4047557391997,660.9844000503216,0.0,0.0,0.0
9.1,-9.576300976953922,-10.869421680868108,1.980990059829831,-0.37075406376909464,3.7199171827347293,144.57436547816005,-9.789035752355659,-10.76303193800392,1.9999999999999991,144.94325019017205,1.7616847252605954,-0.03383227989887329,0.11613752313397827,-0.04545155426607902,0.005357627340410275,0.014338641483597597,0.13099473996728817,0.03288260799272442,0.023112931080571733,0.001161257498327154,649.9553508225122,665.9544543325604,662.608901704315,659.8312837870501,0.0,0.0,0.0
9.152000000000001,-9.65017450372278,-10.814908199083867,1.9810898370832262,-0.39062283475509957,3.740017965275023,144.61944607832257,-9.863158689422661,-10.708608428676662,1.9999999999999991,144.9939999813145,1.7612754419201047,-0.031172969489330647,0.11679494798462811,0.015043810108480807,0.0073532075284009485,0.015410973001565492,0.12235243447385757,0.013498631305086023,0.022106848819778063,0.0008857384671460168,653.0975438809802,663.2672622226446,659.4313592505034,661.8808518117133,0.0,0.0,0.0
9.204,-9.724158155567721,-10.76057042365825,1.9811854820038037,-0.2870296199125897,3.763666269517533,144.6665348596482,-9.937462216082345,-10.654154000444084,1.9999999999999991,145.04071651617238,1.7610653660901998,-0.028697370294146707,0.1173799023552391,0.041522861607634694,0.008072350418359511,0.015804612761147294,0.1145470759350602,0.0017405614373826178,0.02155555160673056,0.0007313330683369308,654.913012157208,661.5663221721821,657.448904856426,663.0906153881792,0.0,0.0,0.0
9.256,-9.798233516061151,-10.70636456411074,1.9812633224441125,-0.1583602173400639,3.7876258883886336,144.71409033084942,-10.011620466630129,-10.599933329018967,1.9999999999999991,145.09149466840648,1.761076963009738,-0.027276596213646663,0.11775219927941985,0.038792005572948776,0.007779503545391088,0.015927760493115364,0.10938951417653442,-0.05006468567021144,0.02148247894738335,0.0007466507058921398,662.187873377694,654.0232048969388,649.9222171089394,670.2980039378513,0.0,0.0,0.0
9.308,-9.872377284275338,-10.652239652267287,1.9813125586018785,-0.17852650624132688,3.809745705828342,144.76028527533802,-10.08596129577695,-10.545733661601409,1.9999999999999991,145.1390103248618,1.761302706680646,-0.026923761926142476,0.11784700131829633,-0.04447420820395337,0.007126308408262613,0.015109436917049834,0.10786118170280279,-0.016388812187119964,0.020906357191179774,0.001061500523276361,657.0095802016633,658.300925958321,655.2711470917224,665.8848475164531,0.0,0.0,0.0
9.360000000000001,-9.94660299708982,-10.598198059335129,1.981328362936292,-0.40537448901757533,3.8288946934357977,144.8055325985024,-10.160222897396547,-10.491756381500203,1.9999999999999991,145.19143373476035,1.761718162664091,-0.025969509555767052,0.11772833738931743,-0.08569795830708263,0.005643082570244827,0.015461183691772868,0.1094904647678705,0.06061190576726107,0.019468508853686523,0.0010750254962206224,646.1407733002903,669.0342163342573,666.4960619832589,654.7883460507016,0.0,0.0,0.0
9.412,-10.02096964786715,-10.544309154873718,1.9813110104296185,-0.5075490390864459,3.8407029833820077,144.85420876264595,-10.234652657903005,-10.43782769368795,1.9999999999999991,145.24016234084095,1.762287389051132,-0.023068054817990548,0.11751724657063545,0.006494111969702597,0.0025249766938622445,0.0169701466452775,0.11308428518004465,0.033256794899384254,0.019736494281618798,0.0005287979880623376,650.9270376053084,666.0559962968407,661.9238375648097,658.0727634543101,0.0,0.0,0.0
9.464,-10.095505147835,-10.490603938627876,1.9812664096857935,-0.3457632501417819,3.842865882291815,144.90616909489611,-10.309063117520163,-10.384089298989249,1.9999999999999991,145.292568183054,1.762933213255775,-0.01987327938917046,0.1172650688685545,0.07533697636888682,-0.0006881218313731077,0.0177087065308306,0.11795247744789572,0.0038454030842268103,0.020117693390478385,0.00026658658448929797,655.5740893418615,662.4100740958044,657.4175029156278,662.054287449512,0.0,0.0,0.0
9.516,-10.170169807658294,-10.437025025679079,1.9812029880556958,-0.09365590850639141,3.836035339952099,144.95859621995157,-10.383626392429127,-10.330433273453224,1.9999999999999991,145.34077791470585,1.7635681864201451,-0.01841688334166795,0.11691742686299893,0.08262540611033456,-0.003350002783808437,0.017536534856535196,0.12435997357668827,-0.007598904570277558,0.020772982678958583,0.00023681850221702596,657.2952420851385,661.0523929210109,655.7787203162984,663.862245163676,0.0,0.0,0.0
9.568000000000001,-10.24489594112404,-10.383481818920515,1.981131037111538,0.11997363780058364,3.8225478423481523,145.0101117703244,-10.458241176596525,-10.276946268206183,1.9999999999999991,145.39380799297547,1.7641147460031334,-0.019170695104730528,0.11654791781845734,0.06059175504129348,-0.0052455680953389485,0.017280301873751784,0.13125767819328016,-0.0082700154174418,0.02135954686014804,0.00035325361727951417,657.2942944795585,661.0274066598259,655.9099162601052,664.347825582868,0.0,0.0,0.0
9.620000000000001,-10.319622844897482,-10.329898519861562,1.9810621522467933,0.25652791736796704,3.804600715649336,145.06085463390625,-10.532982632423957,-10.223575002763305,1.9999999999999991,145.44456390555376,1.7645166427157242,-0.021661891725333633,0.11623783371977285,0.03424353716259117,-0.006305491047332487,0.017065374417017165,0.1374788865686296,-0.005976375972060024,0.021984254117179934,0.0004245934585624374,656.9120385022006,661.4772242577269,656.382988012212,664.3427968586785,0.0,0.0,0.0
9.672,-10.394308796110828,-10.276229554066616,1.981007516397586,0.321477053465462,3.7849762834679685,145.11138586387378,-10.607821431322305,-10.17032130928514,1.9999999999999991,145.50247037596736,1.7647410845742804,-0.025188653880656914,0.1160482565955312,0.012260307817082688,-0.006571969110402398,0.01714779156789021,0.1420674996622091,-0.003502293225892655,0.022536065770975604,0.0005381698565701404,656.4176004471416,661.8462383818606,656.913000027083,664.3227174486844,0.0,0.0,0.0
9.724,-10.468930861858126,-10.222457404555783,1.9809760972021833,0.33091329867408886,3.76583248022077,145.16235586380654,-10.682718200488452,-10.117179210759286,1.9999999999999991,145.55921905810462,1.7647802875607077,-0.02914364841864886,0.11598591938510301,-0.0042046269508747795,-0.006050168224979435,0.01733164969320098,0.1446701904187,-0.0016066701157334753,0.022903075633598287,0.0005830029835537465,656.0821965598793,662.1562787729927,657.2450791468655,664.2185970046432,0.0,0.0,0.0
9.776,-10.543481337104023,-10.168585865921193,1.9809735623320779,0.2996126840572988,3.7493351180292853,145.2143507441052,-10.757726813823771,-10.064069243434,1.9999999999999991,145.62468170423355,1.7646473502092648,-0.033069222184166566,0.11604815233602864,-0.01610217931654558,-0.005014323007222673,0.017783071985353612,0.14513076284858628,0.000120921357002245,0.023245946290967698,0.0006872177035273026,655.6432567808791,662.3093143223687,657.5909489253069,664.1690108756711,0.0,0.0,0.0
9.828000000000001,-10.617964300195162,-10.114633589367845,1.9810018939853105,0.24024375136825918,3.73673129647271,145.26778899421592,-10.832700282717493,-10.01105488863758,1.9999999999999991,145.68898274050053,1.7643722114235225,-0.036641278309597104,0.11620292789848301,-0.02398966973218497,-0.0035065941176378656,0.018253898874980967,0.14369818443458748,0.0015335043265573712,0.023248578531333906,0.0007316098297265679,655.3399953114784,662.4108650627524,657.8158406865723,663.9926065030536,0.0,0.0,0.0
9.88,-10.692392548474,-10.060628693836584,1.9810595552840222,0.16366287207978797,3.72901167695617,145.32321721255187,-10.907796588793786,-9.957990762166567,1.9999999999999991,145.76285630862387,1.7639958696701288,-0.039650963569009816,0.11642510362077782,-0.028433709159297698,-0.0019027315390504642,0.01900257106309176,0.14066632151805125,0.002888668920381707,0.023341457521765016,0.0008294300511627478,654.9234700628538,662.4098703026248,658.0600655861572,663.8772123511692,0.0,0.0,0.0
9.932,-10.766784896536192,-10.006604223301618,1.981142002526114,0.07966394939764485,3.7262631264514776,145.38097491028785,-10.982768753547374,-9.905028873759234,1.9999999999999991,145.83487553919693,1.763564563703553,-0.04198509250001426,0.11667429437021666,-0.02979054837694834,-0.0002066512295827494,0.01976037076772324,0.13657458019967939,0.0038796300061583492,0.02299492599146989,0.00083907668045545,654.7238656711476,662.3954404628171,658.1713219798079,663.6087081986271,0.0,0.0,0.0
9.984,-10.841163591270861,-9.952594339839113,1.9812425151557322,-0.0037967231546210513,3.7281953070819576,145.4416233480625,-11.057893467949457,-9.851963332971772,1.9999999999999991,145.9168743937204,1.7631245985501658,-0.043619379225467304,0.11692136728103139,-0.028705790923003394,0.001170422290170519,0.020767366469923318,0.13192191738628667,0.004751497615187353,0.02292297697192658,0.0009023415283685872,654.4169190091217,662.3191368476558,658.2907731928087,663.459803963736,0.0,0.0,0.0
10.036000000000001,-10.915552045350179,-9.898631338220804,1.9813531214386502,-0.08019892662390299,3.733939934707147,145.50512155768672,-11.132823474625198,-9.799040751459115,1.9999999999999991,145.99603902117676,1.7627164807546603,-0.04458377170640898,0.11713272011275108,-0.025711001367577473,0.002359644145587117,0.021683762338612713,0.12729142524905313,0.00521006017220945,0.022349512641508883,0.0008828130614546435,654.3595076616302,662.2297934174912,658.3104310273047,663.1868276139942,0.0,0.0,0.0
10.088000000000001,-10.989972855393452,-9.844743449219129,1.9814655804282546,-0.14523355590334994,3.7424155262497556,145.571896252407,-11.207961081410298,-9.745990381526438,1.9999999999999991,146.08537648211882,1.762372633954382,-0.044971032373420365,0.1172877323189728,-0.02149399666968298,0.003015150161953593,0.02280033909251248,0.12314801185894009,0.005550769776008111,0.02224519752412535,0.0009305559627971059,654.1700085126142,662.10966946214,658.3519549691417,663.1018922852805,0.0,0.0,0.0
10.14,-11.064446298270328,-9.790953511341927,1.9815722462115481,-0.19608933980725513,3.75238275231388,145.6418772245458,-11.282852706860124,-9.693151207211088,1.9999999999999991,146.17097392120178,1.7621134767957667,-0.044897465676078926,0.11736983879481397,-0.016638788436310843,0.003388270236969021,0.023801076801156347,0.11989826197835751,0.0055164312518612224,0.02157773270971099,0.0008789880849972165,654.2747553838713,662.0138999186121,658.3030616470944,662.8738183998815,0.0,0.0,0.0
10.192,-11.138989242934493,-9.737278348100501,1.981666867660307,-0.23210462104785917,3.7625572202323876,145.71556832673426,-11.35802831522829,-9.640178633603982,1.9999999999999991,146.26697358334786,1.7619486306396446,-0.04451091310309402,0.11737466080961298,-0.011721773904886625,0.0032170266294208835,0.025001169945303086,0.11778517149513945,0.005452777804463978,0.02156483586717557,0.0008907978250293812,654.2265820863876,661.944549977438,658.269798221649,662.8551795250997,0.0,0.0,0.0
10.244,-11.213614574636866,-9.68372889243291,1.9817450723217493,-0.2537152786823683,3.771889763216007,145.7924960197021,-11.432995884031985,-9.587444925302474,1.9999999999999991,146.4610654472231,1.7618754634860956,-0.04393643473684867,0.11730567703535391,-0.007189068924072402,0.002846482536441091,0.026013539684452545,0.11691502837035683,0.004125283231355943,0.021106397758456814,0.002888182404527437,651.6724823971305,658.9110033365024,660.8983271721866,665.7110568314836,0.0,0.0,0.0
10.296000000000001,-11.288331018044701,-9.630310749536571,1.9818046381226602,-0.2628025339235269,3.779412053464341,145.8732040597555,-11.508252989113643,-9.534634531505464,1.9999999999999991,146.55881975405973,1.761882678860547,-0.04331556045306621,0.11717324626489112,-0.003323056113860931,0.002088227561568806,0.027196436106696337,0.11725820636259221,0.003651095850128015,0.02124821980906287,0.002798907642558875,651.8564454521951,658.9981393977282,660.6979229253303,665.6860873049134,0.0,0.0,0.0
10.348,-11.363143347008728,-9.577025188397375,1.9818454847093914,-0.2616588161643276,3.7846485320077243,145.95724297560488,-11.583350337620697,-9.482086710986495,1.9999999999999991,146.6683389561365,1.761950680064808,-0.04274468106673598,0.11699701811778314,-0.00039796993096136797,0.001301220444503629,0.028260228697091116,0.11862570720309473,0.0033204237155647735,0.020949894588880136,0.002922566614096977,651.8064924945754,658.7692566640364,660.89663750277,665.8924453915679,0.0,0.0,0.0
10.4,-11.43805286266976,-9.523870244913269,1.9818694698647843,-0.2532396396287072,3.787118041445529,146.0450274203455,-11.65873878886436,-9.429517107593725,1.9999999999999991,146.7731057405323,1.7620565690591754,-0.042320518657853655,0.11679281120776482,0.001640643359420621,0.0003254656996004864,0.02941671341290254,0.12080413351494301,0.002806917904064455,0.021242866121024263,0.0028406453940305297,652.0028413488362,658.9006130133292,660.7176492847695,665.9425030038076,0.0,0.0,0.0
10.452,-11.513058043960816,-9.470841957354757,1.9818799442905002,-0.24022600093620491,3.787063526051157,146.13601598313187,-11.734018185223999,-9.377222237949011,1.9999999999999991,146.89096220892995,1.7621744692969021,-0.042081840290822625,0.11658635029942435,0.0026684094371378225,-0.0004554325271502362,0.03071177301129558,0.12343520755430926,0.0025234999909066295,0.021120395557604206,0.00290856884191999,652.024933223211,658.8066628636416,660.8467090142457,666.1159745355002,0.0,0.0,0.0
10.504000000000001,-11.588155339880196,-9.417935411029516,1.9818812139383468,-0.22548222932667544,3.7845972412739513,146.2309777672091,-11.809580423934191,-9.324953580446396,1.9999999999999991,147.0042730166005,1.7622811107251752,-0.04208907348805617,0.11639256607036755,0.0028742183990288044,-0.001225455160271402,0.03192703723989408,0.12623571597014926,0.0020980023924629084,0.0214847778676997,0.00283235571835323,652.2021906690062,658.9646611812997,660.6897600483817,666.1832024731287,0.0,0.0,0.0
10.556000000000001,-11.663339999238229,-9.365145770533431,1.9818780984593536,-0.21138522572166443,3.7804090743618377,146.32954638959598,-11.885082294391356,-9.272959261902521,1.9999999999999991,147.13246889532613,1.7623557572559858,-0.042333535350905824,0.11623623632141818,0.00221250034123019,-0.0017167368696184577,0.03348951545163411,0.12880931230115755,0.0019838605099465525,0.0214797798637267,0.002859245401322135,652.2375808689076,658.9657005371887,660.7666082355813,666.2902123242619,0.0,0.0,0.0
10.608,-11.738606901905156,-9.312469056798882,1.9818753958413666,-0.19987553788472184,3.774870217252767,146.43232058336662,-11.960846703923705,-9.221033173719452,1.9999999999999991,147.2564261968303,1.762383862383981,-0.04282421601634208,0.11611872468772184,0.0011284089954626392,-0.0020743323402094204,0.034897115416672356,0.1309895203999809,0.0016963309678978558,0.021838941293449304,0.002770425347553147,652.3983112091072,659.1452202932736,660.5977542879568,666.3052411139926,0.0,0.0,0.0
10.66,-11.813951225312504,-9.259902757319301,1.9818771883921227,-0.1923012188828425,3.7689333396505957,146.53918986921238,-12.036596527787236,-9.16937168735828,1.9999999999999991,147.3975494125706,1.7623557056309713,-0.04352464016448894,0.116051580503159,-0.0005044647516802345,-0.002128464165950612,0.03663384140353968,0.1325326774736626,0.0017473501090769224,0.021867029475612747,0.002827400601756838,652.3393277889368,659.1094040938198,660.7116662985526,666.4117088521954,0.0,0.0,0.0
10.712,-11.889369072083626,-9.207446124363686,1.981886549267557,-0.18940422927403067,3.762980948141617,146.6507167388109,-12.112660903138394,-9.117763535592136,1.9999999999999991,147.54660190006615,1.762269202965713,-0.04441498761766335,0.11602495405505231,-0.0021384014342090097,-0.0020372411215000504,0.038160137886117836,0.1334368456777184,0.0016094626285179901,0.022305670293055548,0.003025520217726377,652.0363254581036,658.895329986495,660.9214128715884,666.7822272748336,0.0,0.0,0.0
10.764000000000001,-11.964857840850462,-9.155100305977218,1.9819053729860592,-0.19111177320288675,3.7582798257294496,146.7675917032169,-12.189202769016564,-9.066111006898405,1.9999999999999991,147.69204479602226,1.7621261251343845,-0.04546781954894481,0.11605159553205209,-0.003849570790249504,-0.001356162361251818,0.04015423833416283,0.13351614135188195,0.0016306182668261932,0.023245741279581532,0.0028739645812267105,652.1102006353564,659.242599438173,660.5810769980836,666.7040427056105,0.0,0.0,0.0
10.816,-12.040416694855663,-9.102868029145037,1.981934257115626,-0.19782436857916952,3.7575471244336476,146.88925977330447,-12.265633863062304,-9.014809941100106,1.9999999999999991,147.84586194368936,1.7619420692779155,-0.04662822828662662,0.11618427721481465,-0.005653752998610483,0.00040409773533661155,0.0416881739066768,0.13223385790553754,0.0015492760011759123,0.02316405687130628,0.0029594136068715506,651.9849667946363,659.0722212253356,660.6707510690716,666.7927968644965,0.0,0.0,0.0
10.868,-12.116047530672553,-9.05075305704054,1.9819717876575313,-0.2175800069522029,3.7623678625664163,147.01583814753167,-12.341458170390618,-8.964193939002719,1.9999999999999991,148.0229927104626,1.7617584440102239,-0.04785894865411029,0.11643102591157417,-0.019746657265250614,0.002065497987589448,0.0434491055241194,0.12955599695994557,-0.06791217301625359,0.022509692878642552,0.0033350817526226935,661.4403725062275,648.4078966900624,651.2770808898739,676.8743833655109,0.0,0.0,0.0
10.92,-12.191761967737525,-8.998769978928062,1.9820133845188617,-0.46157944683152785,3.770444995769078,147.1466700489538,-12.417381837151254,-8.913814200307717,1.9999999999999991,148.19727987216316,1.761624735202259,-0.04886106855420435,0.11651535679429215,-0.11732331938734313,0.0023708991172750713,0.045021318674200575,0.1283377207453984,0.054012078666118554,0.019821932297644465,0.0036344271207367183,643.8323196824251,665.0416507788713,669.4134178680129,659.7419240147307,0.0,0.0,0.0
10.972000000000001,-12.267617595569686,-8.947002298931093,1.98205462119094,-0.6875965087030366,3.774484792244937,147.2870308835509,-12.493735584617278,-8.863473562723033,1.9999999999999991,148.39830728364123,1.7615616805635432,-0.047652528065692236,0.1164495696561361,-0.04094073439572633,-0.00039251047943570456,0.04918066609652218,0.12859977493479846,0.03611229926472572,0.02015117530677305,0.0033524262835030547,646.8118338860426,662.9627929685842,666.4824610625143,661.9650729504281,0.0,0.0,0.0
11.024000000000001,-12.343667760687936,-8.8955306473092,1.9820961294331312,-0.6526583840111647,3.7701367239141765,147.4383187257977,-12.570360664047877,-8.813297645455268,1.9999999999999991,148.59408169839296,1.761518343476957,-0.04522815351583063,0.116390199795157,0.03417343552178338,-0.0030425969546363143,0.05233912990057573,0.12878813014773804,0.008397143622505081,0.02104327067496218,0.003101036219531567,651.0513117041962,659.4974671167591,662.0888743272069,665.6698939746669,0.0,0.0,0.0
11.076,-12.419903861814163,-8.844346643555872,1.9821390273488222,-0.49449422813681937,3.759889032798717,147.59861869242465,-12.647268768494623,-8.763322238660491,1.9999999999999991,148.81742362728824,1.7614236861438513,-0.04370663917795346,0.11624535218873522,0.05384839956583167,-0.004484737688663017,0.05529977901020685,0.12976750594481623,-0.0038020746081737777,0.02199376365377165,0.0032949171688323093,652.4106406373174,657.6316688872043,660.4964766167635,667.7981695360644,0.0,0.0,0.0
11.128,-12.496283942610066,-8.793394280917866,1.982184610044488,-0.33788211828170045,3.747264366936518,147.76683186129455,-12.724302744988535,-8.71369027287264,1.9999999999999991,149.03630203631346,1.761228842819993,-0.04389569165567998,0.11602861548129724,0.043294085759606034,-0.004590117403389831,0.057806820223768776,0.1313632894076151,-0.006244340953721535,0.022524189909755424,0.0034003131984122583,652.5628267317693,657.2360239269497,660.243324414683,668.3844172852041,0.0,0.0,0.0
11.180000000000001,-12.572765033113802,-8.742617092329755,1.9822348537279608,-0.2294549045134243,3.735674761097646,147.94418853757622,-12.80164211557372,-8.664339782335846,1.9999999999999991,149.29139396988833,1.7609154819016335,-0.04567278424609744,0.11582999979042755,0.025183486925982667,-0.003860471405275306,0.06108850776870919,0.13263018461066323,-0.004956469916557662,0.02298917710585093,0.003774245071665623,651.80711277334,656.9874471213277,660.898437336287,668.8002959625429,0.0,0.0,0.0
11.232000000000001,-12.649316687051213,-8.69197686753726,1.9822918810230095,-0.17189211324895748,3.7271052668925186,148.131325145882,-12.879045754540236,-8.615452974540897,1.9999999999999991,149.54779945652612,1.7604928991376383,-0.048590426961498984,0.11571093808597643,0.008886646806961992,-0.0025233844625146815,0.06440372689981089,0.13289813497803205,-0.003801295599900788,0.022911241187852278,0.003963772736497612,651.3874750668766,656.8794863103428,661.337335209096,668.8875344337629,0.0,0.0,0.0
11.284,-12.725922712214409,-8.641455106361384,1.982356597478578,-0.15700523446062983,3.722437577310941,148.32962396322026,-12.95617220251453,-8.567266829180175,1.9999999999999991,149.85360088990922,1.759989120066188,-0.052224408911543674,0.11567665694410267,-0.004389819831604866,-0.0013990317927300624,0.06863669714946827,0.1320866243499621,-0.0027994301535434448,0.02181346181526742,0.0045960877392398555,650.4932427734509,655.9652534536762,662.4886198481751,669.4364818332225,0.0,0.0,0.0
11.336,-12.802579410868193,-8.591050120721196,1.9824275867345966,-0.24538067688136064,3.719518741401286,148.5417663372015,-13.033672511544035,-8.519425700389874,1.9999999999999991,150.1669695122644,1.7594329723971356,-0.05634625195331859,0.11556394973217962,-0.08348722252083349,-0.0010045160027579534,0.07258127847768658,0.13183975048448326,-0.07034116300124699,0.02268897831629852,0.005203357495706051,659.209985355479,645.4776432833781,653.5541341785654,679.78729657368,0.0,0.0,0.0
11.388,-12.879315473460036,-8.54081141693307,1.9825019685140377,-0.6845390729735642,3.7188273331633646,148.76572583685453,-13.111202927526406,-8.472170875541789,1.9999999999999991,150.5033349476458,1.7588443328885355,-0.059353921143530344,0.11510603256391508,-0.1541399637512571,-0.0011297653603821185,0.07766111913690049,0.1348634306442984,0.07136325182350031,0.020329687062761052,0.0055977798046289865,638.5581276546365,665.0048715159418,674.5754734299711,660.2002050341521,0.0,0.0,0.0
11.440000000000001,-12.956223255983415,-8.49089224627088,1.982580904090897,-0.9047869674243421,3.7151554100685376,149.0060125948747,-13.189257951504253,-8.4252750589054,1.9999999999999991,150.71062912933826,1.7582432042894265,-0.058944923390331826,0.11486262534877043,-0.025272345690760735,-0.0032921582918827076,0.08168426490732897,0.13563577376039215,0.03529674014711183,0.02065229782817874,0.003329115593830833,647.0447630860094,663.1009116204973,666.4145803112054,662.270586555986,0.0,0.0,0.0
11.492,-13.03335258778935,-8.441381637008979,1.982669635885151,-0.8032184539008695,3.6587831547295426,149.2564775636701,-13.268165478582038,-8.378652689246648,1.9999999999999991,150.94872532910696,1.7576214556448364,-0.05749188901867287,0.11372643961456627,0.05354075413663071,-0.042987423333126454,0.08394148918478797,0.14483918946046326,0.002166262583710988,-0.01948604125355127,0.0020739560436289343,659.5193429436415,654.5638390477566,665.854453516191,659.7130077792075,0.0,0.0,0.0
11.544,-13.110656495882155,-8.39226467098218,1.9827774959235511,-0.7336207916009506,3.375183049756115,149.51188582618892,-13.347241280794627,-8.33279735535494,1.9999999999999991,151.4461438739224,1.7562480849880313,-0.05737076576188739,0.10640504267879929,-0.046202564760409626,-0.13995770785978298,0.08324451469075998,0.21403503666671164,-0.01950683254706938,-0.08282974736286339,0.006768973688449124,666.5238010619257,637.0063981888245,679.4597599198479,661.7078045591699,0.0,0.0,0.0
11.596,-13.188013332495563,-8.343593969120512,1.9829753853225554,-1.0074150192310454,2.743487993525075,149.773040640121,-13.42695416774218,-8.287625375228581,1.9999999999999991,151.71130799260538,1.7517370623603987,-0.0569784095512775,0.09031959301664652,-0.08209419114582875,-0.2660949426225738,0.08418763436169788,0.36622662412779816,0.05949400456701261,-0.07420632446748443,0.006212247988667085,658.0498845357829,653.833363081826,691.4542333471111,654.0947107910227,0.0,0.0,0.0
11.648,-13.265229056395857,-8.295600958322556,1.983456131816673,-1.039242849305131,1.7527232086561708,150.0486279042335,-13.506804237500374,-8.2435728422045,1.9999999999999991,152.88688769673297,1.7406402608953084,-0.054516780601809735,0.06799482299740267,0.028405153030551487,-0.37700865060131317,0.087136898744701,0.5705076337372076,-0.08551756155304714,-0.05969058535867411,0.023569290676451037,656.9000319612314,613.9396066833317,696.7987203747449,703.7321675646614,0.0,0.0,0.0
11.700000000000001,-13.341927952872837,-8.248530544209444,1.9845115124915178,-1.0445255323402156,0.48527167634972557,150.3801807030574,-13.58727615903665,-8.200653074345976,1.9999999999999991,154.64997775571942,1.7196791952590327,-0.05367543882516411,0.04342585824577022,-0.06579306888341875,-0.4550741643481143,0.10779790947740597,0.778390834812861,0.02415161120565379,-0.024395843704089037,0.04566939522517499,608.0767946047825,608.0012835853121,738.7793335525841,726.3207833892661,0.0,0.0,0.0
11.752,-13.417615703470226,-8.20268416782733,1.9864572562121992,-1.326367873514346,-0.919763282495724,150.8114373574212,-13.664301804136436,-8.156640843386763,1.9999999999999991,100.61502993832359,1.686709349346156,-0.05430859546612876,0.020987899133051574,-0.07375215255713567,-0.4805289567116159,0.13139462129636012,0.9368836999399147,-0.1191447403801948,0.2308096362428765,-0.08,763.6451775012886,790.6567349078109,495.878764791318,614.3880580297799,0.0,0.0,0.0
11.804,-13.491801718336486,-8.158470989507935,1.98940538729861,-1.8287202229905022,-1.9053784005609233,150.912105219916,-13.68625024698491,-8.072389995486196,1.9999999999999991,100.24290450732718,1.642369612900287,-0.043791070129871074,0.010180325024743319,-0.2701999704935564,-0.14932052140408278,-0.02341536789256885,0.9492749634885002,0.06136447262295872,0.3872125974684136,-0.08,721.4464611913747,830.1460114348976,501.09400787504524,611.235304594772,0.0,0.0,0.0
11.856,-13.56426349458043,-8.116290011663004,1.9935140084957148,-2.666403003789587,-1.4402051930340867,150.6798710347642,-13.673827275230245,-7.963672563362061,1.9999999999999991,99.84394754646118,1.5948487304785257,-0.018748450598335468,0.044193870844964525,-0.22105494702270462,0.34044971665946544,-0.10069163732515492,0.4852275212478279,0.2685804226209227,0.15192387979051963,-0.08,715.7702036325178,818.7975950850539,566.4334833312552,526.2945950044871,0.0,0.0,0.0
11.908000000000001,-13.635386324693549,-8.07629385571803,1.9984277985401937,-2.5395925392381677,-0.0031323588561856905,150.1896234026615,-13.656001560776884,-7.851867736914042,1.9999999999999991,99.47880887916637,1.5550438032837812,0.01688184991389418,0.09361418247642148,0.25292915861598664,0.5496915358077648,-0.1683823549057532,-0.15573872665101163,0.2901739120005083,-0.023947327514552808,-0.08,722.7594704657943,788.972719783906,582.254193776152,470.01666373204796,0.0,0.0,0.0
11.96,-13.70573306661208,-8.03801272923309,2.0032076640361294,-0.8292062055919047,1.5493472647033772,149.52217025322452,-13.645706561835011,-7.747299096454052,1.9999999999999991,98.38857443889094,1.5285057116446796,0.05333420767405974,0.1254263917401822,0.764776109450245,0.4597618655062665,-0.233926775009402,-0.6201447741570506,0.14584891263943178,-0.39685210534489995,-0.08,778.3380027661239,715.1482953839865,606.782479808382,405.1401717710593,0.0,0.0,0.0
12.012,-13.775525254450232,-8.000409239305144,2.006939341006041,1.9412138080223347,2.0711415642333812,148.7102763159165,-13.647945231372095,-7.653706675314902,1.9999999999999991,96.61105064812287,1.5150961710906379,0.07742477359897702,0.11385003213738369,1.0333380133337948,-0.039182686245678514,-0.29650058772462323,-0.6261430583421076,0.1094234025721752,-0.2552586464357213,-0.08,765.6213766683966,728.9338126403151,578.6671296516938,444.6811827895793,0.0,0.0,0.0
12.064,-13.844345330677053,-7.9623207340763615,2.0092704058334228,5.276146791859653,1.2484856713454802,147.6621714453931,-13.66308871104297,-7.57171780095609,1.9999999999999991,94.68704400796098,1.5036302961218726,0.07835790529163299,0.06386024495101997,1.1723856731370443,-0.4429153894854361,-0.35589191183839786,-0.2111636051712869,-0.022551175250648148,-0.0773461947931304,-0.08,768.8146178828584,743.9866882843962,538.6420503309839,519.1659236453171,0.0,0.0,0.0
12.116000000000001,-13.911111029115288,-7.922686926912917,2.010559512022645,8.601061731715419,-0.263487196693984,146.29589126113447,-13.689859654789622,-7.500100375410464,1.9999999999999991,92.93505457911388,1.4816511474241654,0.050661460954518275,0.009565218631030294,1.041391054126628,-0.6075425402275324,-0.4186012878316586,0.2791840904626921,-0.11836330680675533,0.06529694950407947,-0.08,774.402029951323,761.4108284595205,512.5759476131186,576.0097718452085,0.0,0.0,0.0
12.168000000000001,-13.974377711808238,-7.880619969081471,2.0115381122714955,11.149283599257714,-1.7900958155349236,144.6445823310856,-13.725951590655106,-7.437017576291921,1.9999999999999991,91.10191787033146,1.4454061411077723,-0.0015068785199712348,-0.022355957432059103,0.7006957999274023,-0.5861416894561915,-0.48332445383181655,0.5601524066255478,-0.09946456849154306,-0.23076054819947892,-0.08,814.765000325115,734.6311577066903,577.9128051243173,533.4961470771013,0.0,0.0,0.0
12.22,-14.032766863554924,-7.835592438987139,2.0128191477749957,12.723820731498371,-3.50570258323712,142.69023917897292,-13.769007191201005,-7.380338467221628,1.9999999999999991,89.50766619196582,1.3967952305271862,-0.06805150667882362,-0.03867552621125371,0.37341682697860173,-0.7968490175218784,-0.5455495836189173,0.6785275854315009,-0.04292331367425341,0.27264397902720094,-0.08,751.9453477929571,807.3369168488321,506.7756581831859,612.755694622221,0.0,0.0,0.0
12.272,-14.08507926470847,-7.787605983602166,2.0146991036649564,13.591953234397458,-5.093487264792054,140.52819591937595,-13.816597300668684,-7.328037557834619,1.9999999999999991,87.92340874863369,1.3346837646555172,-0.14096550119586332,-0.043366118283685584,0.15911834743677772,-0.5113860356737193,-0.6083577443750446,0.6637448019384335,0.001257431323031008,0.4401425661312034,-0.08,726.4914940211358,832.9158641166573,485.5933140525146,633.0989390089583,0.0,0.0,0.0
12.324,-14.130436228938365,-7.736974941278566,2.0172799636732552,14.038526676850795,-5.11555233705204,138.53780875999186,-13.866505236644734,-7.278367353447401,1.9999999999999991,86.62139298744505,1.2686883748995332,-0.2156228083234574,-0.008522873771419876,0.05289590617176262,0.06330288294675043,-0.668846200446507,0.23907569211358284,0.02244196378229147,0.31840201012828423,-0.08,731.2646324672327,814.1864292588559,500.723441591793,601.6643125295911,0.0,0.0,0.0
12.376000000000001,-14.168760970105266,-7.6838382129495235,2.020195142892693,14.250299701960863,-3.60935377317045,136.74835562315968,-13.916468117507723,-7.2302042042230115,1.9999999999999991,85.40224171640764,1.2127770399714488,-0.2899384070587589,0.047592735490687675,0.010443470944684003,0.5072998406239636,-0.7283096594750187,-0.40486088266416126,0.009641236357808534,0.170233390210623,-0.08,738.2782818276039,782.741747798634,506.17977667489663,562.670333761292,0.0,0.0,0.0
12.428,-14.200708916407526,-7.628018796019266,2.0225529458110505,14.256763763868438,-1.12636191254105,135.0315869777918,-13.965143198821444,-7.1820570930754855,1.9999999999999991,84.44901114871945,1.176894326893376,-0.3625132448056871,0.10052416217892249,-0.05700818411173575,0.7454835395680353,-0.7870980438158355,-0.9999387691594379,-0.05793812442216924,0.03979764818403064,-0.08,750.7052377602924,746.1486723468834,499.3123274571249,534.8455856970452,0.0,0.0,0.0
12.48,-14.227285940927773,-7.569127701101834,2.0233382386072383,13.782165448451508,1.7525837948929344,133.22938453503923,-14.011301403290274,-7.132925140840609,1.9999999999999991,83.58161541010296,1.1673972492679663,-0.43084156493758297,0.13644092088988666,-0.2321556617187544,0.7983360874092962,-0.8446994576706619,-1.378162221647139,-0.07032575531389078,-0.06173210289151701,-0.08,756.860544144398,723.3162229976659,503.9194276744135,507.11523127487266,0.0,0.0,0.0
12.532,-14.249600171865463,-7.506762455974746,2.0217852799717826,12.60759699689565,4.53844996087497,131.1959173423971,-14.053897586343956,-7.0824862813263145,1.9999999999999991,82.90823798229646,1.1869442965725834,-0.48947342354079665,0.15069781124777498,-0.4341388495288128,0.7074305421841737,-0.8997799948195457,-1.469457581792241,-0.04111733909623824,-0.13283744073848056,-0.08,759.6796841180244,715.3384950817431,518.8371614175877,484.4654689285161,0.0,0.0,0.0
12.584000000000001,-14.268758196988863,-7.440644978837574,2.0175683935457287,10.80061337447308,6.852345027808199,128.83412432358446,-14.092465136861554,-7.030042456565603,1.9999999999999991,82.28689094159185,1.2339403356277683,-0.5308966340657095,0.1458270578172421,-0.5755160456454851,0.5163598696376753,-0.9512742944739703,-1.2881058244328405,-0.001029861225366191,-0.1728875450834216,-0.08,762.5927626622785,718.4411691737323,537.3069086249114,473.37419323095696,0.0,0.0,0.0
12.636000000000001,-14.285799276128733,-7.370663718183887,2.010844723165273,8.601801892895685,8.43452388755066,126.1208089856292,-14.126780258799897,-6.975489106637369,1.9999999999999991,81.78680954720657,1.3026086178941558,-0.5483747569272774,0.12793150585361152,-0.6257292164311515,0.26769616863021506,-0.9988505391727844,-0.8987898017614694,0.04211805952775435,-0.18392239313659609,-0.08,765.5086915369396,729.8544524831175,556.217078883382,473.6982641207151,0.0,0.0,0.0
12.688,-14.301640853581388,-7.296887186163122,2.0021757556717033,6.327345206478016,9.150855335119642,123.10046782191534,-14.15707854528292,-6.9180848926121765,1.9999999999999991,81.29747787986759,1.3840788458003555,-0.5380651805446834,0.10352734915064443,-0.5791700475727417,0.0005893885803998245,-1.042700302356143,-0.38317384694529233,0.07373466976702364,-0.16727025333407622,-0.08,768.7317812273498,745.5070431838408,571.1477436545725,485.38228590307074,0.0,0.0,0.0
12.74,-14.31701911837895,-7.219574601582358,1.9923885683729314,4.275407869420687,8.995145971642913,119.85370176724976,-14.183652068647852,-6.857978911692078,1.9999999999999991,80.87267344695476,1.4681060885488655,-0.4999320548163627,0.0775896731737295,-0.4588707790650754,-0.2489816413720189,-1.0836367531746411,0.1836609895752307,0.09987593128301067,-0.12873095851666463,-0.08,770.7251965735011,763.6545852825573,582.3291124179304,503.1449738707468,0.0,0.0,0.0
12.792,-14.332430584024394,-7.139176487435246,1.9824476495614176,2.691859281366129,8.079344023491903,116.4580214371009,-14.206990946556067,-6.795129758134267,1.9999999999999991,80.50191404156264,1.5448350736472958,-0.43735768695718313,0.053982288556930644,-0.28514101338340714,-0.45140701828109864,-1.122506489545892,0.7330878787604687,0.11191425146113859,-0.07480852610368702,-0.08,772.0505060844964,781.0333604484774,587.9439221526416,524.85564122628,0.0,0.0,0.0
12.844000000000001,-14.348087383728023,-7.056316608728735,1.9733276363100383,1.7393125450758025,6.607748598424894,112.95998782818545,-14.227798920660861,-6.7287792866387415,1.9999999999999991,80.26408129695493,1.6062889491465178,-0.3563359269618287,0.035427641298523584,-0.08790908205578037,-0.5854322162442802,-1.1602629935002493,1.2072890392736002,0.15558799281669664,-0.017377412389843916,-0.08,767.6064930380251,800.74001564113,596.0338825139386,538.7247138780305,0.0,0.0,0.0
12.896,-14.363901383014099,-6.9717488460048855,1.9658920478618824,1.4469054898646025,4.843803174675976,109.36964605207687,-14.246702383697107,-6.658661347500845,1.9999999999999991,80.14382314376415,1.6473401701863577,-0.26421877143059463,0.023873109506652886,0.09481891299707342,-0.6390073369693317,-1.197837390997179,1.5595415891779487,0.13524463479338408,0.00022201684199349425,-0.08,773.6700643543923,805.9147238261536,597.4556638933998,553.3417080648488,0.0,0.0,0.0
12.948,-14.379517696849398,-6.886295441363109,1.960799086588099,1.9769309098490866,2.965374788730808,105.67236696381333,-14.264104121250613,-6.585583222705081,1.9999999999999991,80.01127745462878,1.6659225598955882,-0.16832719049974257,0.019049072375837268,0.47565148963347204,-0.6968133257132418,-1.2334737150852022,1.7713632637796326,0.28467517300409517,0.1338956602284,-0.08,742.0340814074614,841.4215016953926,604.3060805403841,555.4235214248458,0.0,0.0,0.0
13.0,-14.394214956964634,-6.800781997844995,1.9584328393150705,4.118106706712158,1.1231645377844286,101.90302872208822,-14.28046519200932,-6.509421895440387,1.9999999999999991,79.8905391558293,1.6614172589203893,-0.08281888231885148,0.018790906584671467,0.796336567213807,-0.6396064180135396,-1.2156927876844785,1.851566819541139,-0.1079404301805802,0.12954572116296154,-0.015583675382196903,714.3206737380082,719.9842008851138,642.4172121303003,708.5129902052846,0.0,0.0,0.0
13.052000000000001,-14.406734929787952,-6.715940487351291,1.9589115443709235,6.155294981866725,-0.17826098728162137,98.27552502700135,-14.295937222164108,-6.4310999914209726,1.9999999999999991,79.76941948076373,1.6376481932691376,-0.02334137794533476,0.031318384323670144,0.7010677707103119,-0.4788014427762686,-1.1401141019251104,1.71568608909734,0.05718098638307417,0.17880177671736266,0.028645623663254027,621.7508228700317,689.4197705272776,716.097097687678,747.3435735072215,0.0,0.0,0.0
13.104000000000001,-14.41590339675636,-6.632383857968044,1.9621186638397612,8.471149668964962,-0.8620638310952771,94.93754975579412,-14.310601421916349,-6.350720340703951,1.9999999999999991,79.67410868537884,1.602316179012859,0.007938339145559832,0.05738785274301006,0.7741877380626613,-0.29029850187516043,-1.0416653251494836,1.359884815978235,-0.28304536426682064,0.23164020138484895,0.05930013183791907,613.6879660942614,597.7335915638257,697.8398320789129,824.9203072004289,0.0,0.0,0.0
13.156,-14.420657259316718,-6.550492556975538,1.9675616134068794,10.13373608413289,-0.8116627353179912,91.98902295943734,-14.324199309975006,-6.269256947733098,1.9999999999999991,79.59662705181755,1.5635075883576062,0.009257996677417423,0.0954085895569049,0.30609359723872825,-0.04069900377175108,-0.936393892298662,0.8153493754998117,-0.2535578315683587,0.18104383322520232,0.07994392049536951,573.5213446086478,549.2382850594444,725.1551921864688,830.2125874012733,0.0,0.0,0.0
13.208,-14.420410080969901,-6.470363845832447,1.9744453539327014,10.092611343567645,-0.04396332044315461,89.47867944710103,-14.336365698915277,-6.186950091405793,1.9999999999999991,79.55456167258288,1.5283352062867057,-0.010434931686930868,0.13962391276192998,-0.2085977310849895,0.1929684954428734,-0.8353467412326392,0.163780437742701,-0.11268791770905345,0.10156402378923748,0.08,545.732343678774,541.8868836344506,740.2140459628537,792.7622254541229,0.0,0.0,0.0
13.26,-14.415417614273034,-6.391792688731977,1.9817787840688945,8.998934723120247,1.1858153943863323,87.33269151877695,-14.346559974198934,-6.104650953702869,1.9999999999999991,79.54209488699153,1.502113264154414,-0.03695536704274195,0.17570273282590984,-0.4317045934997735,0.3362273287652215,-0.7407328736278027,-0.4227939176776496,-0.04996593095326474,0.027448140726766157,0.08,530.3507226589546,522.3079361089387,744.9478772777568,764.2340764727167,0.0,0.0,0.0
13.312000000000001,-14.406404011873013,-6.314331963380359,1.9885364659175602,7.537191396485571,2.5658597867933053,85.46900235652758,-14.354267043706706,-6.022553566662427,1.9999999999999991,79.55833562878273,1.487994504025352,-0.0614887045123287,0.1948613023629352,-0.48721158672448467,0.3771645261108778,-0.6482145152922778,-0.8255535052702263,-0.031143619951525786,-0.027305738140756014,0.08,524.3090952626824,502.91555521307,745.4209209062293,746.3881885997655,0.0,0.0,0.0
13.364,-14.394156873702354,-6.237437648752313,1.9938972545567089,5.993656255476555,3.8349273485456203,83.83367164752681,-14.359095079386499,-5.941183859054618,1.9999999999999991,79.60143740684434,1.486721324638866,-0.08004576236267921,0.19637772451258312,-0.4851870347668058,0.33637433626640567,-0.5585673119794541,-1.0111502109394728,-0.026828976246065672,-0.060423153418185924,0.08,523.4910072150747,491.15935008039656,745.9339044199505,737.4188405504337,0.0,0.0,0.0
13.416,-14.379383228531294,-6.160589839431348,1.9973840682152548,4.4746473855105435,4.814632876432906,82.40400104462805,-14.36082289389727,-5.860532406504167,1.9999999999999991,79.66071738242398,1.4967895182030877,-0.09109335274356319,0.18376858330970386,-0.4659286410307219,0.2429955761196707,-0.4719738241423995,-0.998721330768113,-0.017694486299199508,-0.07462302868728943,0.08,524.3115086453274,490.0946146249245,748.806735550816,734.3754874255472,0.0,0.0,0.0
13.468,-14.362702225770928,-6.0833603939289995,1.9988796687960468,3.0406157638677294,5.412119979253276,81.17984952226338,-14.359438102931868,-5.780720674771409,1.9999999999999991,79.74203846919949,1.5150208603910973,-0.09438384244730508,0.16187932249787507,-0.42832640963093993,0.12415087179147485,-0.3880135734041628,-0.8319011411435048,-0.009643062388719897,-0.0730075251488313,0.08,526.9779154431595,496.61906733608623,752.6897713611493,736.6939146283007,0.0,0.0,0.0
13.520000000000001,-14.344667864940035,-6.005446675193083,1.9985695603862386,1.7636471686090658,5.6065264891407995,80.17275522551358,-14.355069333484156,-5.701558717817643,1.9999999999999991,79.82960528587773,1.53739536039688,-0.09065297419439947,0.13547725316847964,-0.3726037515252067,0.0025427478632671363,-0.30625818272894006,-0.5632279127987594,-0.001384635591733241,-0.05952010090255955,0.08,530.3473662274399,508.300281669659,757.1060206072909,742.5305199959909,0.0,0.0,0.0
13.572000000000001,-14.325778794033027,-5.92668793531655,1.996859181677502,0.7035217590334739,5.436042552520717,79.39572148231056,-14.34807938755505,-5.623381011993134,1.9999999999999991,79.93468822377861,1.5598721391510197,-0.08158261767075506,0.1087223296295388,-0.30130908725558864,-0.10418668597936605,-0.22635600146325818,-0.24632745302041814,0.0023006351903509525,-0.03880240463271326,0.08,534.5144004140291,521.5185474054308,760.9418121065896,750.7185840787921,0.0,0.0,0.0
13.624,-14.30647576564787,-5.847068643533028,1.9942731595844272,-0.10223033001712606,4.977898872754859,78.85562841157606,-14.338623437315565,-5.545132925000905,1.9999999999999991,80.04723449897745,1.5790617413282952,-0.06950681899559705,0.08469998072257118,-0.22186457562421796,-0.18483381444872052,-0.14943012338382977,0.0718729181431963,-0.00031010815468733577,-0.012904052418287626,0.07387109201714184,549.1180521373556,544.5753702973769,755.956310833152,752.8179285189573,0.0,0.0,0.0
13.676,-14.28713099390631,-5.766708006338793,1.9913676893056493,-0.6636416259396872,4.334145279487482,78.52475828043418,-14.327104061423388,-5.466702334575751,1.9999999999999991,80.43183800475427,1.592578822626566,-0.05633074358525368,0.06576775517036526,-0.15373981380501434,-0.2309975703516481,-0.08653699441545644,0.350541810136497,-0.007435253556893839,0.013832568017913757,0.06600784396111638,565.7047213100744,567.8266583460302,747.3526345248971,752.6834009907672,0.0,0.0,0.0
13.728,-14.26804350691111,-5.68583049892541,1.988656273767244,-1.0460101346191246,3.61870784434421,78.37574748430856,-14.313973985372517,-5.388165234390449,1.9999999999999991,80.92734630112875,1.5992539479843757,-0.043616002600983556,0.05346935342389816,-0.10815595684583623,-0.2402583076788336,-0.03031106715277569,0.5581578187436811,-0.011975352678238987,0.03666798724537551,0.05915626868657793,578.6637522523175,586.6308479973724,739.3314993646762,751.5983903656121,0.0,0.0,0.0
13.780000000000001,-14.249449153664056,-5.604716076793744,1.9865459611969005,-1.3149169194368364,2.9374418205299397,78.38694689392308,-14.299547952023099,-5.3090388131340065,1.9999999999999991,81.45921459446595,1.5990795805982487,-0.03241489664120133,0.04836378397813382,-0.08023953559728594,-0.21699307980849075,0.019175366473194375,0.6762237051978801,-0.012160732104847641,0.05366950860295429,0.0522178899062214,589.5504864745695,602.6411661776613,730.6806896690649,747.4258017951946,0.0,0.0,0.0
13.832,-14.231532539606906,-5.523647693853653,1.9852962465724235,-1.5122677887903277,2.374458303017036,78.53032487385885,-14.284265239353681,-5.229601092250274,1.9999999999999991,81.94000913744165,1.5929514497304265,-0.022963219157766487,0.049980324518111144,-0.06129253568919148,-0.16923063771908692,0.059899572829358774,0.7010268497438508,-0.009516694974200511,0.06316551552820916,0.04467287591632329,599.6983180188014,616.2865593855281,720.6759505579715,739.3923921645744,0.0,0.0,0.0
13.884,-14.214432272964274,-5.442865789585078,1.9850058641484214,-1.6578686646297238,1.9855126587595542,78.78217874992251,-14.268412846731794,-5.149601117236385,1.9999999999999991,82.44483240789167,1.5823668414701533,-0.015194125250810098,0.05698773708947308,-0.046536345004821185,-0.10692185063617243,0.09442333842372859,0.6424110198675614,-0.006512505006679482,0.0659153484335096,0.03764408729807542,607.950123671196,626.0493742170029,710.4737706345492,729.3864741530546,0.0,0.0,0.0
13.936,-14.198241913473494,-5.362536839305055,1.9856232261142388,-1.7611128694145508,1.795605451207269,79.11675216107874,-14.252365331514275,-5.069505895694469,1.9999999999999991,82.89244176027465,1.569111856364962,-0.00881603083749097,0.06745763769509688,-0.03337887856554622,-0.040065121760502954,0.12081559851140175,0.5208704759206553,-0.0034578089662382714,0.0622083765389065,0.030661385679172724,615.5539919337064,633.2424009524282,699.7840300385232,717.2078259785167,0.0,0.0,0.0
13.988000000000001,-14.183011900515227,-5.282739338769353,1.9869741203498148,-1.8278782894156012,1.8017368981750197,79.51636826407564,-14.236305974786317,-4.9890131272033935,1.9999999999999991,83.35467307689012,1.5550156910283814,-0.0036316601846141166,0.07919946773197263,-0.022740923577263095,0.022478374128481565,0.14186961584025853,0.36339028986709154,-0.00016060839110321884,0.05437612209594622,0.024573897335072932,621.5257148063994,637.713361837536,689.9785542688652,704.6809882050916,0.0,0.0,0.0
14.040000000000001,-14.168755059990538,-5.203465271493234,1.9888034727325006,-1.8627590922209536,1.9782384212633943,79.96207048226881,-14.220535940163801,-4.908749812775856,1.9999999999999991,83.75884700238788,1.541742059473982,0.0006280103452196463,0.090352414048095,-0.013234867096916824,0.07422910382747817,0.15648166095664312,0.19631796259697976,0.0028246038946732333,0.043207486106008774,0.018654327955980064,627.5468056164955,641.1881797162926,680.4946547171132,691.5607398685388,0.0,0.0,0.0
14.092,-14.155454932903773,-5.124633525355285,1.9908259080297945,-1.8680174752486096,2.283886368058796,80.44043089035496,-14.20513946997181,-4.828296876287799,1.9999999999999991,84.17161799003316,1.530660087228116,0.004131198692229545,0.09951743725321682,-0.0046154214694070685,0.11076013624304933,0.16691743343367046,0.042457965012140386,0.005622425171961114,0.031364850458145174,0.013746873785869503,632.5093166359237,643.4086001305474,672.6346818453516,679.7912418211724,0.0,0.0,0.0
14.144,-14.143073949117387,-5.046110273805106,1.9927644186008382,-1.8446225870169783,2.6689684066796278,80.93834487864908,-14.190343928416102,-4.748369344008896,1.9999999999999991,84.5295850071115,1.5227454837698624,0.007017974997836671,0.10581241789863993,0.0034078688942688826,0.13027618496457383,0.17233404457655058,-0.08070291075794156,0.007535906088029542,0.01925510188508936,0.009104409042390404,637.9522577521392,645.7987688058406,665.6576481178886,668.9591349505757,0.0,0.0,0.0
14.196,-14.13156082669982,-4.967731941020535,1.994384166550768,-1.79521739349668,3.0813050626747245,81.44626850539737,-14.176243781838185,-4.6690358653255135,1.9999999999999991,85.20702079042552,1.5185281637540071,0.009344738387998864,0.10896913931327687,0.010264064584484596,0.1324171765532102,0.17458978027552519,-0.16302660294028049,-0.005142971719100418,0.0091883353817767,0.012023505606638212,635.3379525255698,636.5338187000178,667.5895776002563,671.6131130346354,0.0,0.0,0.0
14.248000000000001,-14.120857268274973,-4.889327410479514,1.995516736172823,-1.7264234919999388,3.471053873427665,81.95771675261983,-14.162818192649848,-4.589754223579964,1.9999999999999991,85.52526978299767,1.5180766723637138,0.01108899967621668,0.10910915439720617,0.014936348193766782,0.11895865608226466,0.17383696756604988,-0.20030488360364507,-0.0031403457552472494,0.0013504184831637372,0.008493825712070158,640.5160292585346,639.9904696997572,663.4241184322295,664.6954283299374,0.0,0.0,0.0
14.3,-14.110904231361015,-4.810737889994794,1.9960706509370276,-1.6433405164508206,3.7985467486281674,82.46640682192938,-14.15007609265896,-4.510285680501315,1.9999999999999991,85.80009530852404,1.5210267117463492,0.012268934636679878,0.1067133835934998,0.018548952391435225,0.09415220996148325,0.17091503387157278,-0.1943010598397108,-0.0019211735554314387,-0.0027121296327187114,0.0048970020557987165,646.2834449569599,644.9342970117405,659.4408902120936,659.2153681114354,0.0,0.0,0.0
14.352,-14.101645724892558,-4.731832234841462,1.9960318109439763,-1.5482724998064699,4.038521629905591,82.96423251131866,-14.138121959699399,-4.431361481864502,1.9999999999999991,86.07867035038585,1.5266825335909424,0.012974255230854154,0.10252880127766095,0.02162110076264085,0.06289918617581951,0.16546032867770882,-0.15185362511778355,-0.001559090054530963,-0.004649995170351879,0.0025075862681269746,650.917421194103,649.1216973823367,657.475826560432,656.5914516493874,0.0,0.0,0.0
14.404,-14.093029869525171,-4.6525167996433,1.9954547628326076,-1.4462788814828271,4.177961075851352,83.44711196452789,-14.126926968573624,-4.3526965197493155,1.9999999999999991,86.31935292153118,1.5341554758975993,0.013222786906083606,0.09734766001181637,0.022990446377153938,0.028590747228437,0.15943592337631754,-0.08243795671253962,-0.0002023104689169459,-0.004094009834357969,-0.00016001509298569023,655.9732153410389,654.7408001309097,655.469156523609,654.3520473761807,0.0,0.0,0.0
14.456000000000001,-14.085009972090157,-4.572740655136662,1.9944480067822168,-1.3452727260879138,4.213888317359916,83.9113599434489,-14.11643167773531,-4.273826389071481,1.9999999999999991,86.56346492766242,1.5424739095511086,0.013055773465795515,0.09187959552640937,0.022464065390735227,-0.0051336737357990155,0.1524030369414383,0.0035529049113159905,0.0011293554116523167,-0.0006167433456250085,-0.0020157856398922975,659.7821978927525,659.9282401423204,654.4982151115586,653.9964907666673,0.0,0.0,0.0
14.508000000000001,-14.077545957318762,-4.492496972210455,1.9931549421223869,-1.2499191015670477,4.155500764473816,84.35390646036072,-14.106599594965807,-4.194550273554333,1.9999999999999991,86.77442367964551,1.5506873496620721,0.012567408877848693,0.08676474063442216,0.0195622307155922,-0.03412591254167105,0.14391804493573296,0.09528589792525277,-0.08884873623223315,0.0048545367719010635,-0.0035971985456421034,675.8192843349525,652.0362753409191,640.4494836533871,667.3877355338385,0.0,0.0,0.0
14.56,-14.070610868182575,-4.411819198776948,1.9917339856290153,-1.370323044060168,4.022084861399302,84.76959453210188,-14.097436867057786,-4.115194509806863,1.9999999999999991,86.98824166657391,1.5579782881286781,0.012106637233084104,0.08260932602838458,-0.1052355366350491,-0.056293185752569586,0.1343189556473518,0.18177267622502102,0.06067125410583663,0.011415140558884469,-0.0041733150094655,656.4508863541162,676.7799002474578,662.1800685464718,648.0455047274266,0.0,0.0,0.0
14.612,-14.064267307926881,-4.330766107714084,1.990342317161174,-1.585457864064695,3.838175610105249,85.16095026064109,-14.088892168225948,-4.0354904452082385,1.9999999999999991,87.17145972625087,1.5637677633491351,0.014035400207380085,0.07986885215510234,-0.03984048480001429,-0.06961327009607317,0.12638894670133835,0.2535331005977134,0.05154827918244399,0.017872539763734645,-0.0054884330856609445,660.2142652978371,679.6939986684072,659.696669774263,650.0293737357595,0.0,0.0,0.0
14.664,-14.058611572820794,-4.2494174536734235,1.9891148183364908,-1.4871508988467277,3.632844512697326,85.52865931284254,-14.080983625539567,-3.9560531977104816,1.9999999999999991,87.35103460576913,1.567721468483247,0.01781903589807001,0.07868720404961911,0.061729594646807676,-0.07288894416723128,0.11794761002205789,0.3048449195904931,0.016463353996725202,0.02206899221671542,-0.006214563763913662,666.6319690045685,677.4110226736508,654.1170339644283,655.7261009289637,0.0,0.0,0.0
14.716,-14.053613610099397,-4.167874849243276,1.9881549755911694,-1.2071489487388536,3.428541609062933,85.86935615583246,-14.07365757324821,-3.8763084332427282,1.9999999999999991,87.49819039418286,1.5697518846857974,0.020845928351237365,0.07893249837316844,0.0960035155006465,-0.06940233767812984,0.10898682711847471,0.3336844074366312,-0.0006849774869294237,0.025500797128957423,-0.006877235892242092,669.9893445410906,676.9165760698364,650.7584592008021,658.2795616748242,0.0,0.0,0.0
14.767999999999999,-14.049156038456825,-4.086245593322584,1.9875265652689633,-0.9137743326851226,3.2415182710445434,86.18089942054911,-14.066891056198106,-3.7959668109656066,1.9999999999999991,87.6398374373809,1.5699527308786339,0.022001762444289797,0.08034344515587724,0.0868561329525527,-0.0608727953544991,0.09984094747921048,0.34055958805804165,-0.003901642108961951,0.028734586645679922,-0.006994486844737071,670.2033829948236,677.1331792258143,649.719455314222,659.0948653635971,0.0,0.0,0.0
14.820000000000002,-14.045109712493337,-4.004628009321677,1.9872534862611233,-0.6767110103005006,3.0863326401791036,86.46381768407024,-14.060680974148015,-3.7151631697701926,1.9999999999999991,87.75757620485375,1.5685513166218672,0.021407958322175753,0.08265750909005105,0.06578153003346361,-0.047754424600404154,0.09073589447109037,0.3272618279754931,-0.002462371044685819,0.031031112660876332,-0.007040006229945592,669.3822865551756,677.3581106076115,649.1611315323282,658.7891612751424,0.0,0.0,0.0
14.872000000000002,-14.041368580262642,-3.923102269657581,1.9873225993416814,-0.5031453834168375,2.9750881103611566,86.71907715295075,-14.05503665764871,-3.634602677956836,1.9999999999999991,87.8746649990962,1.5658951111358381,0.019619219505999538,0.08559854808692034,0.04646999751234219,-0.03153270176145585,0.08204654655226114,0.2968983078879436,-0.000700270678002695,0.031024056635289392,-0.006685440340912651,667.9418951424618,676.4226539495464,649.1861340348393,658.3087786243273,0.0,0.0,0.0
14.924000000000001,-14.037854750850965,-3.8417250980034936,1.9876890435275585,-0.3964530325141473,2.912419765698184,86.94964744522845,-14.049893898144784,-3.5537413597732357,1.9999999999999991,87.97558945514314,1.5624170453234378,0.01711146373975207,0.08877502746947206,0.01222603994886597,-0.015022940812691449,0.07409487537293417,0.25472143569385697,-0.038507141092215126,0.030360563592104237,-0.006428769362482721,672.0439637472593,669.7612362831885,643.1663364564755,662.9902189708725,0.0,0.0,0.0
14.976,-14.03452710153434,-3.7605277669696386,1.9882833502323158,-0.48404129969327564,2.896898777925285,87.1567421667337,-14.045193913617702,-3.4723925371693642,1.9999999999999991,88.07927257485166,1.558564793576806,0.014698803161843337,0.09181962592867256,-0.046555845888623146,0.0003456237894989514,0.06688741445661778,0.20653516897324908,0.035838491740361494,0.02920717847087537,-0.005904436013534835,659.9342574415437,678.2103639874252,653.7603668721495,651.8507156367056,0.0,0.0,0.0
15.028,-14.031416129204441,-3.6795154639654286,1.9890228377362371,-0.5356657688519461,2.924651364460649,87.3449159148592,-14.040894398186756,-3.3909401618999153,1.9999999999999991,88.17029361709898,1.5547620813802858,0.013755064438164414,0.09442669226081928,0.0008478044557011163,0.014188890708130758,0.061064687944619625,0.15796511054437812,0.021133016322085835,0.027280935891887924,-0.005754927798492029,661.0283656100156,674.6564523391838,651.0494995434717,652.8223072197814,0.0,0.0,0.0
15.08,-14.02854306434206,-3.5986739873691675,1.9898223586668453,-0.45480266888950827,2.9893935071028066,87.51634919292037,-14.03694304814662,-3.309348290071265,1.9999999999999991,88.2624048936179,1.5513782542443684,0.013457257507394519,0.09641397741482133,0.034979493387195755,0.025530521261664618,0.05559923139199126,0.11351079033030342,0.00623879682552949,0.02478377437042378,-0.005370465572788275,661.9995670042605,670.7513620216653,648.8111503447655,654.1624471250074,0.0,0.0,0.0
15.132,-14.0258723743145,-3.517975125124018,1.9906008757209934,-0.330762254498267,3.0814502971425073,87.67145702027976,-14.033309014876682,-3.2279606475241054,1.9999999999999991,88.3411429226904,1.548709795642313,0.01276891156316445,0.09769657140638299,0.038244950392948535,0.03338543175418586,0.05017751295822548,0.0765910305875529,0.0005061511739534053,0.02161258219918051,-0.004947006380603367,661.885569094812,668.1382917030294,648.2265662264809,654.3189916516296,0.0,0.0,0.0
15.184,-14.023347278698564,-3.4373792512777266,1.9912885668470475,-0.22733574554733343,3.1888333970059137,87.8118321001131,-14.029952315161811,-3.1465228849676623,1.9999999999999991,88.42092086334704,1.546957656210239,0.011424415237111931,0.09823746186454552,0.027034152552660777,0.03683539706484875,0.045399424029417615,0.049801115062949264,0.0004986651459568479,0.018824273663570056,-0.004433220181614817,661.0105384437061,666.483331111744,648.7800685427566,654.0685718677422,0.0,0.0,0.0
15.235999999999999,-14.02091953455443,-3.35683958635795,1.9918320829141682,-0.1619377125931122,3.298724505050593,87.93903501252248,-14.02685352991182,-3.0654283985803907,1.9999999999999991,88.49106691906746,1.5462087657397119,0.009624098191218117,0.09805670685832975,0.014537282308602373,0.03612371069065644,0.041064434060221144,0.03465429283412513,0.0017778884411264219,0.01605806410965803,-0.004010378451625654,660.3356729077861,665.3940320636102,649.6542355987968,653.773455224252,0.0,0.0,0.0
15.288000000000002,-14.018558443893912,-3.2763077108107024,1.9921980041162592,-0.12908969996578046,3.399138859094482,88.054472498906,-14.023989552775102,-2.9849510630299023,1.9999999999999991,88.56471732435774,1.5464376776646371,0.007668234571501402,0.09723326912737806,0.005139752660466871,0.03129785962073715,0.03736639893705841,0.0314524723396431,0.0027799999866350597,0.013293950161431917,-0.003504219815946763,659.8478035865082,664.4115123460634,650.8715131559655,653.9012114769668,0.0,0.0,0.0
15.340000000000002,-14.016249165184636,-3.1957391508223543,1.9923740652188424,-0.14895351004243912,3.4781401042201896,88.15988334066824,-14.021312029268131,-2.9044372769853557,1.9999999999999991,88.63141556642977,1.5475123629150151,0.005769153430448695,0.09584079412322302,-0.02626336846207684,0.022765014809217943,0.03390868796748757,0.039875320724157115,-0.012065989019509227,0.01216770570943474,-0.0030247425061229343,661.6708208710565,661.699719623682,649.7798832632088,656.7536499443091,0.0,0.0,0.0
15.392000000000001,-14.014004414517963,-3.115098197903786,1.9923686523305113,-0.2928490087772601,3.5283645008969713,88.25621381892171,-14.018781887071594,-2.823479774066321,1.9999999999999991,88.7027660417922,1.5492033356583608,0.004563731847286023,0.09404486826540416,-0.061273065644856704,0.012599312231065191,0.0311793027858926,0.05804221933587561,0.00838396644761976,0.012874916810697506,-0.0025256740942641294,658.3907288602609,664.4330914311811,653.7562939336523,655.0464207693482,0.0,0.0,0.0
15.444,-14.011886073862332,-3.034360509437487,1.9922081522410315,-0.43973858938584154,3.549292998703438,88.34597065107893,-14.016391066536388,-2.7427362562130884,1.9999999999999991,88.83396479845563,1.551235362505811,0.004970063007090817,0.09211016805429025,-0.032661592967357066,0.003072776197560135,0.02937443673323483,0.0825258360535398,0.027169822185222244,0.013718836634578038,-0.0009842249926314143,653.991445207893,665.6412364769714,659.0311845014253,655.1829963483807,0.0,0.0,0.0
15.496,-14.009955603164807,-2.953515044090242,1.9919324671883878,-0.4341970660095892,3.5443284446255965,88.4318895198122,-14.014113154249245,-2.6617353462445212,1.9999999999999991,88.89024366233151,1.5533444994616616,0.006506868166305852,0.09030786010177853,0.018650023709678776,-0.004978460948943771,0.027960778294977024,0.10940190546009132,0.009255601429108078,0.01536492681788242,-0.0010582600247559793,657.0260802276013,664.0332619619311,656.7301288145096,658.4766247030254,0.0,0.0,0.0
15.548,-14.008212948877205,-2.872564335694879,1.9915883294458263,-0.3334502893814394,3.5190878111427124,88.51289396903462,-14.011958585254256,-2.5811414629244402,1.9999999999999991,88.94518112017171,1.5553068416555909,0.007850653752587724,0.08883183403499798,0.03692742226597175,-0.010865350786832557,0.026164669066235373,0.13528300243069058,-0.0001103795620361319,0.01632378665470838,-0.0009227503418960447,658.6026424626752,663.2144509547745,656.0050110445678,660.6977701756269,0.0,0.0,0.0
15.6,-14.00661447518325,-2.7915213174861186,1.9912223587940665,-0.22330233208279793,3.4789227563130174,88.58847525453912,-14.009928127206518,-2.500792910199282,1.9999999999999991,88.99149850128329,1.556958096778784,0.008369095910724681,0.08777958505435811,0.03273604521090622,-0.01532761735494118,0.024420364848611948,0.15772739970431882,-0.0020512175854422634,0.017099491729119082,-0.0008741325912504775,659.1831979882633,663.4609148182069,656.1673837337528,661.6313012624396,0.0,0.0,0.0
15.652,-14.00511072607498,-2.7104058453840216,1.9908764041680245,-0.1395692791537138,3.4273131691039,88.65904685963092,-14.008016196375179,-2.4201840242353403,1.9999999999999991,89.03858410038514,1.5581810430168308,0.008082847423678267,0.08713419089721489,0.022401285099450767,-0.018561161325105123,0.022824612418247493,0.175564569300674,-0.0012298775494889672,0.018627282485409156,-0.0007609693554242818,659.0682054484614,664.0120706178641,656.6022810083795,662.2631745022196,0.0,0.0,0.0
15.703999999999999,-14.003663990491756,-2.629242521955319,1.9905847930375538,-0.0866214674744071,3.36960558610595,88.72504927252527,-14.006219189624597,-2.3391213136832567,1.9999999999999991,89.08043000242748,1.558894775529431,0.0072481300187272075,0.08687050553886723,0.012692194468160342,-0.019577275033779998,0.021349803478021435,0.18794275960943918,-0.016773460007262164,0.020764775653722947,-0.000706980349520233,661.1566990525099,662.2906069015189,654.3982607491878,665.0945996102212,0.0,0.0,0.0
15.756000000000002,-14.002251975827512,-2.5480581671565483,1.9903723000034972,-0.0951902925938735,3.3138697362571023,88.7864673560066,-14.004538424508763,-2.2580990644672414,1.9999999999999991,89.12496759590381,1.5590747253717585,0.006160334963188359,0.08701240965993057,-0.01722207428282953,-0.017827777538026418,0.01994206130638553,0.1938333209771701,0.011326268023716248,0.0221038708449553,-0.000528160987486561,656.821841058657,666.3213178518985,658.5913604236339,661.6606204852562,0.0,0.0,0.0
15.808000000000002,-14.000879277857022,-2.4668780541394977,1.990252838320009,-0.14206723838186644,3.2671946817337747,88.84449849213702,-14.002958201065038,-2.176844191440383,1.9999999999999991,89.16558258668027,1.558769512154567,0.005423202974629655,0.08754276878224167,-0.011266380597795828,-0.013983783875019367,0.01903263548619815,0.19295533360991213,0.010719224178747502,0.023121196757687753,-0.000540755935311062,656.7460623171912,666.3623768123703,658.3074942632389,661.8396250453222,0.0,0.0,0.0
15.860000000000001,-13.999565607147076,-2.385722968806845,1.9902287801409986,-0.14201623958219012,3.2347061425994847,88.90010727318813,-14.001470615730558,-2.0956939610140526,1.9999999999999991,89.2082629846757,1.5580853672679358,0.0050963020438745,0.08838316083551774,0.004739050671713202,-0.008800504758870707,0.018340478680703032,0.1859965484035645,0.004564505074045584,0.023217326567355034,-0.0005393744604858208,657.4450021564442,665.3415892978287,657.2505438520833,662.5642786283847,0.0,0.0,0.0
15.912,-13.998312668948197,-2.304607652965313,1.990291466374714,-0.11427529191551632,3.2182853951648056,88.95321680628727,-14.000061251864272,-2.0144120932505296,1.9999999999999991,89.24608219277324,1.5571641799202398,0.004765286456648667,0.0893985835920863,0.009357263236013682,-0.003310189651392542,0.01745567053778861,0.17455156995371401,0.0014825627879153486,0.023005927847545845,-0.0005188426003518622,657.6266140776509,664.5901161794158,656.6075019567506,662.7411511721139,0.0,0.0,0.0
15.964,-13.997109103984291,-2.2235397531128434,1.990423243211817,-0.08768708526780748,3.217769738632483,89.0037339657037,-13.998725798592451,-1.933230964551759,1.9999999999999991,89.28566018238514,1.5561558862509375,0.004257013112518408,0.09045119094272731,0.006551046086553889,0.0017791540921274114,0.016698980559834254,0.16053079631659584,0.001134199724830451,0.02223711883879908,-0.0004552365538500595,657.3851688804831,664.0350001386086,656.443035571711,662.4589045408784,0.0,0.0,0.0
16.016,-13.995943351909625,-2.1425197103951423,1.9906007799124636,-0.07336742052028097,3.2305859287270025,89.05196448635184,-13.997455924953123,-1.851991646753782,1.9999999999999991,89.32134002870407,1.5551995317432938,0.0036079442826295015,0.09140121632818962,0.0022016767297671136,0.005854978695483028,0.0159485402138946,0.14604580679046064,0.0016909331177440315,0.021403280776499552,-0.000428262323585769,657.0685674939876,663.6430794161912,656.3605983592327,661.982435527281,0.0,0.0,0.0
16.067999999999998,-13.994809141873507,-2.0615417976785686,1.9907987555146793,-0.07060024928435495,3.2533664678595082,89.09799063903016,-13.996253477115838,-1.771309277697721,1.9999999999999991,89.35938197348179,1.5544058004273156,0.0029292467919145694,0.092155678087913,-0.0011357958323878169,0.008573850787496624,0.015253321778220186,0.13281457540953412,0.0022505115178976624,0.019610811792003486,-0.00032754424065187254,656.8173140699,663.0448495302427,656.5498542958558,661.501996174436,0.0,0.0,0.0
16.119999999999997,-13.993705429893033,-1.9805957939553864,1.9909930630668584,-0.07544564561749102,3.280147819477402,89.1423289724497,-13.995105499223412,-1.6905826183073867,1.9999999999999991,89.39405014395635,1.5538490514156842,0.002302330585574616,0.09260793270999808,-0.0032039452465364715,0.008926740256670685,0.014740658084459604,0.12265147711344482,0.0027689921621164154,0.018456827953722516,-0.00032805912926050487,656.691206656904,662.7396855907037,656.5707316552192,661.047265350968,0.0,0.0,0.0
16.171999999999997,-13.9926346851332,-1.8996696541485951,1.9911638665756202,-0.08466838488960522,3.3045960554632194,89.1852897535973,-13.994003880204502,-1.6095446102896802,1.9999999999999991,89.43114550066109,1.5535445410726294,0.001777850883410536,0.09268740379882702,-0.0042957406616994645,0.007525784439658799,0.01433660773503678,0.11688223969939837,0.0031353847721093545,0.018410534581806005,-0.00028952053114163917,656.4712385403353,662.6125480969616,656.5629578166454,660.9221708929498,0.0,0.0,0.0
16.224,-13.99160137362333,-1.818752257439962,1.9912981319262966,-0.0957056330270129,3.324100100806835,89.22696352320476,-13.992946922867366,-1.528407465542193,1.9999999999999991,89.46489494220054,1.553456056428961,0.001383861028751807,0.09245527823183113,-0.0045590895835839074,0.005887316230149269,0.013885807886689272,0.11532511347778363,0.003339247492516699,0.018653929010154346,-0.0002774785927216496,656.3623066797999,662.6315270425149,656.5459463767545,660.9165161798662,0.0,0.0,0.0
16.276,-13.99061075348099,-1.7378345995678515,1.9913903693656427,-0.10656316346013037,3.339151192459442,89.2674021391629,-13.9919382672486,-1.4477706630406073,1.9999999999999991,89.50065228679465,1.5535335510079824,0.0011289717401548151,0.09205887732767118,-0.004285792479257365,0.0043794500338221335,0.013513373218894903,0.11671388997570198,0.003437424595951891,0.01802347924262091,-0.0002271169627780238,656.4045683335349,662.522373052983,656.7564868320753,660.9184467476226,0.0,0.0,0.0
16.328,-13.989667964024767,-1.656909771974343,1.9914411886038696,-0.12011900774771891,3.3485715842630133,89.30687950258014,-13.99096988612176,-1.3670167581003414,1.9999999999999991,89.53277517426939,1.5537316939856227,0.0009954439056184049,0.09157133685241854,-0.008286742934250196,0.0022024050716246573,0.013127491559014387,0.12031464083997168,-0.0033458437702967143,0.017971941512602903,-0.00022773199281690682,657.4669783128958,661.6358464858025,655.875224765814,661.9572779023692,0.0,0.0,0.0
16.38,-13.988780523191103,-1.5759733982548705,1.9914556005262496,-0.16073351801439334,3.3511194738471244,89.34527193479866,-13.990039097452257,-1.2858820306138212,1.9999999999999991,89.56635891792831,1.5539932497738544,0.0010643333579148095,0.09102754280725125,-0.014944370923647966,-6.719252971282147e-05,0.012821522151358991,0.1256275483048802,0.010011794303563769,0.01883445821699961,-0.00020494635110861507,655.5192109650193,663.7402653225369,657.8149164633761,660.3314599340687,0.0,0.0,0.0
16.432,-13.98796488476146,-1.495024012079935,1.9914419127947636,-0.1824018864027801,3.3486149162354093,89.38305882503225,-13.989150540168549,-1.2047884593026628,1.9999999999999991,89.59587017586561,1.5542566975886403,0.0015043491619740103,0.09051924743907311,-0.0029300745902198938,-0.0012795678581671182,0.012612109286074546,0.13148994028359684,0.006886576573192952,0.019417584383919884,-0.00028880703097701775,656.130880977287,663.6246328571021,657.2983772148317,660.8726080225865,0.0,0.0,0.0
16.483999999999998,-13.987230610281978,-1.4140624847722354,1.9914101892840568,-0.17247823327992903,3.3442852044097595,89.42019271696945,-13.988304814058143,-1.1235142717364461,1.9999999999999991,89.62544581051591,1.5544837136593432,0.002074613460744529,0.09014975361994805,0.005332347072306271,-0.0015518178572289816,0.012332620001915345,0.13656939389664424,0.004052650340697649,0.020044158328275156,-0.0003329876421022075,656.6202094092458,663.4833024116704,656.8534847657378,661.4144218481065,0.0,0.0,0.0
16.535999999999998,-13.986573451690626,-1.3330907161155272,1.9913700342455394,-0.14956155902613624,3.340632281180654,89.45618521243142,-13.987508131671726,-1.0424694012506013,1.9999999999999991,89.65005714628319,1.554664254700698,0.0025403575883262202,0.08996093270855618,0.00744022925209058,-0.001005110585473636,0.011882982642671286,0.14014960353124628,0.0029439517803261837,0.019957509245567558,-0.00039545752291391843,656.956447508684,663.4774574677357,656.6985209055164,661.5510242491631,0.0,0.0,0.0
16.587999999999997,-13.985982895332148,-1.252110430930449,1.9913289150156328,-0.126545749950245,3.3386766361679987,89.49072903950439,-13.986765715652501,-0.9619390212649779,1.9999999999999991,89.67404453316837,1.5548102787466243,0.002828909020314284,0.08993981472409054,0.00656034975624326,-0.0006194030450883255,0.011386798842420805,0.14211943816382555,0.0028832907876857276,0.018989389255625752,-0.0004246305574006963,657.1871257376308,663.4144078943958,656.8307500310991,661.4244138613982,0.0,0.0,0.0
16.639999999999997,-13.98544817001521,-1.171122750581418,1.9912915515609386,-0.10742329821766351,3.3359932629560785,89.52378773193611,-13.986075223682468,-0.8812787392523979,1.9999999999999991,89.69393720847563,1.5549352204033136,0.0029558676345687084,0.08997568007633938,0.0051926836538783855,-0.0012417418475679318,0.010836324721798402,0.14341302063551686,0.0030071746392037408,0.018670830615409004,-0.0004886778499472692,657.3317244877145,663.5024943066858,656.8326635277259,661.300550458221,0.0,0.0,0.0
16.692,-13.984960323924565,-1.0901291022791522,1.99126074808372,-0.0923424945715124,3.330734215845107,89.55527750554934,-13.98543495774322,-0.800097162611731,1.9999999999999991,89.71351562156343,1.5550283966806877,0.002962470471708852,0.08998720894740711,0.003943380420527861,-0.0020912243312069785,0.010291157817523166,0.14473737556722155,0.00317290367721515,0.019469340314489044,-0.0005291887087532075,657.2777538288452,663.7221912028025,656.7133395744041,661.3619246510729,0.0,0.0,0.0
16.744,-13.984512364697913,-1.0091319377124872,1.9912387481408351,-0.08056611519320869,3.324408072329035,89.58500576681166,-13.984847031703847,-0.7190783914953078,1.9999999999999991,89.7464627931381,1.555068594670351,0.0028900572252594917,0.09000244222295724,0.0029761105511128968,-0.0020555335374385056,0.00968308238521862,0.14574568918968234,0.002521542696828362,0.0197387715069787,-0.00023503701404854873,656.943511596622,663.282955980673,657.0111057367415,661.9191645311732,0.0,0.0,0.0
16.796,-13.984098919768435,-0.9281341369204262,1.991227435811271,-0.07157714654368133,3.319367097192,89.61303130042086,-13.984306812409041,-0.6377758716323615,1.9999999999999991,89.76054332428473,1.5550527968409038,0.0027669036110354313,0.0900747442551795,0.0021393089862826497,-0.001367544725280395,0.009101056621009943,0.1458543751014295,0.0026353709971738285,0.020239330328463784,-0.0003054292066281176,656.9541968834873,663.4676467258981,656.8585023540978,661.8775442428416,0.0,0.0,0.0
16.848,-13.983715940207118,-0.8471379817919338,1.991227515534871,-0.06484033520930158,3.3174737816771627,89.63924724506161,-13.983812991729929,-0.5567217283651521,1.9999999999999991,89.77386057145154,1.5549977178897652,0.002620175084783183,0.09022784555359535,0.001483606941828865,-0.00012928525472107616,0.00850127256384541,0.14480782466139064,0.0027707172816611426,0.020001605280324717,-0.00034862312350422974,657.0049195528992,663.488864322124,656.827770739316,661.7410697174913,0.0,0.0,0.0
16.9,-13.983360443165793,-0.7661443792323265,1.9912379117185843,-0.06001776152551286,3.3191227672592203,89.66371004249685,-13.983359864077222,-0.47546096961773543,1.9999999999999991,89.78321179879521,1.5549346427195838,0.0024679502961032526,0.09044232168657775,0.0009428277202349494,0.0010010527037133546,0.007906017348337787,0.14283015026649126,-0.0006245866647060418,-0.014099782104742843,-0.00044024675002337114,662.4309444596269,658.2390463560498,661.037427224618,657.1940613249755,0.0,0.0,0.0
16.951999999999998,-13.983030480977767,-0.685153676151496,1.9912558589765212,-0.06327884629148285,3.282097618949804,89.6862129590107,-13.982945941326168,-0.39467158013672315,1.9999999999999991,89.7928313685908,1.5548811255609358,0.0023344735944737455,0.08976213648568,-0.003948227563153614,-0.02677243686411066,0.007201705979163288,0.1493772931943239,0.004975379522404153,-0.06328505124932868,-0.0004472689956861867,668.7277855379236,652.1298943962487,668.9038766225545,649.436391648581,0.0,0.0,0.0
17.003999999999998,-13.982727884834643,-0.6041863295729119,1.9912858811740142,-0.07531479256871067,3.0762778752280098,89.70698607912391,-13.982566459053775,-0.3140694008346225,1.9999999999999991,89.80116741754208,1.554273146307096,0.0023180419129166844,0.08509584953758474,-0.003188386322922447,-0.10563245859529066,0.006632533304254805,0.19459708098043482,0.005416015961730809,-0.0804674135764181,-0.0004939334734383424,672.06178137881,650.7295749867069,672.2333375757916,647.7707471173354,0.0,0.0,0.0
17.055999999999997,-13.982457915345288,-0.5233391750234649,1.9913764173466189,-0.07521651791476684,2.5569510216439735,89.72653866419577,-13.982217439784515,-0.2335398541592873,1.9999999999999991,89.80906212589375,1.5512084202839413,0.002434159648684775,0.07354993665601829,0.0014854816800896815,-0.2197261399885499,0.006068258909281287,0.30529446763015833,0.003908896495338658,-0.07257959802694884,-0.0005264393565447533,673.4781297169181,654.0288731896562,673.1403477595353,651.4288490563622,0.0,0.0,0.0
17.107999999999997,-13.982221882646,-0.4428448785930367,1.991664486747866,-0.06573589327367955,1.7084233861635694,89.74472029406893,-13.981895676390101,-0.15291629308913568,1.9999999999999991,89.81497855573267,1.5426346484112112,0.0025686093021796883,0.05633629176136836,0.003570393986984985,-0.3247221523482803,0.005501608211836489,0.46521249607942183,0.0030375046122986128,-0.042874206973014056,-0.0005707398840709151,672.807194263649,661.5826427781451,672.1049590241529,659.1381096765457,0.0,0.0,0.0
17.16,-13.982017395411953,-0.3630844760503635,1.9923756827699362,-0.054489438760803734,0.5972318037757146,89.76121365939495,-13.981598152486425,-0.07199697804926236,1.9999999999999991,89.81962174342632,1.5255986089396616,0.0026574558314992024,0.03684226321327998,0.0035733998809677676,-0.39744001242990223,0.004898877620989587,0.6339391331887386,0.0028313128144867895,-0.008531774340198472,-0.000593616284324163,671.6064555580742,670.0089207379111,670.7828492818949,667.5906694908468,0.0,0.0,0.0
17.212,-13.981841348972196,-0.2845602887851158,1.9937721928239913,-0.04494911431401949,-0.6501480902536658,89.77579714969009,-13.981322504591471,0.009125357135209188,1.9999999999999991,89.82238590978235,1.4981108393909426,0.002699748764105076,0.019204172162247124,0.0029564808944271383,-0.4232682202046695,0.004285132307729127,0.7625417075912315,0.0028755339719251536,0.03146106855735106,-0.000612103614014172,668.8258512274045,678.4084330494603,667.9606724584887,675.9579412035562,0.0,0.0,0.0
17.264,-13.981691275053043,-0.20783802713244287,1.9960786195014397,-0.037440005724017296,-1.8784808622247071,89.78836779587306,-13.981066957945416,0.08994496992305959,1.9999999999999991,89.82356347473858,1.4596853191706833,0.0027157860015934324,0.006902253012050082,0.002420497401827343,-0.3970131017597172,0.0036782822328604004,0.8097036747236337,0.0029506849503126284,0.060039347304067445,-0.0006242306277762753,666.0013153815017,683.5502473143333,665.1203760725953,681.0649658770483,0.0,0.0,0.0
17.316,-13.981565278534866,-0.13346959499507008,1.9994069896537998,-0.031249122112666967,-2.9552005019463365,89.79891115501904,-13.980830869685443,0.16923911511343864,1.9999999999999991,89.82274859124114,1.4113677168399923,0.0027226256334030273,0.0012924078841999983,0.0021465024099787565,-0.32981764345832226,0.00307102613235494,0.7585104813137192,0.002960870338544856,0.08290025037617876,-0.0006355511060993981,661.9215808255168,685.8735384522241,661.0067973785601,683.3636244808921,0.0,0.0,0.0
17.368,-13.981461546683253,-0.06191979467295953,2.003715259644951,-0.025527486072803016,-3.774890897162773,89.80741064722334,-13.980626770323095,0.24035760392290084,1.9999999999999991,89.81965587719978,1.3553051215199399,0.002728857442549468,0.0019201357724109654,0.0020732210863875335,-0.23599869147141966,0.0024531417775675397,0.6147055707540187,0.0029178335348025047,0.07981011372024883,-0.0006473974212558893,659.4827392300658,682.6578898782114,658.5194012451199,680.116167140889,0.0,0.0,0.0
17.419999999999998,-13.981377910569918,0.006487944628416668,2.0088036195361827,-0.019797848187367302,-4.316181753559387,89.8138889319996,-13.980461012475386,0.2994494605302537,1.9999999999999991,89.81447766768304,1.29418214200459,0.0027352865504690835,0.00598975943420933,0.002053659208969126,-0.1458319338839818,0.0018306774448798315,0.4120176770851575,0.0025974509620933202,0.06160985359762443,-0.0006586316489900924,657.8568498552181,675.9559876557513,656.768166979276,673.4479134262948,0.0,0.0,0.0
17.471999999999998,-13.981311761820598,0.07158155804635279,2.0143535035945774,-0.01449930213443668,-4.627952377758235,89.8183749455603,-13.980332159260382,0.34611145352265527,1.9999999999999991,89.80591615246855,1.2304499128403954,0.0027403669779173597,0.009784047940383855,0.0018536115226305077,-0.08102077314094489,0.0011823557864069044,0.1970117084265416,0.002864394364014979,0.028092010441667883,-0.000687817068602101,657.99724045206,666.7829136511548,656.9039729341662,664.0843224490662,0.0,0.0,0.0
17.523999999999997,-13.98126037003112,0.13330786669412584,2.0199957717849206,-0.008585803665871132,-4.8249259220553675,89.82083433643244,-13.980235135289806,0.38166049821517833,1.9999999999999991,89.79504502892237,1.1658079551505036,0.0027441427220904605,0.009829799775516951,0.002212762867152939,-0.0617965704164687,0.0005084950893092694,0.015494572361190062,0.002626349024339291,0.0012684253839357236,-0.0007125192075446992,657.9437442303409,659.0556425556148,656.7135032557353,656.3246673703185,0.0,0.0,0.0
17.576,-13.981220772923148,0.1916691097073212,2.0253866980624027,-0.001543957035262107,-5.067943306971852,89.82148573868818,-13.980163865924785,0.408016147044154,1.9999999999999991,89.79504502892237,1.1007856074959512,0.0027305760162379044,0.0037456385363734647,0.0024757013019590713,-0.12202883421679418,3.8281779697115935e-05,-0.09821823353907212,0.0023630591734171186,-0.3893716814314491,-0.0005516789153023079,709.156325258512,597.8243776342683,708.3603259741126,595.3895393420563,0.0,0.0,0.0
17.628,-13.98118986428109,0.2466199407338905,2.030261954340314,0.006211328997086781,-6.14483152313911,89.8209278010842,-13.980112565200598,0.4271336601433851,1.9999999999999991,89.79504502892237,1.03278146803275,0.002673743177851798,-0.018967838749987947,0.0026638956066762642,-0.5437688401459893,-0.000287364562245823,-0.03278283864692874,0.0021337556390922264,-0.17174373374176616,-0.00043872589166155,681.5748915577516,633.0670145991631,680.9865687798637,631.1637718122706,0.0,0.0,0.0
17.68,-13.981165526846093,0.2977366149376538,2.0345736385980775,0.014276750825657528,-8.319959793951568,89.81931559306814,-13.98007627092935,0.44074887702045384,1.9999999999999991,89.79504502892237,0.9510600117652308,0.0025562996513279635,-0.0554019533293902,0.00262585546869471,-0.8142069161062169,-0.00048455412361349953,0.18485790714666273,0.0019150961623728981,0.04501503693994502,-0.0003347138997185872,657.3924629140407,670.6786025414713,657.0093273750832,669.2279927117575,0.0,0.0,0.0
17.732,-13.98114714076323,0.34409123018918647,2.0385375687792386,0.022120416764709456,-10.760899045383455,89.81680934780749,-13.980050982350244,0.4502917338526411,1.9999999999999991,89.79504502892237,0.848622049830874,0.002373914922002978,-0.08196895354642496,0.0024924420849208317,-0.7877431758888026,-0.0006179312448613735,0.31670277544467573,0.0016729751713845929,0.17902754315238906,-0.00023489434663426207,643.3695863236718,694.1647990854201,643.1910406226725,693.0923730565999,0.0,0.0,0.0
17.784,-13.981134679350667,0.3846073833249656,2.042407311103223,0.030132586433408996,-12.735253020714561,89.81389102096077,-13.9800336053713,0.4568848004022517,1.9999999999999991,89.79504502892237,0.7279862350853472,0.0021261615542909514,-0.08656933103639743,0.0024646084611729792,-0.5584593733306767,-0.0006808882551745214,0.23610370476089748,0.0013093310254754977,0.23571597972907019,-0.00015142186769687404,635.5983469307712,702.2127691729385,635.550140495305,701.4676920130304,0.0,0.0,0.0
17.836,-13.981127493001313,0.41845850692351,2.046206087288401,0.03797353932794684,-13.837017137939629,89.81110220863157,-13.980021819269192,0.4613796090837007,1.9999999999999991,89.79504502892237,0.5967458403652738,0.0018141063979187726,-0.07263678785067099,0.0023559137114452277,-0.23594257331174906,-0.000698260003988907,-0.02403137047036996,0.0009062051714055126,0.23517670351339598,-8.688379458852248e-05,631.07029796128,697.8631013830582,631.0885923765633,697.3912553547776,0.0,0.0,0.0
17.887999999999998,-13.981123752333223,0.445306251025256,2.0496630354188046,0.04497053596152934,-13.94669342732786,89.80890053228146,-13.980013924675001,0.46440533440519594,1.9999999999999991,89.79504502892237,0.4633629333451556,0.0014424283084066845,-0.05157111536108082,0.002013002567349772,0.09479223887005661,-0.0006882053381967453,-0.3433379418079483,0.0005493297544477499,0.19865247328629299,-4.410417500100684e-05,629.0411628084113,685.9951157564603,629.0771720471273,685.7270049379493,0.0,0.0,0.0
17.939999999999998,-13.981120575968177,0.4653353724367549,2.0523350899595387,0.050371106361402004,-13.14438036406441,89.80752038962021,-13.980008701567602,0.46641708054807296,1.9999999999999991,89.79504502892237,0.33554803564501096,0.0010207648572778008,-0.03467785002856906,0.001473099738765582,0.3787299740679396,-0.0006693776929349787,-0.5968567783759257,0.0002594175402025309,0.14415823141798617,-2.154209542145715e-05,629.9829057068372,671.6971482270753,629.9978135662803,671.565908397957,0.0,0.0,0.0
17.991999999999997,-13.981114526815487,0.47914506524542055,2.0537965460140897,0.05374499443503509,-11.62534902778023,89.80692850090223,-13.980005288778221,0.4677381865406044,1.9999999999999991,89.79504502892237,0.21989977298651103,0.0005630301531413687,-0.028292061929751956,0.0008180029685079526,0.5875838556164499,-0.0006542971937347396,-0.7088647148369365,3.157953981302962e-05,0.08460921135758584,-1.4192654160193166e-05,634.2689008822176,658.8782488496981,634.2373584753516,658.8298629534253,0.0,0.0,0.0
18.044,-13.981102090999707,0.4875954032823679,2.053794718581468,0.05499441282143822,-9.633047704033345,89.80688002734354,-13.980003087508207,0.468594795229916,1.9999999999999991,89.79504502892237,0.1215746269370714,8.655281068111022e-05,-0.03302889631944448,0.00014705068097374264,0.7123088082653168,-0.0006498265398581536,-0.6651944976114159,-0.00015488913902696777,0.028375418453362555,-1.4435358114996057e-05,641.4663194175369,649.6841397582198,641.3797867577855,649.688344338704,0.0,0.0,0.0
18.096,-13.981080018407015,0.49167814255677655,2.0523155026211084,0.054084736023593746,-7.41379752568057,89.80706756779391,-13.980001687078024,0.46914284077159346,1.9999999999999991,89.79504502892237,0.043801411056896555,-0.0003894896162241576,-0.04542186313951975,-0.0006023105636138226,0.7566759552060109,-0.0006498420590407155,-0.49928598941244107,-0.000257423894721797,-0.019521552326036973,-1.8341171015456922e-05,650.3767915583204,644.6343226320587,650.2508229998826,644.6573863728121,0.0,0.0,0.0
18.148,-13.981045626718613,0.49242614645261557,2.049565129758813,0.0509705519045364,-5.189235234263929,89.80717307489678,-13.980000809444727,0.4694884351488649,1.9999999999999991,89.79504502892237,-0.01242098663116727,-0.0008435579890022537,-0.060354571399797094,-0.0013276923503658723,0.7315251937011464,-0.0006529201005907433,-0.26778753380511955,-0.00029244812392484375,-0.055939175188675416,-1.9461726727260206e-05,659.4307317779345,643.2003957889216,659.2933996423857,643.230562904797,0.0,0.0,0.0
18.2,-13.980997110483836,0.4908481806125934,2.0458942474990796,0.04590114309237065,-3.138021078405196,89.80696888799599,-13.980000268697957,0.4697028816411159,1.9999999999999991,89.79504502892237,-0.04820484529347167,-0.00125492268462543,-0.07321096436237542,-0.0019447478819407005,0.6533680888637801,-0.0006516635118811378,-0.027071283487832387,-0.0002816970633526515,-0.0798564954712937,-1.5688050170910073e-05,667.2946096748638,644.3225037791917,667.172264726319,644.3601867540311,0.0,0.0,0.0
18.252,-13.980933731865743,0.4878739504988668,2.041706094242948,0.039253532961820756,-1.386685916773927,89.80635221667315,-13.979999942055723,0.46983350490520365,1.9999999999999991,89.79504502892237,-0.06624786797933167,-0.0016067653555949842,-0.08096605647155426,-0.0024171609903531842,0.5398650608957583,-0.0006404713025947112,0.18038199791870768,-0.0002364208475113455,-0.0914208157369424,-6.858016186075101e-06,673.0385328996387,646.9306713119959,672.9538655616495,646.9799938051017,0.0,0.0,0.0
18.304,-13.980855899956524,0.4843057472577529,2.0373794100999194,0.0314735239388977,-0.008994066825734585,89.80534042959745,-13.979999749437347,0.4699113272895445,1.9999999999999991,89.79504502892237,-0.0701537327425272,-0.0018874331568945863,-0.08260023595521754,-0.0027263688249492962,0.4086895833112811,-0.0006162234002402699,0.33250367782563317,-0.00016769688393939385,-0.09208155280124962,5.51320769014062e-06,676.3066226295392,650.158817212831,676.2749083388451,650.2228032214648,0.0,0.0,0.0
18.355999999999998,-13.980765131178783,0.4807817863288136,2.033215879936781,0.02304944901478129,0.9710800149569827,89.80404025992436,-13.979999639288707,0.4699564263271899,1.9999999999999991,89.79504502892237,-0.06379763733482344,-0.0020906191058455916,-0.07871199915760926,-0.0028665703662518055,0.2756141644306713,-0.0005784584711474922,0.4255235821134974,-8.7514361818884e-05,-0.08424647180015896,1.9122641608422327e-05,677.2456475193163,653.4167983017705,677.2729665269218,653.4954661295726,0.0,0.0,0.0
18.407999999999998,-13.980663882980261,0.47775764860986963,2.0294213716073877,0.014451525152543039,1.5708947921160457,89.80260485982728,-13.979999578878994,0.4699816217778873,1.9999999999999991,89.79504502892237,-0.050863343215229326,-0.002214858408323445,-0.07084382224229761,-0.002859570929692716,0.15307153166152201,-0.0005290840804247337,0.46796801367709395,-2.3515863086767848e-07,-0.07075088277920441,3.1359033326175535e-05,676.3360274524184,656.3758042073503,676.4207086606664,656.4631948975315,0.0,0.0,0.0
18.459999999999997,-13.98055530067056,0.4755085274473063,2.0261090229753456,0.006156047733847468,1.8376528649994293,89.80117785574681,-13.979999547743141,0.4699949800408455,1.9999999999999991,89.79504502892237,-0.03456702433334326,-0.002262702867418669,-0.060816285529395685,-0.0026911038094764835,0.0494376162197568,-0.0004727929543642291,0.47404131137014593,7.223082645650876e-05,-0.054332165420770795,4.102829884542687e-05,674.2045480761508,658.9013229928023,674.3359106134412,658.9945265294392,0.0,0.0,0.0
18.512,-13.980442903993373,0.47414935187961815,2.0233185630657844,-0.001475705795606606,1.8367126136320049,89.79987636533295,-13.979999533304897,0.4700014940415294,1.9999999999999991,89.79504502892237,-0.017523900668656132,-0.002240220984082601,-0.05019585030609569,-0.0024282795851801138,-0.030747775866087214,-0.0004133579390727314,0.4577980281587101,0.00014086182716207076,-0.03735354969199637,4.6908477950127974e-05,671.4616717698093,660.960993078355,671.6287851532712,661.0506481538896,0.0,0.0,0.0
18.564,-13.980330284780061,0.47366651959711814,2.0210397870496704,-0.008095261619202133,1.6400531222502837,89.7987673457463,-13.979999527991287,0.4700041962230308,1.9999999999999991,89.79504502892237,-0.0017050245117147277,-0.002155955355410054,-0.04007381508564452,-0.0020537375773405434,-0.08663119968383166,-0.0003546131236819708,0.4302305208701523,0.00018187757397433485,-0.021444022604870883,4.908695813676554e-05,668.5846656721774,662.5792387789653,668.7699819957854,662.6630482485906,0.0,0.0,0.0
18.616,-13.980220825512546,0.4739541131751162,2.019233085168125,-0.013501035547399124,1.3184833151010098,89.79787092711224,-13.979999527354016,0.4700048868261771,1.9999999999999991,89.79504502892237,0.011547446588860272,-0.0020206734001337076,-0.031054992815888794,-0.001635861064639648,-0.11944745059776538,-0.00029972500886501314,0.3985044878813902,0.00020794002923694353,-0.007813475872969634,4.8163503351271945e-05,665.9185732619515,663.7680266183099,666.1094526910908,663.8417627946332,0.0,0.0,0.0
18.668,-13.980117487046627,0.4748493410154754,2.0178450031233766,-0.01762351377642722,0.9353166809538985,89.79717186673314,-13.979999528862413,0.47000460434510405,1.9999999999999991,89.79504502892237,0.02147209928080647,-0.0018459989734550056,-0.023353487839330132,-0.0012045096098668273,-0.13238766269353255,-0.00025028699581710874,0.36640168671919093,0.000220864051739082,0.0029619651925712823,4.510907673988028e-05,663.6474233414942,664.5484125029651,663.8342053423637,664.6100058882632,0.0,0.0,0.0
18.72,-13.980022678670005,0.47616364662121036,2.0168176735508414,-0.020458994511893366,0.5427187624419855,89.7966353962979,-13.979999531138679,0.47000392531461926,1.9999999999999991,89.79504502892237,0.02780647338157712,-0.0016436920058034079,-0.0169484624515073,-0.0007784397632448995,-0.12950574679147167,-0.00020707991566076036,0.3355455488028304,0.00021987653665450554,0.010705591786459842,4.085265104488933e-05,661.8449489731164,664.9409959458361,662.0202068993809,664.9911324379972,0.0,0.0,0.0
18.772,-13.979938183022934,0.47770768938521685,2.016093627094894,-0.02205777783687768,0.18022623592340672,89.79622088709866,-13.979999533480848,0.47000315252237074,1.9999999999999991,89.79504502892237,0.03068641925473382,-0.0014251810237807033,-0.011716970959826675,-0.0003756328031516903,-0.11510596988218895,-0.0001698183800702974,0.30654926156239093,0.00020552784577913282,0.015522522690755308,3.61951322908269e-05,660.5140807442452,664.9754373570413,660.6727230853315,665.0168256943489,0.0,0.0,0.0
18.823999999999998,-13.979865128780663,0.47930972567515767,2.01561826012447,-0.022524351860235152,-0.12548446465449983,89.79589099115005,-13.97999953557041,0.47000243121354934,1.9999999999999991,89.79504502892237,0.03053704953212389,-0.001201113276399691,-0.007509113944811079,-1.5802962701477048e-05,-0.09342842651713702,-0.0001384310006515773,0.2796733048976804,0.00018114963199816184,0.01776020217859149,3.184705150521986e-05,659.608686409821,664.702387930534,659.7485535900067,664.7387313010189,0.0,0.0,0.0
18.875999999999998,-13.97980400960058,0.48082756535784343,2.0153408433030298,-0.02200890579238063,-0.359542514628207,89.79562002888689,-13.979999537296832,0.47000181945704994,1.9999999999999991,89.79504502892237,0.02796429683720473,-0.0009808854833788514,-0.004188361048470701,0.00029297864875566724,-0.06823857270001428,-0.0001108796076383369,0.25518818554251094,0.00014788258915483018,0.0178854910528017,2.7652216312180118e-05,659.0641062486827,664.1880307062187,659.1829698291804,664.2222737818471,0.0,0.0,0.0
18.927999999999997,-13.979754741339974,0.4821547880413116,2.0152150142495024,-0.020677829315234042,-0.5171396656544686,89.79539005543126,-13.979999538654896,0.47000132976569464,1.9999999999999991,89.79504502892237,0.0236574698223677,-0.0007724089872647058,-0.0016523696766999238,0.0005407170571021982,-0.04262170565652595,-8.75835211739214e-05,0.23356248632455784,0.00010893844167892054,0.01640944487608774,2.4109518331549674e-05,658.8122079695931,663.5089739989764,658.910178474747,663.5445263701828,0.0,0.0,0.0
18.98,-13.979716744286584,0.4832221906893685,2.0151996792173037,-0.018731639877658933,-0.6013531024867541,89.79519458675088,-13.979999539686608,0.47000095299114325,1.9999999999999991,89.79504502892237,0.018308750407152387,-0.0005818993745555793,0.00019762855725888534,0.0007191669041620042,-0.01893191053665332,-6.787650040255086e-05,0.21513384869600766,6.931417486962736e-05,0.013844450286255658,2.1142531867483888e-05,658.7836472238768,662.7422080620946,658.8620850335676,662.780857956463,0.0,0.0,0.0
19.032,-13.97968904903076,0.4839955891991623,2.0152592990669804,-0.016367069905679408,-0.6210169762498868,89.79502907464096,-13.979999540449812,0.47000067150182673,1.9999999999999991,89.79504502892237,0.01255174956868373,-0.0004137072037579075,0.0014463217211224334,0.00025390835047585917,0.0007190513987791265,-1.6427516826380517e-05,0.20020250248698454,0.00025265518524027826,0.010859250698303985,6.148877827447276e-06,658.8739880651576,662.0368729396735,658.9631288096427,661.9821039473303,0.0,0.0,0.0
19.084,-13.97967039731303,0.4844710461600133,2.015364547539415,-0.013516698156217708,-0.5885392355040233,89.7948849392449,-13.979999541002403,0.47000046603394036,1.9999999999999991,89.79504502892237,0.0069191763413062905,-0.00027112001551216427,0.0021909245254436837,0.0009892899139535,0.01685529604856139,-3.702278266057217e-05,0.1887492225632187,-5.769416917974623e-05,0.007310553654244075,1.6566870118695713e-05,659.153834185807,661.2191239071599,659.1833203260201,661.2813218000181,0.0,0.0,0.0
19.136,-13.979659280137179,0.4846685967206817,2.0154924744175626,-0.010728970410935571,-0.5178267342115532,89.79478407008725,-13.979999541395337,0.4700003189189612,1.9999999999999991,89.79504502892237,0.0018200757037176592,-0.00015667310053408173,0.0025317536143193943,0.0008863001867843112,0.02774508725309386,-2.384094960897489e-05,0.18052213941532827,-5.88540363581371e-05,0.004062856344700053,1.3962193344040447e-05,659.4342193970438,660.5746944671791,659.4561427341988,660.6300762879904,0.0,0.0,0.0
19.188,-13.979654166420424,0.48462541428938594,2.0156259546132644,-0.008309655857598984,-0.4230512375467884,89.79471658257334,-13.979999541670361,0.47000021531971947,1.9999999999999991,89.79504502892237,-0.0024674743868330984,-6.76998287161343e-05,0.00256646379705154,0.0007648704902940562,0.03396369085407528,-1.3350066896856562e-05,0.175110491173139,-5.2146675724532005e-05,0.00119911807851107,1.1627408086291382e-05,659.7201447769149,660.0469008372141,659.7375010663244,660.0939514437943,0.0,0.0,0.0
19.24,-13.979653674265801,0.4843890301411433,2.0157531377005857,-0.006206714600339589,-0.317281701291326,89.79467868932606,-13.97999954186013,0.47000014343667346,1.9999999999999991,89.79504502892237,-0.005792207610816138,-5.902393484994884e-07,0.0023899259464012215,0.0006680316951494347,0.036031567983664116,-5.048341195784599e-06,0.17196310964464515,-5.494292812456195e-05,-0.0011245311185452116,9.454680464135435e-06,659.9808724228919,659.6448208228919,659.9914079072131,659.6866766975124,0.0,0.0,0.0
19.291999999999998,-13.979656576913095,0.4840111873982387,2.015866630084466,-0.0043759029833762815,-0.21156193559196676,89.79466553054509,-13.979999541989347,0.4700000942337448,1.9999999999999991,89.79504502892237,-0.008114471522505693,4.765761154153194e-05,0.0020848605843613683,0.000577863663063561,0.0347094854357758,1.2469354369509362e-06,0.17050606219817993,-6.116401010197167e-05,-0.0028366837917692764,7.485282083722445e-06,660.1932079239452,659.367522666096,660.1965159269052,659.4057105227209,0.0,0.0,0.0
19.343999999999998,-13.97966179765383,0.4835427260911962,2.0159624728071317,-0.0028225845185600204,-0.11448871864338103,89.79467171359343,-13.979999542076232,0.4700000609845704,1.9999999999999991,89.79504502892237,-0.0094848004885066,7.979080018177419e-05,0.0017167851535955872,0.00048218430962429623,0.03086488884917874,5.859073157045445e-06,0.17022459956067296,-6.477043309889826e-05,-0.003929311229366484,5.709084450612769e-06,660.3439032783652,659.2058580850322,660.3412671652985,659.2401588469297,0.0,0.0,0.0
19.395999999999997,-13.979668421535585,0.48302968096878485,2.016039226031202,-0.001563710164895806,-0.03194213212737752,89.79469186965814,-13.979999542133932,0.4700000387938855,1.9999999999999991,89.79504502892237,-0.010019529953701927,9.8622087457176e-05,0.0013338377848563406,0.0003818603483376801,0.025401304523700253,8.968660865231567e-06,0.1706939637140487,-6.393982976903987e-05,-0.004458695875482969,4.1730915747205845e-06,660.4310459929671,659.1424215242545,660.4243954369757,659.1722294078164,0.0,0.0,0.0
19.448,-13.979675708751637,0.4825106679822814,2.0160971314620757,-0.00060263946221043,0.032677636458173086,89.79472104470803,-13.979999542171782,0.47000002416548164,1.9999999999999991,89.79504502892237,-0.009876063050809973,0.00010702582729376576,0.0009673493641709387,0.0002830929480536445,0.019115654236528716,1.0896862576161453e-05,0.17160042013055682,-5.920263804332468e-05,-0.004498858247661684,2.871370971413312e-06,660.4579604616707,659.1592854606558,660.4490558884016,659.1841319996846,0.0,0.0,0.0
19.5,-13.979683098302456,0.4820154556113962,2.0161374679864292,7.685836000739042e-05,0.07822882526507355,89.7947552621435,-13.97999954219629,0.47000001464274616,1.9999999999999991,89.79504502892237,-0.00923092333797924,0.0001077839454257283,0.0006353510583928022,0.00019207901741760957,0.012723554747869941,1.1911371647710211e-05,0.17272739452828947,-5.179823509385685e-05,-0.004159554927921387,1.7932755703589714e-06,660.4353132443158,659.235470299764,660.4255321577217,659.2552133814054,0.0,0.0,0.0
19.552,-13.979690199405558,0.48156458484347586,2.016162096180477,0.0005061525461946744,0.10542240149441567,89.79479136716206,-13.97999954221195,0.4700000085245579,1.9999999999999991,89.79504502892237,-0.00826063101725318,0.00010342721145271769,0.0003464264470114809,0.00011353739263436965,0.006782127976871879,1.2118641785862483e-05,0.17393223017997494,-4.307574206380252e-05,-0.0035559161723450012,9.635710708456576e-07,660.3762314458683,659.3508981334375,660.3666359709371,659.3658508124474,0.0,0.0,0.0
19.604,-13.979696772977778,0.48116984275784314,2.0161731340295863,0.0007278925315867752,0.11633081311845482,89.79482725148219,-13.97999954222181,0.47000000464870245,1.9999999999999991,89.79504502892237,-0.007126988879682801,9.611677144269034e-05,0.00010248154213411607,5.478037467675808e-06,0.00020785838187667113,1.1872910850657035e-06,0.17512937865831008,-1.7082617408743363e-05,-0.0022318171261957206,4.13690125506474e-06,660.206279364218,659.5656017273774,660.2128687824428,659.5819352645987,0.0,0.0,0.0
19.656,-13.979702705511006,0.48083536555995166,2.016172755271419,0.000817889038861147,0.11424839366780495,89.79487423859636,-13.979999542227919,0.4700000022312144,1.9999999999999991,89.79504502892237,-0.0059662263945095525,8.75336124516364e-05,-9.786132007343732e-05,1.6951927506753812e-05,-0.001826887942101088,1.4129325773878866e-05,0.17626357543701893,-3.301567015109699e-05,-0.0021996818127788618,-1.4874850736348551e-06,660.2368541275365,659.6008239797089,660.2233351728484,659.6061115713148,0.0,0.0,0.0
19.708,-13.979707968430352,0.48055920294041043,2.016163069345079,0.0008161191543476305,0.1017576814803202,89.7949140316648,-13.979999542231633,0.47000000074979287,1.9999999999999991,89.79504502892237,-0.004883488434264184,7.858355943243971e-05,-0.00025795310529766246,-1.99278407643375e-05,-0.00531692846112605,1.1681594273897814e-05,0.17730083356259102,-2.7344269710104722e-05,-0.0011688217844295062,-1.4431303142772558e-06,660.1120500532797,659.7713091571734,660.1002665397027,659.7751022997121,0.0,0.0,0.0
19.759999999999998,-13.9797125963298,0.480334725708443,2.0161460299542986,0.0006782157682561227,0.08258774012601099,89.79494530168957,-13.979999542233845,0.4699999998607415,1.9999999999999991,89.79504502892237,-0.003957425674516655,7.029998991237668e-05,-0.0003821547485101807,-6.133098117481819e-05,-0.007034021222530154,9.8922210220692e-06,0.17822192989189356,-1.397857375762695e-05,-0.00045947920572603305,-1.4565402369882609e-06,660.0293802528449,659.8945148024864,660.0213650402264,659.8944624668519,0.0,0.0,0.0
19.811999999999998,-13.979716692578306,0.4801523219529912,2.016123385592614,0.00045863288356305513,0.060222030164134924,89.7949717050581,-13.979999542235124,0.4699999993407322,1.9999999999999991,89.79504502892237,-0.0032311758257222317,6.372511715681995e-05,-0.00047502606534335955,-7.902659395212747e-05,-0.007700722149403582,8.304213800999742e-06,0.1790160466983188,-5.069221615647293e-06,0.00010875682062522728,-1.439027943688222e-06,659.9645930546233,659.9941279073413,659.9591634224731,659.9915863518041,0.0,0.0,0.0
19.863999999999997,-13.979720401688526,0.4800010552792117,2.0160966627440136,0.000220516925589305,0.03739591231541357,89.79499367673834,-13.979999542235834,0.4699999990465597,1.9999999999999991,89.79504502892237,-0.00271917234642514,5.931213434407844e-05,-0.0005410695398651967,-7.876120519114768e-05,-0.007536438845097125,6.837558648574756e-06,0.17967880869115999,-5.842634012468756e-07,0.0005313532716662698,-1.3736013473240178e-06,659.9182458368402,660.0694292066667,659.9142746912025,660.0657917756419,0.0,0.0,0.0
19.916,-13.97972387601182,0.4798699491077759,2.016067153657124,1.4770073665887491e-06,0.016216757969252045,89.79501162787808,-13.97999954223621,0.4699999988876957,1.9999999999999991,89.79504502892237,-0.0024136576923663214,5.703417825594208e-05,-0.00058460486612128,-6.916606520706876e-05,-0.006749377786383337,5.5160898439573904e-06,0.18021145604459757,1.3025893965626824e-06,0.0008065249727147283,-1.2752417649704045e-06,659.8903912514453,660.1204874784756,659.8872299293824,660.1165853419164,0.0,0.0,0.0
19.968,-13.979727254525438,0.47974895617322777,2.016035913805821,-0.0001811182461336252,-0.0018405877115021036,89.79502597801871,-13.97999954223639,0.4699999988078093,1.9999999999999991,89.79504502892237,-0.0022906246122492,5.661114966765971e-05,-0.0006100160891255773,-5.564730606931437e-05,-0.00555291593701193,4.345466166383421e-06,0.18062335939375604,1.8150144908137024e-06,0.0009456472388280428,-1.1565136398013439e-06,659.8794511413248,660.1493163273839,659.8767646331077,660.1455971844329,0.0,0.0,0.0
20.02,-13.979730652285024,0.4796296213828098,2.0160037725618953,-0.0003208019470124058,-0.01591012733346629,89.7950371528866,-13.979999542236463,0.46999999877247606,1.9999999999999991,89.79504502892237,-0.0023156768312305974,5.765883227336071e-05,-0.0006212867883039415,-4.089515152445617e-05,-0.004142919036143086,3.332590276969277e-06,0.1809271365089157,1.48545729451473e-06,0.0009678516106067501,-1.0273150912202539e-06,659.8829002332161,660.1589932660572,659.8804777358076,660.1557257594384,0.0,0.0,0.0
20.072,-13.979734156254773,0.4795054545423517,2.0159713599174673,-0.00041663062256057235,-0.025663467910402443,89.79504558847151,-13.979999542236477,0.4699999987611056,1.9999999999999991,89.79504502892237,-0.0024493597370221763,5.9765054187071315e-05,-0.000622027412323227,-2.633138914086737e-05,-0.0026888089470602583,2.472928569229076e-06,0.18113807785663993,5.412830870376713e-07,0.0008977983459948482,-8.96274530873879e-07,659.897526303213,660.1533956231534,659.8951978599706,660.1507597994022,0.0,0.0,0.0
20.124,-13.979737824751098,0.4793720497713545,2.015939125609039,-0.0004725950443408444,-0.031318285617286,89.79505224816914,-13.979999542236465,0.4699999987617052,1.9999999999999991,89.79504502892237,-0.0026517078789450787,6.25297146076382e-05,-0.0006154790048502974,0.0,0.0,0.0,0.1812735823036134,-5.7369431433464504e-06,0.00025768728896300623,-1.4841738445260858e-07,659.9915742729081,660.0633357390552,659.9895291118587,660.0645586611452,0.0,0.0,0.0
20.176,-13.979741691045062,0.47922690164747656,2.015907371067394,-0.0005123798155865681,-0.03459085870595035,89.79505927153481,-13.979999542236442,0.46999999876752857,1.9999999999999991,89.79504502892237,-0.0028904367564454307,6.566148984041112e-05,-0.0006042135876103548,0.0,0.0,0.0,0.18134920951440114,-1.8985685622507855e-06,0.0006046210574847853,-2.952214947320211e-07,659.9435053508256,660.1151745970842,659.9421468298585,660.1148978022302,0.0,0.0,0.0
20.227999999999998,-13.979745774856381,0.4790687254246453,2.0158762769652623,-0.0005319915318351822,-0.0355624771112332,89.79506517576017,-13.979999542236419,0.4699999987749626,1.9999999999999991,89.79504502892237,-0.003146397405623,6.903302532879913e-05,-0.0005903555261208745,0.0,0.0,0.0,0.18137997638091258,1.6744879245298863e-06,0.000893573144090989,-4.1898506614566533e-07,659.9026962461094,660.1576830620678,659.9020127094644,660.1560461077551,0.0,0.0,0.0
20.279999999999998,-13.979750081854439,0.4788973478128774,2.015845932138332,-0.0005053043809929736,-0.033001389467860215,89.79506949698052,-13.979999542236396,0.46999999878221504,1.9999999999999991,89.79504502892237,-0.0033947865613192093,7.237350523867144e-05,-0.0005755780184317015,0.0,0.0,0.0,0.18137940460810903,3.592147877281883e-06,0.001047679555329311,-5.101160177947735e-07,659.8805767011488,660.1800026634154,659.8801870235959,660.1775673723157,0.0,0.0,0.0
20.331999999999997,-13.979754591008481,0.47871419921575326,2.015816358886984,-0.0004165259899540981,-0.026211275890536217,89.7950717339537,-13.979999542236373,0.4699999987885146,1.9999999999999991,89.79504502892237,-0.003601043184958518,7.519642652232546e-05,-0.0005610895162026048,3.565034473943661e-05,0.0027282743758622837,3.7438792586171377e-07,0.1813585837926442,-1.1019026027139229e-05,-4.66488643464946e-05,-6.921063732918591e-07,660.0382896972397,660.021864572246,660.033234553617,660.0230863369305,0.0,0.0,0.0
20.384,-13.979759249307248,0.4785225000498382,2.015787534292502,-0.0003152853546022736,-0.01762194172004637,89.79507187720631,-13.979999542236355,0.46999999879363463,1.9999999999999991,89.79504502892237,-0.003734627415840643,7.708639843813028e-05,-0.0005475211782623477,3.120607164429333e-05,0.002885554748596372,-1.0400449948228503e-07,0.18132439077987936,-1.133401125407988e-05,-0.000280577194946164,-5.244144216700205e-07,660.0706387671027,659.9874956981588,660.0659585418387,659.9892716817268,0.0,0.0,0.0
20.436,-13.979763994764674,0.47832627305054015,2.0157594059092583,-0.00023705614498776922,-0.009500863196423895,89.79507095104314,-13.979999542236355,0.46999999879761695,1.9999999999999991,89.79504502892237,-0.0037906995849592,7.812362080088048e-05,-0.0005351674105883643,2.3189260046342554e-05,0.0025835214856839207,-4.136493622848974e-07,0.1812813475098712,-9.829903762485348e-06,-0.0003771078806603231,-3.944529040123804e-07,660.0830261413283,659.9728171118588,660.0791342649727,659.9745246404063,0.0,0.0,0.0
20.488,-13.97976877632603,0.4781293059214423,2.0157319015883957,-0.00017778285339987055,-0.002615053217477079,89.79506930355109,-13.979999542236355,0.46999999880061677,1.9999999999999991,89.79504502892237,-0.003778080418690324,7.852446226648802e-05,-0.0005242548785398895,1.8040516120706378e-05,0.002113074804936641,-6.215675310385459e-07,0.18123394459856665,-9.01854330540063e-06,-0.0004124248932916416,-2.857505340407045e-07,660.0867349509222,659.9666976766812,660.0833751877364,659.9684751738756,0.0,0.0,0.0
20.54,-13.97977355448034,0.4779347693581377,2.0157049381104297,-0.00012505756000617588,0.0031105764887081784,89.79506674451319,-13.979999542236355,0.469999998802821,1.9999999999999991,89.79504502892237,-0.0037099027065690044,7.843549745326417e-05,-0.0005149026234509799,0.0,0.0,0.0,0.18118597566274666,-3.299644341609545e-06,0.00018350473168658255,-4.5584023280164975e-07,660.0002280860025,660.0515549133839,659.998025765871,660.0512323342491,0.0,0.0,0.0
20.592,-13.97977829445562,0.47774531247260965,2.0156784285819582,-5.771252839951779e-05,0.008994386122897264,89.79506352000564,-13.979999542236355,0.4699999988044082,1.9999999999999991,89.79504502892237,-0.0035918547669166537,7.782909593895759e-05,-0.0005072092333739577,0.0,0.0,0.0,0.18114115566884084,-5.558446541551841e-06,-8.960548062507006e-05,-3.8875769657786255e-07,660.0383621315161,660.0112570672745,660.0357023627805,660.01176362841,0.0,0.0,0.0
20.644,-13.979782957658719,0.47756347878263516,2.0156522894244504,7.448290987308815e-06,0.013989528922709927,89.79505953433927,-13.979999542236355,0.4699999988055313,1.9999999999999991,89.79504502892237,-0.0034270873072182197,7.664738952947451e-05,-0.0005009804696354486,0.0,0.0,0.0,0.18110022881421303,-8.231197943032905e-06,-0.0003754438991367838,-3.0369549917752554e-07,660.0784289705582,659.9691485473082,660.0752437102589,659.9706520626918,0.0,0.0,0.0
20.695999999999998,-13.97978750732105,0.4773914213666913,2.015626443780093,6.927129010995178e-05,0.017900877773328674,89.79505490646966,-13.979999542236355,0.46999999880631405,1.9999999999999991,89.79504502892237,-0.003224518461645951,7.491495556047201e-05,-0.0004960803863565035,0.0,0.0,0.0,0.18106430005613028,-1.129597140972504e-05,-0.0006609832311510026,-2.0709496389567285e-07,660.1186018482861,659.9271193682674,660.1148114680936,659.9297635962068,0.0,0.0,0.0
20.747999999999998,-13.97979191156284,0.47723071882409246,2.015600822672287,0.00010818338358938891,0.019631649707720647,89.79505005698395,-13.979999542236355,0.46999999880685195,1.9999999999999991,89.79504502892237,-0.0029979196186022713,7.273218646653332e-05,-0.0004922862443310717,0.0,0.0,0.0,0.18103337600650973,-1.384562492789568e-05,-0.0008880496080566932,-1.0563610633557183e-07,660.1504744180525,659.8935910400027,660.1462390801204,659.89724278503,0.0,0.0,0.0
20.799999999999997,-13.979796153070561,0.47708192856654863,2.015575366601208,0.0001027128644561918,0.018081470330181978,89.79504528077008,-13.979999542236355,0.46999999880721693,1.9999999999999991,89.79504502892237,-0.002770954672866055,7.038654927568669e-05,-0.0004893946259940873,0.0,0.0,0.0,0.18100735332430676,-1.4694818971075448e-05,-0.0009872474025568142,-5.8947568765851004e-09,660.1640020821385,659.878622390543,660.1598011780262,659.8827924275307,0.0,0.0,0.0
20.852,-13.97980024013363,0.4769441130882543,2.015550025152667,3.977550528143833e-05,0.012581916671755218,89.79504095731421,-13.979999542236355,0.4699999988074614,1.9999999999999991,89.79504502892237,-0.0025753579359285767,6.832802587782201e-05,-0.00048724484490891086,-2.882765316005976e-05,-0.002379755861836581,-1.2349311847625682e-06,0.18098626011073188,-1.7624813710813515e-06,1.639067334357569e-05,5.278364370020777e-07,660.0180295548529,660.0221960590787,660.018989366327,660.0241598637102,0.0,0.0,0.0
20.904,-13.979804211938031,0.47681461645484874,2.0155247569656214,-4.6987583368693625e-05,0.004778547621488581,89.79503859730627,-13.979999542236355,0.4699999988076232,1.9999999999999991,89.79504502892237,-0.00244276219759686,6.700327546217573e-05,-0.00048575386010349375,-2.600632787846918e-05,-0.0026095439235078724,-6.261398506795402e-07,0.18097059859736625,7.057881154380662e-07,0.0003442517640388472,3.5891603661999504e-07,659.9708644860539,660.0691177333789,659.9720595981674,660.06991064301,0.0,0.0,0.0
20.956,-13.97980812077435,0.4766898217536439,2.0154995299908713,-0.00010156912326716098,-0.0022194586992743287,89.79503723066071,-13.979999542236355,0.4699999988077289,1.9999999999999991,89.79504502892237,-0.0023800339110718375,6.637363415479356e-05,-0.0004848613953650668,-1.3186996208302864e-05,-0.002129466001460469,-3.607673684899163e-07,0.18096079864128622,-1.403472333083927e-06,0.0004255195301657964,2.924276355912838e-07,659.9594643531047,660.0802641085387,659.9598745046824,660.0814736048841,0.0,0.0,0.0
21.008,-13.979812004540442,0.4765664524001255,2.0154743222267073,-0.0001257398605792561,-0.0077850306093098735,89.79503637389938,-13.979999542236355,0.4699999988077972,1.9999999999999991,89.79504502892237,-0.0023745548161770887,6.611537791450573e-05,-0.00048438350557284077,0.0,0.0,0.0,0.18095575883862475,-4.5735477061344025e-06,-0.00013470623576866773,1.809114076846304e-07,660.039747589055,660.0000769322959,660.0389459658081,660.0018806778435,0.0,0.0,0.0
21.06,-13.979815885165479,0.47644186081818124,2.015449120905703,-0.00014134318303396284,-0.013393885314537063,89.7950358801331,-13.979999542236355,0.4699999988078407,1.9999999999999991,89.79504502892237,-0.0024176879654025847,6.603737355540015e-05,-0.0004840812733885809,0.0,0.0,0.0,0.18095354513512388,-2.7956021301807008e-06,0.00017677444516407502,1.9134850437130582e-07,659.9950776222253,660.0446315158086,659.9948112773044,660.0459576564567,0.0,0.0,0.0
21.112,-13.979819778774473,0.4763135213768828,2.015423920337992,-0.00014406032900969639,-0.018620636173962455,89.79503587227761,-13.979999542236355,0.46999999880786786,1.9999999999999991,89.79504502892237,-0.002509041210459967,6.606247291058807e-05,-0.0004838277316274158,0.0,0.0,0.0,0.18095309492815365,-1.3869338237293953e-06,0.0005271266164786244,1.9161663197592389e-07,659.9449763910424,660.0947213143799,659.9451120410558,660.0956469161226,0.0,0.0,0.0
21.163999999999998,-13.97982369451059,0.4761791511526426,2.015398718979659,-0.00012249943345959713,-0.022066591994418832,89.79503638070396,-13.979999542236355,0.4699999988078847,1.9999999999999991,89.79504502892237,-0.002639725580411264,6.60356620404124e-05,-0.0004836443890346684,0.0,0.0,0.0,0.18095466828595513,-9.928597895234687e-07,0.0008505611422819876,1.8112016823022657e-07,659.8989084108808,660.1408884857533,659.8991272592197,660.1416727365418,0.0,0.0,0.0
21.215999999999998,-13.979827627496343,0.47603731947227274,2.0153735173788716,-6.893741624849389e-05,-0.02227361970562526,89.79503733859681,-13.979999542236355,0.4699999988078948,1.9999999999999991,89.79504502892237,-0.0027881639542253274,6.571141097987429e-05,-0.0004835393099002519,0.0,0.0,0.0,0.18095832677182394,-2.201891368235956e-06,0.0010652882941404658,1.6123403653865247e-07,659.8686033347506,660.171399110656,659.8684226631328,660.1724725498988,0.0,0.0,0.0
21.267999999999997,-13.97983155337968,0.47588808907007335,2.01534832055975,1.465039076274403e-05,-0.018095029503422524,89.79503865821883,-13.979999542236355,0.4699999988079008,1.9999999999999991,89.79504502892237,-0.0029211314749651987,6.481146204503288e-05,-0.0004835309836043527,2.2017823854636702e-05,0.001472976152080013,3.3953732271674727e-07,0.18096409102408595,-1.3691774145483786e-05,0.0005237090219225541,1.1888574443007183e-08,659.947707296684,660.0929739358322,659.9438399986666,660.0969062018556,0.0,0.0,0.0
21.32,-13.979835428279241,0.47573348525140224,2.0153231371628295,9.344438108172375e-05,-0.010044913973677136,89.79503980319683,-13.979999542236355,0.4699999988079042,1.9999999999999991,89.79504502892237,-0.002999312672302426,6.315129814389822e-05,-0.00048357631352402883,1.866449011975735e-05,0.0029193509365417003,3.399460373266687e-07,0.18097126236483618,-1.5962803441475443e-05,-0.00021581071050036653,-1.2270203147942113e-08,660.0535323893408,659.9875170728617,660.0489519861543,659.9920299363358,0.0,0.0,0.0
21.372,-13.979839206510338,0.4755771540892715,2.0152979784149236,0.00010997414751941755,-0.001505841769790025,89.79504077036822,-13.979999542236355,0.46999999880790605,1.9999999999999991,89.79504502892237,-0.0030012732794342622,6.103526649318019e-05,-0.00048345991015811223,-2.0077046406760235e-06,0.0027541007104486407,3.05894763162409e-07,0.1809773707237804,-9.354394433808112e-06,-0.000421995599512812,-2.0328154711364436e-08,660.0820942387048,659.9592342109946,660.0793738067355,659.9618425330425,0.0,0.0,0.0
21.424,-13.979842867252492,0.47542299085311013,2.0152728553404105,8.603467408070537e-05,0.005806371968620505,89.79504163395855,-13.979999542236355,0.469999998807907,1.9999999999999991,89.79504502892237,-0.00293143561623067,5.898233818335436e-05,-0.0004830847916610117,-1.0538326988526421e-05,0.002221787888732344,2.7135585776954677e-07,0.18098111216517018,-5.6691759008997795e-06,-0.0005001656742174313,-2.6001770094111293e-08,660.0927931227388,659.9487178335719,660.0911065615196,659.9502607227552,0.0,0.0,0.0
21.476,-13.9798464105377,0.47527429476506666,2.015247775777682,5.121877203677388e-05,0.011466255880226638,89.79504250099785,-13.979999542236355,0.46999999880790744,1.9999999999999991,89.79504502892237,-0.0028045615554969376,5.722841129893529e-05,-0.0004824772821389161,0.0,0.0,0.0,0.18098249225581975,-8.629573149109441e-06,8.461654702295846e-05,5.325291179040697e-08,660.0098635017733,660.0315066258072,660.0075530070608,660.0341119919875,0.0,0.0,0.0
21.528,-13.979849845218794,0.4751336258407643,2.01522274353012,2.1644733043091005e-06,0.016931508888640426,89.79504357639658,-13.979999542236355,0.46999999880790744,1.9999999999999991,89.79504502892237,-0.002631915141355544,5.585534989257692e-05,-0.0004817706024803742,0.0,0.0,0.0,0.18098269258238575,-6.60630057736765e-06,-0.00022850201166322494,3.087459455436588e-08,660.0542100977843,659.9872449618352,660.0524140406092,659.9892122150732,0.0,0.0,0.0
21.58,-13.979853186744057,0.4750033245615218,2.015197759526557,-6.007073176854843e-05,0.02203857084569623,89.79504466678655,-13.979999542236355,0.46999999880790744,1.9999999999999991,89.79504502892237,-0.0024147131617616694,5.499381702109736e-05,-0.0004810005970216615,0.0,0.0,0.0,0.18098203222568507,-3.532552021333849e-06,-0.0005818214946235357,8.060502716116819e-09,660.104112321604,659.9373878379006,660.1031286029064,659.9384164553437,0.0,0.0,0.0
21.631999999999998,-13.979856456635101,0.4748854941241212,2.0151728229677586,-0.00012093130812850193,0.025395185194223995,89.79504569481395,-13.979999542236355,0.46999999880790744,1.9999999999999991,89.79504502892237,-0.0021614876961945054,5.4706031694820014e-05,-0.00048014034543088094,0.0,0.0,0.0,0.1809802704237864,5.945034095786255e-08,-0.0009100537049478209,-1.3432940160688496e-08,660.1503367046168,659.8911460060174,660.1503164399534,659.8910918606476,0.0,0.0,0.0
21.683999999999997,-13.979859678149134,0.4747814020188258,2.015147931500529,-0.0001605027938048038,0.025518158119547274,89.79504661221517,-13.979999542236355,0.46999999880790744,1.9999999999999991,89.79504502892237,-0.0018935629597359362,5.4902534135579995e-05,-0.00047919616702025525,0.0,0.0,0.0,0.180977541831058,3.2574721819927975e-06,-0.0011304509408302877,-3.268369166021072e-08,660.1812285103007,659.860173647652,660.1820656059709,659.8591550684379,0.0,0.0,0.0
21.735999999999997,-13.979862869694607,0.4746908277727937,2.0151230812636354,-0.0001587816697057578,0.021230224348105547,89.79504738156828,-13.979999542236355,0.46999999880790744,1.9999999999999991,89.79504502892237,-0.0016441634342879152,5.531502238135208e-05,-0.0004782158859785543,6.2990562713249005e-06,-0.0017048717499136897,1.8211191955672403e-07,0.18097443612315137,2.5394815908809133e-06,-0.0005048803938833977,-1.141675416044611e-07,660.0922907367185,659.9492106134161,660.0926978248522,659.9481710077831,0.0,0.0,0.0
21.788,-13.97986603791904,0.4746115799375945,2.0150982673896247,-0.00010999052146259863,0.013030657261513007,89.79504778629952,-13.979999542236355,0.46999999880790744,1.9999999999999991,89.79504502892237,-0.0014528616100907793,5.5530712209508144e-05,-0.0004772813658368262,2.0551800614021985e-05,-0.0029716103766555613,8.286736685881172e-08,0.18097190888523676,-3.3752735884781137e-06,0.0001620747912469704,-8.722445221498042e-08,659.99804581,660.0432476830198,659.996842836685,660.0439674635878,0.0,0.0,0.0
21.84,-13.97986917520229,0.47453983340566464,2.0150734851277075,-4.4965330556373764e-05,0.004338118799777233,89.79504793327037,-13.979999542236355,0.46999999880790744,1.9999999999999991,89.79504502892237,-0.0013412585053286532,5.522895118865624e-05,-0.00047647200324477405,2.147050439068785e-05,-0.0028055710111345657,2.289473767483332e-08,0.18097088806213252,-5.291283817600811e-06,0.0003646845583568923,-6.889910788155612e-08,659.9694071491614,660.0717719881155,659.9677091040019,660.0730881723925,0.0,0.0,0.0
21.892,-13.979872267231265,0.4744715135690586,2.015048731499954,1.1559666600442331e-05,-0.003132749930682901,89.79504792324981,-13.979999542236355,0.46999999880790744,1.9999999999999991,89.79504502892237,-0.0013048764619724563,5.4378370924482955e-05,-0.0004757569910493739,1.698091053556831e-05,-0.002277288824283532,-2.0476923250984234e-08,0.1809711653155741,-5.2465746330286726e-06,0.00044154518794069805,-5.321654410598127e-08,659.9584378300135,660.0827073742682,659.9567959283273,660.0840542313066,0.0,0.0,0.0
21.944,-13.97987530128482,0.47440314319403426,2.0150240058171796,5.459042799094437e-05,-0.008891735098015238,89.79504778821607,-13.979999542236355,0.46999999880790744,1.9999999999999991,89.79504502892237,-0.0013289293501272466,5.3096884972248004e-05,-0.0004750784790670933,0.0,0.0,0.0,0.18097219432339245,-2.335891145385027e-07,-0.0001697292960674544,-5.7742701173164554e-08,660.0448126205785,659.9964026359562,660.0445861815659,659.9963092501267,0.0,0.0,0.0
21.996,-13.979878267553891,0.4743320184491254,2.0149993091114093,0.00010437885146164266,-0.014340533802037645,89.79504749883833,-13.979999542236355,0.46999999880790744,1.9999999999999991,89.79504502892237,-0.0014009090853199465,5.1454993303807315e-05,-0.0004743641991802105,0.0,0.0,0.0,0.1809732325076469,-2.4354507064879087e-06,0.00013236829867821349,-5.170962508520144e-08,660.0021246439885,660.0391330000394,660.0012877317841,660.0396834593827,0.0,0.0,0.0
22.048,-13.979881153446428,0.47425569763488135,2.0149746438676734,0.0001642820945983943,-0.019581775875025468,89.79504714337934,-13.979999542236355,0.46999999880790744,1.9999999999999991,89.79504502892237,-0.0015196246099413717,4.9361187158786736e-05,-0.000473567834456248,0.0,0.0,0.0,0.1809737450936188,-5.6009343560957034e-06,0.000480559182581746,-4.427807805956229e-08,659.9529952022187,660.0882760342258,659.9512771023764,660.0897485524233,0.0,0.0,0.0
22.099999999999998,-13.979883942041532,0.47417191773212564,2.0149500113296837,0.00021810333190637544,-0.023290057145199522,89.79504667565331,-13.979999542236355,0.46999999880790744,1.9999999999999991,89.79504502892237,-0.0016781290384506012,4.6785344808670826e-05,-0.0004727727015787334,0.0,0.0,0.0,0.18097450709390484,-9.092922000676785e-06,0.0008141158227930901,-3.452112097551342e-08,659.9059944475867,660.1352865325372,659.9033084637177,660.1377803982784,0.0,0.0,0.0
22.151999999999997,-13.979886617064903,0.4740791566311498,2.014925412144894,0.0002450975431021915,-0.02399013220641803,89.79504615734264,-13.979999542236355,0.46999999880790744,1.9999999999999991,89.79504502892237,-0.0018570122546921776,4.385998119797469e-05,-0.00047201414768473,0.0,0.0,0.0,0.1809758424866158,-1.1915914018070357e-05,0.0010527419417109688,-2.3680490550385106e-08,659.8724224768213,660.1688776040882,659.8689621375428,660.1722052381648,0.0,0.0,0.0
22.203999999999997,-13.97988916981341,0.47397728361244773,2.0149008484018616,0.00022572361101377651,-0.02045373078912713,89.79504563318166,-13.979999542236355,0.46999999880790744,1.9999999999999991,89.79504502892237,-0.0020247983062042646,4.089951806176428e-05,-0.000471350214022174,0.0,0.0,0.0,0.18097825153478964,-1.293449345531857e-05,0.0011132370708445479,-1.2735499128936454e-08,659.8639805845174,660.1773762125266,659.8602603306421,660.1810241561805,0.0,0.0,0.0
22.256,-13.979891605695633,0.4738680786584742,2.0148763236471408,0.00015772743404860427,-0.012700811746220208,89.79504525132816,-13.979999542236355,0.46999999880790744,1.9999999999999991,89.79504502892237,-0.0021422393501683195,3.83521997544768e-05,-0.00047080255056882456,-2.5814548280644434e-05,0.00290848589373431,-1.0558941742340244e-07,0.18098183120326658,-1.692084118102356e-06,-0.0001608962642231182,3.3183843548680594e-08,660.0438541481817,659.9975446357241,660.0434641115013,659.9981185070326,0.0,0.0,0.0
22.308,-13.979893943912137,0.47375508754258205,2.0148518430119555,8.647210466703075e-05,-0.004020922675523196,89.79504500986965,-13.979999542236355,0.46999999880790744,1.9999999999999991,89.79504502892237,-0.0021834354619036734,3.649806141713091e-05,-0.0004702304831441757,-2.160695625586795e-05,0.0028285112971389386,-7.656916825812678e-08,0.18098503702959332,-1.3208986886621797e-06,-0.0003897081317041335,2.7825982081697146e-08,660.0764563546703,659.9650808345896,660.0761572149044,659.9655341622533,0.0,0.0,0.0
22.36,-13.979896204332208,0.47364229897817967,2.014827411975941,3.4361201471180436e-05,0.003582269714788167,89.79504482997159,-13.979999542236355,0.46999999880790744,1.9999999999999991,89.79504502892237,-0.0021502375729229068,3.524430751142257e-05,-0.0004695343598546638,-1.4838503029694682e-05,0.002332213940404388,-5.4439692193644104e-08,0.18098671511164,-2.2858688904103587e-06,-0.00047848143494796935,2.3661861864595562e-08,660.089277852793,659.9523424823516,660.0886923667908,659.9530591628703,0.0,0.0,0.0
22.412,-13.979898400097209,0.47353317896022995,2.0148030340500838,-1.4935294090417545e-06,0.009484885451169833,89.79504469181988,-13.979999542236355,0.46999999880790744,1.9999999999999991,89.79504502892237,-0.002056540367647296,3.440949575266937e-05,-0.00046871028264627135,0.0,0.0,0.0,0.1809867124542895,-6.705903440133184e-06,0.0001527310502064779,7.016617332935214e-09,660.0000443278415,660.0416361883839,659.9981536773022,660.0435655771948,0.0,0.0,0.0
22.464,-13.979900539790506,0.47343042382069705,2.014778710022326,-4.16385304394179e-05,0.014987458786625267,89.79504455106904,-13.979999542236355,0.46999999880790744,1.9999999999999991,89.79504502892237,-0.001915406872682399,3.3902999301254973e-05,-0.00046783971062459417,0.0,0.0,0.0,0.18098579931220946,-4.931235102715352e-06,-0.0001471970903753351,9.962046096954392e-09,660.0424877951035,659.9991575851612,660.0411108806713,660.000589767334,0.0,0.0,0.0
22.516,-13.979902633940883,0.47333643894485666,2.0147544386408316,-9.27668904545494e-05,0.020367088589154418,89.79504443882877,-13.979999542236355,0.46999999880790744,1.9999999999999991,89.79504502892237,-0.0017281289360373392,3.380305154483464e-05,-0.0004669597761916659,0.0,0.0,0.0,0.18098437674042403,-2.2628875963692164e-06,-0.0004974996285591879,1.2314264740075412e-08,660.0919668540746,659.9496211362753,660.0913564923451,659.9502998435485,0.0,0.0,0.0
22.567999999999998,-13.979904697719713,0.4732534833767316,2.014730217338675,-0.00014286207628152727,0.024317277665415058,89.79504433660946,-13.979999542236355,0.46999999880790744,1.9999999999999991,89.79504502892237,-0.0015007579802134535,3.4164285211372525e-05,-0.00046605758988699464,0.0,0.0,0.0,0.1809823977288831,8.625157777485052e-07,-0.000839222873879315,1.4448949232386672e-08,660.1401428301255,659.9013553836747,660.1404284614129,659.9011496943411,0.0,0.0,0.0
22.619999999999997,-13.979906747761225,0.47318312111557825,2.0147060419430005,-0.0001741371034322252,0.02533099459716222,89.79504426554989,-13.979999542236355,0.46999999880790744,1.9999999999999991,89.79504502892237,-0.0012519025763676832,3.490893176499842e-05,-0.00046512138366366907,0.0,0.0,0.0,0.1809798777207551,3.6286747108997616e-06,-0.0010916071854309118,1.595324435264355e-08,660.1756290371821,659.8657436369903,660.1767065085606,659.8647540417733,0.0,0.0,0.0
22.671999999999997,-13.979908796677124,0.4731255568118903,2.0146819094828134,-0.0001699763461987169,0.02213458616101446,89.79504426576332,-13.979999542236355,0.46999999880790744,1.9999999999999991,89.79504502892237,-0.0010125579029731141,3.5804176411220116e-05,-0.00046417025598795953,1.7109020371820294e-06,-0.0003693044150057677,8.104777091706607e-10,0.18097709642217405,4.452299919908806e-06,-0.001028249557332954,1.56811858655378e-08,660.1664219978825,659.8748171069725,660.1677332692993,659.8735921289903,0.0,0.0,0.0
22.724,-13.979910847703199,0.4730790972905771,2.01465781573711,-0.00012511051714040174,0.014740795626102103,89.79504429181381,-13.979999542236355,0.46999999880790744,1.9999999999999991,89.79504502892237,-0.0008218389050016429,3.64955448026802e-05,-0.0004632798696806113,1.8490042222284087e-05,-0.0027978564697293032,-2.2621522463136465e-08,0.18097492790953018,-2.3685310911765908e-06,3.908681019113122e-05,2.354888347388737e-08,660.0153338192824,660.0257921699092,660.014724410177,660.0265320019889,0.0,0.0,0.0
22.776,-13.979912853978158,0.4730409805952173,2.0146342200615575,-6.971966409351531e-05,0.006367605783857379,89.79504431264444,-13.979999542236355,0.46999999880790744,1.9999999999999991,89.79504502892237,-0.0006361104641936465,3.3042595523829814e-05,-0.00041624003460432864,1.656180771633859e-05,-0.0025444355251690357,1.0880888122382406e-08,0.18050589166675127,-6.345745963889746e-06,0.00011056430120034272,1.1096974194187845e-08,659.9953375890743,660.0250222956016,659.9935608125256,660.026860451644,0.0,0.0,0.0
22.828,-13.979914883038633,0.473005776648421,2.0146101223964465,-2.2715628292451125e-05,-0.0014856213408066608,89.79504436694361,-13.979999542236355,0.46999999880790744,1.9999999999999991,89.79504502892237,-0.0006661799246613154,3.6463166390185226e-05,-0.0004640210551255219,1.388019210970216e-05,-0.002464245266867746,1.8161193983669726e-08,0.18098325386346364,-3.0655578327358665e-06,0.0004254541682815183,7.358373166508169e-09,659.9606025532127,660.0809101221707,659.9597497006584,660.0818035715217,0.0,0.0,0.0
22.88,-13.979916887008779,0.47297064752108364,2.014586004820892,1.2276530720419481e-05,-0.007781562232063955,89.795044427874,-13.979999542236355,0.46999999880790744,1.9999999999999991,89.79504502892237,-0.0006899363845516997,3.5847866235334064e-05,-0.00046340508521178805,1.0471244009068207e-05,-0.0018557271445567886,2.1434173576799683e-08,0.18098826883296784,-2.7743906667551357e-06,0.00046383320916564344,4.911747635996077e-09,659.95521230915,660.0865341639629,659.9544356137045,660.0873379067865,0.0,0.0,0.0
22.932,-13.979918860459446,0.4729327100013278,2.0145619346288646,3.891979896578233e-05,-0.012099884719386972,89.79504449304609,-13.979999542236355,0.46999999880790744,1.9999999999999991,89.79504502892237,-0.0007620261398800278,3.4966678151255864e-05,-0.0004623037363082897,7.992273690898572e-06,-0.0011722661914246454,2.30460076840991e-08,0.18098826748364294,-2.7399865080268296e-06,0.0004380137943348117,2.974370369308836e-09,659.9588917627344,660.082869357062,659.9581195058189,660.0836579411239,0.0,0.0,0.0
22.983999999999998,-13.979920798765209,0.4728900267826205,2.0145379199918536,6.0837226976020383e-05,-0.014549959904849714,89.79504457375019,-13.979999542236355,0.46999999880790744,1.9999999999999991,89.79504502892237,-0.0008638784951283613,3.388967561975953e-05,-0.0004611699941303669,0.0,0.0,0.0,0.1809874248807604,-6.010707423057014e-07,0.00017971140992042685,9.564391049758622e-09,659.995350764743,660.0463661700223,659.9952060461226,660.0465638513228,0.0,0.0,0.0
23.035999999999998,-13.979922696252888,0.4728415203386531,2.014513960551134,8.930549255904776e-05,-0.015963594057465513,89.79504468519072,-13.979999542236355,0.46999999880790744,1.9999999999999991,89.79504502892237,-0.000981463526917138,3.2623304837423874e-05,-0.0004600649897817409,0.0,0.0,0.0,0.18098634860604107,-2.05446920621622e-06,0.0003524828905621527,7.251887314791646e-09,659.9709329145082,660.0707442852926,659.970367787498,660.0713494905842,0.0,0.0,0.0
23.087999999999997,-13.979924577949577,0.4727855425710846,2.014489674064181,0.0001255748281090488,-0.016028715932896797,89.79504481344362,-13.979999542236355,0.46999999880790744,1.9999999999999991,89.79504502892237,-0.0011076058634272776,3.107107841473893e-05,-0.0004561858189802169,0.0,0.0,0.0,0.18096979841468674,-4.143483469242661e-06,0.0004884756376212405,4.57595164070533e-09,659.9514986320747,660.089449437365,659.9503310064625,660.0906421598337,0.0,0.0,0.0
23.14,-13.979926357678318,0.4727243107988286,2.014465977458024,0.0001577845880713392,-0.014093332195953092,89.79504494759372,-13.979999542236355,0.46999999880790744,1.9999999999999991,89.79504502892237,-0.0012229841502431654,2.925865423350561e-05,-0.00045511109206846403,0.0,0.0,0.0,0.1809631276021289,-6.460673188364799e-06,0.0005371361651644109,1.7792067603901424e-09,659.9447511343388,660.0959018006863,659.9429156753727,660.0977466879158,0.0,0.0,0.0
23.192,-13.979928055254412,0.4726578347403969,2.014442305304552,0.00017031749291341797,-0.009840107293490014,89.79504508462934,-13.979999542236355,0.46999999880790744,1.9999999999999991,89.79504502892237,-0.0013112480127787844,2.7253073304825197e-05,-0.0004548937024023143,0.0,0.0,0.0,0.1809653083573316,-8.224936190317498e-06,0.00046923760185633984,-1.0863578752750017e-09,659.9547202895842,660.086029098022,659.9523743603778,660.0883685356405,0.0,0.0,0.0
23.244,-13.97992965986083,0.47258814591812465,2.0144186470579633,0.00015103015138387944,-0.003595205628941674,89.79504519880996,-13.979999542236355,0.46999999880790744,1.9999999999999991,89.79504502892237,-0.00135246300997727,2.527977416481734e-05,-0.0004547468678959963,-1.0830434129726479e-05,0.0021676639348912983,2.295257407088692e-08,0.18096896698094003,-4.53758888793745e-06,-0.0005559416520466898,-1.1787311173320336e-08,660.1002845588445,659.9406450159071,660.0989596463072,659.9419049500392,0.0,0.0,0.0
