Time_s,X,Y,Z,Roll_deg,Pitch_deg,Yaw_deg,Ref_X,Ref_Y,Ref_Z,Ref_Yaw,vx,vy,vz,p,q,r,T_pert,tau_x,tau_y,tau_z,RPM_0,RPM_1,RPM_2,RPM_3,Wind_X,Wind_Y,Wind_Z
0.052000000000000046,-2.999999999993949,-17.999999999995133,0.010054993694141005,6.3057204495798036e-09,5.069523810720214e-09,89.99999999858294,-3.0,-18.0,0.014464867854085735,89.99999999971945,8.056352042684056e-11,-9.937257223591429e-11,0.0009999504979615534,0.0,0.0,0.0,0.13101390177021222,-3.813711635673867e-10,-3.0724433772426123e-10,2.3122354063619904e-11,658.9128022267759,658.91280203031,658.9128021821122,658.9128022032609,0.0,0.0,0.0
0.10400000000000009,-2.99999999999237,-17.999999999993857,0.010106992968971114,7.952104934644314e-09,6.408747416822868e-09,89.99999999901657,-3.0,-18.0,0.027872386655924238,89.99999999971945,6.994076851657402e-12,-9.143309222887817e-12,0.000999997525500708,0.0,0.0,0.0,0.5574704249434802,-3.7129612592315125e-10,-2.988696612469443e-10,1.4300181539726775e-11,668.3095399833408,668.3095397948271,668.3095399180096,668.3095399383827,0.0,0.0,0.0
0.15600000000000014,-2.9999999491855793,-18.000000001196003,0.010349128296666378,0.0005794062853208166,0.00047152287552154083,90.00031610324386,-3.0,-18.0,0.04988052804296929,89.99999999971945,5.811126963955306e-07,-1.8203285885222974e-06,0.010439047119620877,0.0,0.0,0.0,1.159991549551112,-2.727279375563409e-05,-2.127173334008468e-05,-6.431191919774547e-06,681.3802358520746,681.3668423744556,681.3554584250089,681.3571141647673,0.0,0.0,0.0
0.20800000000000018,-2.9999996127109627,-17.999999772323466,0.0118056233355142,0.0014766111858352995,0.0012425827074320681,90.00082608180335,-3.0,-18.0,0.07930197671112224,89.99999999971945,7.075307105904781e-06,-9.711817691162355e-06,0.04270134582885384,0.0,0.0,0.0,1.7368094299062828,-7.47360678656561e-05,-6.168632854227407e-05,-1.6806811733753766e-05,693.6737945837891,693.636821957121,693.6092501640605,693.6127870756027,0.0,0.0,0.0
0.26000000000000023,-2.9999985627421633,-17.999998936492243,0.015560668942504224,0.0019901772109296744,0.0018463211983981798,90.00127376402084,-3.0,-18.0,0.11471958995594762,89.99999999971945,1.9459800993839637e-05,-2.412979252567618e-05,0.09469561038511706,0.0,0.0,0.0,2.238344803074687,-0.00011272534847733664,-0.00010135099167578647,-2.5914999518468883e-05,704.188748521399,704.1315959783431,704.0913799890326,704.0944169221601,0.0,0.0,0.0
0.3120000000000003,-2.99999653541649,-17.99999717993363,0.022558634849484727,0.0017699287011820968,0.0020840293805469406,90.0016224252992,-3.0,-18.0,0.15478502333384989,89.99999999971945,3.5930743603759734e-05,-4.149929988953288e-05,0.16362169208096758,0.0,0.0,0.0,2.6188270630594843,-0.00012292936515108634,-0.00013036948334005372,-3.300858571037523e-05,712.0598244649323,711.9929476666596,711.9426257590634,711.9406611606759,0.0,0.0,0.0
0.3640000000000001,-2.9999936438126107,-17.99999437358081,0.03355928111490978,0.0006346333696745381,0.0018065005854246798,90.0018588039714,-3.0,-18.0,0.19834257833568275,89.99999999971945,5.392706044181731e-05,-5.691373063704076e-05,0.24543264304266982,0.0,0.0,0.0,2.8567490653542245,-9.255661853839136e-05,-0.00013998866965971385,-3.781775893823432e-05,716.9323690102149,716.8713891855808,716.8116690505834,716.7992293779147,0.0,0.0,0.0
0.41600000000000015,-2.999990494573218,-17.999990668216387,0.04908300373960767,-0.0013465134007913195,0.0009342689825039416,90.00197777807087,-3.0,-18.0,0.2444608221996299,89.99999999971945,7.041994051264857e-05,-6.483859703030779e-05,0.33525495803709954,0.0,0.0,0.0,2.953507246569712,-1.838031761763147e-05,-0.0001235974778076318,-4.023831172504219e-05,718.8943432591773,718.8572149713187,718.7872174496066,718.7596984342917,0.0,0.0,0.0
0.46799999999999997,-2.9999881535793977,-17.99998654402412,0.06939714104773716,-0.0038033317884309664,-0.000510826516385024,90.00198071877512,-3.0,-18.0,0.2924195984772763,89.99999999971945,8.199105623487627e-05,-5.9528854267512635e-05,0.4283167571182065,0.0,0.0,0.0,2.924328941723765,9.058646908839e-05,-7.810274120859405e-05,-4.029814096475378e-05,718.2804752232886,718.2837425125832,718.2016285387135,718.1574722447571,0.0,0.0,0.0
0.52,-2.9999879281189585,-17.999982791741218,0.09453435201423722,-0.006089736574686486,-0.002385751036250135,90.0018752081623,-3.0,-18.0,0.3416788632904029,89.99999999971945,8.485786981006029e-05,-3.562623272779673e-05,0.5203298447486007,0.0,0.0,0.0,2.792946690570812,0.0002132542283501577,-4.859797929717975e-06,-3.8151505612015026e-05,715.5724040848368,715.6271503197461,715.5309722527867,715.4736648277748,0.0,0.0,0.0
0.5720000000000001,-2.9999909927895283,-17.99998041686851,0.12432691695707067,-0.007394169000738546,-0.004423185068935054,90.00167432025835,-3.0,-18.0,0.3918432295534576,89.99999999971945,7.502989539766727e-05,1.0583819870938975e-05,0.6077631931847984,0.0,0.0,0.0,2.586690997783127,0.0003194803500106584,8.987936847188529e-05,-3.4064399442985075e-05,711.313396004934,711.4215766182559,711.3102943579552,711.2496107327261,0.0,0.0,0.0
0.6240000000000001,-2.9999979434616932,-17.9999804746544,0.15845397982521933,-0.00692172382930013,-0.006250217556271565,90.0013954395242,-3.0,-18.0,0.44262887758017755,89.99999999971945,4.880180617360218e-05,7.905932862799586e-05,0.6880660123469908,0.0,0.0,0.0,2.3362581837668968,0.0003752846954092302,0.00019486095933598277,-2.8390512929532633e-05,706.117792828781,706.2695678623116,706.1442124683816,706.0961779562048,0.0,0.0,0.0
0.6760000000000002,-3.0000083976908836,-17.999983858406978,0.19649273696314035,-0.00411821197822576,-0.0074275463353986725,90.00105923422396,-3.0,-18.0,0.4938354933521529,89.99999999971945,3.633250603919952e-06,0.00016349133326731485,0.7597337955214417,0.0,0.0,0.0,2.069617743856093,0.0003498476131727664,0.0002945392393290718,-2.1550346201711964e-05,700.5555489802806,700.728446534641,700.5931992533448,700.5783580909258,0.0,0.0,0.0
0.7280000000000002,-3.000020764275838,-17.999991073020244,0.23797184644211372,0.001104135139483692,-0.007508566859708571,90.00068978249291,-3.0,-18.0,0.545323807075738,89.99999999971945,-6.0660310252207435e-05,0.00024937768464600515,0.8220880714764267,0.0020506873112381844,0.00015520710739054793,-0.00012490384070212515,1.7939746626500153,-0.0005648232907218874,0.00031120255586205875,3.0787191604145875e-05,694.83102177044,694.7623994580756,694.759192642934,694.9961918515094,0.0,0.0,0.0
0.7800000000000002,-3.000032320831744,-18.00000202748909,0.28239696544308457,0.006765638479608208,-0.0062156982701308625,90.00040827268226,-3.0,-18.0,0.5969983116619324,89.99999999971945,-0.00013956910000830936,0.0002985277457851989,0.8748891492432044,0.0,0.0,0.0,1.5242596483273516,4.134057586430421e-05,0.00040725243857740777,-8.30639830557303e-06,689.0877194735983,689.2100902686109,689.0769639057668,689.1767834651635,0.0,0.0,0.0
0.8320000000000003,-3.000040237113388,-18.000015931217693,0.3292763097947052,0.011256252477576102,-0.0033878432974112573,90.00010304551942,-3.0,-18.0,0.6487943519941037,89.99999999971945,-0.00022493901223106697,0.00028760933332974144,0.9183502023329722,0.0,0.0,0.0,1.2718909445832676,-0.00015162932050003674,0.000387746419291246,-2.0964882227023343e-06,683.7324432214083,683.797360301809,683.6851465151325,683.83344151627,0.0,0.0,0.0
0.8839999999999999,-3.0000423249845785,-18.00003124847535,0.37814251202860977,0.014993608754448686,0.0010961860221102798,89.99982623787355,-3.0,-18.0,0.7006687011803812,89.99999999971945,-0.0003068524737185497,0.0002313285212043838,0.9530858195827194,0.0,0.0,0.0,1.0442801959582404,-0.0003641964927066987,0.0002950510685744112,3.5352208785227377e-06,678.8819941925329,678.8628466243437,678.79065570346,678.9732102385876,0.0,0.0,0.0
0.9359999999999999,-3.0000369765498345,-18.00004573257356,0.4285649336904671,0.016071299527367612,0.006410727589311095,89.99959034740004,-3.0,-18.0,0.752592813273509,89.99999999971945,-0.00036144764220566753,0.00011103275810232503,0.979889099115774,0.0,0.0,0.0,0.8464073335209221,-0.0005331381718954585,0.00013907467036955876,8.334461602205158e-06,674.6453579728657,674.5355422894303,674.5193673862942,674.7066900937714,0.0,0.0,0.0
0.988,-3.0000238815870066,-18.000056771781274,0.4801635739181923,0.013951447593043727,0.0121539851965732,89.99942185751644,-3.0,-18.0,0.8045480718714191,89.99999999971945,-0.0003768172299426715,-5.9659135181353964e-05,0.999826178891149,-0.0011117481041410886,0.0017666518199465134,-3.864256358707454e-05,0.6792967888186663,-0.0001955588422481875,-0.0007571136746342299,2.562906664970123e-05,671.0683110336942,670.8013784225225,671.0833370656584,670.926009446869,0.0,0.0,0.0
1.04,-3.0000042556897775,-18.000061758892773,0.5326148479997957,0.009323998152937949,0.01592214056213365,89.99933305919976,-3.0,-18.0,0.8565224933733969,89.99999999971945,-0.0003167936070168016,-0.00024446298086071424,1.0139633386550329,-0.001915610961405894,0.0009867591106101597,-2.5781193572796016e-05,0.5423993671760279,0.00010888580371949989,-0.0006693900433429886,2.282046431370374e-05,668.0273749767496,667.8696231964634,668.1204527381358,667.9014304446739,0.0,0.0,0.0
1.092,-2.9999805031721594,-18.00005900708212,0.5856496536035043,0.0032154115768947417,0.01744190883726519,89.99929547291735,-3.0,-18.0,0.9085084704357087,89.99999999971945,-0.0001937377077388794,-0.0004082744715599544,1.0233524187662681,-0.0006013592876179709,6.488006096455207e-05,-2.2012711716935533e-06,0.43372222730027765,-0.0003233388367486476,-0.0005010771256230629,1.512365670865523e-05,665.6921449719418,665.4592890599052,665.6423593659026,665.592160400629,0.0,0.0,0.0
1.1440000000000001,-2.999955602024371,-18.000047987953685,0.6390511826180827,-0.002919786052235303,0.01647335881222819,89.99929141733111,-3.0,-18.0,0.9605012471176994,89.99999999971945,-2.4240815707105043e-05,-0.0005164894759761555,1.0289436503404212,-0.0021713202752246035,-0.0006282903062250876,3.3944787940572076e-06,0.3507016122927702,0.0004035644395612794,-0.0003695476888709042,1.3198168420147138e-05,663.7471388351869,663.7567732503894,663.8977686568213,663.678815483476,0.0,0.0,0.0
1.1960000000000002,-2.999932506241583,-18.000029338024312,0.692650115731128,-0.008354469195384554,0.013548192395215137,89.99931746918189,-3.0,-18.0,1.0124979011985418,89.99999999971945,0.00016212368126326118,-0.0005603924960920787,1.0316378071827779,0.0,0.0,0.0,0.28981031759277265,-0.0002747142404430634,-0.0006892608066434421,1.3886225679856944e-05,662.5449991065084,662.2714228324184,662.505360587207,662.3877190118282,0.0,0.0,0.0
1.2480000000000002,-2.999913768100884,-18.000004619699137,0.746320095063622,-0.01258624851476842,0.00879588720740318,89.99936951782615,-3.0,-18.0,1.0644966733149472,89.99999999971945,0.00034552753593036604,-0.0005376960590781028,1.0321976327498579,-0.0013055747941278458,-0.0018136258233320088,1.7707254673478553e-05,0.2475464587763483,0.0003997907079393905,1.2771164194364231e-06,6.473147105019837e-06,661.4278628318998,661.5418448292813,661.5593674333896,661.4461144020199,0.0,0.0,0.0
1.3000000000000003,-2.9999012819060322,-17.999976180674324,0.7999708223559103,-0.015113057098994914,0.0031657886122106915,89.99942829690801,-3.0,-18.0,1.1164965302517906,89.99999999971945,0.0004973066913351402,-0.0004547061042739629,1.0312762440673677,0.0,0.0,0.0,0.22035959947754513,6.330622660813415e-05,-0.0006406290424987572,1.1631412551521615e-05,660.9585833336979,660.794359276818,661.0087539151596,660.808523687112,0.0,0.0,0.0
1.3519999999999999,-2.999896128507081,-17.999946760469427,0.8535419128596184,-0.015763254642964474,-0.003001711245236715,89.99950392316487,-3.0,-18.0,1.1684968843679675,89.99999999971945,0.0006039706973729459,-0.00032345019628350803,1.029395045660854,-3.429883777928391e-05,-0.002159610600125455,2.3253376285306312e-05,0.20505278362301915,0.00021707917928911105,0.00030773508270785636,1.748451339130145e-06,660.4767070351552,660.6260680875349,660.5433298294672,660.5691301227461,0.0,0.0,0.0
1.4040000000000004,-2.9998984916101246,-17.999919269256836,0.9069969222654508,-0.014995382685899495,-0.0089657574023138,89.99957533674532,-3.0,-18.0,1.2204974158561033,89.99999999971945,0.0006521025645202602,-0.0001685513230519153,1.026972857451876,0.0,0.0,0.0,0.1986808027187994,0.00031739181871407785,-0.00035466616902049645,8.639856492966251e-06,660.4060938015089,660.39548317947,660.5203464270962,660.3290434236359,0.0,0.0,0.0
1.456,-2.999907860686993,-17.999896510310734,0.9603176938950927,-0.012651696198820646,-0.014676664535375404,89.99965711138722,-3.0,-18.0,1.27249796188242,89.99999999971945,0.0006424957145252008,-8.58913446077499e-07,1.024319674356225,0.0009584399028576435,-0.0018408053152371116,2.335245511317719e-05,0.1987872280262284,1.768484099623919e-05,0.0005707698821478447,-1.4037487121915204e-06,660.3332889896819,660.5007960536607,660.3344379658233,660.4918777699176,0.0,0.0,0.0
1.508,-2.9999230319487658,-17.999881045304583,1.0134996090361774,-0.009230872635472426,-0.01926968453875467,89.99973639327523,-3.0,-18.0,1.3244984486536715,89.99999999971945,0.0005673986670275547,0.00015844220990574712,1.0216631549932427,0.00043011679475089,-0.0004241941358044416,9.208408671728928e-06,0.2032935375043987,0.00024432523600807104,0.0002693056681199883,2.058747793172485e-06,660.4389301522029,660.5851171557362,660.5141701260328,660.5212798676135,0.0,0.0,0.0
1.56,-2.9999422420707207,-17.999874946310467,1.0665475287093238,-0.004376569406433797,-0.02275975128664188,89.9998103821943,-3.0,-18.0,1.3764988506491465,89.99999999971945,0.00043750416039719614,0.00030496544414359205,1.0191566187086643,0.0,0.0,0.0,0.21054845081902407,0.00036563356253359417,0.0003682107810315815,3.857807969448174e-06,660.5657168643056,660.7745299104332,660.6804383438592,660.6811716712318,0.0,0.0,0.0
1.612,-2.999963174684634,-17.999879650520104,1.1194724940894718,0.0011817237297132549,-0.0241516809096668,89.99988964008175,-3.0,-18.0,1.4284991667760278,89.99999999971945,0.00024992666757138026,0.00041552528425439485,1.0168985533426287,0.0021026389424487328,-0.00018929070741240358,2.5789174260750398e-05,0.21924097853537639,-0.0005475282160124291,0.000683645205233775,-7.008994836805905e-06,660.8581619014138,660.8968813977473,660.6829992495769,661.0332260294539,0.0,0.0,0.0
1.6640000000000001,-2.999983182559783,-17.999895623475954,1.1722892083704826,0.0067829014466415805,-0.02313355696219228,89.99995044780127,-3.0,-18.0,1.4804994068808617,89.99999999971945,2.001413531492673e-05,0.0004769779362774511,1.0149403291439036,0.0,0.0,0.0,0.22840456155315003,0.00010585994349652412,0.0008073654074591041,1.0081440769294886e-06,660.9392946731668,661.1989931592576,660.9721918051347,661.1716815993477,0.0,0.0,0.0
1.7160000000000002,-2.9999996358841416,-17.999922165850503,1.2250138365035035,0.011564142878418221,-0.01910653599763638,90.00000717139561,-3.0,-18.0,1.5324995844656653,89.99999999971945,-0.0002388453642854446,0.00047626982783092786,1.0132967521264855,0.0013670605427157283,0.001710641331583107,1.4316553564468283e-05,0.23738355858347227,-0.0006021084785242376,0.00026045226047579295,-5.283315348149865e-06,661.3249884708362,661.2278604285962,661.1392010432579,661.3844203103583,0.0,0.0,0.0
1.7680000000000002,-3.000010426807557,-17.999957232370633,1.277662650738503,0.013499192317154162,-0.013118398206209676,90.00004211710953,-3.0,-18.0,1.584499713025486,89.99999999971945,-0.0004858804921214296,0.00039509856443050654,1.0119628302948303,0.0001821759451812184,0.0021635025770626727,9.61859665177494e-06,0.24571205367108817,-0.0002897523276729973,0.00011504723427803031,-4.308460575712894e-06,661.4840339278755,661.4343814592266,661.3897749491941,661.504824024302,0.0,0.0,0.0
1.8200000000000003,-3.000014708727671,-17.999997868995475,1.3302511715861154,0.012636121047915134,-0.006280720862715177,90.00006631018834,-3.0,-18.0,1.6364998044288215,89.99999999971945,-0.0006878611876968007,0.00025813628027827125,1.0109181639614524,-0.0005297535330108081,0.0023579983702488126,6.306918540826457e-06,0.2530982333292897,-9.977983895277187e-05,-2.3617648698575407e-07,-3.612298724241977e-06,661.6357074894686,661.6072891769695,661.5973761648838,661.6256606907776,0.0,0.0,0.0
1.8720000000000003,-3.000012944253988,-18.00004075002099,1.382793485920221,0.010499436259374884,0.0008190936251180392,90.00008190413044,-3.0,-18.0,1.688499868396729,89.99999999971945,-0.0008297206700164797,0.00011257271340812398,1.0101297598079608,-0.0008069473033069801,0.0023778511802071815,3.69506457990331e-06,0.25941862756908307,-3.9365412046716544e-05,-0.0001115836408101975,-2.9923131864142583e-06,661.7817486244512,661.738867316559,661.7623008800488,661.7417850124602,0.0,0.0,0.0
1.924,-3.000006220317838,-18.000082478539717,1.4352828057817195,0.019391634444661753,0.007664837059528788,90.08085595592055,-3.0000003649905653,-18.00000170328931,1.7404999125307015,159.89103510405886,-0.0009030563632466855,0.0001080204201632717,1.0083085082759313,0.013553585619000491,0.002225079544766157,0.07855573652435657,0.2775243261045315,-0.005963924785103871,-0.0002137875220282853,0.08,541.6467586829253,539.4983741195081,763.9376109040082,765.3513100995353,0.0,0.0,0.0
1.976,-2.9999851791672634,-18.000119763119798,1.4876554674204865,0.16567269930228967,0.012799034548881733,90.49009533717084,-3.000001465268366,-18.000010041243435,1.7922370210453975,159.89085648203917,-0.0008929229478266343,0.0018639446549679928,1.0069044096666921,0.07027942546616653,0.001699934911150014,0.17015431011476295,0.28684708296540684,-0.032568633494717066,-0.00019417796981104204,0.08,546.4919412832488,535.1029601779192,760.8350562420115,768.7927103110486,0.0,0.0,0.0
2.028,-2.999883482451373,-18.000149509514593,1.540014948042419,0.4117458458096059,0.013911572536634,91.12274517558463,-3.0000009632722273,-18.000025134860604,1.8400654457389551,159.89075829423686,-0.0008018034675646247,0.0037772165415960795,1.0067430225967615,0.08443279115801251,0.0013469414151197887,0.24023888226942822,0.1594853177111979,-0.04719030140379066,-0.00016082857927226634,0.08,545.601206178128,529.0344514809889,756.5710256556753,768.1679533348328,0.0,0.0,0.0
2.08,-2.9995914497582614,-18.000168334342632,1.5922583052898518,0.6331762838794884,0.010039029476558827,91.95870091040838,-2.999991073478889,-18.000045313669485,1.8804669274779404,159.8908639701818,-0.0006928901677206979,0.0032090715555116757,1.0022969669873327,0.06471105978035908,0.0013158476585033746,0.30773983513887765,-0.1597678231980968,-0.050371493491436665,-6.014053082903771e-05,0.08,537.5296285400401,519.5927816339104,749.9740447028156,762.4810075746441,0.0,0.0,0.0
2.132,-2.9990142013245293,-18.0001722662271,1.6439685134654614,0.7738786949160421,0.0014008674886273858,92.99376320861073,-2.9999536681918904,-18.000068050401374,1.9127221006331419,159.89132273052178,-0.0006696293317966005,-0.0004220413075168711,0.9874069839873325,0.03499914136958497,0.0015362854736616252,0.37417259754127224,-0.6206110350976477,-0.04951207920038962,0.00024618692855337223,0.08,524.6459443336071,506.68552701599737,741.0124549135863,753.5301760457963,0.0,0.0,0.0
2.184,-2.9981007808092963,-18.000157500949758,1.6944419949680867,0.825897213890035,-0.010462766408484234,94.22491506241299,-2.9998512964183894,-18.00009042740835,1.937492695194252,159.8923698082463,-0.0008535175921920811,-0.006463395903748248,0.9572955451834735,0.006019952356511102,0.002113627215078959,0.43956223255484916,-1.1329963482298115,-0.04779679027162262,0.0007993197911068734,0.08,509.75100023440507,492.1136321135623,730.9836477960035,743.376358355789,0.0,0.0,0.0
2.236,-2.996845458022958,-18.000121309762548,1.7428168087348122,0.7973980812702489,-0.022605098513999545,95.64877184470038,-2.9996430064472177,-18.0001092604208,1.9559718875095369,159.89392220256934,-0.0013580585776001154,-0.013908821465748882,0.9101256303366027,-0.019322597429868794,0.0032613675844372935,0.5037199938280894,-1.6135695246912798,-0.04569493447357466,0.0015356391479105088,0.08,495.2314718045255,478.1747183531421,721.4814509467101,733.6847976025541,0.0,0.0,0.0
2.2880000000000003,-2.9952782044922,-18.00006249966316,1.788226036371884,0.7013015633076769,-0.03095712463455961,97.2613377532002,-2.9992740030038902,-18.000120842431212,1.969444447485329,159.89625454151104,-0.0022576993895965488,-0.021726472747736165,0.846814637309692,-0.039867353580746286,0.005131111986763729,0.5664349657664621,-2.0027715170039437,-0.0431013936508234,0.0023248893129111667,0.08,482.9357876817161,466.7929925798903,713.7810420391846,725.6465333248634,0.0,0.0,0.0
2.3400000000000003,-2.9934536585194946,-17.999981381982135,1.8299207562443014,0.5538150771601831,-0.030830612780827812,99.05795467617956,-2.998712546475294,-18.000122133425922,1.9790811110268332,159.89896237693037,-0.0035595419609883274,-0.02896107910152456,0.7704010983010158,-0.0546100219105234,0.007816070520897634,0.6275025415463094,-2.2691306715221344,-0.04005965913976601,0.0029591413422206387,0.08,474.0627588676952,459.114725435516,708.6152278290275,719.9374165170765,0.0,0.0,0.0
2.392,-2.9914414789928454,-17.99987931089129,1.8673462883223326,0.37446669696028606,-0.01780340486602896,101.03343220017949,-2.9979181657958613,-18.00010961355689,1.9858613204030369,159.9024103218788,-0.0051826935785285275,-0.03481407203787312,0.6849639710902647,-0.062530682960347,0.011117887679099865,0.6867822721032328,-2.4035915500857943,-0.036867928215190825,0.0032497278398682505,0.08,469.18998938368554,455.52098794090193,706.2147866178351,716.8144014389856,0.0,0.0,0.0
2.4440000000000004,-2.9893184320778206,-17.99975787561855,1.9001751091241441,0.18493585033177198,0.011137275755919369,103.18221206703971,-2.996881139569082,-18.00008111907963,1.9905620541967308,159.91007137020983,-0.006954903433062954,-0.038733071190473034,0.5949840324812937,-0.06329838459793403,0.014634507008430334,0.7442001674801219,-2.4146865851291683,-0.033924713788530805,0.003041808908024391,0.08,468.289159655325,455.7228173867109,706.4003218271297,716.1705125286762,0.0,0.0,0.0
2.496,-2.987161844551516,-17.999617864782376,1.9283046183410626,0.006665703126655199,0.05676331272918933,105.49867651347061,-2.9956074037585,-18.00003505861429,1.993777241743015,159.91399801148756,-0.008635902822645276,-0.04047978066403249,0.5046658483887588,-0.05741892082435994,0.01779988947749349,0.7997696035979731,-2.3212228562926285,-0.03161931621224502,0.002255488399398135,0.08,470.89359159491556,459.02120993317294,708.7413087953778,717.6702566890838,0.0,0.0,0.0
2.548,-2.9850440686828104,-17.99945810522246,1.9518314097287761,-0.14199138455430915,0.11705178878027384,107.97736570285375,-2.994139595844382,-17.999971806962613,1.995948373820355,159.91829410379884,-0.009959489584388408,-0.04014346573619016,0.41759782014302305,-0.04631722192071552,0.019962529465312892,0.8535527431150343,-2.1471716491196777,-0.03023613773339304,0.0009312431713907618,0.08,476.25777989193153,464.5463673070218,712.6815507980381,720.8560201547411,0.0,0.0,0.0
2.6,-2.9830278501171423,-17.999274384347874,1.971014668962341,-0.24804471545887471,0.18709034161575028,110.61310404052189,-2.9924971861269065,-17.999889781180425,1.9973963845320741,159.92222165537333,-0.010685640550538403,-0.03809087162830062,0.3366380029951621,-0.03197767631022796,0.020484054248419387,0.9056385110128415,-1.918379208056959,-0.029855189840063613,-0.0007701443672275222,0.08,483.49173682752115,471.43361254859644,717.6357080693653,725.214792651378,0.0,0.0,0.0
2.6519999999999997,-2.981162714342513,-17.99905876326079,1.9862321566456422,-0.3051702509948967,0.2595916045269779,113.40114877523484,-2.9907351182385478,-17.99978893415867,1.9983502602015535,159.92637453786685,-0.010650908903159614,-0.03487115622433496,0.2636440372382757,-0.016648583736120014,0.018950919348993112,0.9561562481241772,-1.657614069809988,-0.030426042931519553,-0.0025933526726219574,0.08,491.77650905299487,478.98789092839104,723.0949133058479,730.2950603824966,0.0,0.0,0.0
2.704,-2.979482612608557,-17.99879957032665,1.997933177153209,-0.31398185620420904,0.3260125158289077,116.33706280784298,-2.9888933648812803,-17.99966678720192,1.9989707584948548,159.93010270155762,-0.009803785563804884,-0.03110274877051412,0.1997248399090048,-0.0024277544623990768,0.01523182514089324,1.0051979366855135,-1.3847830948998423,-0.03172870282954456,-0.004236542664509179,0.08,500.37945340532,486.67984586710844,728.6370413703717,735.6959467483546,0.0,0.0,0.0
2.756,-2.9780051243931265,-17.99848222342153,2.0066020570036747,-0.2809338832315698,0.3779272819790648,119.41665870480013,-2.9870323225215842,-17.999521570744534,1.9993691106817555,159.9340565882472,-0.00821683059814208,-0.027367822647069828,0.14529020796198275,0.009079354171901371,0.009580039011580005,1.052817752201836,-1.1156598602518821,-0.03351246839948085,-0.00540965645901663,0.08,508.73091284968785,494.138725419354,733.9406083744099,741.1039059284661,0.0,0.0,0.0
2.8080000000000003,-2.9767321989481736,-17.998090844692175,2.0127288809890667,-0.21700548275611958,0.40829800919277287,122.63592075050488,-2.9851940740101663,-17.999347610552544,1.9996212543378067,159.93767917441528,-0.006075032304210187,-0.024135083981885748,0.1001803173049873,0.016799754062285933,0.002545978020847357,1.0991148224192573,-0.8617678595945084,-0.035426941777509886,-0.005876458801049276,0.08,516.4102412260397,501.14883622677905,738.7972675313805,746.2786913333682,0.0,0.0,0.0
2.86,-2.9756522198289543,-17.997610483905305,2.016782650396988,-0.1353228089391696,0.41287026484132905,125.99094388799683,-2.983427508974493,-17.999139191806375,1.9997783763274568,159.9416538186058,-0.0036453979093435847,-0.02171311618982508,0.06386962666511758,0.020455525432427606,-0.0049787518648707705,1.1441302322016456,-0.6311858038308952,-0.03721547826153225,-0.005538736899104517,0.08,523.1579237096836,507.56216384135524,743.0771284941744,751.048293232789,0.0,0.0,0.0
2.9120000000000004,-2.9747430353016115,-17.997029414814694,2.0191974900965697,-0.04919597442880112,0.390932910512484,129.47795671879393,-2.9817628149124924,-17.998886463326336,1.9998745549770065,159.94544658345004,-0.0012325409576883627,-0.020239800072284837,0.03556050988306636,0.020327939207928802,-0.011988892526725286,1.1879330907422014,-0.42878024319636193,-0.03864636390876576,-0.004435747669198282,0.08,528.8413429400534,513.2981779721114,746.7292567666849,755.292788894671,0.0,0.0,0.0
2.964,-2.9739754429653202,-17.99634103505289,2.020360109943373,0.029703709759472795,0.34547492016699316,133.09330606294384,-2.980227711476339,-17.998580288110407,1.9999321994522559,159.94977217128212,0.0008689599011502683,-0.01969706498739215,0.014291624433027584,0.017167542957932637,-0.017514950687722297,1.2305530828786575,-0.2566919345680626,-0.03958707233627974,-0.002731013818740748,0.08,533.4417095029715,518.3137771682598,749.75848368769,758.9433704392602,0.0,0.0,0.0
3.0160000000000005,-2.973316783271318,-17.99554495856514,2.020604061858811,0.09107872435489933,0.282763356184209,136.8183628582986,-2.9788337692834204,-17.998209134077282,1.999965860168862,159.95401469867934,0.00241962424151471,-0.019943034145697223,-0.0010599144350394176,0.00984628214914093,-0.020816341690939644,1.2523103970165048,-0.1140499756886911,-0.039088026245968084,-0.0006812194630206898,0.03585375437461247,607.4081972174629,594.9723969911328,696.6501619869116,706.9382993098944,0.0,0.0,0.0
3.068,-2.9727357467958555,-17.9946494319899,2.0201823519486024,0.06575498801383566,0.21185941691778787,140.440866214907,-2.977586297092122,-17.99776390084217,1.9999848600861982,159.95893506439302,0.003321675743490379,-0.02058864474060832,-0.012271703725080138,-0.035648192147380006,-0.022502703529740414,1.1853215435214637,0.008822358674751354,-0.0207267211950272,0.001691710366007149,-0.015851428860850295,680.5504333788294,675.2718339415808,630.4020764769723,637.0523759852671,0.0,0.0,0.0
3.1200000000000006,-2.9722226609252025,-17.99369183439479,2.019310945053658,-0.13898463548247764,0.14305624774501413,143.8094624650564,-2.976478415156613,-17.99723457557196,1.9999950877655612,159.96413406297634,0.0036354677446395665,-0.020362856640948744,-0.01923606627003878,-0.09494336342937984,-0.024119639872257542,1.0902216223695347,0.10419003801848317,0.011463965262499522,0.0045294499015619,-0.05218307393689477,725.0947168304727,729.2294580043989,582.4973484206512,580.2550303389712,0.0,0.0,0.0
3.172,-2.9718096183686504,-17.992767614031678,2.018198671477626,-0.47656561949370624,0.08596090805369128,146.86525933726728,-2.9754986684036018,-17.99661576681427,2.000000203852635,159.9689380795212,0.0035589634644002457,-0.01772103114072946,-0.02258305906518326,-0.12382057382061906,-0.024395219064274703,0.9800029868596563,0.17169263240186783,0.04011165705007912,0.006777288132541739,-0.07643186938238843,752.5060139203255,764.1300626429504,549.4807396251379,537.955317262773,0.0,0.0,0.0
3.2239999999999998,-2.971555113638655,-17.992020279290838,2.0170030033071407,-0.8329838800491377,0.04878538869798617,149.58741099035726,-2.9746416949780947,-17.995924813987617,2.0000024428942704,159.97324489172166,0.003368391628611868,-0.011949258713554279,-0.023234874585654562,-0.11319558803322864,-0.021468745849985295,0.871096011296672,0.2154173929507236,0.05766449787465569,0.007099890247825331,-0.08,755.4710292115041,771.4186880917014,547.6819846506966,530.0416187891263,0.0,0.0,0.0
3.2760000000000002,-2.9715159722815456,-17.991600043087324,2.0158318646686486,-1.094828762507388,0.03543302302551278,152.01194482955714,-2.973904218905206,-17.995186848823742,2.00000313965557,159.9766098983682,0.0033348248426451886,-0.0034079670892346384,-0.02205127161999939,-0.06852943203055673,-0.015939766835378073,0.7753219761227563,0.2403864871046279,0.061172424517119274,0.005275969468803255,-0.08,755.7669916141595,772.1186565173988,549.2920417512483,529.816594557973,0.0,0.0,0.0
3.328,-2.971726060630203,-17.99161789889873,2.0147480699210605,-1.2002002064806108,0.04187101952998898,154.1576803345978,-2.973292376697602,-17.99444965457083,2.0000030702283746,159.97789364897352,0.003658767515553509,0.006704940975916211,-0.019841934490902637,-0.014027009179931918,-0.010187742763318611,0.6830175930878656,0.2525497191925946,0.05623633855925121,0.002154657583736849,-0.08,757.0141370124979,771.3782679264509,549.3200525943977,530.4891340340433,0.0,0.0,0.0
3.3800000000000003,-2.9721889829002888,-17.992118718889625,2.013784233791944,-1.156770184066688,0.05751492392100389,156.0324512594126,-2.972823576282529,-17.993782935855926,2.0000026701603293,159.97685579997741,0.00440631809610791,0.016964488934832784,-0.017172454609298185,0.031115346215320312,-0.006619079889990995,0.5930868382119787,0.2564161638164596,0.049202198750576194,-0.0009894604023390884,-0.08,758.3470200642577,770.2060622757075,548.7509467803388,531.2780677373996,0.0,0.0,0.0
3.432,-2.972883167438981,-17.993082848283585,2.0129543666982466,-1.0057356265664035,0.0698144081652611,157.643281759795,-2.972515938132063,-17.9932616349467,2.0000021719317744,159.97354378033495,0.005495849591381363,0.026205294840055966,-0.014424448952044932,0.06083948646388584,-0.006283106441654755,0.5054121945234036,0.25527859823944704,0.04295229936558439,-0.0031582677372696444,-0.08,759.3536022652049,769.1422347172744,548.001309659594,531.9479680898389,0.0,0.0,0.0
3.4840000000000004,-2.9737704325321492,-17.994443550678284,2.0122582060453307,-0.7576519150729631,0.15645450742484152,158.99582312675065,-3.008554548953422,-17.979778122125147,2.000001690210258,156.03222261484814,0.006782972808008961,0.03366291306383663,-0.011987717297063567,0.10944472249083755,0.0905542157232855,0.41993220030112477,0.252961634280906,0.08125645487153843,0.5357617681839074,-0.08,684.1118216024861,836.6584833158947,453.9804425960401,613.9906884843949,0.0,0.0,0.0
3.536,-2.974869519517231,-17.996060287225234,2.0116670298729042,-0.2488149550243495,1.4802750683572554,160.08679207733664,-3.0990656841983104,-17.946770652783883,2.0000012737435635,155.71100868617526,0.011980460910526118,0.03801442903236354,-0.010067970157838311,0.2076623688193499,0.7189147411775157,0.3364918230174596,0.2523934985854779,0.07352068169114007,0.3185272547031121,-0.08,714.4195063157325,811.0478624526312,495.55622154696005,581.1147073719698,0.0,0.0,0.0
3.5880000000000005,-2.9766736167141934,-17.997505135570954,2.011180635056809,0.5210940539189102,4.549912707266685,160.95541322024073,-3.2032282556616667,-17.909155589449917,2.0000009362494953,155.7031980974027,0.035415680838847975,0.03655449944252444,-0.006363308997711483,0.2533680557349463,1.1833725732423466,0.25605550595784515,0.23101964817347875,0.032528982729723224,0.005148312766010854,-0.08,760.0253486680435,769.2883448531372,545.3504209960902,535.8287152708042,0.0,0.0,0.0
3.64,-2.980347941111665,-17.99801985064753,2.0107472246235467,1.2906963214583516,8.228653037481399,161.64082831549288,-3.301067866547097,-17.874190989514197,2.000000674296906,155.69574482393358,0.08793553736747436,0.02788112392141285,0.0031647472824956066,0.2087421588111978,1.2259470467522724,0.17702880203737567,0.15091691707599594,0.01406749935612732,-0.17290533054529,-0.08,784.5209197709077,745.4882501266054,572.9750593197883,507.9387676452908,0.0,0.0,0.0
3.6919999999999997,-2.9873298183496346,-17.99678800376216,2.010237499782122,1.8988910888833792,11.506994448739025,162.12875709630072,-3.3846988644719165,-17.844704640490296,2.0000004772800226,155.6886139084573,0.16976553676455824,0.013199772286912114,0.021824970895929562,0.1628020175353103,0.9984502506877098,0.09957399865972116,-0.01620822497557381,0.03282073814447223,-0.22959188956808974,-0.08,788.7592383854262,740.3772725910936,584.8242319795906,493.31193502871884,0.0,0.0,0.0
3.744,-2.9988951726046404,-17.9931437908448,2.0094198282191464,2.33765789220046,13.903281587664662,162.38725655532554,-3.4526234002044784,-17.821123687495028,2.0000003326946088,155.6813708640317,0.2747168058229511,-0.005515990169751667,0.04731976696672027,0.08984443981971,0.6730714072046522,0.02457438327701944,-0.2404359861721324,-0.012480460475282912,-0.20989994280999386,-0.08,790.2397376906029,735.4369900812289,572.1228919094726,503.0886717097741,0.0,0.0,0.0
3.796,-3.0159250840950946,-17.98664728681393,2.007981912773859,2.40622546002926,15.34681098000387,162.38982992861807,-3.506633149615251,-17.802655289979146,2.0000002287007392,155.68197752070395,0.39488646644373615,-0.025505936112239235,0.07359035040965536,-0.019764011789005675,0.3632619575249483,-0.0489944409349975,-0.452400762577096,0.007778563159318575,-0.15431258332047643,-0.08,778.9013961580392,742.6931180823727,563.160897224484,506.16861031249954,0.0,0.0,0.0
3.8480000000000003,-3.0388926156985647,-17.977139310350797,2.0056091718079037,2.1357561898673945,15.9979159776696,162.13245687156987,-3.54970232356593,-17.788053766558438,2.0000001551767568,155.6858035049726,0.5230237651075471,-0.042937925470806174,0.09503345121748122,-0.09430013183633565,0.12625831121273176,-0.12069561417131562,-0.5871107925205609,0.02462315682886841,-0.09186872683526158,-0.08,767.4515633151303,750.7987101634417,552.9719667867906,511.8388562920819,0.0,0.0,0.0
3.9,-3.0679547079705647,-17.964688467096483,2.00207721436496,1.6442724320220186,16.102748219629408,161.64425004524554,-3.585300846329064,-17.7758976615506,2.000000103978881,155.69191264262952,0.6533502353172839,-0.05459731319607043,0.10967101603565396,-0.13185122946266542,-0.02393495102834676,-0.17826007828034607,-0.617963075261285,0.037073417469631886,-0.03876863189969394,-0.05958813987083796,733.8348607854604,733.4004573919657,578.4564814297116,553.259948822538,0.0,0.0,0.0
3.9520000000000004,-3.1030709650331882,-17.94949478039133,1.9973088971605342,1.0859847888164165,15.896939008812073,161.0405634055845,-3.6164143511604077,-17.764983354513504,2.0000000688181236,155.70069866509616,0.7816959791946994,-0.05930202760419231,0.11902157612042205,-0.12586005575113685,-0.09850623238174577,-0.20089177193964985,-0.5573113519163967,0.06341069175345877,-0.001070390136596884,-0.03900701202076542,700.1132898002775,716.6571839588579,609.4253091730045,589.1989557535068,0.0,0.0,0.0
4.004,-3.14410439083572,-17.93179943375286,1.9913836128845805,0.6458587742839762,15.566143608933467,160.39553137459814,-3.6458384143470575,-17.75420706661723,2.0000000449827042,155.71020086726858,0.905664020560225,-0.0573779683298581,0.12668518664993317,-0.059202629707904866,-0.1190127157410075,-0.2091312406854339,-0.44290474992975903,0.019405446139252533,0.021348492368959367,-0.022734774361522953,683.5178735358362,694.6362185878936,625.60342184119,626.1870279657637,0.0,0.0,0.0
4.056000000000001,-3.19087748208039,-17.911798093636456,1.9844953128335483,0.36124234777455083,15.231108086665136,159.74761649334928,-3.67551211564226,-17.742848168371623,2.0000000290254922,155.721480270918,1.0243718618044604,-0.05064001823726884,0.13587616895765348,-0.03200666564575697,-0.10806946459867199,-0.20724391400651282,-0.31237819775901676,0.012793236291230754,0.03186999433290034,-0.01000186626975396,668.1523335018148,680.6027926188281,643.9511117198853,649.4963996740854,0.0,0.0,0.0
4.1080000000000005,-3.2432055672872675,-17.889620430030376,1.976887667812203,0.11901561531919543,14.955162735324949,159.12231061248377,-3.7072339949400575,-17.73025709592144,2.0000000184735853,155.73352118782512,1.1379079155990832,-0.040785895337268493,0.1484692059119307,-0.02318709938222617,-0.08257131189991532,-0.19802797188791937,-0.19183894514088506,0.003813606025235619,0.03420189827443378,-0.00034336426541455587,658.1010283984226,668.872298191095,658.236700149182,666.8590842070537,0.0,0.0,0.0
4.16,-3.3009264265878957,-17.865367724456558,1.968802345705318,-0.09295253642673763,14.759093770260145,158.53721195836198,-3.7422739498212483,-17.716011387230587,2.000000011582606,155.74517580338508,1.246861548597488,-0.02871843987146535,0.16520104922282847,-0.019825342574062745,-0.054793124843529974,-0.18365772400482308,-0.09619259014323389,0.0010737224163625079,0.03214686786225604,0.006639707417206443,650.9434850125266,660.4678657443673,669.6300334723412,678.2973977041846,0.0,0.0,0.0
4.212,-3.3639062187683577,-17.839122840550036,1.9604469080019613,-0.2820801801091272,14.63674233170181,158.00349531608495,-3.7810711084397663,-17.700028531338283,2.0000000071403607,155.75725492921168,1.3519734037863271,-0.01517147139512151,0.18582677523992497,-0.01622536346076766,-0.03208115032755013,-0.1661156616582628,-0.029648027770508456,0.001752634830968722,-0.01879529036425264,0.011447804155130123,652.8065577001787,647.8801209085537,684.5917981473727,678.9258112473635,0.0,0.0,0.0
4.263999999999999,-3.432032674479826,-17.810955799902917,1.9519806048120705,-0.42986329786036137,14.468364995007764,157.52832315999834,-3.8240319455535676,-17.68222808267203,2.00000000431594,155.77073744388247,1.4540680625438753,-0.000725653625631309,0.20744874521558604,0.0010739960908789099,-0.09309038367372872,-0.14682474372584547,0.03111272414650479,0.04464611314788213,-0.13355552980690133,0.014465628197143404,660.0411291608366,634.2127819543173,710.8611130920904,662.0594485147545,0.0,0.0,0.0
4.316000000000001,-3.505154117514384,-17.78093456761834,1.9435405251998579,-0.38811036419354317,13.844711082245652,157.1188891866738,-3.8720829729314414,-17.662301966738912,2.0000000025470905,155.78348632009502,1.5530463144236555,0.014053126084148593,0.21901143252689986,0.0719968722401108,-0.30089846954196797,-0.1266304415208562,0.1900462502181961,-0.02839873899535097,-0.16412791246698855,0.015806978826787704,675.4593363700465,619.5631888966192,709.4748668541149,672.5494103174645,0.0,0.0,0.0
4.368,-3.582920551190584,-17.749138108711172,1.935367209644173,-0.2993844183957218,12.48302368831443,156.77303645905673,-3.924942226757694,-17.64042623705949,2.000000001458063,155.79770162726774,1.6449958817102164,0.027078252198117027,0.2117118595486816,0.03895314015397927,-0.5623173274516018,-0.10829527539660674,0.52572400253981,-0.017206194927818278,-0.13698477206980048,0.016551563672759523,674.7142531191867,630.2905071096342,713.6377479690658,681.3546160658701,0.0,0.0,0.0
4.42,-3.6647006762025054,-17.715751348775814,1.9279399270118598,-0.29337332983421777,10.382801300079347,156.48652748124042,-3.982512714892067,-17.616683958028,2.000000000800828,155.81144019661062,1.7228413378257623,0.03797600261069918,0.1860341647013218,0.0237469167292115,-0.7923835054579763,-0.09073249755209097,1.0180722214745308,0.059155965793546414,-0.07767788200416453,0.016356309253364565,664.3476429851854,659.0856264518126,723.4600058034277,686.9841073300772,0.0,0.0,0.0
4.4719999999999995,-3.7495804511203126,-17.681122408136048,1.9219898277077443,-0.09770476501654181,7.734153768487867,156.2543171871913,-4.044891433110321,-17.591058990644548,2.0000000004136993,155.82708592741344,1.7791322118616477,0.047304161780134836,0.1495191593731481,0.10172258562384288,-0.9399379267159258,-0.07355792955740278,1.5697944527566812,-0.04450951518006671,0.003238957630935513,0.015234228758864186,678.6217885007466,667.0910725386502,706.7429374961378,719.331772705687,0.0,0.0,0.0
4.524000000000001,-3.836365701612267,-17.64565997976663,1.918382830000047,0.10155636291235655,4.843128964177442,156.05859265075574,-4.111923056099566,-17.563620365196343,2.000000000192649,155.8421924408449,1.8087315281058352,0.05312213679213777,0.11378640258119951,0.062383365462408955,-0.9760048029357433,-0.059223703132291215,2.039281148322448,0.04044111632931348,0.07636486010638555,0.014378167716859644,665.9496148813879,698.1446586351935,715.0226402479332,724.4060305790455,0.0,0.0,0.0
4.5760000000000005,-3.923700507383617,-17.609832667819084,1.9179092327245717,0.3880200063148938,2.0378294410718922,155.8964897271822,-4.183375101173175,-17.53445447952664,2.000000000071672,155.85947024972364,1.810526431797928,0.055671214429481496,0.08957512501378022,0.12668594201736827,-0.9046102535015802,-0.044975334558720145,2.295919755345372,0.005073745085819231,0.1406946269088345,0.012912806731957582,668.4293587617817,708.2402517242355,704.2100066226908,739.5288330927297,0.0,0.0,0.0
4.628,-4.010212976293262,-17.57408326640049,1.9210707552359367,0.8143194959138144,-0.38300746007413183,155.7592105539016,-4.258563277942699,-17.50381650582875,2.000000000009525,155.87633519643896,1.7872839872260582,0.0539238222485726,0.08320152567357987,0.14509382725168862,-0.7399168145397782,-0.032998697766093335,2.261619351269209,-0.02337906203797914,0.1859084167218932,0.011749245491358012,666.7125654855755,711.0653542106869,691.8584252318223,746.5632181322603,0.0,0.0,0.0
4.68,-4.094683720109984,-17.53872764121477,1.9279231473396425,1.1824747276626326,-2.1847971188741973,155.64792016862611,-4.336962708760965,-17.471879567362464,1.9999999999808822,155.89592610108463,1.7444386012836268,0.04740063905890376,0.09559583687739315,0.10193572749033282,-0.5066402780067991,-0.02275880349717906,1.9252918388989846,-0.03190916616871692,0.21115780483520422,0.010735307290144967,658.617228714862,707.9344004973433,678.988355623552,743.2457627719654,0.0,0.0,0.0
4.731999999999999,-4.1762417576571025,-17.503971480740802,1.9380327981612018,1.3738450609676032,-3.215267439589794,155.5728657000121,-4.417438160006866,-17.439049906049494,1.9999999999705094,155.9157116611654,1.6886518049362564,0.03723454298783738,0.12248132071801651,0.03613445334387831,-0.23515222561352203,-0.013951642940198416,1.3425083845577006,-0.027980503664181214,0.20881029696151987,0.009502207904150305,647.3854886946492,697.9232908154128,665.8270676892676,729.626635196006,0.0,0.0,0.0
4.784000000000001,-4.254480235816302,-17.469926437473465,1.9505281023330923,1.3727583351985264,-3.4276980655889973,155.53944717187184,-4.49933425291802,-17.40550972137054,1.999999999969468,155.9394350210649,1.626802446215746,0.02517834823262009,0.15574276963856384,-0.024392416707737806,0.036898470498383906,-0.0066117393835686804,0.6204738272873189,-0.02027980381479303,0.18452677479142593,0.008028201663206967,635.5007503169971,682.3600892192063,652.3692347390279,708.935422829115,0.0,0.0,0.0
4.836,-4.329453604069976,-17.436611362195293,1.9642397276646573,1.215676545966941,-2.8807258615029094,155.54251720286516,-4.581342322890258,-17.371711519830708,1.9999999999726799,155.96354329178217,1.565445700459319,0.012919628966297147,0.1865199531302253,-0.06941077768405705,0.2763165387295664,-0.0009071908657579521,-0.11674542262821719,-0.007385920171119997,0.1141764160484853,0.006406452921103597,629.1032377198638,660.244126786148,645.3018182410857,679.7939558505808,0.0,0.0,0.0
4.888,-4.401579330716367,-17.403960284450637,1.9778980492954534,0.965579238376756,-1.7642439184347352,155.56908043076297,-4.66300777611932,-17.33774471567351,1.9999999999773872,155.9919087510038,1.5106052140210982,0.0018461381206158166,0.20712393550356872,-0.0903798487700639,0.4297022862609583,0.0034027211264415934,-0.7532933821867167,-0.0028020904325220114,0.07381873485323875,0.004893317910439277,621.4994338498811,642.6216658587142,634.899097861796,657.1947968428061,0.0,0.0,0.0
4.9399999999999995,-4.471484069031586,-17.371846399020875,1.9903302465668242,0.6786120160780819,-0.31933717679987583,155.6055394524443,-4.743213973028002,-17.30402006284405,1.9999999999821905,156.01987262745726,1.46691732203205,-0.007145854247425133,0.2133509607039507,-0.09902372868096851,0.5149574146606855,0.006398211726182111,-1.2104919256710664,0.0004160282831858278,0.036118261306541055,0.0036423986809417004,617.6099555408161,628.6321127428345,628.4220378027128,639.0130627500394,0.0,0.0,0.0
4.992000000000001,-4.539866722893577,-17.3401132930459,2.0006171782712614,0.26358701139581825,1.2833887226892686,155.64152602349967,-4.821998131724526,-17.27047031560323,1.9999999999864582,156.05170940943563,1.437199805622595,-0.013792954475225525,0.20669763228439403,-0.19433393371054358,0.5470443916882055,0.0076239576445432415,-1.4735660952612823,-0.049182458665602294,0.0022799358578067808,0.0031145100659954695,624.8730402771539,610.5995085642879,619.1611120011388,634.5939441803766,0.0,0.0,0.0
5.0440000000000005,-4.607449797250465,-17.308644572107653,2.0081690476548766,-0.4210256695543627,2.888642240411176,155.66519302932406,-4.898681642849736,-17.237394944423826,1.9999999999899754,156.11581862944283,1.4227559380995198,-0.016436492408481156,0.19078640557383686,-0.20750027999929777,0.5254221893314953,0.009793157131015586,-1.5590495436011722,0.07341801401838455,-0.03408604595133066,0.0031516464536148845,609.9883365449554,621.9919023401602,641.2576756814734,608.9266748341167,0.0,0.0,0.0
5.096,-4.674950076616589,-17.277402769949322,2.012724468743182,-0.7842613582106671,4.33747989753036,155.68438190619665,-4.973700048091533,-17.204627238253266,1.9999999999927374,156.14658068649197,1.4233159075030204,-0.012961402981360032,0.16918556589413716,-0.06638809820706003,0.4538952661940291,0.012841492626151968,-1.493410279789162,0.0357997154821956,-0.057911400377841024,0.0022897439777696794,622.7188620726988,616.0074358526499,640.0075411226587,611.8626116076939,0.0,0.0,0.0
5.148,-4.74297004121438,-17.24627993180597,2.0143146746470353,-0.813897470361983,5.5066889871992695,155.7098377543715,-5.046819083494519,-17.172351729122283,1.999999999994833,156.1790708542706,1.4369736275490523,-0.006741841636819829,0.14478183661257205,0.016772112476661032,0.3466024347403503,0.014657661328437741,-1.3057762448358483,0.009631689608707947,-0.07211886178497146,0.0017774578003044252,634.4317680488299,615.6375124164621,642.357378918258,617.9693967505796,0.0,0.0,0.0
5.199999999999999,-4.811960892573268,-17.215092193237272,2.01321001178925,-0.7081196135014822,6.314102965080676,155.74494706393062,-5.118748329220602,-17.14035866889865,1.999999999996382,156.20832055199352,1.4606112668513866,-0.0007256016693543439,0.11969149794346783,0.04085372282179497,0.21766329081171715,0.015520741718466416,-1.0253695889247276,0.00105888476783381,-0.07514258641162874,0.0013452194147112544,643.6539561785304,621.6399234457864,647.7702943116182,625.2646541457605,0.0,0.0,0.0
5.252000000000001,-4.882228932113304,-17.183658054107756,2.009864091688855,-0.5781912105543017,6.723109812779556,155.78767722484926,-5.189516521131571,-17.108756106142792,1.9999999999975027,156.23948852417206,1.4903972192835917,0.004071608477254083,0.0955123342598666,0.041296721582000775,0.08274346826063539,0.01580441601001659,-0.6822030641247907,0.0002227321145857747,-0.06842991795032236,0.0010046606493889641,651.331258533707,631.3379904431704,654.2086537150698,634.1740497695333,0.0,0.0,0.0
5.304,-4.953936943235413,-17.151847622461922,2.0048607952773065,-0.4569177689371764,6.741538238934814,155.83510729423185,-5.259906790459317,-17.077303928969393,1.999999999998299,156.26809534648763,1.5223240066588344,0.007566625066462386,0.0735268672071815,0.03711311099477983,-0.043839279192611956,0.01575228611386316,-0.30738732862995566,0.0007343321602283782,-0.05298705822938114,0.0006371659928951167,657.9898511668205,642.8876274641674,659.9667223607157,644.4825357960142,0.0,0.0,0.0
5.356,-5.027102663663204,-17.119598698454,1.9988573327669379,-0.34953079896323186,6.417356265752426,155.88427341750153,-5.330016281157209,-17.046041427374917,1.9999999999988558,156.2991641571068,1.55269641812413,0.009913694354712121,0.05495396043741918,0.03034569787072238,-0.14952682418467625,0.015481119962962342,0.06621660564197274,-0.09266406899589694,-0.028944955531128053,0.000362762409569489,676.1680467350919,641.4672927161461,650.9141871124652,669.0639653442191,0.0,0.0,0.0
5.4079999999999995,-5.101608680969916,-17.086922474011207,1.9925226349314435,-0.47842689237796265,5.833353170804656,155.9316546212506,-5.400830057823316,-17.014594079954055,1.9999999999992397,156.32812418109714,1.5785381795218059,0.011638841193923555,0.04098458279872701,-0.10230580584626522,-0.22311748419586555,0.013858685509012258,0.40561203410247815,0.061610979656566485,-0.009270565887758764,0.0005669032097232398,658.5119937188636,673.2883168881267,677.4032794713804,657.4381634645156,0.0,0.0,0.0
5.460000000000001,-5.177259111892844,-17.05396926564162,1.986481739212857,-0.7071060099724238,5.085044149675829,155.9820660086895,-5.472192056442867,-16.98305967060133,1.9999999999995013,156.35966640885485,1.5978769267693989,0.015273746207028066,0.03258069599952566,-0.04223339951136841,-0.266013019434286,0.014504230665790818,0.6814140243553375,-0.040933868704508436,0.017492000396619023,-5.2212078238738236e-05,675.705699111682,669.1520344094962,664.0759541553294,680.4145891463241,0.0,0.0,0.0
5.5120000000000005,-5.253793462368068,-17.0209696539555,1.9812561221946068,-0.8707274285111376,4.272596576512956,156.03437866199306,-5.544106050749291,-16.9514542172403,1.9999999999996767,156.3883585022114,1.6097394177588176,0.02040759314166312,0.03016210177302735,-0.07560856129047329,-0.2732158294586185,0.013351431620195049,0.8728272364869846,0.07988473690230033,0.033296247814426944,-0.00012234788813553308,660.4013276627816,691.8699680736062,682.4353080878732,669.478501891451,0.0,0.0,0.0
5.564,-5.330899392397087,-16.988147687821844,1.977231518710728,-0.9235825822625313,3.4858131408668793,156.08791308248323,-5.616663610274235,-16.91976012977078,1.9999999999997933,156.41844557171726,1.6141297322709753,0.026968660275750966,0.03369671271827829,0.03588800072643264,-0.255202894173893,0.013948839310609997,0.9677952786191935,0.047646703047393976,0.04893696472880714,-0.0008171676438394303,665.4953197483993,692.2411782274291,676.6173197946981,676.9757115670718,0.0,0.0,0.0
5.616,-5.408240806741246,-16.955668408206744,1.9746300875511333,-0.6165346426831074,2.7925745878781303,156.13861956090636,-5.690148793471766,-16.887885841350048,1.9999999999998697,156.44484914860905,1.6117480815118614,0.03276380130049435,0.04200368875204641,0.1345030147745315,-0.2150755922429836,0.01353374708889386,0.9707259033656783,0.0039580227381249555,0.05981974182233184,-0.0011656473489428426,670.3999714461008,688.0519488195724,668.328459628717,683.8610919448248,0.0,0.0,0.0
5.667999999999999,-5.485455744091424,-16.923535379827445,1.9735066239375145,-0.19475940953155016,2.24934063674257,156.18034099598563,-5.764438824420436,-16.855921201058944,1.999999999999919,156.47210395785655,1.6037985688819205,0.03534681911423383,0.053856774245902475,0.12175518400647986,-0.15835289242316022,0.011939619353294906,0.891809147770403,-0.09813978217829031,0.06809474740493406,-0.0008910121285039198,681.2097446685981,672.8672160836305,651.0687196142551,697.4179907639395,0.0,0.0,0.0
5.720000000000001,-5.562231849969052,-16.891679855637197,1.973762768010147,-0.13459960160908443,1.8966146926482041,156.2120097103719,-5.8395034744041725,-16.82390536528798,1.9999999999999507,156.4967355567031,1.5918469776316184,0.035035028275990865,0.06818471588824435,-0.034896436831484114,-0.09112478998361763,0.009813651405444377,0.7446081561240165,0.05391916014504795,0.06315563589021725,-0.00027407740424676384,656.3927062703538,689.1077791575149,670.911405465262,673.4945232900209,0.0,0.0,0.0
5.772,-5.638401477809367,-16.860125233066974,1.975175462322098,-0.15462902640958018,1.7387967087134728,156.2424080792388,-5.915142530003154,-16.7919220427313,1.9999999999999707,156.52347549791813,1.5776564356620526,0.03493458768605724,0.0829724181674012,0.027180796513940897,-0.027950760475546982,0.010346382721122257,0.5559251558766943,0.03231001200541807,0.058707033064160356,-0.0005426980373379846,656.2631811973384,681.8373963630022,663.9618975507136,671.3942475118971,0.0,0.0,0.0
5.824,-5.713904075122962,-16.828897798487816,1.9774347664390248,0.05569043022536242,1.7580719656132429,156.27322638141484,-5.991307758082836,-16.75996732563745,1.9999999999999831,156.55018036795659,1.5628888670009604,0.034508346029667944,0.09617473189969498,0.09047339748054531,0.02869134994533034,0.010317804295956037,0.35564538192979855,-0.0006038877021409539,0.051620232784406,-0.0006191488285440627,657.6353129528048,672.0606290806821,655.7390380513261,670.5438639645172,0.0,0.0,0.0
5.8759999999999994,-5.788720338484301,-16.797905892890178,1.9801932882421596,0.33541056010582976,1.9295635108317646,156.3034447440557,-6.067987382354121,-16.72801313885423,1.9999999999999905,156.57493299363554,1.5490046121382588,0.03207619910094574,0.10678976540000243,0.0885036698844113,0.07565015087468988,0.009685204012656838,0.16464453622160446,-0.013820193370086838,0.042781818100158145,-0.0005061420010681462,656.417981279756,664.6605509704071,651.0284685092199,667.1727417788638,0.0,0.0,0.0
5.928000000000001,-5.862882326406576,-16.767001782009004,1.9831059693598565,0.5414343867669531,2.219052752532143,156.3330635818574,-6.1442000929557254,-16.696420459311806,1.999999999999995,156.60031581988386,1.5372230274787044,0.027398900461461106,0.11427990263707943,0.05349941545801884,0.10993488781204772,0.008921855018223042,-0.0008074464308007734,-0.013829430504625921,0.031750510342906185,-0.0003212685099223773,654.1188028429997,659.2491423177859,649.228227441324,662.2949338687251,0.0,0.0,0.0
5.98,-5.936482360161269,-16.73604911705344,1.9858634121771612,0.6331660711788765,2.5836218597654748,156.3624106414739,-6.220114827743797,-16.665068285559684,1.9999999999999978,156.62916838921333,1.528448034252484,0.021236927118466357,0.11845891657609628,0.015475441617309172,0.12871572841626905,0.008410013579472861,-0.1290054592235459,-0.009630445225526672,0.02075028928516634,-0.00015091623353143038,652.079328376179,655.277287946528,648.8719829781196,657.61500399404,0.0,0.0,0.0
6.032,-6.009661139505335,-16.704948270263657,1.988217027538488,0.6256036434601312,2.97603110128351,156.39109549565342,-6.295496514081462,-16.633992047399282,1.9999999999999991,156.65749756490945,1.5231948227456948,0.01458070881743342,0.11938743174535052,-0.014184261655058478,0.13182806761107144,0.00807558212989819,-0.21259048468003128,-0.005395895823195993,0.010757929972707858,-4.134255633151144e-05,650.9862762621343,652.5328851342139,649.3098083235034,653.9700244812451,0.0,0.0,0.0
6.084,-6.08258526115025,-16.67363749963473,1.9899929583126788,0.5472544918105479,3.3517265849029085,156.41891358263751,-6.3706118732528685,-16.603012549324117,1.9999999999999991,156.690283804387,1.5215612742087103,0.008247723951373336,0.11738063286758235,-0.034144074215695396,0.12060745891738789,0.008035229027065435,-0.24907332604426569,-0.0018941433098543098,0.00335693090992778,7.051489750204603e-05,650.684956180236,651.1074378603729,650.3357077070607,651.851860439788,0.0,0.0,0.0
6.136000000000001,-6.155424778875876,-16.642087974610153,1.9910985399660022,0.3557362258665594,3.675449585866593,156.4449097782854,-6.445133302046539,-16.57220611541654,1.9999999999999991,156.7225290388885,1.5232499517619276,0.0027689372035461426,0.11306551741251807,-0.11265330447737824,0.10010977980145981,0.007381319845719105,-0.24160599762991397,-0.06429230601867376,0.0010184542281136688,0.00042866489114636855,659.7430637202598,641.460061313416,642.3824328023987,661.2192775663526,0.0,0.0,0.0
6.188000000000001,-6.2283521595976685,-16.6103357763337,1.9915202180649225,-0.1471963251965651,3.926547144240454,156.46740700767876,-6.519484235830745,-16.541343489342182,1.9999999999999991,156.75948689365478,1.527677842303906,-0.00024648899402217035,0.10734322230723033,-0.16392472026293986,0.07196883404982397,0.007815959986406735,-0.19855027666254,0.06640218370097094,-0.005156027758370846,0.0005627312660437299,642.6398628436689,660.3131937059906,663.331976181629,642.732161485475,0.0,0.0,0.0
6.24,-6.301550969077838,-16.578524592954082,1.9913141232217182,-0.4248345732723012,4.079982341799387,156.4933053674557,-6.59327971180502,-16.510561166098764,1.9999999999999991,156.7950590843567,1.5340712893678947,0.001033958946067596,0.10078345342652537,-0.04519907943321864,0.037292094475011084,0.009577789485745494,-0.1272466997455053,0.03259489051511547,-0.004349861232258721,0.00012331300199430132,649.7490189871435,657.8703837045131,659.4541078852944,648.8367418526443,0.0,0.0,0.0
6.292,-6.3751353387303995,-16.546744452717665,1.9905912421227507,-0.5288179048497365,4.133311759058784,156.52223152290819,-6.667115157712797,-16.479609019683934,1.9999999999999991,156.8341091915961,1.5414702424880415,0.004043701075274563,0.09409123907411263,-0.06759480785166033,0.005710214070920474,0.009457568439725277,-0.03811797396755101,-0.04741380889391181,0.0017873153360221036,0.00036802342754715294,662.013743104945,648.9278888329678,649.4465447065397,663.5356858220724,0.0,0.0,0.0
6.343999999999999,-6.449153327365679,-16.515043077728556,1.9894988545181447,-0.8101781955274046,4.100824238360974,156.55140639998484,-6.740603517072896,-16.448688343722534,1.9999999999999991,156.90852038873626,1.548971352354307,0.008429044844494606,0.08816190874914819,-0.0729542868629144,-0.022489472707241272,0.010102277718151904,0.05538271538908357,0.06534859104116558,0.00219174433491568,0.0010486269984391725,646.9099921217461,666.2481246206016,668.5028394896713,650.4999142774644,0.0,0.0,0.0
6.396000000000001,-6.523634058485045,-16.48352227507194,1.9882022401717832,-0.8018577791382995,3.9886994919469045,156.58651141969102,-6.814335923912613,-16.41760746299777,1.9999999999999991,156.94588750784985,1.5558073193043196,0.014716178278186004,0.08324049978657387,0.04912326372199446,-0.04718343608266844,0.011581260246673884,0.14559133056748053,-0.02846498804570501,0.01218030899968032,0.0005597151614457007,661.6105924759229,656.967131391605,655.0361917406873,666.599098308507,0.0,0.0,0.0
6.448,-6.598531986762536,-16.4522018327976,1.9868646249657231,-0.6792684752862768,3.821662034427324,156.6227478408465,-6.888397011016017,-16.386402847661927,1.9999999999999991,156.97927258118162,1.5613169593488176,0.020141780303870104,0.07958059160728168,-0.0029194776349258855,-0.060414842713020354,0.010786378850044364,0.2248170712880252,0.04490299471518679,0.014588503484928633,0.0007831807416817673,652.149010374902,669.0785682686475,667.1163542663661,658.5184077156997,0.0,0.0,0.0
6.5,-6.673760073237891,-16.42106967671166,1.9856314199997447,-0.7327154019054554,3.6309825960100715,156.658021652273,-6.962739119444655,-16.355166181773672,1.9999999999999991,157.01180924629418,1.5651257633961302,0.025043315140252487,0.0777544872432983,0.0064884486934612615,-0.06611805632412553,0.011305898959476788,0.28280682093823417,0.049474482186914394,0.02028406398141159,0.0005374013852590944,652.2476792972717,672.0528778337455,667.8272398154867,659.5590329054643,0.0,0.0,0.0
6.552,-6.749239305262831,-16.390162658633336,1.9846189063806707,-0.5354580351457465,3.4338775800783687,156.69596260263586,-7.036854793327518,-16.32416662475743,1.9999999999999991,157.04598953348847,1.5671139072993017,0.029810975771091743,0.07742600746472647,0.09876201070043973,-0.06540758469462665,0.012082592290026607,0.3191329458287312,-0.08476572115546482,0.02825302492873264,0.00017832908766687514,671.3981945902007,655.3836404421069,647.7321872648395,679.7426914472414,0.0,0.0,0.0
6.604000000000001,-6.824853486515749,-16.3594393925144,1.9839038752583416,-0.3760012656706757,3.255655483222827,156.73128935021896,-7.111302834020336,-16.293223408375475,1.9999999999999991,157.07682483332565,1.5673265807401442,0.03242876708685347,0.07852023065547785,-0.004888066335930153,-0.05495184978423005,0.010586072359863356,0.33206375047012016,0.048282769184227955,0.026719947909699584,0.0006204947181359445,652.3285051900114,673.596491868314,667.7981522333259,661.7001703374599,0.0,0.0,0.0
6.656000000000001,-6.900499865933345,-16.32886837867191,1.9835213413592674,-0.4146664257877871,3.113593528814688,156.76481708520515,-7.18581598972054,-16.262472573698457,1.9999999999999991,157.10994670377136,1.5660392974575492,0.03442811154513868,0.08098626925882865,0.014275895570219577,-0.04314664109701568,0.011322930253710098,0.3209631890460143,0.04603893505794897,0.028010006992804395,0.00034409202597182435,652.5589191911962,673.5534833096177,666.6340280575512,661.5303128640605,0.0,0.0,0.0
6.708,-6.9761170465437985,-16.29847319238811,1.9834663543766278,-0.20325812058211498,3.0067642521499534,156.80069217252273,-7.260727495826454,-16.2317896866779,1.9999999999999991,157.14024351419687,1.5636140134270746,0.03620778306607354,0.08384360792812628,0.10087690215120185,-0.030718360925216858,0.011947900693093611,0.29557999610081054,0.006522621694304294,0.029343067819138733,2.9243914562077956e-06,657.9049183868694,668.0746779267599,659.774179676011,666.2447527575338,0.0,0.0,0.0
6.76,-7.051623346059017,-16.268186995000733,1.9837026180556128,0.14255103370804428,2.940017296867989,156.83610187851085,-7.335733893519955,-16.201291220975968,1.9999999999999991,157.17304235406894,1.5603965503483828,0.03568681628334534,0.0867512043621729,0.11595479708063956,-0.016655550118693973,0.011708535013261087,0.2603988608994632,-0.013809109371114566,0.029302909059761788,3.2010191500616864e-05,659.9676030355267,664.3663478231368,656.1114745852315,668.3499517821945,0.0,0.0,0.0
6.812000000000001,-7.126930820543029,-16.237880076392106,1.9841729028382087,0.43813044299593457,2.9155426684550982,156.86995408029597,-7.411030438205152,-16.170884479746025,1.9999999999999991,157.20408934496749,1.5567632418023005,0.03220141400391917,0.08962517800913879,0.08334002518444525,-0.0024278049315580356,0.01118277707518885,0.21805551284455083,-0.01699377710699052,0.028433885382769458,0.00016010996360473406,659.4293534529809,662.6826991373116,655.0137590514939,667.9244407693942,0.0,0.0,0.0
6.864000000000001,-7.201978424021763,-16.207435132651245,1.9848056285578026,0.6100123834334754,2.9315115903315765,156.90263121172427,-7.486353342875964,-16.140639425951885,1.9999999999999991,157.23948975156705,1.5530935219881363,0.026454687047421842,0.09226340584878476,0.03957778142347875,0.010513355138415,0.01084837745177981,0.17280595394631515,-0.013198922849732444,0.02655896925843297,0.0003315313690242421,657.92545914089,661.7318653693778,655.0689588996462,666.3809998921499,0.0,0.0,0.0
6.916,-7.276744783165584,-16.176780387773306,1.9855216437650025,0.6613805712014357,2.9816171442705324,156.93491961535176,-7.561793537633236,-16.11046646228372,1.9999999999999991,157.27443867356178,1.5497323403425525,0.019572015573568337,0.09441712039717215,0.002540789739618851,0.020934471882568337,0.01064481025493758,0.1296089861369789,-0.008529407805591386,0.024305554473084703,0.0004547792994190878,656.4642973709649,660.9666697214346,655.2869829707814,664.6400690863688,0.0,0.0,0.0
6.968,-7.35124496135098,-16.145889959547624,1.9862433469035372,0.6209065592758608,3.0572216521889084,156.96744027490277,-7.6371664645756345,-16.080369800329137,1.9999999999999991,157.3151349912342,1.5469565540205645,0.012560161319935276,0.09589593474753391,-0.024088839268658797,0.028080881291084964,0.010784595544718285,0.09280596150942821,-0.004491019514077196,0.021737398315436172,0.0005663789405369476,655.2968233882673,660.2259264520508,655.5882334008818,663.0666437088809,0.0,0.0,0.0
7.020000000000001,-7.425521114748393,-16.114772776005765,1.9869019973613877,0.5182701637057281,3.1476748588438106,157.00062211083826,-7.712483688433852,-16.050274920894402,1.9999999999999991,157.3553795492905,1.544955533680972,0.006150022032965224,0.0966084359799641,-0.041348419706992996,0.03162993081476143,0.011031975794551193,0.06548927620910205,-0.0012696476785350151,0.019287405391351355,0.0006167779307053659,654.5273652033085,659.6820783243546,655.8837591275828,661.7496583503745,0.0,0.0,0.0
7.072000000000001,-7.49963229345005,-16.08346112021066,1.9874437728357304,0.35304110265545346,3.243154411191132,157.03445631497507,-7.787675944239407,-16.020146087145047,1.9999999999999991,157.4017643258601,1.5438204475162556,0.0007978069113300758,0.09657451814099167,-0.08389361476737932,0.03245835153628277,0.011098644895331291,0.04918745288334181,-0.08294682154837814,0.02042570952856747,0.000842986966486263,665.3468907752108,647.4408101447734,643.8801513444528,673.3854583299265,0.0,0.0,0.0
7.1240000000000006,-7.573655368876574,-16.05202354999281,1.9878323130538174,-0.1803243669546423,3.3418284945484267,157.06586145590168,-7.8626928321689125,-15.9899582885036,1.9999999999999991,157.4468960775707,1.5435653037043606,-0.0024976892865891586,0.09609068755028384,-0.23735342117267866,0.03319670333087454,0.010426574710496763,0.04216326464137721,-0.00629742346322909,0.016832405133264255,0.0013583571190553794,654.0959625030026,657.1168110640009,656.0789951129261,662.6734284875675,0.0,0.0,0.0
7.176,-7.6477248448709005,-16.02066319308984,1.9880507265861933,-0.9738177277863368,3.4357818226096764,157.09750876338725,-7.937599981472282,-15.959659487160616,1.9999999999999991,157.4975286596817,1.5441876125169525,-0.00033443796934731827,0.09535860490642396,-0.2676393394126816,0.029552298299278745,0.011597934780169409,0.04298852799091457,0.039913417102617824,0.014183241155256442,0.001318596496384366,647.959452559341,663.4688253568459,663.0827337518025,655.747359970859,0.0,0.0,0.0
7.228,-7.7220145500048405,-15.989683950147864,1.9880950535481248,-1.6116027105690933,3.510987003413037,157.13372737536076,-8.012287591664837,-15.929303606864837,1.9999999999999991,157.5441977735947,1.5456060129694444,0.0086450930811117,0.09447412027860262,-0.14652368856605108,0.02083015488871257,0.013935617569029704,0.05085947036564775,0.12839954484853228,0.009490477317938183,0.0006871132698902027,636.8886028390959,676.3663300520058,675.5849931574227,641.6442015784594,0.0,0.0,0.0
7.280000000000001,-7.796658220498601,-15.959318233105813,1.9879749080438363,-1.5825063317299963,3.5501988958380433,157.17926737105202,-8.08697291314427,-15.898861191833587,1.9999999999999991,157.59232693875512,1.5476097861486025,0.021832947937817298,0.09313857523689936,0.10370273723573256,0.007117471254077741,0.016598270279994425,0.06840448793124243,0.044299697524779,0.011308829465064112,-0.0002210859183649238,650.6011306305977,666.4755797115631,662.6684914908817,653.2423136091867,0.0,0.0,0.0
7.332000000000001,-7.871666146250995,-15.929547360771458,1.9877198133661378,-1.041449832640272,3.550620563598077,157.22959999260684,-8.161487422961372,-15.868503587715507,1.9999999999999991,157.6331037348645,1.5498371720487814,0.033157598734491624,0.09107921989195986,0.21101177280726904,-0.004855632257759773,0.016905460390759137,0.09736131960166194,-0.008108062935883259,0.013464301571607407,-0.0005303081173433375,658.8240663751677,660.3506687508752,655.0282206639505,661.1904526399742,0.0,0.0,0.0
7.384,-7.946944373560284,-15.900148602109194,1.9873752790421397,-0.41452907781631976,3.5202887166860193,157.2790861084745,-8.236192212466861,-15.838218452622684,1.9999999999999991,157.67368035099372,1.5519454836391178,0.03914126473542381,0.08881318333329671,0.1980501079510061,-0.013735065573688587,0.01610103179753173,0.13121530571992146,-0.0226026597465702,0.015963719896845308,-0.0004274594856870182,661.0851287731606,659.1945222792074,653.4314305713212,664.4343022408897,0.0,0.0,0.0
7.436,-8.02236938038221,-15.870862660952563,1.9869971068244903,0.0851031357427307,3.468978435875489,157.32529743714628,-8.310804889508677,-15.808216094110625,1.9999999999999991,157.7093655400895,1.553674097976444,0.03973417952514528,0.08700300049993351,0.14370823804162114,-0.019216612724357138,0.015043266382187254,0.16169562744824872,-0.02096288865629091,0.017947612312447105,-0.00026604383058562945,660.995922079414,660.1378007769135,654.2639537129219,665.3502930574257,0.0,0.0,0.0
7.488000000000001,-8.097831012889607,-15.841485701566683,1.98663982901787,0.4162982494715208,3.4065359440766327,157.36857612589782,-8.385767773247798,-15.778377990156581,1.9999999999999991,157.74806231689575,1.554863085903599,0.036309360016867964,0.0859651540110811,0.0887617824948077,-0.021639890404836368,0.014297942197901103,0.1839600187429662,-0.016032611571904967,0.020069558340200473,-9.614568985561031e-05,660.2378881419124,661.3863415261704,655.3888852727742,665.6638770620074,0.0,0.0,0.0
7.540000000000001,-8.173244997548975,-15.8118886096143,1.9863472872658383,0.6009908569882273,3.341969095872725,157.40978357667402,-8.460627972271096,-15.74886725188753,1.9999999999999991,157.7852791742635,1.5554472531120849,0.030387547041119,0.08569385809481304,0.0438902704933282,-0.021141776027284544,0.013778379915976285,0.19666288477412897,-0.011805433712661227,0.021283500476151518,4.93666985194657e-06,659.5923369582508,662.2881880539962,656.2327746917808,665.6443007445064,0.0,0.0,0.0
7.5920000000000005,-8.248553730606641,-15.782008597731162,1.9861470422541185,0.5546871604203736,3.285837240016377,157.44876474586903,-8.53589412759049,-15.71943406847861,1.9999999999999991,157.8283514590301,1.5554453740492076,0.02324352075816272,0.08611339943633399,-0.08657312792747907,-0.016071213745799,0.012526596008436669,0.1996618725344108,-0.06693950449879622,0.025275577879820398,0.0005325415590852543,666.1617101315853,654.2984725262614,648.4983819752521,674.7010191982556,0.0,0.0,0.0
7.644,-8.32374841121128,-15.751889668651065,1.9860491720842823,0.12269954632577178,3.2488575891847224,157.48599930114807,-8.611028579459084,-15.69020477141809,1.9999999999999991,157.9210906365134,1.5549835643967223,0.01774181390552666,0.08718737219657723,-0.13632107742466068,-0.010640412129002762,0.013001598710431666,0.19298675698562362,0.012993601214533794,0.024618491126064367,0.0014809600596130323,653.3785310846312,664.1122017444501,661.2132277440171,664.5101164460042,0.0,0.0,0.0
7.696,-8.398882076600607,-15.72170478815463,1.986047322775664,-0.21715923430652437,3.2254474921403973,157.52666259666546,-8.686477089367422,-15.660921723355147,1.9999999999999991,157.96902425262593,1.5542331011183568,0.01584919280760036,0.08832441911864317,-0.1305004937256555,-0.005272713596170573,0.013454109747032159,0.18262988040729866,0.02707573739911187,0.020499035795353067,0.001461131642668772,651.732711563071,665.3140902774905,663.5338063915331,661.6678800364167,0.0,0.0,0.0
7.748000000000001,-8.474010130658348,-15.691615145200247,1.9861258340418442,-0.5605892577441871,3.218400030266478,157.56917374168574,-8.76174273115482,-15.631718107398289,1.9999999999999991,158.02181626444036,1.5533383364975342,0.01716414441084712,0.08955599443285367,-0.06974333174787573,-0.001428863925509668,0.01484811438827438,0.16877848334765644,0.06690410954157691,0.019859105400617576,0.001164162753619372,646.1735446318975,670.9409464072456,668.5439248127038,655.1815414236728,0.0,0.0,0.0
7.800000000000001,-8.549182743862339,-15.661751716709345,1.986263066037047,-0.5113844845792945,3.216691142168159,157.61701361077724,-8.837239364704065,-15.602408581938636,1.9999999999999991,158.07027916714588,1.5524272487527777,0.020646555818141055,0.09043967854498201,0.0637195599034988,-0.00022574024989939853,0.01627679489625938,0.15645519778209516,0.016266610561992106,0.020546378170693356,0.0006587462397842814,653.8265121195367,664.3268548768639,660.3130357774002,661.5303663269759,0.0,0.0,0.0
7.852,-8.624392692414485,-15.63209921627538,1.9864373537502986,-0.2255646401880979,3.219305566323901,157.6665722550425,-8.912547839637663,-15.57316961855999,1.9999999999999991,158.1223382818808,1.5515361602654179,0.022946968163852364,0.0909100215987216,0.10408956903144587,0.0015113672543969451,0.01649317480987792,0.14699070404284909,-0.009654252266867013,0.020550129789582452,0.0006261530513659093,657.3665643299192,660.4751818697193,656.3459736653431,664.9408806697205,0.0,0.0,0.0
7.904,-8.699593513774818,-15.60254126055585,1.986629822998482,0.05796469849516895,3.2271962259000926,157.71578981910724,-8.988047947299512,-15.543888466359595,1.9999999999999991,158.1707924980041,1.5507022328157065,0.022596090582807364,0.09117011798889242,0.08299212673220666,0.00343203651512778,0.016207082076306424,0.13899619450386114,-0.014369652387251842,0.020614724897308576,0.0007078708894438014,657.739917207395,659.5224336601527,655.5965733089307,665.5527041993014,0.0,0.0,0.0
7.956000000000001,-8.774740302127839,-15.572958087378026,1.9868249608585764,0.24140685634391357,3.2407115192027165,157.76410482411143,-9.063390843674405,-15.514728137955437,1.9999999999999991,158.22483023012472,1.5499685255556488,0.019945641908130734,0.09135646214035827,0.043485211184825144,0.005376354977410085,0.01604904780141323,0.13162901832503615,-0.11289376942488862,0.023921995489704844,0.0008749746139411719,670.8278142938602,645.4131016315766,640.9075701595533,679.8550808092122,0.0,0.0,0.0
8.008000000000001,-8.84981084134434,-15.54327768623363,1.9870078994380902,0.07669569382538229,3.264899776007706,157.80959374354177,-9.13888662364706,-15.485579969084565,1.9999999999999991,158.27695593081046,1.54938625580724,0.016156650911557498,0.09164829164443256,-0.13301761558974334,0.01028003957808182,0.014639214377572384,0.12360787093646919,0.061063089137503204,0.018055319195639172,0.0015100910902184866,645.7720242992636,668.4075799631125,667.4584235990529,655.2332042411049,0.0,0.0,0.0
8.06,-8.924843181798396,-15.513563741956808,1.9871636635277483,-0.2949048054242452,3.296625472964952,157.85575960385125,-9.214246925526105,-15.456543192755658,1.9999999999999991,158.33586938106353,1.5490575967225282,0.014794903137492146,0.09195181191680643,-0.08590086387781508,0.010037344128320807,0.016359189386130478,0.11633105939041011,0.05743738913356179,0.0171982601012348,0.0011456657156381396,646.7892685831165,668.1303030182173,666.4233936396946,654.9739739327524,0.0,0.0,0.0
8.112,-8.999907910779262,-15.483952269620994,1.9872806135056746,-0.33528806095199715,3.321961061188734,157.90718666403743,-9.289702763067545,-15.427511444290419,1.9999999999999991,158.39140163297907,1.549012093266224,0.01600611426551181,0.09186794919050875,0.02122704439620177,0.007445486007662733,0.017741731927622736,0.11408250583315072,-0.08552822314173866,0.02135811812164429,0.0007268744434951835,667.1904476890928,648.8576250150019,644.703973419825,675.1523330597694,0.0,0.0,0.0
8.164,-9.07502871213643,-15.454470791648648,1.9873511213510056,-0.4377269709999749,3.3460183221220667,157.95824432569543,-9.365052006626621,-15.398558231662834,1.9999999999999991,158.45213326157918,1.5491834239380282,0.01722863433381796,0.09163078607575552,-0.08189237667371294,0.008273939776851645,0.01704774820743144,0.114814275623359,0.06373229960635826,0.01598639654931769,0.0011659523732635247,646.0092352184806,668.8055140751263,667.4973086637526,653.9120764554015,0.0,0.0,0.0
8.216000000000001,-9.15023138904787,-15.425154851827587,1.9873742407937265,-0.5738533176817318,3.365169573478381,158.01116050485007,-9.44046036405376,-15.36963139972579,1.9999999999999991,158.50864036342705,1.5495660678913423,0.019780881611666433,0.091382846627136,-0.003928107805622652,0.0045140311655940514,0.0185573989060649,0.11716247660098689,0.04212620145673412,0.016375042877221184,0.0006909828160303424,649.824010937045,666.5333639368388,663.8042343728108,656.470913875758,0.0,0.0,0.0
8.268,-9.225542277266486,-15.396047484096314,1.987355290795121,-0.42816109751552317,3.3716006017288698,158.06789701910952,-9.515824566827147,-15.340791737184919,1.9999999999999991,158.56974239093307,1.5500864476378722,0.02276661079030056,0.0908290248325605,0.05824550918237761,0.000769129986916218,0.019238934729124534,0.12385131875703514,-0.09044426794682946,0.021012801929541046,0.0005284270604017571,668.436843724796,648.616030642725,643.9985291819648,675.7514941611441,0.0,0.0,0.0
8.32,-9.300945888484332,-15.3671023466686,1.9873019059805068,-0.4926232980523939,3.3751635378661073,158.12247654457684,-9.591230949204279,-15.312033818388612,1.9999999999999991,158.62605674994654,1.5506372710504295,0.024494265127911405,0.09040730237928106,-0.06807391835468407,0.0010730432603299057,0.018191979302444487,0.13034727049697703,0.06838210069945472,0.016190641499572854,0.0009331440561671555,645.9971972949743,670.1569233637107,668.1573590559659,653.3078516878109,0.0,0.0,0.0
8.372,-9.376449059903965,-15.338333434217445,1.9872254135535266,-0.5566292817544505,3.37249020617383,158.1792153870808,-9.66667233710746,-15.283388596875938,1.9999999999999991,158.6873633783402,1.551204261996422,0.027181908861438182,0.09011133877804386,0.02351321437618309,-0.0028240663351022993,0.019813985741503955,0.13635224942559176,0.039240825842124225,0.017158706509117654,0.0004372046484331393,650.9181239998316,667.008002939192,663.3600928492025,657.0723771258895,0.0,0.0,0.0
8.424000000000001,-9.452057355417887,-15.309758898943407,1.9871392160397385,-0.3187129346623533,3.357954951025071,158.23949752916337,-9.74213712860132,-15.254881008235175,1.9999999999999991,158.7438639103731,1.5517109156619477,0.029642860207509225,0.089598245158674,0.10481361927280268,-0.006297502484315422,0.020467640368767106,0.14479906639572693,0.0006278838063411285,0.018463220714825788,0.00011941983944869323,656.8988578115441,662.3398239064891,657.410644014837,662.4911624951561,0.0,0.0,0.0
8.476,-9.5277264339469,-15.281285897780357,1.987057321453809,0.01725136906539073,3.335923104182379,158.30018694612122,-9.81771241962327,-15.226498897776908,1.9999999999999991,158.8051759715638,1.5520561784025053,0.029610731435357696,0.08905566531118801,0.10773447174838573,-0.008032522341620996,0.02034296997209251,0.15340184378539545,-0.014524204291922825,0.019639618976640065,0.00017000514098428716,659.004146030339,660.461788471242,655.3221414176254,665.0504715509709,0.0,0.0,0.0
8.528,-9.603391895992873,-15.252779544671895,1.98699436544327,0.2826369664753327,3.3113628588983586,158.35975322210683,-9.893278008575455,-15.198295161141953,1.9999999999999991,158.86300714748558,1.5521837121372168,0.026716914110710976,0.08873791327106109,0.07221207888032807,-0.00810318868513225,0.019944662543424203,0.15920061359336035,-0.014971534039071494,0.02035708648845548,0.00027120460804764233,658.9499262839399,660.4845812985994,655.4215618136006,665.4775642119191,0.0,0.0,0.0
8.58,-9.67899985138972,-15.224133613316374,1.9869613552295862,0.3746640179777337,3.290066723594031,158.41787311078434,-9.96901147313112,-15.170195801629502,1.9999999999999991,158.92848987167486,1.5520852068694375,0.021766715396415844,0.08873615097694403,-0.02696617483405354,-0.005462579339396976,0.01909242015898851,0.16094929415535386,-0.09299611124284327,0.02442667041181155,0.0007195478321249502,668.8380211816436,649.2790976540804,644.2125690968212,677.6125864753487,0.0,0.0,0.0
8.632,-9.754533031384993,-15.195328777374135,1.9869619232588553,-0.002610345693783482,3.283095600167131,158.4729460735964,-10.044666132490299,-15.142260117006922,1.9999999999999991,158.9926404243392,1.551821273106783,0.01709737018432416,0.08926803788468515,-0.15246096356397723,-0.000958716683707412,0.018823071075629576,0.1563973838042364,0.07388749566378391,0.018843802980626934,0.0009937619472011531,645.2706336017715,671.7436959666086,669.1693424679789,653.5228457267706,0.0,0.0,0.0
8.684000000000001,-9.830043288533295,-15.166506119297388,1.9869916479382377,-0.2560312801414099,3.2801741231712827,158.53295911417135,-10.12051265743659,-15.114345794430585,1.9999999999999991,159.06626576261354,1.5515202062014786,0.015925980717419245,0.08977531294969952,-0.034017440490123486,-0.0013085575564126075,0.020959639517058624,0.15115476636433434,0.03772124763242532,0.019420614739525673,0.0004958389067587369,651.0179372352499,667.3145659947269,663.1889481847911,657.9808903310593,0.0,0.0,0.0
8.736,-9.905571720226098,-15.137773786005004,1.9870442359079319,-0.18873832466258803,3.276054590649872,158.59745894927602,-10.196187093100887,-15.086551273816285,1.9999999999999991,159.13667927416768,1.5511996788945162,0.01616344958657341,0.09001469827788056,0.04736338002236843,-0.001496173115241853,0.021959075867338536,0.1478049038306437,0.0030212794484610755,0.01970348920744032,0.000249699385108076,656.2335619751872,662.7115640757091,657.7927348764075,662.5432146201507,0.0,0.0,0.0
8.788,-9.981108783634758,-15.109112679051279,1.98711220754826,-0.09292527932819201,3.2741484783104107,158.66258918269176,-10.271425854229046,-15.058960086622346,1.9999999999999991,159.21471030808559,1.5508509074751156,0.015408284320921811,0.09012458348178409,-0.01995358140750963,0.000604548745449301,0.021403448131982562,0.14522958128427266,-0.086092843377222,0.022481828537709022,0.0007028990295705152,667.8071824537493,649.6535734195342,645.1097708605984,676.009511596796,0.0,0.0,0.0
8.84,-10.056645046419371,-15.0805001034647,1.987187963383346,-0.37835783520263744,3.280615977431291,158.72609283393325,-10.346829728963797,-15.031355911341455,1.9999999999999991,159.28874101864776,1.5505137096696469,0.01467776324999084,0.09043308843567974,-0.10125346792409166,0.0019686180277796285,0.02170517206055102,0.14045566158104972,0.06575860433126503,0.016997078222780966,0.0008005974497224022,646.6405776505404,670.2676897620125,667.6787877731394,653.8053633803904,0.0,0.0,0.0
8.892000000000001,-10.132220813008734,-15.052032919770895,1.9872650681436472,-0.47976653334462566,3.2820789690275323,158.7949494320697,-10.422759325267545,-15.00361569465581,1.9999999999999991,159.37146709311995,1.5502421358692697,0.016305565666248058,0.0905246486954221,0.010752297052758313,-0.0008074987074705723,0.02365650142231637,0.1377604947890022,0.02843892579585154,0.018448735379730775,0.0003733891194302435,652.3766271229211,665.7508787074754,661.5533577674183,658.7083590372815,0.0,0.0,0.0
8.944,-10.207853567467605,-15.02375420003041,1.987339843797603,-0.31515043970208567,3.277420556737924,158.8678201821156,-10.498569122716992,-14.975986459143911,1.9999999999999991,159.5344023327157,1.549977766331652,0.018060458254023543,0.09028957223066669,0.07240856589801795,-0.0021152491965273413,0.0245026130514081,0.13833641984816647,-0.0019831717003051773,0.019472917923584104,0.0018841170446379498,654.4971783088951,659.5016343211727,659.1728305640386,665.2638183134549,0.0,0.0,0.0
8.996,-10.283516492528312,-14.995600200121213,1.987411092532932,-0.08854282732825924,3.27151464592341,158.94242738967404,-10.574677871555076,-14.948341957502144,1.9999999999999991,159.61468290976376,1.5496724760593596,0.018051026396764137,0.08997831240514939,0.07019738601567106,-0.0018283782543464812,0.024832782733542398,0.139767690787297,-0.011246775135686692,0.020419724273892405,0.001872187757225674,655.7325267256302,658.3570616259194,657.7239858126649,666.7135146288134,0.0,0.0,0.0
9.048,-10.359171221869792,-14.967477987062669,1.9874804620717395,0.07871478312328728,3.268541511852856,159.01750058256584,-10.65058768227598,-14.920881526277459,1.9999999999999991,159.7047437994996,1.549321728910572,0.01610573114215446,0.08979256285476171,0.043006409435028106,-0.00033905066290492683,0.024972222642148593,0.14002545990059523,-0.010103902729781473,0.020407567910994226,0.002117127806918711,655.2335542623498,658.1831164330687,658.2338880325822,666.891032415333,0.0,0.0,0.0
9.1,-10.434789958874985,-14.939317892380869,1.9875490113041239,0.16108311841241854,3.270398036013716,159.09379014609752,-10.726724112879763,-14.893464779610685,1.9999999999999991,159.79178608592818,1.5489565626968747,0.012858918504057393,0.08977633575928791,0.015562345847303316,0.001407563450978578,0.02542011134488551,0.13864470467326495,-0.0067639989098988145,0.020485351479596497,0.002165561606058754,654.6462033682602,658.5747098543085,658.7376584783225,666.4687527010083,0.0,0.0,0.0
9.152000000000001,-10.510361025168626,-14.911085944476143,1.9876154744015344,0.1737622996406712,3.277438569358865,159.17166430960546,-10.802664425052464,-14.866235957187163,1.9999999999999991,159.8911088656343,1.548621044259357,0.00905578580641156,0.08988267595653614,-0.00492081074857175,0.003091792452373781,0.0262083370618794,0.1361260206396051,-0.0037058236454172006,0.01992442950329481,0.0023081297820517323,654.0345185085691,658.6797957620183,659.3980752070253,666.1008915799155,0.0,0.0,0.0
9.204,-10.585886539635233,-14.882777879224575,1.9876763926480803,0.13816421032932044,3.2884197088029548,159.2521420018942,-10.87878424678458,-14.83904650774002,1.9999999999999991,159.98786390006003,1.5483594651269919,0.0052472015551295785,0.09003189916173257,-0.018476178470080783,0.004173626991595282,0.027046946857887673,0.1333608647214234,-0.0016169340240970043,0.019663771830760055,0.002327698767375905,653.6855028310994,658.8551000775196,659.7017006049474,665.7383268586279,0.0,0.0,0.0
9.256,-10.661378234371204,-14.85440989364585,1.9877273228066406,0.07184750940482518,3.3017860273724975,159.3352841927979,-10.954726375329916,-14.812002489735802,1.9999999999999991,160.09837251721018,1.5482023276483727,0.0018219185850301873,0.09016502913398208,-0.026916264533796103,0.004685786757239964,0.028231149408964446,0.13106942841300484,0.00017954714411909552,0.019055881888752433,0.0024473572596067994,653.2995982176747,658.8114764856193,660.162747363739,665.5163680449278,0.0,0.0,0.0
9.308,-10.736853669803535,-14.826010986786622,1.9877641577470369,-0.011795626254471342,3.315364920355838,159.42183606225464,-11.030803696524439,-14.784975673494996,1.9999999999999991,160.2056191470941,1.5481649132115387,-0.0010073826744258917,0.09023680317398876,-0.031172438914557742,0.004459983604105497,0.02936278525960819,0.12982702006579194,0.001420469111661795,0.018848482021453918,0.0024505120206395584,653.1229103428878,658.9311947318724,660.350000215821,665.2929891104742,0.0,0.0,0.0
9.360000000000001,-10.812333049917564,-14.797617256262301,1.9877842247842061,-0.10218548391508,3.3276015845166413,159.5119721730146,-11.106734805791168,-14.758054590496652,1.9999999999999991,160.32738165783414,1.548243420986262,-0.003123047218564463,0.09023826300034597,-0.03233275471363943,0.0037341544428163855,0.030922930589023113,0.12980757855591918,0.0025977607189677197,0.018475838131161305,0.0025207197774806175,652.913041763332,658.9527732967106,660.6718793958569,665.1745795076698,0.0,0.0,0.0
9.412,-10.887836723953292,-14.769267474200893,1.9877868496164584,-0.1908812105987812,3.3368723664535316,159.6063571755896,-11.182764704580382,-14.73115068765937,1.9999999999999991,160.44474738275025,1.5484204628029277,-0.004517661195039841,0.09016772387932626,-0.030822867485294426,0.0025597608455247304,0.03229109093919939,0.13105004361466488,0.003242895136732881,0.018477979258378713,0.0024844178068360247,652.9030016308855,659.1274622899462,660.7450866721858,665.0655636402784,0.0,0.0,0.0
9.464,-10.96338318793745,-14.7409996712615,1.9877735069519034,-0.27168537174226015,3.342575129772603,159.70509996844157,-11.258697503138821,-14.704340175440151,1.9999999999999991,160.57707513801984,1.5486665364225223,-0.005232349300537675,0.09005002933115684,-0.027646301509231162,0.001210075212146956,0.03402279362983419,0.13326476173742463,0.003856290310934129,0.018403214311134928,0.002531777204644924,652.8126727216044,659.1916136772521,660.9613355554546,665.0859229394322,0.0,0.0,0.0
9.516,-11.038987789889795,-14.712848580532587,1.9877475402474298,-0.34019289859089263,3.344160752842607,159.80850968411224,-11.334702458886404,-14.677578818061264,1.9999999999999991,160.7038525582513,1.5489476956266282,-0.00537002748195701,0.08990135852792593,-0.023108995056023075,-0.00019640501502765466,0.03551962606928591,0.13618717779336276,0.003925584264740907,0.01859296617763704,0.0024561697484928565,652.9494480454763,659.40092237858,660.9070530993464,665.066027376679,0.0,0.0,0.0
9.568000000000001,-11.114661902626965,-14.684843888481137,1.9877135913464832,-0.3941671042809143,3.341998179944655,159.9167596900223,-11.410674292670633,-14.65092564053505,1.9999999999999991,160.84606697780666,1.5492278889692213,-0.0050570623015944605,0.0897535276194676,-0.018247137652674765,-0.0014824813617039683,0.0373373956575497,0.13935784098221504,0.004048363287832559,0.018754931712465953,0.002479312785063779,652.948467798886,659.4811259448488,661.0050084907333,665.1744452778546,0.0,0.0,0.0
9.620000000000001,-11.190412742302781,-14.657009280747271,1.987677220785185,-0.4329860150692608,3.3364620691340043,160.03004511944042,-11.486844237110894,-14.624327227224462,1.9999999999999991,160.99330047696208,1.5494748819321253,-0.004439130833938832,0.08962309703930119,-0.013219325632582091,-0.002501676650295891,0.03901703290816252,0.14243718393539506,0.0037469640866723258,0.019288709651064457,0.002551160574650537,652.8832754703312,659.4828244517836,661.0535751345972,665.4586862468026,0.0,0.0,0.0
9.672,-11.266243555844266,-14.629362187744897,1.9876439180133383,-0.45733652062323693,3.3292673651333287,160.14894646294647,-11.56342370572074,-14.59774175377534,1.9999999999999991,161.13373789719265,1.5496625801240307,-0.0036699417280302606,0.08954387432861015,-0.008755125404339816,-0.0027319188344135338,0.04084099401161443,0.14491861616527335,0.0034708197743237405,0.020287469154843755,0.0023194555890166725,653.1578707595894,659.9605439748203,660.6054614060643,665.3738436774971,0.0,0.0,0.0
9.724,-11.342154549567967,-14.601913930506191,1.9876184130258925,-0.46973506667694587,3.323624789266564,160.27240530913576,-11.639685922664674,-14.571441657904167,1.9999999999999991,161.27864541605416,1.5497837318276535,-0.0028505164842612556,0.08957693372026033,-0.005216563889813298,-0.0017901436552623731,0.042309648704103496,0.1460523460095272,0.0030336215404370755,0.02016835715246441,0.0022130020931122626,653.4109376704407,660.0525779666409,660.4367313065826,665.2962102113561,0.0,0.0,0.0
9.776,-11.418144594530753,-14.574670429672626,1.9876031960442624,-0.5146553229976825,3.322283128067251,160.40013262037513,-11.715853977933035,-14.545380851355885,1.9999999999999991,161.4409872524402,1.549859937227666,-0.002107581993420691,0.08972264262604016,-0.05366043965059367,0.0004614341933805263,0.043413168505569796,0.14575476479197025,-0.10379978337540852,0.024010608288126983,0.0025035570068911253,667.6599749330127,644.8026516459179,644.8994580959684,681.1386497505423,0.0,0.0,0.0
9.828000000000001,-11.494225368666788,-14.547667078734301,1.9875965767885546,-1.0257965532485052,3.334978964589801,160.52796671108243,-11.7919223885899,-14.519583462969322,1.9999999999999991,161.59613868400172,1.5499482722870113,-0.0003698383381935306,0.09021347650917591,-0.24508004861627933,0.005685177623112429,0.04341596512853778,0.14180134843479375,-0.007520397053922129,0.020916254259032804,0.0030414429829669757,653.6135286563897,657.4551398817351,659.9256973672905,667.9772651626463,0.0,0.0,0.0
9.88,-11.570475439303717,-14.521112196571103,1.9875931997238647,-1.7902501619185636,3.357627303621088,160.66105168039235,-11.868140919436422,-14.493994027827204,1.9999999999999991,161.7692249357425,1.5501924350554324,0.006659269194966106,0.09102106916934241,-0.21095807706575095,0.005604346887220996,0.04674897144572321,0.1346407142582018,0.14931508001304533,0.014354528589704936,0.002640435309631899,632.1680260108874,679.097505747675,682.2237115823996,643.9614151310722,0.0,0.0,0.0
9.932,-11.647005232932505,-14.495296099817946,1.987579439769934,-1.9002160241129487,3.3676447821683064,160.80770582632815,-11.944312336161943,-14.468707169176655,1.9999999999999991,161.92962613087636,1.550659772998435,0.019105792296692306,0.09157201361947293,0.0709221465936916,-0.0010491388289590787,0.05099792360161802,0.13032692096200427,0.059016862418182416,0.015388994479441523,0.0013780018077202403,647.0160508743174,668.2852055128079,667.7250743366476,655.3269666574181,0.0,0.0,0.0
9.984,-11.723832455190534,-14.470263437783657,1.987552660667752,-1.386490104787791,3.358594347397692,160.96418088404963,-12.020764433571761,-14.443684500075117,1.9999999999999991,162.09873253113335,1.5511974980709717,0.030548984229276634,0.09125964795181313,0.21152597435854165,-0.006689388183281651,0.052993817870366625,0.1348894126156498,-0.004235109993239297,0.017072533568858145,0.0009004457993044574,656.5780780239013,660.2434604299543,657.8710114109341,663.9319105491003,0.0,0.0,0.0
10.036000000000001,-11.800876263791848,-14.445800436257539,1.9875176849563023,-0.7260387391166179,3.3354977010139124,161.12344146103308,-12.097794775695611,-14.418916120381773,1.9999999999999991,162.25022671622708,1.5516313000555697,0.03663968517930795,0.09032159848559648,0.21039190322587534,-0.00970330819613337,0.053099053561263695,0.14584630970510193,-0.02435358192307238,0.019243472340552854,0.000688276311785412,659.6020377832567,658.1440065298909,654.5490770402954,666.9529597372143,0.0,0.0,0.0
10.088000000000001,-11.87802781117758,-14.421625583117256,1.9874885743588597,-0.1847098204306048,3.306976992562415,161.2820888732078,-12.174833578078074,-14.394638154908044,1.9999999999999991,162.41383102218524,1.5518364946616194,0.03694048777820831,0.08944649750540255,0.1541163677439883,-0.009860322761293474,0.05294269032381631,0.15600082827493933,-0.024038353526786085,0.02051309209475004,0.000827551273633723,659.3743442808923,658.3685040484406,654.7990913456737,667.4671836954304,0.0,0.0,0.0
10.14,-11.955194456600442,-14.397507293080333,1.9874817626092267,0.17344769619301273,3.2801190218615273,161.4399450378221,-12.25156465538962,-14.37096635493656,1.9999999999999991,162.57002763213586,1.5517717002984286,0.03282800155605685,0.08901405526963523,0.09302072305349907,-0.00830757701238193,0.052758383489554736,0.16110670432181629,-0.018743071078708932,0.020475264075721866,0.0008430648684143432,658.7073388193966,659.2015120830482,655.6907299220842,666.8401345938919,0.0,0.0,0.0
10.192,-12.032312792515079,-14.37329473734879,1.9875084260453342,0.36702945218693445,3.2578919162695756,161.59929571439815,-12.328644281287241,-14.3477037336254,1.9999999999999991,162.75072691332795,1.551460289535884,0.025939242408813373,0.08899940239524974,0.04253014539773139,-0.006429190280306227,0.05338025247237914,0.16104925110845691,-0.013568320619977568,0.020680775232257826,0.001034777154823194,657.669439711122,659.6993669598854,656.6662335719278,666.3989976306419,0.0,0.0,0.0
10.244,-12.109346911516587,-14.348910447704052,1.9875715361542146,0.43138013485393706,3.241187718601757,161.76079692629577,-12.40559672096481,-14.32493639920777,1.9999999999999991,163.15021706874828,1.550948344747213,0.017689623248565767,0.08922118567738575,0.0035921704464406366,-0.004400677730511396,0.05417196942664082,0.1575087889618877,-0.011847960706046193,0.02059112231048212,0.0055496629948218485,651.0470980487621,653.5668328556014,663.0957667450143,672.2295317385039,0.0,0.0,0.0
10.296000000000001,-12.186282972162726,-14.324334355750858,1.9876671123672567,0.39746524372703723,3.230142443132442,161.92761080025502,-12.482923111619513,-14.302467482910279,1.9999999999999991,163.3727933937987,1.5502905216066651,0.00910178554277415,0.08950990184772536,-0.025593638237882195,-0.002543383686147355,0.05600075786350099,0.15227155907535694,-0.008637316910577276,0.020763773577851943,0.006004051763639072,649.7966610854886,653.2955255504643,664.0313716674804,672.3034851405005,0.0,0.0,0.0
10.348,-12.263124063158903,-14.299589246079346,1.9877869648072923,0.29202958816113067,3.224887180798479,162.10063305846353,-12.56012823305448,-14.28037464600015,1.9999999999999991,163.84609926666963,1.549539887266237,0.0009674800250112963,0.0897622753349832,-0.04654045952359361,-0.000649791705570811,0.05842516819317001,0.14660958960537074,-0.009473512649394389,0.020814358240072287,0.011333878304766277,642.2368341326248,645.5479204239515,671.0740276228637,679.5057605205106,0.0,0.0,0.0
10.4,-12.33988589376527,-14.274728436498027,1.9879206594747258,0.13457006891965084,3.225632174590461,162.29499127997434,-12.637635554027547,-14.258499149363725,1.9999999999999991,164.59786602633457,1.5487512180895657,-0.006511309271882574,0.08992779960690708,-0.06292711252016818,0.001338063226915071,0.06672160696253437,0.14134998189968573,-0.015276381674649734,0.021631405670486544,0.019944948278945253,630.481714842407,632.3737616834815,681.672739602928,691.7762851930631,0.0,0.0,0.0
10.452,-12.416593979546043,-14.24982718155559,1.988056955800998,-0.06977230888654923,3.2339607602903784,162.53270192458538,-12.714998068046349,-14.236937801973298,1.9999999999999991,165.44842479127124,1.54797781626433,-0.013458769015632897,0.09002549982127799,-0.0804514559398691,0.0039481893371816,0.08546102576843574,0.13666482746145714,-0.018481963358311065,0.021616915681527644,0.02595735778307748,622.0835926110805,623.0302443175666,689.1540349511628,700.0069894804338,0.0,0.0,0.0
10.504000000000001,-12.493283408791642,-14.224980311778125,1.9881856038932486,-0.32684531118841004,3.2518541693983822,162.83264714147904,-12.79258742551532,-14.215593909981573,1.9999999999999991,166.26702962508833,1.5472817840835886,-0.020040723785944667,0.0901417900976313,-0.09925282403873388,0.006818320921272267,0.10649425057966795,0.13203481774634418,-0.01792576937450191,0.021417352963375783,0.029208852542259856,617.135657829796,618.198347326751,693.4677731623266,704.0524853219756,0.0,0.0,0.0
10.556000000000001,-12.56999931683956,-14.2003039071917,1.9882986925437063,-0.6286862772363244,3.279793702203296,163.19757408575018,-12.870033896217915,-14.19459071407377,1.9999999999999991,167.1895623563074,1.5467343393096085,-0.025856190322466655,0.09031652940163595,-0.11337485184636473,0.00925865248490289,0.13159652348877318,0.12732261378055854,-0.016126482533815045,0.02058986046830962,0.031810828377922235,613.0340787964327,614.4012829601563,697.1661545856457,706.9974342931789,0.0,0.0,0.0
10.608,-12.646795187284084,-14.17593212589643,1.9883874258554926,-0.9573488635733387,3.316234460182012,163.6350607025091,-12.947658618917568,-14.173898571464557,1.9999999999999991,168.0726586485574,1.5464102274993408,-0.030800568793465356,0.09051231330720662,-0.12097781342134017,0.010666602355590402,0.15598950616528104,0.12317665488455876,-0.013899488033927147,0.019895235866294828,0.03236473402773698,611.9143944195507,613.7536362759977,698.234456885813,707.2747714506149,0.0,0.0,0.0
10.66,-12.72372884257289,-14.15200996790315,1.9884443829986451,-1.2927965492842497,3.3587223658061016,164.14242597697816,-13.025181498000194,-14.153662466706963,1.9999999999999991,168.96244695248686,1.5463676512514706,-0.03461544125092854,0.09072302319950346,-0.12226922481861165,0.010835823907492758,0.18055280528861709,0.11989533162115251,-0.009783367361835528,0.01881426354486647,0.031529052451993715,612.6734962935549,615.4382808493343,697.8205169824781,705.4826009613528,0.0,0.0,0.0
10.712,-12.800857968728778,-14.128684964389654,1.988462599845017,-1.6188072035843848,3.4014928799827557,164.71574489604092,-13.102950441713036,-14.133898990450284,1.9999999999999991,169.85388018288265,1.5466497841779516,-0.03721799247112723,0.090884094658024,-0.12273058440395708,0.005989368297455114,0.20181201851076896,0.11833553061067925,-0.15945547376099017,-0.03512414021277305,0.030545558961404116,644.5773052591603,585.0822618763223,683.516605626075,716.8970861931001,0.0,0.0,0.0
10.764000000000001,-12.87823449261501,-14.106113321070689,1.9884360114974478,-2.296547830879064,3.3358649893207293,165.3515522996783,-13.181152630784606,-14.114691754985586,1.9999999999999991,170.73121563409376,1.5471638656709508,-0.038289928136400454,0.0883149571559301,-0.3350264888669447,-0.059832064175965836,0.2210315893234695,0.14495974719088567,-0.04867715808711265,-0.06352850347644151,0.028729963257019188,635.7987495658215,601.7080819158839,700.6914221189969,696.6954958489191,0.0,0.0,0.0
10.816,-12.955895926030509,-14.084613273859896,1.9883873182660188,-3.4652470617944995,2.996849475382277,166.0541391854259,-13.259213441687484,-14.096284341092378,1.9999999999999991,171.6574363454843,1.5465897839230343,-0.0333689885389172,0.07946337002277135,-0.4091092148531179,-0.1701737850126977,0.23853000726909318,0.23385311608475579,0.17416162384147527,-0.05813309113242121,0.027173702967578206,605.8806111744724,640.8713475445683,729.3243584580811,666.7646731848156,0.0,0.0,0.0
10.868,-13.033802664406407,-14.064712897195209,1.9884124168448751,-4.127607838967655,2.340305636970623,166.84446480685932,-13.337119307265036,-14.078831695344581,1.9999999999999991,172.69475178853062,1.5423374628073563,-0.019920952091106826,0.06549888494677486,-0.09617716040941257,-0.28114840551982456,0.26054343703121563,0.3704921058679914,0.09238039718345054,-0.04307684078196819,0.024489021300757273,623.4214021710843,638.1156238331388,716.1801476598644,679.6943207658862,0.0,0.0,0.0
10.92,-13.111716258389944,-14.046776804939983,1.9887120829764953,-3.918623551912626,1.3940096479672466,167.7118667986649,-13.415093306260863,-14.062451752400724,1.9999999999999991,173.65496946218678,1.5315111187501647,-0.004455720311390623,0.048556624714019815,0.13962303183582742,-0.36946154048955815,0.2759043826205885,0.5275347965447152,0.006127525434524064,-0.012031021260641678,0.021036876951393915,639.9967442100713,638.2603057154362,699.1464182841751,694.2466472782966,0.0,0.0,0.0
10.972000000000001,-13.189175455651204,-14.03082554771966,1.9895378014552605,-3.3628818421317974,0.2512165993330571,168.62583522781543,-13.493171407631557,-14.04732017527184,1.9999999999999991,174.68191818938027,1.5116872976500186,0.006643163697550665,0.03097375386676387,0.19203250438728997,-0.41946312412961645,0.2892026458137137,0.6740281094907644,-0.02654101471180955,0.018562827168186136,0.018741967384926273,646.5822505850692,644.2584442367926,690.3665705240227,702.5413045835953,0.0,0.0,0.0
11.024000000000001,-13.26559221409237,-14.016714985456533,1.9911318059695047,-2.84799712725129,-0.9731235377784467,169.5631026492854,-13.571299765933244,-14.033594878175931,1.9999999999999991,175.62041964370195,1.4814950393427517,0.012012602097168966,0.015781551432426932,0.15773918840922044,-0.4260396883334712,0.29741285482450797,0.7724997496406149,-0.02879733345445957,0.053304350816086005,0.015977228657044568,647.8734102011178,654.9459369764545,683.6093600216564,705.8261854538611,0.0,0.0,0.0
11.076,-13.340348574975515,-14.004295447513442,1.993670330361996,-2.4934818487223143,-2.140289151255509,170.5136302398272,-13.64910453031103,-14.02144095012811,1.9999999999999991,176.63821154458594,1.4408818720675896,0.013034138771507015,0.0058072601993359825,0.10813796949379664,-0.38834465029687654,0.30599128502321815,0.7895732114817899,-0.020964053736668004,0.07724189232718988,0.014426142188633457,645.9279017946553,662.104501835727,679.7642366912063,706.4015819308015,0.0,0.0,0.0
11.128,-13.41287664081052,-13.993459172997538,1.9972119223135993,-2.28557137880579,-3.1342654425065675,171.47244176637608,-13.723128830551316,-14.011090594787584,1.9999999999999991,177.5881297656244,1.3911085154219305,0.011566846340521759,0.0019753207893335968,0.07088565550383338,-0.3146744665675982,0.3116084829550974,0.7142691541848529,-0.013334794203268276,0.09160723798467205,0.012363444237816571,644.1625506533753,666.614212916184,674.6329915008293,703.2681603287853,0.0,0.0,0.0
11.180000000000001,-13.482718862661704,-13.984129800856666,2.0016687623803584,-2.176573644033449,-3.872557849728036,172.43976631254262,-13.786781922071754,-14.002770900683974,1.9999999999999991,178.6357353245815,1.3343773285107265,0.009029951117797806,0.0034092753678445936,0.04906766431583846,-0.22506370080171453,0.3187809492920139,0.5579297236431192,-0.005992986660245015,0.07943564522054765,0.011549007990197957,642.7126663258325,663.8469484475686,673.0875537929734,696.5389997398826,0.0,0.0,0.0
11.232000000000001,-13.549563944318171,-13.976240072320275,2.00681163491671,-2.1159430961146484,-4.366492555931658,173.41888093693058,-13.838188856975687,-13.99635051883736,1.9999999999999991,179.7063258350863,1.2731908096012179,0.006253217640596327,0.006889973803631133,0.04243669186424115,-0.15134072723198072,0.32579678744095725,0.3593764449692679,-0.0016762331877261376,0.05312675821008717,0.010989628500045825,642.393468058781,657.277640307759,672.4691172819148,687.6188719713741,0.0,0.0,0.0
11.284,-13.613235412797229,-13.969717185214945,2.0123169009704247,-2.064260665258095,-4.704478022873712,174.41552957621778,-13.877993303196163,-13.99154284651365,1.9999999999999991,-179.28328886466974,1.209535826360228,0.003576851443376406,0.008560581044678526,0.04594541067555728,-0.11489525412603377,0.3319315179471232,0.16670935621922495,0.0011378689944880824,0.028212866462000736,0.009119472344345302,644.0323638099865,652.5435361463658,669.7344406945514,677.291638016547,0.0,0.0,0.0
11.336,-13.673640540760207,-13.964477885120958,2.017839980925394,-1.9979504837576383,-4.997280064724611,175.42583847780804,-13.907875833164365,-13.988027068905875,1.9999999999999991,-178.25023275626145,1.144410852088385,0.0012258639923624199,0.005755327424368162,0.054840746677388176,-0.11311277265692446,0.3367253349555791,0.01704375524348862,0.0006088086941228657,0.010392165395020511,0.007859875029697346,645.2170251140525,648.4143659715758,667.2839170815829,670.0344789031766,0.0,0.0,0.0
11.388,-13.730709625211063,-13.960429130419442,2.023082088056074,-1.9174057600921686,-5.435455199045645,176.4185607456115,-13.929773614042247,-13.985505828639205,1.9999999999999991,-178.25023275626145,1.0778053957878935,-0.0003265714257612403,-0.0035114917122068745,0.05590752803968774,-0.24362390123219005,0.31809347008667493,-0.06061431196348222,-0.003736019515923457,-0.3272993836928688,-0.005681356630817078,709.4755868904514,615.5419453324004,693.6722432148122,599.605553329908,0.0,0.0,0.0
11.440000000000001,-13.784275086587257,-13.957479871389115,2.027835804801719,-1.8667220808263338,-6.874400026509243,177.3795820408471,-13.945504298380893,-13.983727919162765,1.9999999999999991,-178.25023275626145,1.005370098235221,-0.0002527804982568492,-0.030277065359013595,0.0480085423916162,-0.6522966096138265,0.2948209932655065,0.048531597900060175,0.002983014864984441,-0.10553228349131089,-0.013800631101721191,692.5428492725603,664.1225825583671,655.9612748637172,624.0875533663581,0.0,0.0,0.0
11.492,-13.83373767551603,-13.955577035840532,2.032119968653968,-1.8552850603580708,-9.183190986477834,178.28814123754145,-13.95661399572395,-13.982492773253751,1.9999999999999991,-178.25023275626145,0.9165747416095134,0.002025760128885581,-0.06399681894450485,0.045951378481692236,-0.8325918352582447,0.2638478629324992,0.24058077121848964,0.009956720246292013,0.08798615587958863,-0.02172646316246318,681.6027185987436,708.1010758476007,623.6175261369208,646.7121223097213,0.0,0.0,0.0
11.544,-13.878086070198517,-13.954690554669357,2.0361563877441737,-1.85639226686011,-11.530131320185605,179.10444803232483,-13.964342675868632,-13.981646356967746,1.9999999999999991,-178.25023275626145,0.8073603669367602,0.006947004472122359,-0.08343162928540956,0.05182612012265675,-0.7408243578782424,0.23006651061839611,0.30034924764168613,0.015747625810622164,0.19967892449902902,-0.027175219973460923,676.4410115918652,733.8727325013468,603.4458241308681,658.256731988336,0.0,0.0,0.0
11.596,-13.916282412468716,-13.95477196295317,2.0401193215088327,-1.8324168396713167,-13.276395419687976,179.80150178443267,-13.969645690685823,-13.98107375496909,1.9999999999999991,-178.25023275626145,0.6820570767246942,0.01437203972179773,-0.0813080877920116,0.06358611244072877,-0.4774827374593065,0.1956270006892883,0.15100852842126145,0.019792872721713338,0.23949212509013798,-0.029378323408795926,672.2161927212771,741.1891734194113,593.2250246839167,659.1806573955807,0.0,0.0,0.0
11.648,-13.947622228199211,-13.955733154954906,2.0439237297363153,-1.7509094506887446,-14.098758870006485,-179.632420530538,-13.973237535985856,-13.980691183983069,1.9999999999999991,-178.25023275626145,0.5486545349979179,0.02366056842749456,-0.06400473815885863,0.07889668095419398,-0.14581101422483672,0.16269386164437546,-0.14221834466934757,0.021508775216310852,0.22791293678884916,-0.029416381178706867,668.2048010114089,735.0346986467415,589.105250414679,651.6513451175459,0.0,0.0,0.0
11.700000000000001,-13.971916097905053,-13.957449041359828,2.0472230417735733,-1.5938836011123596,-13.938081689120686,-179.1930926380211,-13.975640188702966,-13.980438714013141,1.9999999999999991,-178.25023275626145,0.41539644109634943,0.03384182987164114,-0.04339124733547139,0.09512135763689755,0.17715071416437733,0.13267433176650995,-0.4519382221476271,0.020683178112464118,0.18554993397300568,-0.027829086086307967,664.8582375470944,720.8166506419653,589.9798260342237,640.3618597981632,0.0,0.0,0.0
11.752,-13.989476615969547,-13.95977247106924,2.049561983221611,-1.3617449091177338,-12.91015625015163,-178.8626846513727,-13.977227653389829,-13.980274178344967,1.9999999999999991,-178.25023275626145,0.2896763732678607,0.04380354005153988,-0.029523048040848054,0.10927355943679413,0.44434997607833704,0.10635189941655818,-0.6650425442124606,0.017734943679413556,0.12888608310018318,-0.02531001171358146,663.5970143182311,703.9091047297829,595.4001955567419,629.5175489658363,0.0,0.0,0.0
11.804,-14.000990000195996,-13.962549602778978,2.050560728775697,-1.0695755648661391,-11.226366671678836,-178.61671498930548,-13.978263472582007,-13.9801683421489,1.9999999999999991,-178.25023275626145,0.177755448907637,0.05247738448695355,-0.02704019734401769,0.11886781706049457,0.6325515571005509,0.08389882590003865,-0.7238743675091776,0.013376537038520354,0.06969399414550617,-0.02240931572053838,665.2554703439239,688.3298321776508,604.7072295879719,621.9688468432041,0.0,0.0,0.0
11.856,-14.007366801904547,-13.96562993087728,2.05004363240775,-0.7412707678323621,-9.133760645349591,-178.431245558554,-13.978930611568737,-13.980101209158187,1.9999999999999991,-178.25023275626145,0.08434629171447716,0.05899598075738689,-0.03507912056745918,0.12196305435746073,0.7368043714795911,0.06494555100177907,-0.6312115394198174,0.008529015276929598,0.015210402135798606,-0.019487940150095296,669.5956910542297,676.227779357817,616.7022622072383,618.7356211277488,0.0,0.0,0.0
11.908000000000001,-14.009623871476357,-13.968871222248335,2.048079787460083,-0.4034103173000387,-6.873334097899349,-178.2876697010356,-13.97935437413172,-13.980059276187404,1.9999999999999991,-178.25023275626145,0.012127053443276777,0.06281339973060138,-0.04935657747469533,0.11796902993188722,0.7627250453806335,0.049093461003881386,-0.4311534254207762,0.003916476633757875,-0.030043358485406013,-0.01680400067846195,675.5645331808229,668.2545713119741,629.6255749230805,619.4029706249225,0.0,0.0,0.0
11.96,-14.008803521438653,-13.972142040576031,2.0449407318609927,-0.08075939041175864,-4.657180724998151,-178.17441555107507,-13.979619478120885,-13.980033537297388,1.9999999999999991,-178.25023275626145,-0.03847510611670902,0.06375156183489752,-0.06463500093672946,0.10736839261230283,0.722978055987997,0.035752968761618834,-0.18362460344683817,6.894080414092396e-05,-0.06354533843804647,-0.014392696146491682,681.6259916977293,663.8884988265019,641.8905598859689,622.9812164346472,0.0,0.0,0.0
12.012,-14.005911751127863,-13.975324263649405,2.041014436848942,0.20629011452521723,-2.6513728982589275,-178.08583437097238,-13.979782492900503,-13.980018059734657,1.9999999999999991,-178.25023275626145,-0.06904511015057424,0.06196803390490404,-0.07655886963991096,0.0914889815295051,0.6341686235271735,0.024583652961554462,0.056357795095971164,-0.0026993040623055978,-0.08442893667600312,-0.012243325179078458,686.4454157337332,662.1544845898411,652.2527155689289,628.2552372600117,0.0,0.0,0.0
12.064,-14.001863698150634,-13.978316362087325,2.036715619715101,0.4431680917896952,-0.9704182599110007,-178.01989204311403,-13.979880728464378,-13.980008984162618,1.9999999999999991,-178.25023275626145,-0.08259498270408067,0.05786787965862751,-0.0825964070792052,0.07226749516585983,0.5140129189991052,0.015312171903332682,0.2507720165535021,-0.00432305556011035,-0.09307935485988696,-0.010298166065393508,689.1146098139035,662.0100330229528,660.0043921263249,634.2199364400208,0.0,0.0,0.0
12.116000000000001,-13.997436083926464,-13.981036801857062,2.032409965810124,0.621956254412026,0.3244542436123323,-177.9759655625169,-13.979938485258131,-13.980003832889633,1.9999999999999991,-178.25023275626145,-0.08287219925985594,0.051992468433601835,-0.0823126376830611,0.05182457216490986,0.38029235572444486,0.007792689275213871,0.3836878212002248,-0.004946958463879386,-0.0913637243076256,-0.008522801330899462,689.4003464679264,662.6172705534601,665.0228886522809,640.1282665675664,0.0,0.0,0.0
12.168000000000001,-13.99323313051365,-13.98342634780661,2.0283714178313264,0.7411438170776967,1.2205884246722927,-177.95300140475794,-13.97997138441287,-13.980001037588098,1.9999999999999991,-178.25023275626145,-0.07375240476181595,0.04491950348579539,-0.07673883783992838,0.03202361180126516,0.24810890798310062,0.0018469398983313383,0.4564555241702094,-0.004826227243458734,-0.08187278656177152,-0.00687610780612748,687.5236373554342,663.393839798186,667.6351446634229,645.5760846334686,0.0,0.0,0.0
12.22,-13.98967252455593,-13.985448481448756,2.024770588029747,0.8044511822734098,1.743776548225183,-177.94872287136056,-13.979989327744503,-13.979999620941006,1.9999999999999991,-178.25023275626145,-0.05882892673261216,0.03719334097529728,-0.06767575536419965,0.01423348591413057,0.12883070888304443,-0.0026246409245044983,0.48125352973235036,-0.004241291031146894,-0.06742471991552768,-0.005366389369775502,684.0615383958599,664.0745276761337,668.3765675185205,650.3624632671763,0.0,0.0,0.0
12.272,-13.98699250700176,-13.98708784605629,2.0216878641219,0.8192020315883111,1.9467446129888184,-177.9595834242545,-13.979998495415606,-13.97999898469042,1.9999999999999991,-178.25023275626145,-0.041184994381560966,0.029286171489613634,-0.05697513458679436,-0.0007296313858335626,0.029937889550409953,-0.005793759802619482,0.47363466828488565,-0.00343883390043472,-0.05071891003508166,-0.004007052237119396,679.7010218864593,664.5532950115964,667.8709938603222,654.4273482656164,0.0,0.0,0.0
12.324,-13.985275816506471,-13.98834729824987,2.019136176218647,0.7944920343510539,1.8971110064078442,-177.98139509544774,-13.98000267749988,-13.979998770260417,1.9999999999999991,-178.25023275626145,-0.0232905398246314,0.021581935025252973,-0.04615288137501861,-0.012577346420946545,-0.045064435045222985,-0.007817519360160886,0.44801273357828986,-0.002580364010239421,-0.03390473586046793,-0.0028289779837814234,675.0943478687692,664.8568244665385,666.6634123833882,657.770986377934,0.0,0.0,0.0
12.376000000000001,-13.984483496040204,-13.989244310084873,2.0170853012724566,0.7397966361922526,1.667563305008747,-178.0099608053872,-13.980004150649853,-13.979998768257099,1.9999999999999991,-178.25023275626145,-0.006975407477793209,0.014374690171778736,-0.0361884832408738,-0.021385429980255187,-0.09575597568862175,-0.00893326813901068,0.41492377859285806,-0.0017535912454340347,-0.018569216545027217,-0.0018333682644609166,670.7197567238027,664.9992176610882,665.2092108070908,660.4399313859526,0.0,0.0,0.0
12.428,-13.98449184468698,-13.989807326771805,2.015483062049946,0.6639332789481747,1.3271077240832718,-178.04163310967604,-13.980004248036009,-13.97999886048099,1.9999999999999991,-178.25023275626145,0.006548000084073328,0.007874949401531528,-0.027553184742388787,-0.027400548855481755,-0.1242296569389777,-0.009337806697876904,0.38062691902545526,-0.001004564490210809,-0.005609450847234507,-0.0010279457806881861,666.8855707981434,665.0185008346816,663.7776204216945,662.4721653457993,0.0,0.0,0.0
12.48,-13.985127153956114,-13.990072468258273,2.014269240703593,0.5747940153187261,0.9362452692480452,-178.073568599826,-13.980003725012605,-13.97999898330024,1.9999999999999991,-178.25023275626145,0.01662470946875122,0.002218690127515499,-0.020356544220791084,-0.030965542203989043,-0.1338067161574017,-0.009208005346447203,0.3480968749683589,-0.00035490579828540217,0.004485917550690895,-0.0004063198825975583,663.7482136403355,664.9171991877736,662.5276141298946,663.899772047303,0.0,0.0,0.0
12.532,-13.98619542316245,-13.990080635927312,2.0133836262705196,0.4790254480103412,0.5441938972131614,-178.1038216763521,-13.980002990414834,-13.979999104880882,1.9999999999999991,-178.25023275626145,0.02307429465440834,-0.002522262355287412,-0.014500445213012863,-0.03247092118070432,-0.12852457271951262,-0.008719038147745847,0.31827631630826325,0.00019608386893180466,0.011591081741928605,5.066259123652676e-05,661.3389479889267,664.6811110339854,661.5346848479612,664.7649705329321,0.0,0.0,0.0
12.584000000000001,-13.987505842165927,-13.989875075451696,2.0127696008363976,0.3820898182512189,0.1876273386943045,-178.1312496003314,-13.980002250580572,-13.979999211287277,1.9999999999999991,-178.25023275626145,0.026091048749826352,-0.006329118044962542,-0.00980804126768016,-0.03227432417044608,-0.11265130033705384,-0.007999614543839573,0.29122475435420925,0.0006426169045535175,0.015866565529917477,0.0003677984621176654,659.6117174345411,664.3002270115453,660.8129980354262,665.1298865580472,0.0,0.0,0.0
12.636000000000001,-13.988887760599653,-13.989499335204215,2.0123752701148834,0.2883700107307885,-0.10924772023587874,-178.15535732442484,-13.980001597432057,-13.979999298179202,1.9999999999999991,-178.25023275626145,0.026136224556433475,-0.009226005724433653,-0.006093967389710975,-0.03073594248219081,-0.09029428866569726,-0.007160306072528988,0.26677021302386994,0.0009866827082962316,0.017677907486258453,0.000571534231788275,658.4748164069672,663.7820836657392,660.3404114448548,665.0752421080599,0.0,0.0,0.0
12.688,-13.990201449389652,-13.988995567306361,2.012153980416664,0.20119366890307577,-0.333657963553126,-178.1760840888455,-13.98000106121107,-13.979999365983968,1.9999999999999991,-178.25023275626145,0.023832443683535882,-0.011270264937927151,-0.003204383213024801,-0.028191026885946872,-0.06505190417483982,-0.006272996992384053,0.2448848356078463,0.0012323611960211363,0.01749687650371096,0.0006886032500803403,657.8196425638266,663.1504801073338,660.0813631245107,664.6973665259995,0.0,0.0,0.0
12.74,-13.991343352014317,-13.988403175320753,2.0120640891171147,0.12296542885752687,-0.48233432309881996,-178.1936265541888,-13.98000064123134,-13.979999417186841,1.9999999999999991,-178.25023275626145,0.019869805926304863,-0.012543470758343389,-0.0010222945383132009,-0.024941076139384805,-0.039835468026686985,-0.005391358151809451,0.22574409361215408,0.001382719778095915,0.015826891709501,0.0007401284914592885,657.5445129054841,662.4464580475035,659.9927326117186,664.0942492224846,0.0,0.0,0.0
12.792,-13.992246849703866,-13.987757780675143,2.012068943369422,0.05525607358151925,-0.5594242894002519,-178.20830387188747,-13.980000323205338,-13.979999454884615,1.9999999999999991,-178.25023275626145,0.01492963587271128,-0.013143545420515984,0.0005436573290851627,-0.021260089495616086,-0.016849481683845636,-0.004548670094468165,0.2096173549170506,0.0014440416234382985,0.01317323140975711,0.000754374403691366,657.5400999020602,661.70600029068,660.0452555843879,663.3775069495892,0.0,0.0,0.0
12.844000000000001,-13.992879609095121,-13.987090496317617,2.0121372383203466,-0.0011154890564941712,-0.5743383001367812,-178.22045998594734,-13.980000088546564,-13.979999482072119,1.9999999999999991,-178.25023275626145,0.009626995589505546,-0.01317770559263259,0.0015825668150355708,-0.01739420377647439,0.002444919403836611,-0.0037669522509677354,0.19662716634089925,0.0014276309420689437,0.009992093400203987,0.0007283105139084156,657.7451983579479,661.0010359209928,660.1727414953599,662.6070795600435,0.0,0.0,0.0
12.896,-13.993238584800404,-13.986427497235095,2.012243366895591,-0.04599153246868557,-0.5396668992417172,-178.2304197944909,-13.979999919002461,-13.97999950133877,1.9999999999999991,-178.25023275626145,0.0044726654927351546,-0.01275618374360477,0.002181316194066407,-0.013552982531755664,0.017227750290863438,-0.003057406943605387,0.18673728241757642,0.0013478431253712495,0.006681862543654439,0.0006817694808792401,658.0725252830968,660.3623870867859,660.3473395753034,661.8641175635835,0.0,0.0,0.0
12.948,-13.993343680385697,-13.985789866298852,2.012367286045781,-0.07975325083601309,-0.46938513116205066,-178.2384656165659,-13.979999798664016,-13.979999514783128,1.9999999999999991,-178.25023275626145,-0.00014745967838309914,-0.011986877395385506,0.0024305735624515564,-0.009901297163095997,0.027274256850265736,-0.002425690064302896,0.1796978708581344,0.001218569377130834,0.0035514140503359066,0.0006235872784238716,658.4590355298689,659.81947129227,660.5347501702435,661.1983563110963,0.0,0.0,0.0
13.0,-13.993230919547738,-13.98519367534972,2.0124942723905463,-0.10320099800532719,-0.3772813549981894,-178.24483733280505,-13.979999714572957,-13.979999524034097,1.9999999999999991,-178.25023275626145,-0.003977229404000582,-0.010971124797870647,0.002420221287542,-0.006571223554178751,0.03280886423431808,-0.0018723711699896565,0.17509782646180821,0.0010568647456473967,0.0008229305092181585,0.000558227853472981,658.8563448262804,659.3924888808764,660.704018780238,660.637453607908,0.0,0.0,0.0
13.052000000000001,-13.992945837478848,-13.984650261566905,2.0126142353956733,-0.11745938590523432,-0.2758980015297639,-178.24974889843674,-13.979999656635428,-13.979999530316844,1.9999999999999991,-178.25023275626145,-0.006882930363075364,-0.00980038134366538,0.0022327494392320553,-0.0036508723974667443,0.034374254053382736,-0.0013970553282405822,0.17245118093439596,0.000878277152680646,-0.0013602583930806093,0.0004906143802668378,659.2250618561253,659.087600680884,660.8339232369242,660.1968059102858,0.0,0.0,0.0
13.104000000000001,-13.992537571709452,-13.984166660333235,2.012720922989072,-0.12382866988334389,-0.1757131939329272,-178.25339209844725,-13.979999617239216,-13.979999534530508,1.9999999999999991,-178.25023275626145,-0.008837421878611206,-0.008553995352977914,0.0019397974131796637,-0.0011838167665295819,0.03275178120523706,-0.0009955269307569486,0.17125613793440553,0.0006930891462215795,-0.002944078106284881,0.0004227658893711057,659.5425784601875,658.9006594031114,660.910386145631,659.8750071364829,0.0,0.0,0.0
13.156,-13.992053998078337,-13.983746139022605,2.012811061941694,-0.12369427007004567,-0.08471554953734299,-178.25595122404687,-13.979999590785827,-13.979999537321818,1.9999999999999991,-178.25023275626145,-0.009898237946323373,-0.0072981614743823624,0.001597275516452205,0.0008106660396679946,0.02879230745567111,-0.000664513369464583,0.17107014876882476,0.0005121383164759934,-0.003929747498864216,0.0003577107242685371,659.7936254750356,658.8191442821989,660.9295670439667,659.6649289825315,0.0,0.0,0.0
13.208,-13.99153808145325,-13.98338879222036,2.012883513467523,-0.1184574244037883,-0.00835049042922605,-178.25760325721046,-13.979999573241232,-13.979999539148029,1.9999999999999991,-178.25023275626145,-0.01018375438702527,-0.00608558249248333,0.0012457979876413796,0.0023371656456619783,0.023348371531673698,-0.00039691736173820617,0.1715325014408056,0.0003453483693396555,-0.004366219839268769,0.0002963346336529339,659.9743866129159,658.8280589095779,660.89285677382,659.5512853790063,0.0,0.0,0.0
13.26,-13.991025450780967,-13.98309216631242,2.012938597763576,-0.10945584775203622,0.050401062089752466,-178.2585160889816,-13.979999561748874,-13.979999540327546,1.9999999999999991,-178.25023275626145,-0.00984966749300915,-0.004955797791102045,0.0009117797284410716,0.0034289570459290486,0.017217908443725567,-0.0001862983562106908,0.17237505044385099,0.00019718747473044217,-0.004342968687942636,0.00024000790395007325,660.0888574112953,658.9070920438616,660.8092411021717,659.5163614887591,0.0,0.0,0.0
13.312000000000001,-13.99054313606632,-13.982851877165078,2.0129775355175505,-0.09790873990835945,0.09071343580721669,-178.25884869836955,-13.979999554316816,-13.979999541079039,1.9999999999999991,-178.25023275626145,-0.00906737668015633,-0.00393619615445584,0.0006103077016748833,0.004129386971747086,0.011069162707874666,-2.5832100002949734e-05,0.17341185404912618,7.150744991484361e-05,-0.003965563788342088,0.0001894907385039659,660.1460873286665,659.0362335903324,660.6909089984692,659.5412091866133,0.0,0.0,0.0
13.364,-13.990109312184238,-13.982662192058484,2.0130020510231867,-0.08488550342989323,0.1134919764456728,-178.25874443958264,-13.97999954957528,-13.97999954155075,1.9999999999999991,-178.25023275626145,-0.008006033494524093,-0.0030433769974931952,0.000348187442075734,0.004493370929825164,0.005421391983925722,9.169525127300281e-05,0.1745219596615697,-3.072178937507512e-05,-0.0033458797386860433,0.00014524226637288335,660.1583718866926,659.1961246950115,660.5516617011529,659.6075002341128,0.0,0.0,0.0
13.416,-13.98973384059177,-13.982516556375737,2.0130140948039936,-0.0712843094816883,0.12089891428571327,-178.25832824774736,-13.979999546594554,-13.979999541841934,1.9999999999999991,-178.25023275626145,-0.0068188856984816954,-0.0022847641981600273,0.0001269028330101116,0.00457960880297717,0.000630746801982509,0.00017342433992164418,0.17562924028217025,-0.00011003323898251677,-0.0025894229513483804,0.00010729976049251899,660.1389924251908,659.3698047181656,660.404710908491,659.698547462286,0.0,0.0,0.0
13.468,-13.989419381139218,-13.982408050274131,2.0130156724029047,-0.057831706794538834,0.1158925220637992,-178.25770554031274,-13.979999544751463,-13.97999954201821,1.9999999999999991,-178.25023275626145,-0.005634103774421953,-0.0016603034286697186,-5.4903064763734875e-05,0.004445183704790915,-0.0030960661750129904,0.00022642562301933262,0.17668354547797396,-0.00016728744844619328,-0.0017906913674850548,7.530899431716199e-05,660.1009107089542,659.5430579919125,660.2617871804083,659.7994052354006,0.0,0.0,0.0
13.520000000000001,-13.989162852471413,-13.982329769345794,2.013008728634998,-0.045085531761793834,0.10179693843150298,-178.2569622119191,-13.979999543633431,-13.97999954212244,1.9999999999999991,-178.25023275626145,-0.0045497739670155805,-0.001164112899452775,-0.00020005317818343936,0.004145209880208356,-0.00568386938195101,0.0002553440072356166,0.1776509260607558,-0.00020438497460454892,-0.0010282187936855812,4.9443855521128015e-05,660.054639141574,659.7034852480971,660.1333477703993,659.8986961900836,0.0,0.0,0.0
13.572000000000001,-13.988957042482767,-13.982275126965268,2.012995091136303,-0.03344858857145806,0.08197263443427312,-178.2561642416487,-13.979999542970695,-13.979999542182256,1.9999999999999991,-178.25023275626145,-0.0036324024180929134,-0.0007860383070348453,-0.0003120798825161637,0.003730849691824756,-0.0071702838377453865,0.0002664277411686182,0.17850802815360597,-0.0002239225248305346,-0.00036134320700384904,2.878593170405303e-05,660.0098152826854,659.8430921338654,660.0257570713982,659.9866151230516,0.0,0.0,0.0
13.624,-13.988792207344655,-13.98223808010259,2.0129763983167517,-0.02317801921208595,0.05948037861011109,-178.25535979244657,-13.97999954258913,-13.979999542215225,1.9999999999999991,-178.25023275626145,-0.0029184333528392992,-0.0005130794575437258,-0.00039518158446325116,0.003248155737277901,-0.007689574532329603,0.00026456587899552684,0.17924397651585364,-0.0002293598488062004,0.00017712071033069076,1.2621932466056121e-05,659.9724014093429,659.957521048157,659.9420263211498,660.0578065075058,0.0,0.0,0.0
13.676,-13.988657512044693,-13.982213280917552,2.0129540644677455,-0.014408177191537556,0.03687607381089784,-178.25458300614525,-13.979999542377866,-13.979999542232353,1.9999999999999991,-178.25023275626145,-0.002418283684546153,-0.0003306578914369266,-0.000453576740603049,0.0027347831165999213,-0.007424781802923738,0.00025290145200419865,0.17985516976782717,-0.0002237407534565434,0.0005728779652673451,5.777381076146133e-07,659.9453298785887,660.044777363526,659.8831925138608,660.1100991117104,0.0,0.0,0.0
13.728,-13.98854222136791,-13.982196162549053,2.012929286750621,-0.007175955375212463,0.01614579337875331,-178.2538562970492,-13.97999954226737,-13.979999542240408,1.9999999999999991,-178.25023275626145,-0.002121564086656274,-0.00022364062076859508,-0.0004913135877447683,0.0022206320896280608,-0.0065775103479094,0.0002348902723132499,0.18034320428219344,-0.0002096849593212775,0.0008242859080820424,-8.1524127334173e-06,659.9303602016623,660.1054157442021,659.8480423141534,660.1425562201828,0.0,0.0,0.0
13.780000000000001,-13.988436608322482,-13.982182970366066,2.012903035671752,-0.0014408717480667113,-0.0013465306936532408,-178.25319335543207,-13.979999542214745,-13.979999542243482,1.9999999999999991,-178.25023275626145,-0.0020027257036381767,-0.00017713998758266312,-0.0005124651290359047,0.0017287995315391283,-0.005355788648907099,0.00021294809032068634,0.18071710057551127,-0.00018959651668617441,0.0009437341911999386,-1.417840336574673e-05,659.9271000775633,660.1418941776512,659.8338118885009,660.1566272640861,0.0,0.0,0.0
13.832,-13.988332565002413,-13.982170748574712,2.012876066394163,0.0028950997939379687,-0.014830757009132311,-178.25260125282492,-13.97999954219406,-13.979999542243977,1.9999999999999991,-178.25023275626145,-0.0020267824658685364,-0.00017712069547676652,-0.0005208250719726028,0.0012763009605982702,-0.0039504434286727515,0.00018898587296460487,0.18098997418296517,-0.00016567531171011654,0.000951630416896193,-1.7972850470030114e-05,659.933880630234,660.1577331608231,659.8368972951691,660.155147764432,0.0,0.0,0.0
13.884,-13.988223932178881,-13.982157292208765,2.0128489457992678,0.005971253265684464,-0.02405367527999328,-178.25208252668435,-13.979999542189992,-13.979999542243279,1.9999999999999991,-178.25023275626145,-0.002154479617282161,-0.00021083252191806887,-0.0005197338988810537,0.0008747796249601907,-0.00252294392887113,0.0001644316508775158,0.18117647770053533,-0.00013996160613137174,0.0008726105765335251,-2.005110080320577e-05,659.9485029472336,660.157170819245,659.85309052811,660.1415084074466,0.0,0.0,0.0
13.936,-13.98810658642184,-13.98214107383347,2.012822074494416,0.008014430329611763,-0.029277306876519915,-178.25159307379246,-13.979999542193768,-13.979999542242133,1.9999999999999991,-178.25023275626145,-0.0023466209610556463,-0.00026709535274241976,-0.0005122019649031946,0.0,0.0,0.0,0.18129331342788402,8.707986767763121e-05,0.00027619745669623074,2.8723888251100873e-05,659.9361691554909,660.0396453998002,660.0405259673365,660.0943879017428,0.0,0.0,0.0
13.988000000000001,-13.987978244601761,-13.982121088620481,2.0127957149079214,0.010075266283223127,-0.032140252067572025,-178.25098167522188,-13.979999542200561,-13.979999542240927,1.9999999999999991,-178.25023275626145,-0.0025717139593443954,-0.0003394765708604354,-0.0005005988851993504,0.0,0.0,0.0,0.18135530051189144,-4.4314428578807415e-05,0.0005992426685688752,1.599761416983668e-05,659.9278806933322,660.0859424078237,659.9595668500449,660.1428606587253,0.0,0.0,0.0
14.040000000000001,-13.98783782531398,-13.982096426401748,2.0127700199588823,0.01221756488088374,-0.03270475223749761,-178.25035855722143,-13.979999542207871,-13.97999954223984,1.9999999999999991,-178.25023275626145,-0.0028106402277872453,-0.0004295066001753137,-0.0004868557847158016,0.0,0.0,0.0,0.18137644766086694,-0.00020389875055168687,0.0008593173740319598,2.9923615714888904e-06,659.9320514515152,660.1187308874107,659.8822542232474,660.1850806771778,0.0,0.0,0.0
14.092,-13.987685349775726,-13.982066218186784,2.012745057938831,0.013462246385803704,-0.029842957046523174,-178.24977291401092,-13.979999542214527,-13.979999542238938,1.9999999999999991,-178.25023275626145,-0.003039012811893833,-0.0005344685248595233,-0.00047251184119791845,0.0,0.0,0.0,0.18136961971171645,-0.00034770792081327957,0.00098420243864563,-9.596556056922818e-06,659.9520223299802,660.1333069681073,659.8263837139397,660.2057500887786,0.0,0.0,0.0
14.144,-13.987522376981975,-13.982030066646905,2.012720837459911,0.012749528571866155,-0.02302268507492024,-178.24933131412152,-13.979999542220094,-13.979999542238225,1.9999999999999991,-178.25023275626145,-0.003223728710906012,-0.0006423560276835333,-0.0004586442181685864,-0.0005631852666879289,0.0026779592478499785,0.00010344040267548436,0.18134505812463123,-0.0002023587217405327,-0.00011199659178317254,-5.596682655441325e-05,660.1510733456535,660.061548152564,659.9384472763376,659.9641875348718,0.0,0.0,0.0
14.196,-13.987352103006652,-13.981988495012178,2.0126973272337145,0.010013859602387265,-0.014787784078047145,-178.24911093774,-13.97999954222451,-13.979999542237682,1.9999999999999991,-178.25023275626145,-0.0033373378964927348,-0.0007342178706867858,-0.0004458090975502484,-0.0010859323863070315,0.002728967059682779,5.737436711988088e-05,0.18130917412291217,2.156604469963629e-05,-0.00031036197204983363,-4.404538597987347e-05,660.1301155438138,660.0478672457399,660.0142862145339,659.9197365420521,0.0,0.0,0.0
14.248000000000001,-13.987178334612873,-13.98194291401968,2.0126744703897805,0.0066107154794791964,-0.007235854231473588,-178.24899587458154,-13.979999542227885,-13.979999542237278,1.9999999999999991,-178.25023275626145,-0.0033777966296918765,-0.0007968665927497902,-0.0004342468611697462,-0.0011305433453563417,0.002375368543923877,2.6477145192122567e-05,0.1812661036956269,0.00011084803282273003,-0.0003809739395029499,-3.537380413723113e-05,660.1144859860614,660.037553347477,660.0480990186464,659.9080059077644,0.0,0.0,0.0
14.3,-13.98700453645799,-13.981895028987722,2.0126521938326136,0.0035552246064559593,-0.0009986911640112084,-178.2489595765933,-13.979999542230395,-13.979999542236985,1.9999999999999991,-178.25023275626145,-0.0033552327102180494,-0.0008290673196546625,-0.00042412397089243106,-0.0009388412009956364,0.0018932360217690097,3.1342999590659485e-06,0.1812197800244666,0.00011761027753149833,-0.00039858226117188536,-2.7762343460240954e-05,660.1044618151391,660.0244387799133,660.0610783676973,659.9140455373791,0.0,0.0,0.0
14.352,-13.986833528136025,-13.981846365752155,2.0126304155920356,0.0008992187229023337,0.004075269758109494,-178.24898542573825,-13.97999954223222,-13.979999542236776,1.9999999999999991,-178.25023275626145,-0.0032830148765028997,-0.0008357904543782926,-0.0004155282298297908,0.0,0.0,0.0,0.18117365298287616,-0.00015895543955873708,0.00013058513115730367,-2.610492090968374e-05,660.0651749857062,660.0570948577079,659.94760172048,660.0300746043199,0.0,0.0,0.0
14.404,-13.986667604733135,-13.981798275635773,2.0126090517312685,-0.0021783929228090435,0.009075125191148494,-178.24906037051502,-13.979999542233521,-13.979999542236632,1.9999999999999991,-178.25023275626145,-0.0031673297469467622,-0.0008170774909470147,-0.0004085175605416448,0.0,0.0,0.0,0.18113094678747668,-3.280436566359439e-05,-0.00010925066233025419,-2.4545870367217713e-05,660.0782627283926,660.0378039435832,660.0009431220142,659.9791681600491,0.0,0.0,0.0
14.456000000000001,-13.9865088736835,-13.98175218182502,2.012588022045151,-0.00487470180109387,0.013134669566629531,-178.24919575667676,-13.979999542234431,-13.97999954223653,1.9999999999999991,-178.25023275626145,-0.0030130907129713317,-0.0007730829631739756,-0.0004029104319690911,0.0,0.0,0.0,0.18109242440092957,0.00010227393544105003,-0.0003518382325170913,-2.1725169867979322e-05,660.088818654894,660.0177395733501,660.057784976592,659.9284362723989,0.0,0.0,0.0
14.508000000000001,-13.986359027868314,-13.981709346496675,2.0125672535669605,-0.007206295560874771,0.016150791581226086,-178.2493820004289,-13.979999542235063,-13.979999542236461,1.9999999999999991,-178.25023275626145,-0.002829038736184718,-0.0007069492807876051,-0.00039855405576950237,0.0,0.0,0.0,0.18105890327626295,0.0002461970618694277,-0.0005876168310507319,-1.7844813152384264e-05,660.0957893614548,659.9985477745621,660.1164900941955,659.8789893229301,0.0,0.0,0.0
14.56,-13.986219225606419,-13.981670791997649,2.0125466812317163,-0.0083202597224843,0.01720245442774192,-178.24960242843778,-13.979999542235497,-13.979999542236415,1.9999999999999991,-178.25023275626145,-0.0026279085224844264,-0.0006249910279279614,-0.00039525023429678866,0.0,0.0,0.0,0.1810305071676674,0.0003573181145957753,-0.0007664152592900916,-1.3239287964099958e-05,660.0984233985357,659.9819050205925,660.1635208995248,659.843443214072,0.0,0.0,0.0
14.612,-13.986089728058047,-13.981636941973727,2.012526250247307,-0.00734721695088005,0.015401599007651343,-178.24984145889425,-13.979999542235788,-13.979999542236387,1.9999999999999991,-178.25023275626145,-0.002430586782872609,-0.0005414135698063956,-0.0003927674902972558,0.0,0.0,0.0,0.18100670881163117,0.00038485694427743244,-0.0008302634801349829,-8.251774362896453e-06,660.0961573464288,659.9692959577147,660.18290650894,659.8368020085337,0.0,0.0,0.0
14.664,-13.98596953028858,-13.98160723434406,2.0125059148596893,-0.003917918587565578,0.010323604913364889,-178.2500646060558,-13.979999542235982,-13.979999542236364,1.9999999999999991,-178.25023275626145,-0.002264286508451162,-0.0004766678946202022,-0.00039097491654418597,0.0014030030793549032,-0.0020814804779231526,-5.9304239190468925e-05,0.18098768040443963,-0.0002465792714930819,6.640729172087173e-05,1.7709494836812072e-05,660.0220095803404,659.970689885815,660.0008222506818,660.089965864071,0.0,0.0,0.0
14.716,-13.985856260456018,-13.98158003894674,2.0124856376634757,-0.00014197603744754445,0.0038714049340991706,-178.25020012840255,-13.979999542236108,-13.979999542236346,1.9999999999999991,-178.25023275626145,-0.002153084080099778,-0.0004471670048607568,-0.00038980884959584686,0.001077907588501357,-0.0021176986753938167,-3.9560615892923406e-05,0.18097398862491546,-0.0002593038771035532,0.0002810113219428816,1.3474639464068442e-05,659.9988142655214,660.0049973027585,659.9622725341857,660.1161644437071,0.0,0.0,0.0
14.767999999999999,-13.985746957082132,-13.981553549466271,2.012465390211593,0.002086905150175069,-0.0017876871472365112,-178.2503017523964,-13.97999954223619,-13.979999542236346,1.9999999999999991,-178.25023275626145,-0.0020988720408408003,-0.0004463796585457404,-0.0003891819240057956,0.0,0.0,0.0,0.18096568354493384,5.8442724535501555e-05,-0.0003166394066084983,1.413275092213541e-06,660.055193050385,659.981651472285,660.0757516850189,659.9689185216658,0.0,0.0,0.0
14.820000000000002,-13.985638955971302,-13.981526608196056,2.012445153364145,0.003651648783806647,-0.0072670417999648506,-178.2504104485098,-13.979999542236243,-13.979999542236346,1.9999999999999991,-178.25023275626145,-0.00209352858162016,-0.00046176276348498915,-0.0003888718460661019,0.0003196209666453026,-0.001164062040112246,-2.1179738375427744e-05,0.1809611971199334,-0.00014837464850550928,0.00038584302324720134,1.1279501918425774e-05,659.9708443336951,660.0384833247806,659.9598202168006,660.111976201518,0.0,0.0,0.0
14.872000000000002,-13.985529740145036,-13.981498415489094,2.0124249161766494,0.004950285493040048,-0.012655971051146983,-178.25048910033505,-13.979999542236277,-13.979999542236346,1.9999999999999991,-178.25023275626145,-0.0021376442604512757,-0.000490284055027391,-0.00038871358200573007,0.0,0.0,0.0,0.180959261453228,-0.00011308421625677151,0.00024186405146161966,5.337342755306178e-06,659.9945156939951,660.0311960730984,659.9770867999846,660.0781845025639,0.0,0.0,0.0
14.924000000000001,-13.985416916265592,-13.9814683401636,2.0124046732343563,0.005502145587169242,-0.01685932171631221,-178.25055321966167,-13.9799995422363,-13.979999542236346,1.9999999999999991,-178.25023275626145,-0.002224508803401121,-0.0005272263726504995,-0.0003886490321117163,0.0,0.0,0.0,0.18095948032146486,-0.00017952989509304246,0.000542965395904359,6.680617216297592e-06,659.9592465631914,660.0627642397305,659.926609352591,660.1323926011928,0.0,0.0,0.0
14.976,-13.98529865551125,-13.98143611294741,2.0123844234539847,0.005014627249637726,-0.01908083704779898,-178.2505954903788,-13.979999542236314,-13.979999542236346,1.9999999999999991,-178.25023275626145,-0.0023408342941779975,-0.0005650355185068618,-0.00038863904792222617,0.0,0.0,0.0,0.18096150504881509,-0.00020533867670330375,0.0007976462443016254,7.574107086933369e-06,659.9254594875454,660.0941673154629,659.8879430757721,660.173615658211,0.0,0.0,0.0
15.028,-13.985174060825242,-13.981401970306434,2.01236416922205,0.0032111608501702977,-0.01816313067108363,-178.2506140320062,-13.979999542236314,-13.979999542236346,1.9999999999999991,-178.25023275626145,-0.002464503063910187,-0.0005933903161446037,-0.0003886912001253017,0.0,0.0,0.0,0.18096533391834718,-0.00016821416562556938,0.0009358696252457326,7.970504287858647e-06,659.9000169035928,660.1186694829828,659.8741735918762,660.1886410988869,0.0,0.0,0.0
15.08,-13.985043654623253,-13.981366778009265,2.012343916093264,0.00019179373482268092,-0.01331637949395617,-178.25061000971667,-13.979999542236314,-13.979999542236346,1.9999999999999991,-178.25023275626145,-0.002564477563236909,-0.0006007845623604567,-0.00038881251748404134,-0.0011143742850643916,0.0021581861418608164,3.877477637680338e-06,0.18097085852518635,0.00036789985857078444,6.363641553662589e-05,6.5048439050714424e-06,659.9500357595468,660.0729505527507,660.072839967633,659.9861787537492,0.0,0.0,0.0
15.132,-13.984909658612125,-13.981331938142484,2.012323672386431,-0.0022443831511771606,-0.005996456391881986,-178.2505918111467,-13.979999542236314,-13.979999542236346,1.9999999999999991,-178.25023275626145,-0.0026087708221493276,-0.0005812316829234375,-0.0003889015894069818,-0.0005376841066965159,0.00251754210179695,7.525431230770733e-06,0.18097681924814032,0.0002539504892704822,-0.00026862826770100896,4.821443545317216e-06,660.0160426149462,660.0118619481359,660.1017222410111,659.9528793155591,0.0,0.0,0.0
15.184,-13.98477535924161,-13.981298620677814,2.0123034479738364,-0.0027386476656147594,0.0010826750392421598,-178.2505652327111,-13.979999542236314,-13.979999542236346,1.9999999999999991,-178.25023275626145,-0.002587250300903687,-0.0005475448550049929,-0.00038878674981063823,3.663723011150253e-05,0.0022322574127047424,9.897415583427762e-06,0.18098121795013544,7.065498819608687e-05,-0.0004003306325110659,3.418133793135524e-06,660.0629402055665,659.9690390899192,660.0925283888165,659.9583800469173,0.0,0.0,0.0
15.235999999999999,-13.984643967700153,-13.981267164665212,2.0122832513719504,-0.0021735793993159524,0.006943813825313522,-178.25053040141913,-13.979999542236314,-13.979999542236346,1.9999999999999991,-178.25023275626145,-0.0025078181624257254,-0.0005145942345021462,-0.00038845371685954127,0.0,0.0,0.0,0.1809836414909705,7.707192238274891e-05,0.00021373731848214257,6.246512148292239e-06,659.9707137228752,660.0535450522224,660.0099670008148,660.048892447897,0.0,0.0,0.0
15.288000000000002,-13.984518175948384,-13.981237380100087,2.012263087972874,-0.0010829277204327452,0.012725327979313441,-178.2504797895839,-13.979999542236314,-13.979999542236346,1.9999999999999991,-178.25023275626145,-0.0023797064227520127,-0.0004891718052663214,-0.0003880021264133585,0.00029209365169172543,0.0013834574177707221,1.1325270629657995e-05,0.18098489240539858,-7.122049431769115e-05,-0.0006098205068859247,1.1319455391800193e-06,660.1162286675152,659.9222495365979,660.0990802768039,659.9456729701709,0.0,0.0,0.0
15.340000000000002,-13.98440049957944,-13.981208835936094,2.0122429604683845,0.00010153812164281888,0.017756197788496218,-178.25042625711112,-13.979999542236314,-13.979999542236346,1.9999999999999991,-178.25023275626145,-0.002204405343496068,-0.00047452458846977555,-0.00038744950604937655,0.0,0.0,0.0,0.18098505468201295,-8.381014328227393e-06,-0.00039225471074896476,4.0796133787051066e-06,660.0722296593623,659.9581169284617,660.0811400016427,659.9718034566991,0.0,0.0,0.0
15.392000000000001,-13.984293107720381,-13.98118103498702,2.012222869829586,0.001274767387295408,0.021427762159530142,-178.25036184164975,-13.979999542236314,-13.979999542236346,1.9999999999999991,-178.25023275626145,-0.001992376266996132,-0.0004706091814566553,-0.0003868008541910467,0.0,0.0,0.0,0.18098414439019822,-6.738963403729665e-05,-0.0006955940419902943,2.7381228168989225e-06,660.1256712526032,659.9083518700338,660.1140616864666,659.9351333171452,0.0,0.0,0.0
15.444,-13.984197477291364,-13.981153486008402,2.012202815172515,0.0021619285456474825,0.022726725827002216,-178.2502945727271,-13.979999542236314,-13.979999542236346,1.9999999999999991,-178.25023275626145,-0.00175924278546536,-0.00047641480759028163,-0.0003860768683748209,0.0,0.0,0.0,0.18098239066930596,-0.00012390202609386216,-0.0009318396210188088,1.2963904890581902e-06,660.1693160978849,659.8686118345764,660.1376221335448,659.9075005353524,0.0,0.0,0.0
15.496,-13.984113971737653,-13.98112580614456,2.0121827941575487,0.0023670519353890564,0.020512313488193698,-178.25022890714183,-13.979999542236314,-13.979999542236346,1.9999999999999991,-178.25023275626145,-0.0015304432885472861,-0.00048786373068473494,-0.0003853096849949067,0.0,0.0,0.0,0.18098018131666763,-0.00015735308727925454,-0.001027799604028415,-7.48451469379277e-08,660.1895861497898,659.852023002519,660.144570484346,659.8966439886866,0.0,0.0,0.0
15.548,-13.984041349383016,-13.981097878589505,2.0121628034968255,0.001605973475672782,0.014210626869493512,-178.2501739478958,-13.979999542236314,-13.979999542236346,1.9999999999999991,-178.25023275626145,-0.0013397293564792478,-0.0004976510471376375,-0.00038455060545803966,-0.00037941143100630114,-0.0025799410062710784,1.375443365971063e-05,0.18097812235452704,-2.7316129217362173e-06,6.668609851481864e-05,-6.162591794561471e-06,660.0200912344262,660.0383069487589,660.0022460260059,660.0220183044837,0.0,0.0,0.0
15.6,-13.983976613585266,-13.981069951555714,2.0121428395737193,0.0003118527735592722,0.0061658366036845035,-178.2501448498256,-13.979999542236314,-13.979999542236346,1.9999999999999991,-178.25023275626145,-0.001217135593822247,-0.0004980182238029662,-0.0003838702807838122,-0.0004352049131587536,-0.0026581709057710247,7.966574662162826e-06,0.18097702009180822,5.869750783811063e-05,0.0003293048790546641,-4.6948574268939155e-06,659.9718754884724,660.0823878741611,659.9755922585916,660.0526692464271,0.0,0.0,0.0
15.652,-13.98391600073923,-13.981042482635463,2.0121228997515734,-0.0008101516582984745,-0.001004262029484971,-178.25012737707445,-13.979999542236314,-13.979999542236346,1.9999999999999991,-178.25023275626145,-0.0011657864345027667,-0.0004872388743417784,-0.0003832750724521727,-0.00032747983383356766,-0.0022005888054854096,4.543334580156361e-06,0.1809770197456097,6.007017906800955e-05,0.00040957140429385427,-3.833383768226101e-06,659.9590531629085,660.0928185921466,659.9655470142927,660.0650951270484,0.0,0.0,0.0
15.703999999999999,-13.98385614990848,-13.981015873022875,2.0121029830579675,-0.001600047906055758,-0.006701981907721572,-178.25011726849644,-13.979999542236314,-13.979999542236346,1.9999999999999991,-178.25023275626145,-0.0011731619653192293,-0.0004680355426176201,-0.0003827181741676771,0.0,0.0,0.0,0.18097769249750886,-2.893751842973105e-05,-0.00018873754174765213,-2.4147510931383244e-06,660.0549910368794,659.9929916640071,660.0400619612665,659.9945464042545,0.0,0.0,0.0
15.756000000000002,-13.98379435669388,-13.98099040346069,2.0120830899702957,-0.0024297956720212488,-0.012400792791944037,-178.2501117813963,-13.979999542236314,-13.979999542236346,1.9999999999999991,-178.25023275626145,-0.0012295114158298315,-0.000442354223655639,-0.0003821335483689655,0.0,0.0,0.0,0.18097837479741422,1.710350161457707e-05,0.00010982602593665532,-2.5306195153689376e-06,660.0060966630567,660.0422493988572,660.0039597540822,660.0303697516904,0.0,0.0,0.0
15.808000000000002,-13.983728047291974,-13.980966350007387,2.012063221617468,-0.003271169486774211,-0.018014744963610857,-178.2501131192797,-13.979999542236314,-13.979999542236346,1.9999999999999991,-178.25023275626145,-0.0013355627047699008,-0.00040959567474374396,-0.00038150045005225783,0.0,0.0,0.0,0.18097882606080862,7.23436858318768e-05,0.00046116356388895924,-2.5039633570337535e-06,659.9481726419447,660.1001289886524,659.9618448497359,660.0725917398963,0.0,0.0,0.0
15.860000000000001,-13.983654765951801,-13.980943983412887,2.0120433789180026,-0.0037875765604009925,-0.022195107913799667,-178.25012108665697,-13.979999542236314,-13.979999542236346,1.9999999999999991,-178.25023275626145,-0.0014852820863649572,-0.00037087760130303436,-0.0003808435191817779,0.0,0.0,0.0,0.18097925708974116,0.00012157980757915686,0.0008046814513412861,-2.338694110848548e-06,659.8920199867878,660.1558426881289,659.92017719072,660.1147437733972,0.0,0.0,0.0
15.912,-13.98357276058821,-13.980923441852104,2.0120235627306156,-0.0036203821595531278,-0.023434585711094177,-178.2501349215424,-13.979999542236314,-13.979999542236346,1.9999999999999991,-178.25023275626145,-0.001659982670931667,-0.00033044906910846084,-0.00038021043647137463,0.0,0.0,0.0,0.1809801063258656,0.00014542726887287107,0.0010597323283794526,-2.051097869026567e-06,659.8519154492519,660.1951756722934,659.8876648130561,660.1480844752673,0.0,0.0,0.0
15.964,-13.98348165357878,-13.980904593939705,2.0120037744838113,-0.0025239796042338582,-0.020441047452044912,-178.25015348438518,-13.979999542236314,-13.979999542236346,1.9999999999999991,-178.25023275626145,-0.0018284930706983274,-0.0002953567647683008,-0.0003796631274129897,0.0,0.0,0.0,0.180981933542442,0.00012629384842361932,0.0011410227454224297,-1.6638663110264382e-06,659.8425583356222,660.2035227344627,659.8739299508165,660.1629528835048,0.0,0.0,0.0
16.016,-13.983382995016736,-13.980886954660185,2.011984016846844,-0.0007193154987465474,-0.01304755625416048,-178.25017072100167,-13.979999542236314,-13.979999542236346,1.9999999999999991,-178.25023275626145,-0.0019510801384015446,-0.00027372742303421663,-0.0003792342933892963,0.0005849750087087944,0.0028431702457541973,-4.774565832396098e-06,0.1809849724232985,-0.0001594068217280651,-9.109719445892341e-05,4.1060934011218404e-07,660.0559214188457,659.9845711225863,660.0116561251662,660.0311125147813,0.0,0.0,0.0
16.067999999999998,-13.983280197869489,-13.980869826919399,2.0119642940393634,0.000501438278537447,-0.004365932805541867,-178.25018365444473,-13.979999542236314,-13.979999542236346,1.9999999999999991,-178.25023275626145,-0.001999167330882199,-0.00026716497743114207,-0.00037881026282603767,0.0002853483373521864,0.0028667063913540847,-4.093728800285015e-06,0.18098797267087996,-9.309524799164262e-05,-0.00035670262274463817,4.377600328273889e-07,660.0843226638883,659.9562081095077,660.0590209492082,659.9839386035429,0.0,0.0,0.0
16.119999999999997,-13.983177266676398,-13.980852759974683,2.0119446109648598,0.0009328893772219633,0.0034539354064690277,-178.25019474663523,-13.979999542236314,-13.979999542236346,1.9999999999999991,-178.25023275626145,-0.0019718523400059735,-0.000268507490972851,-0.00037828594470267954,6.996631738343724e-05,0.002421864821585574,-3.531272866988934e-06,0.18098974598422557,-3.221608074758998e-05,-0.0004723703502453373,4.685602102012008e-07,660.0921207997723,659.9484009860535,660.08424325163,659.958875700556,0.0,0.0,0.0
16.171999999999997,-13.983077772492448,-13.980835646459388,2.0119249711318754,0.0009680187478869473,0.0095891782605031,-178.2502045682084,-13.979999542236314,-13.979999542236346,1.9999999999999991,-178.25023275626145,-0.0018816651129098575,-0.0002719628531803075,-0.0003776393422998795,0.0,0.0,0.0,0.18098996261469374,-1.245396041826626e-05,0.0001833569056178501,-5.932533316120902e-07,659.9974046659113,660.0460823210477,659.9922142629546,660.0479864881005,0.0,0.0,0.0
16.224,-13.982984506012617,-13.980818548374785,2.0119053756572383,0.0008639188104399745,0.015019694129464446,-178.25021681123445,-13.979999542236314,-13.979999542236346,1.9999999999999991,-178.25023275626145,-0.0017431162514700207,-0.00027508332652006096,-0.0003769317990214679,0.0,0.0,0.0,0.18098918570790207,-1.3854482378010269e-05,-0.00011400888629667257,-3.38639422143183e-07,660.0395900542717,660.0031711828497,660.0347062078637,660.0061795424177,0.0,0.0,0.0
16.276,-13.982899857855188,-13.980801588084985,2.011885823637161,0.0006694730641777867,0.020391304582389292,-178.25022954318322,-13.979999542236314,-13.979999542236346,1.9999999999999991,-178.25023275626145,-0.0015589339699091471,-0.0002769088280878025,-0.00037621110298075245,0.0,0.0,0.0,0.18098791010578147,-1.0696956645937474e-05,-0.00046408169609131483,-7.230827947037756e-08,660.0886047015749,659.9533750957613,660.0853579948422,659.9562219062304,0.0,0.0,0.0
16.328,-13.982826083447314,-13.98078492515262,2.0118663129432157,0.00039750586802026047,0.024472167544351962,-178.2502415734546,-13.979999542236314,-13.979999542236346,1.9999999999999991,-178.25023275626145,-0.0013342038108253515,-0.00027670176762691854,-0.00037545912143258114,0.0,0.0,0.0,0.18098602388632612,-2.695214716034932e-06,-0.0008120967311812736,1.7918648432227622e-07,660.1366396042152,659.9045650201278,660.1363682283667,659.9058291564356,0.0,0.0,0.0
16.38,-13.982764803951795,-13.980768732835601,2.0118468405878405,8.61699082219395e-05,0.02574618999077781,-178.25025224012845,-13.979999542236314,-13.979999542236346,1.9999999999999991,-178.25023275626145,-0.0010863029873295293,-0.00027392380287235673,-0.00037467547033590514,0.0,0.0,0.0,0.18098361661384668,9.19572068446703e-06,-0.0010781609739519483,4.0300559434246396e-07,660.1724699676538,659.8679998438375,660.1762043845956,659.86649640587,0.0,0.0,0.0
16.432,-13.982717155203279,-13.980753452445155,2.011827727883333,-0.00017606543025736483,0.022971621123119384,-178.25026049576115,-13.979999542236314,-13.979999542236346,1.9999999999999991,-178.25023275626145,-0.0008496593060447332,-0.00026863360623505294,-0.00037612834517225096,-7.056746740648914e-05,-0.0015640520334864317,-2.1437515816572253e-06,0.18099263659086523,4.885700141918462e-05,-0.0005766306734320522,1.3457582721379045e-06,660.0942979826789,659.9439735615869,660.1119385550022,659.9337835106867,0.0,0.0,0.0
16.483999999999998,-13.982679159622212,-13.980738269819689,2.0118078381628255,-0.00023117944602556964,0.016329263249147925,-178.2502641840674,-13.979999542236314,-13.979999542236346,1.9999999999999991,-178.25023275626145,-0.0006486395950007433,-0.0002614970496205968,-0.0003743170296644505,1.5100347343294153e-05,-0.0024822829528860354,-8.368816429450171e-07,0.18099550929849775,2.037608634995124e-05,-0.00013496903129547248,9.562111548578058e-07,660.0360493797331,660.0034101945666,660.044500950977,660.0002546169655,0.0,0.0,0.0
16.535999999999998,-13.982650155191969,-13.980723988796242,2.0117884362787386,-9.11318825918021e-05,0.00841135357492048,-178.25026547147894,-13.979999542236314,-13.979999542236346,1.9999999999999991,-178.25023275626145,-0.0005195034293694488,-0.000254922563943096,-0.00037270843187729025,6.148585379191206e-05,-0.002707839271718907,-1.9619374290311228e-07,0.1809858070816658,-1.4397583733477026e-06,0.0001499052199086426,7.542642660117454e-07,659.9986409978686,660.0409279928533,660.000319858052,660.0434268811705,0.0,0.0,0.0
16.587999999999997,-13.98262559734311,-13.980710137108236,2.011769084983019,0.00010073434443961439,0.0006161186028428744,-178.25026518566676,-13.979999542236314,-13.979999542236346,1.9999999999999991,-178.25023275626145,-0.0004630895135117239,-0.00024998856249255924,-0.0003718578840977024,6.170058001155496e-05,-0.002507731674151405,2.7392801425424267e-07,0.18098292492872378,-9.223650138892779e-06,0.00032757855794082085,5.804125457353301e-07,659.9746185741932,660.065294673129,659.9735987762297,660.0695289322438,0.0,0.0,0.0
16.639999999999997,-13.982601863601214,-13.980696513716708,2.011749768480291,0.0002504512097205824,-0.006069026160033981,-178.25026377091632,-13.979999542236314,-13.979999542236346,1.9999999999999991,-178.25023275626145,-0.00047317635836145744,-0.0002467337666539858,-0.0003711799650660584,4.1398191595298775e-05,-0.0020384462306238084,6.060770985356355e-07,0.18098162863073639,-8.887026341229367e-06,0.0004150774398101176,4.322585240505148e-07,659.9622869147738,660.0779809132713,659.9609526454918,660.0817089551821,0.0,0.0,0.0
16.692,-13.982575889097182,-13.980682952904498,2.0117304823373594,0.00033449005305252906,-0.011084828467988403,-178.25026157980432,-13.979999542236314,-13.979999542236346,1.9999999999999991,-178.25023275626145,-0.0005364992077333179,-0.00024463261602845963,-0.0003705602029650655,1.9765129623642242e-05,-0.001432387554761428,8.238031815419238e-07,0.18098093638018536,-6.390922344365757e-06,0.00043148423615225573,3.0757520410945124e-07,659.9597563021919,660.0808343275504,659.9587877167198,660.0835061947882,0.0,0.0,0.0
16.744,-13.982545416940127,-13.980669344012485,2.01171122461937,0.00036294567488799395,-0.014229718092738623,-178.25025878651687,-13.979999542236314,-13.979999542236346,1.9999999999999991,-178.25023275626145,-0.0006363611378029583,-0.00024310618726544145,-0.0003699678265332683,0.0,0.0,0.0,0.18098060691601683,-2.930331322173513e-06,9.12303246725291e-05,5.447920921760987e-07,660.0073910815154,660.0325413104603,660.0080652257674,660.0348846688114,0.0,0.0,0.0
16.796,-13.982509058991935,-13.9806556288864,2.0116919943806044,0.00035627555512448346,-0.0161235977479733,-178.25025441612888,-13.979999542236314,-13.979999542236346,1.9999999999999991,-178.25023275626145,-0.0007569447537789006,-0.00024172420935995035,-0.00036938809782930597,0.0,0.0,0.0,0.18098052457201208,-5.8997004078543445e-06,0.0002770360181637648,4.536317660348003e-07,659.9814790077813,660.0587059576749,659.9810548948232,660.0616424795293,0.0,0.0,0.0
16.848,-13.98246604675643,-13.98064178560367,2.0116727912774857,0.00031455217896537226,-0.016990326036670136,-178.25024902524186,-13.979999542236314,-13.979999542236346,1.9999999999999991,-178.25023275626145,-0.0008887825680581789,-0.00024019826794040256,-0.00036881545537875704,0.0,0.0,0.0,0.1809806444053368,-7.430936153839583e-06,0.00044095685139046296,3.4090529749486353e-07,659.9585109823623,660.0819908480403,659.9573384573712,660.0850512022154,0.0,0.0,0.0
16.9,-13.982416123416574,-13.980627824232172,2.0116536153694318,0.00022603106456939347,-0.01618190701573294,-178.25024310679757,-13.979999542236314,-13.979999542236346,1.9999999999999991,-178.25023275626145,-0.001020503911698898,-0.00023817718803020345,-0.00036826258604650576,0.0,0.0,0.0,0.18098108742512506,-6.643096783554309e-06,0.0005444210162963577,2.1737209116361387e-07,659.9438420801685,660.0970156853139,659.9425517953974,660.0995095224522,0.0,0.0,0.0
16.951999999999998,-13.982359796273366,-13.980613798813692,2.01163446722947,9.12233633278564e-05,-0.013136311983369175,-178.25023704398248,-13.979999542236314,-13.979999542236346,1.9999999999999991,-178.25023275626145,-0.001135203683360707,-0.00023524774642386085,-0.00036774531200366444,0.0,0.0,0.0,0.18098198894617482,-3.099009821605731e-06,0.0005460904274947033,9.05179961740709e-08,659.9432906834378,660.0979491882123,659.9426586120325,660.0990824194853,0.0,0.0,0.0
17.003999999999998,-13.982298572868741,-13.980599813931283,2.0116153480886614,-7.222512434638737e-05,-0.00765671992072806,-178.25023128524867,-13.979999542236314,-13.979999542236346,1.9999999999999991,-178.25023275626145,-0.0012124418773152422,-0.00023106525915888624,-0.00036726889659372474,-5.594859534557102e-05,0.002149446894913952,1.7622924503466361e-06,0.18098335975893168,2.4353334692986432e-05,-0.00041028120995529216,-6.622002823175033e-07,660.0766503330533,659.966727911616,660.0817524397819,659.957956732229,0.0,0.0,0.0
17.055999999999997,-13.98223499386273,-13.98058601586868,2.011596259757657,-0.0001812100880067733,-0.0013443882159956174,-178.25022790037858,-13.979999542236314,-13.979999542236346,1.9999999999999991,-178.25023275626145,-0.0012344540037309017,-0.00022560212654209314,-0.00036679486788388025,0.0,0.0,0.0,0.1809847635078954,7.72168122969593e-06,0.0002022549206074609,-1.0110297562791879e-07,659.9910385499926,660.0508454831661,659.9929579765088,660.0483662519053,0.0,0.0,0.0
17.107999999999997,-13.982171919561273,-13.980572535339915,2.011577204377374,-0.00017647933867102352,0.0040155362624860694,-178.25022489096446,-13.979999542236314,-13.979999542236346,1.9999999999999991,-178.25023275626145,-0.0012044164779719175,-0.00021970792763678268,-0.00036626036728542807,0.0,0.0,0.0,0.18098551422411213,8.173171444900782e-06,-1.7355195079389548e-05,-1.6389408954067919e-07,660.0223546341792,660.0197393495154,660.0242286702832,660.0169575071892,0.0,0.0,0.0
17.16,-13.982111845129326,-13.980559443012817,2.011558183512574,-0.00010310266972654431,0.009393792419574689,-178.25022225620023,-13.979999542236314,-13.979999542236346,1.9999999999999991,-178.25023275626145,-0.0011276217818112356,-0.00021422227625176771,-0.000365690009530597,0.0,0.0,0.0,0.18098580137893303,5.398853036047391e-06,-0.0002852683065048023,-2.1915665047123694e-07,660.0609894270665,659.981275169721,660.0619201667139,659.979130359607,0.0,0.0,0.0
17.212,-13.982058139817914,-13.98054701291155,2.0115395625132493,1.6325196810230074e-05,0.013997356601150292,-178.25022040280516,-13.979999542236314,-13.979999542236346,1.9999999999999991,-178.25023275626145,-0.0009070271999412132,-0.00018873941486271102,-0.00032858093000421565,1.827036268750687e-05,0.0005431044929739223,2.0432376818226738e-07,0.1806162663067539,1.293463971699161e-05,-0.0008728358243125041,-3.313671164096071e-07,660.1355589343973,659.8906332446509,660.1383248781848,659.8860304894472,0.0,0.0,0.0
17.264,-13.98201067423338,-13.98053475908667,2.011520509659211,0.00015543264321719538,0.016426923480517417,-178.25021959772056,-13.979999542236314,-13.979999542236346,1.9999999999999991,-178.25023275626145,-0.0008557067112943744,-0.00020644268353326974,-0.00036738701710200747,0.0,0.0,0.0,0.1810053782821731,-7.452292561372567e-06,-0.0007970098225535392,-2.7517973846981197e-07,660.1362099808766,659.907077971077,660.1333257738451,659.9084387231172,0.0,0.0,0.0
17.316,-13.981971507449904,-13.980522893445313,2.011501439182322,0.00024506023767790705,0.015296904968220741,-178.25021953609829,-13.979999542236314,-13.979999542236346,1.9999999999999991,-178.25023275626145,-0.0006959861629551095,-0.00020428095243590032,-0.0003664759051516477,0.0,0.0,0.0,0.18100686018468698,-1.4017715843553182e-05,-0.0008887438357243234,-2.766417701928235e-07,660.1502395864134,659.8931093185702,660.1454817403289,659.8963364129446,0.0,0.0,0.0
17.368,-13.981939984864828,-13.980511352998132,2.0114824342362803,0.0002488632435921032,0.010784572978240016,-178.25022011974474,-13.979999542236314,-13.979999542236346,1.9999999999999991,-178.25023275626145,-0.0005616037938594875,-0.00020269319190644513,-0.0003650331781207242,-1.4780183030259315e-05,-0.0018382144739600603,-2.6209011637423783e-07,0.18100203027736522,-1.182657456201279e-05,-0.00011375283812792693,-1.705664833280981e-07,660.0393110978713,660.0035427600704,660.0354702968325,660.0064389806582,0.0,0.0,0.0
17.419999999999998,-13.981913518302663,-13.980499855049803,2.011463174987348,0.000137680019588468,0.0046854176321850525,-178.25022103768586,-13.979999542236314,-13.979999542236346,1.9999999999999991,-178.25023275626145,-0.0004752662630406855,-0.00020072654145635184,-0.0003616528592612064,-5.0069429586506244e-05,-0.002036604833565743,-3.251680280954778e-07,0.18098733461518585,3.1508656698357433e-06,0.00013841567337419215,-1.288399059522733e-07,660.0008778079768,660.0411997258717,660.0014184607543,660.0399454986792,0.0,0.0,0.0
17.471999999999998,-13.981890712019206,-13.980489004094009,2.011444765548875,-1.4526155732750874e-05,-0.0010147080297324535,-178.25022194945504,-13.979999542236314,-13.979999542236346,1.9999999999999991,-178.25023275626145,-0.0004456252623662966,-0.0001976821953967696,-0.0003613279627108238,-4.876710517094441e-05,-0.0018665731474698424,-3.236445778194787e-07,0.18097641129536335,7.508535791949621e-06,0.0002793778115149397,-1.1028387880510765e-07,659.9799126140488,660.0616255141896,659.9817459323802,660.0591816049482,0.0,0.0,0.0
17.523999999999997,-13.981867475505227,-13.980478139013089,2.01142597065106,-0.00013402735953114004,-0.005922253344994575,-178.2502230687139,-13.979999542236314,-13.979999542236346,1.9999999999999991,-178.25023275626145,-0.00046408324935694764,-0.000193382775596812,-0.0003613168757957147,-3.404247817193866e-05,-0.0014744954589237579,-3.93963904883084e-07,0.18098184367084783,6.155650647797496e-06,0.00034700597287034033,-6.178093355010574e-08,659.9705283810229,660.0711182430889,659.972110694985,660.0691939947988,0.0,0.0,0.0
17.576,-13.98184203277675,-13.98046745731098,2.0114071942926888,-0.00021115788524850494,-0.009430358615550862,-178.25022425572357,-13.979999542236314,-13.979999542236346,1.9999999999999991,-178.25023275626145,-0.000520834828654166,-0.0001882624673185613,-0.00036079249043863054,-4.340095751618389e-06,-0.00020179668270340628,-8.081098783402939e-08,0.1809826312050316,-1.9013701651375611e-06,5.541661524878449e-05,-1.4933720941486496e-07,660.0133452970246,660.0285878647171,660.0123901444839,660.0287158441753,0.0,0.0,0.0
17.628,-13.981812807447097,-13.980456942224604,2.0113884458743847,-0.00026618059909173865,-0.011715338246734118,-178.2502258490903,-13.979999542236314,-13.979999542236346,1.9999999999999991,-178.25023275626145,-0.000602545603351926,-0.000182666247179279,-0.0003601999308662705,0.0,0.0,0.0,0.18098283414890642,-5.359401731546848e-07,0.00015240219567019817,-1.4520253429231206e-07,659.9993396932025,660.0425952491267,659.9987848955337,660.0423457780806,0.0,0.0,0.0
17.68,-13.98177879208413,-13.980446584070384,2.0113697271499023,-0.0003271484366857604,-0.013374170521685588,-178.25022787357855,-13.979999542236314,-13.979999542236346,1.9999999999999991,-178.25023275626145,-0.0007007716346108122,-0.0001766709507357809,-0.00035958056159407617,0.0,0.0,0.0,0.18098280032125877,3.3801293377249756e-06,0.0003241635016476408,-1.0307415664968552e-07,659.9742626047937,660.0675557662831,659.9749399459297,660.0663076449633,0.0,0.0,0.0
17.732,-13.981739331173525,-13.980436384418955,2.011351038195291,-0.00037719474345906457,-0.013898137417386644,-178.25023002940048,-13.979999542236314,-13.979999542236346,1.9999999999999991,-178.25023275626145,-0.0008083775885811897,-0.00017026749182838294,-0.00035897852255353937,0.0,0.0,0.0,0.18098295826196167,7.492869645290728e-06,0.0004653503413720958,-5.811237717539389e-08,659.9535101738466,660.0881885429862,659.9554836029619,660.085893665261,0.0,0.0,0.0
17.784,-13.981694300845138,-13.98042635544781,2.0113323788555952,-0.0003866437692172289,-0.012623143547019662,-178.2502321937971,-13.979999542236314,-13.979999542236346,1.9999999999999991,-178.25023275626145,-0.0009128116261418224,-0.0001636614326074238,-0.00035839913058722855,0.0,0.0,0.0,0.18098336347847416,1.0341160907934148e-05,0.0005353019449424427,-1.2825830423054568e-08,659.9430859201607,660.0984996560767,659.9459961749849,660.0955190409941,0.0,0.0,0.0
17.836,-13.981644393376682,-13.980416515668766,2.0113137496166256,-0.00033267594940393426,-0.009203654544830285,-178.2502339930781,-13.979999542236314,-13.979999542236346,1.9999999999999991,-178.25023275626145,-0.0009965177475707778,-0.00015730829629227518,-0.00035785247194922414,2.6255586440491666e-05,0.0013794553030182322,-4.361106189455522e-07,0.18098409774093352,4.0948112502834775e-07,-2.8797381130610364e-05,1.8142821188938253e-07,660.0245836942647,660.0164980587435,660.0252027756497,660.0168838840412,0.0,0.0,0.0
17.887999999999998,-13.981590173915757,-13.980406701302785,2.011294837008429,-0.00023499233256199194,-0.004415481628455838,-178.25023526367497,-13.979999542236314,-13.979999542236346,1.9999999999999991,-178.25023275626145,-0.001044092475102018,-0.0001516210803589759,-0.00035583744417996463,0.0,0.0,0.0,0.18098047757461047,8.131441135400658e-06,0.0003818602336124846,5.1796246738735876e-08,659.9650945350623,660.0761746110825,659.9675542362143,660.0740021845495,0.0,0.0,0.0
17.939999999999998,-13.98153595510505,-13.980397300985558,2.0112763557231705,-9.54948525333585e-05,0.0016801666602704007,-178.25023630633115,-13.979999542236314,-13.979999542236346,1.9999999999999991,-178.25023275626145,-0.0010428725380043705,-0.0001471557907987,-0.00035519184207269216,4.815968930898e-05,0.0020886212215992417,-2.35569661856e-07,0.18097746601733225,-1.524723196470212e-05,-0.000641957675915883,1.5820903034897454e-07,660.11401017503,659.9268205499658,660.1101060458125,659.9316021825035,0.0,0.0,0.0
17.991999999999997,-13.981483453050535,-13.980388144974903,2.0112578993583856,1.8284936627536157e-05,0.007084454199608403,-178.2502368422574,-13.979999542236314,-13.979999542236346,1.9999999999999991,-178.25023275626145,-0.0009889158637212887,-0.0001439645939498526,-0.0003548982475438156,3.433111349618424e-05,0.001700177722876567,-1.482505409727236e-07,0.1809780682748012,-1.4773842773746532e-05,-0.0007348055642147942,1.3838134931863754e-07,660.1272067208079,659.9137063684633,660.1233825795922,659.9182983211703,0.0,0.0,0.0
18.044,-13.981435116607484,-13.980379251884484,2.011239462068786,8.524888938417683e-05,0.010964944977616688,-178.2502370489617,-13.979999542236314,-13.979999542236346,1.9999999999999991,-178.25023275626145,-0.000892486419466355,-0.00014170279969332844,-0.0003545764447402208,2.792547797621765e-06,0.00020248308387403098,-7.695350033892455e-09,0.18097874422704335,-6.3005515065451635e-06,-0.00038026111436869204,9.257510411466956e-08,660.0755963726837,659.9654932400985,660.0740583141346,659.967544355131,0.0,0.0,0.0
18.096,-13.981392611276465,-13.980370640119014,2.011221045043161,8.438860062726836e-05,0.012365580357629535,-178.2502370177681,-13.979999542236314,-13.979999542236346,1.9999999999999991,-178.25023275626145,-0.000772669831608276,-0.00013982059667201973,-0.0003541812388077638,0.0,0.0,0.0,0.18097901203277522,-6.2870734687417605e-06,-0.0004451602191462864,8.91762169508219e-08,660.0848484017549,659.9562641042421,660.0833047911923,659.9583019947934,0.0,0.0,0.0
18.148,-13.981356508463882,-13.980362324287796,2.011202648829043,3.962378433364632e-05,0.011870430191707445,-178.25023676786086,-13.979999542236314,-13.979999542236346,1.9999999999999991,-178.25023275626145,-0.0006493503573661997,-0.000137807347841564,-0.00035374260587065734,0.0,0.0,0.0,0.18097914687287958,-5.332865378562706e-06,-0.0005177220953671887,8.396595465835386e-08,660.0950548194788,659.9460747393688,660.0937685588475,659.9478264163464,0.0,0.0,0.0
18.2,-13.981326461657165,-13.980354312095798,2.0111842742206285,-4.313329192649474e-05,0.009279358492734816,-178.2502363239196,-13.979999542236314,-13.979999542236346,1.9999999999999991,-178.25023275626145,-0.0005398006368288175,-0.00013529936361052092,-0.00035327841613464557,-3.175545252232678e-05,-0.0011612976002840637,1.5962810884708597e-07,0.18097929738981994,9.954301385634858e-06,-4.843863343715574e-05,1.742970841602622e-08,660.0261423584191,660.015180990187,660.0290258502442,660.012393980082,0.0,0.0,0.0
18.252,-13.981301200268517,-13.980346598829007,2.011165921545034,-0.00011837843036698652,0.005296128349784828,-178.25023590244774,-13.979999542236314,-13.979999542236346,1.9999999999999991,-178.25023275626145,-0.0004613197651990735,-0.0001320718908707774,-0.00035280955394916317,-1.7788875505598788e-05,-0.001367851940346375,1.3745650095056343e-07,0.1809796566487004,8.080412741593945e-06,0.00013707736392805722,1.6558752357213282e-08,659.9999952103285,660.0413400315236,660.0023426560047,660.0390844388616,0.0,0.0,0.0
18.304,-13.981278868781144,-13.98033915785866,2.0111475912549794,-0.00013825760465545459,0.0014849093602434455,-178.25023548373886,-13.979999542236314,-13.979999542236346,1.9999999999999991,-178.25023275626145,-0.00041958330851446025,-0.00012843360401144157,-0.0003523416096937425,-3.394856679247318e-07,-0.0011937068541976285,1.3705448826857615e-07,0.18098026382151053,2.936817173981632e-06,0.0001990762387146904,7.960823808164302e-09,659.9919220136871,660.0494607385547,659.9927805816889,660.0486463364267,0.0,0.0,0.0
18.355999999999998,-13.981258087126282,-13.980332078396998,2.011129632550807,-0.00012379010233208536,-0.001523321626499811,-178.25023508357154,-13.979999542236314,-13.979999542236346,1.9999999999999991,-178.25023275626145,-0.00036881959384982104,-0.00011237771783292695,-0.0003169826248109346,7.083234255132549e-06,-0.0008195538092053912,1.1988045083184353e-07,0.18062805615154565,1.220349471057639e-05,0.0001383585560730321,5.74379009870064e-09,659.99144945767,660.0343340660585,659.9949413921108,660.0308741536755,0.0,0.0,0.0
18.407999999999998,-13.981237057907126,-13.980325164660261,2.011111655602963,-9.535260612099114e-05,-0.0036647623021434208,-178.25023470849985,-13.979999542236314,-13.979999542236346,1.9999999999999991,-178.25023275626145,-0.0003811438228852308,-0.0001094253713578036,-0.00031704137015890364,0.0,0.0,0.0,0.18062442721103208,1.4173510718885444e-05,-7.101120710579389e-05,4.092273427591859e-08,660.0208580532098,660.0046689616546,660.0250083672626,660.0007451925217,0.0,0.0,0.0
18.459999999999997,-13.981213471662803,-13.980317975993971,2.0110926485683445,-6.236507047642536e-05,-0.00528471080318207,-178.250234188706,-13.979999542236314,-13.979999542236346,1.9999999999999991,-178.25023275626145,-0.0005446764658561018,-0.0001422317539176493,-0.0004224303020623498,0.0,0.0,0.0,0.1816867651180259,-2.1051171254315097e-05,0.00015937118791362086,3.009753500008141e-08,660.016616066215,660.0560123763496,660.0107034195004,660.0620913132649,0.0,0.0,0.0
18.512,-13.981189249556106,-13.980311271745578,2.01107470820232,-1.767178147391075e-05,-0.006558318595879202,-178.25023362758455,-13.979999542236314,-13.979999542236346,1.9999999999999991,-178.25023275626145,-0.0004472323824759181,-0.00010427952563462522,-0.0003159977177371537,0.0,0.0,0.0,0.18064037574593741,1.0679708239231365e-05,0.00012998715706573902,1.838545490585696e-08,659.9931162078278,660.0331823536245,659.9962091139051,660.0301914540926,0.0,0.0,0.0
18.564,-13.981161510832829,-13.980304351358567,2.011056191011223,2.1598321547843326e-05,-0.007230564416262778,-178.2502330375673,-13.979999542236314,-13.979999542236346,1.9999999999999991,-178.25023275626145,-0.0005489227430910506,-0.00011366167590791678,-0.00034806021463124504,0.0,0.0,0.0,0.18097047083257758,-2.3920833425354856e-06,0.00026896222616595606,6.039333860235098e-09,659.9825159633481,660.0584422987557,659.9818513207738,660.0591403133781,0.0,0.0,0.0
18.616,-13.981131507387285,-13.980297580477854,2.011038111740163,4.2735425040929444e-05,-0.006827006698989001,-178.25023248661438,-13.979999542236314,-13.979999542236346,1.9999999999999991,-178.25023275626145,-0.0006018404292483782,-0.0001117969710842432,-0.0003474753475140442,0.0,0.0,0.0,0.1809676159217036,-3.848263004792457e-06,0.0003193566285400664,-5.473422174479222e-09,659.975498470597,660.0653637326068,659.9743871469685,660.06644458856,0.0,0.0,0.0
18.668,-13.98109898136878,-13.980290823971014,2.011020041446608,4.318120003533981e-05,-0.005091382727411203,-178.25023199186452,-13.979999542236314,-13.979999542236346,1.9999999999999991,-178.25023275626145,-0.0006457511827812945,-0.00011008794373907181,-0.0003474239765406211,0.0,0.0,0.0,0.1809706418133987,-4.554407418428477e-06,0.00030796712438882886,-1.5844644580390237e-08,659.9773015318798,660.0637216175625,659.975960344466,660.0649748710333,0.0,0.0,0.0
18.72,-13.981064769955207,-13.980284105565776,2.011001975369634,1.7590363791026396e-05,-0.002011470238605317,-178.25023161356512,-13.979999542236314,-13.979999542236346,1.9999999999999991,-178.25023275626145,-0.0006686475191517473,-0.00010832535038498032,-0.00034734410021255155,-1.1638768024472424e-05,0.0011552733822904793,8.827083761716946e-08,0.18097419329606523,3.932541420991291e-07,-0.00022234045950842642,-5.546398265200703e-08,660.0522529293178,659.9890364207009,660.0522113365614,659.988770794555,0.0,0.0,0.0
18.772,-13.981030263771462,-13.9802774771,2.01098391858384,-1.8278504333807596e-05,0.001157495949521349,-178.2502314453245,-13.979999542236314,-13.979999542236346,1.9999999999999991,-178.25023275626145,-0.0006622635824045568,-0.00010631333802698368,-0.0003471567491615011,0.0,0.0,0.0,0.18097733416813283,-2.9099241717930397e-06,0.00010508922709886997,-2.737774077227766e-08,660.0061241273653,660.0352275281871,660.0052194615456,660.0359805145081,0.0,0.0,0.0
18.823999999999998,-13.980996901059937,-13.980270996672498,2.0109658768370897,-5.4060807872952584e-05,0.003826982176015811,-178.25023133925558,-13.979999542236314,-13.979999542236346,1.9999999999999991,-178.25023275626145,-0.000630346182265655,-0.00010403224789683355,-0.0003468556648067716,0.0,0.0,0.0,0.18097981892011755,-1.4577677613337247e-06,-1.4484766332684554e-05,-2.9608818407806308e-08,660.0230052206753,660.018464360588,660.0225080111778,660.0187975731213,0.0,0.0,0.0
18.875999999999998,-13.980965906519721,-13.980264716352515,2.010947854952952,-9.854139590369861e-05,0.006512704982695352,-178.25023130834484,-13.979999542236314,-13.979999542236346,1.9999999999999991,-178.25023275626145,-0.0005753793154827417,-0.00010144702768813845,-0.0003464649743046618,0.0,0.0,0.0,0.1809817290277086,7.258020289117991e-07,-0.00015966575844405742,-3.0288058806541005e-08,660.0434142339021,659.9981438865601,660.0435370766102,659.9978532678313,0.0,0.0,0.0
18.927999999999997,-13.98093942794892,-13.980258916003159,2.010930548457697,-0.00014083875020822823,0.00872012447172917,-178.25023135761282,-13.979999542236314,-13.979999542236346,1.9999999999999991,-178.25023275626145,-0.0004003001996969919,-7.885597520857737e-05,-0.0002768064694259963,-4.059967064785801e-06,0.00020049996371733066,-7.797884689174617e-09,0.18028297996407344,2.369051216698111e-05,-0.00048116545528020436,-2.6491647356557867e-08,660.0704442479301,659.9401401003825,660.0771180360482,659.9333181736828,0.0,0.0,0.0
18.98,-13.980915489786431,-13.980252962017428,2.010911833351536,-0.00016350379049407456,0.009974780649368664,-178.2502314838796,-13.979999542236314,-13.979999542236346,1.9999999999999991,-178.25023275626145,-0.0004901730065842325,-0.00011443446638187318,-0.00041659256409242037,0.0,0.0,0.0,0.18168245967705826,-1.2773834425409378e-05,-0.00036028337432156743,-2.6682731079377504e-08,660.0894262988904,659.9831721342163,660.0857144489287,659.9867367609755,0.0,0.0,0.0
19.032,-13.980897770717222,-13.980247654788949,2.0108941051797906,-0.00014467409358130649,0.009488085767137461,-178.25023166099493,-13.979999542236314,-13.979999542236346,1.9999999999999991,-178.25023275626145,-0.0002810271659507378,-8.291408550102542e-05,-0.0003129625816687096,0.0,0.0,0.0,0.1806661533022743,1.4468216240470414e-05,-0.0005322526890855748,-2.300838372573935e-08,660.087516449812,659.9400360291129,660.0915732415234,659.9358508489191,0.0,0.0,0.0
19.084,-13.980884281452346,-13.980242538454359,2.0108760403452606,-8.650661375290531e-05,0.007034237313898417,-178.2502318538779,-13.979999542236314,-13.979999542236346,1.9999999999999991,-178.25023275626145,-0.00023070726190379149,-8.932423899603588e-05,-0.0003472395383844498,2.2462284772072984e-05,-0.001048764545034568,-5.629904664718275e-08,0.18101287157728732,-4.481841937575997e-06,-7.17269637911505e-05,1.2310243678410524e-09,660.0322791524299,660.010572869114,660.0310060342662,660.0118528452739,0.0,0.0,0.0
19.136,-13.980874250273152,-13.980237656402858,2.010857989237094,-2.7217303580126963e-05,0.003518862011800602,-178.25023200247523,-13.979999542236314,-13.979999542236346,1.9999999999999991,-178.25023275626145,-0.00017623374418261774,-8.710163474705737e-05,-0.00034676409629549675,1.6371841220294974e-05,-0.0012164122104231015,-4.665497192427869e-08,0.1810195567497931,-4.277252313542995e-06,8.736743856053086e-05,8.913211167186923e-10,660.0097395659852,660.0334058432002,660.0085237372167,660.0346265629466,0.0,0.0,0.0
19.188,-13.980866041291538,-13.980232929986922,2.010840008560238,3.018801639182221e-06,3.869171891557223e-05,-178.25023213313293,-13.979999542236314,-13.979999542236346,1.9999999999999991,-178.25023275626145,-0.00015422229410272013,-8.534801030394942e-05,-0.00034510368568625564,6.380686700257266e-06,-0.0011108266604363541,-4.8491203499862004e-08,0.18101331848518298,-1.6997495719160258e-06,0.00016768988108050603,4.292116993761742e-09,659.9977896619542,660.0450680410369,659.9973173979803,660.0455640434515,0.0,0.0,0.0
19.24,-13.980858041914493,-13.98022829372223,2.0108221223157665,1.0699847925489995e-05,-0.002867626235109273,-178.2502322591578,-13.979999542236314,-13.979999542236346,1.9999999999999991,-178.25023275626145,-0.00014560824677976202,-7.541338430754719e-05,-0.00030858024900095845,9.198181621742428e-08,-0.0007804884332729834,-3.5628816590027834e-08,0.18066337947576486,8.182169501464248e-06,0.0001489506523715223,2.3113000514271145e-09,659.991301298647,660.036057407207,659.9936383004322,660.0337333573669,0.0,0.0,0.0
19.291999999999998,-13.980849114130935,-13.980223789544567,2.0108046825653423,7.933126812390387e-06,-0.004918301656387669,-178.2502323689342,-13.979999542236314,-13.979999542236346,1.9999999999999991,-178.25023275626145,-0.00017217484857276428,-7.409484268775702e-05,-0.00030750340834284217,0.0,0.0,0.0,0.18064744512094408,8.159702983858778e-06,-4.530889923185797e-05,-8.167605964406267e-09,660.0186326069958,660.0080514038442,660.0209340922765,660.005704633262,0.0,0.0,0.0
19.343999999999998,-13.980837491721097,-13.98021903542456,2.010786257001264,6.563938183735976e-06,-0.006560671247693887,-178.25023251521708,-13.979999542236314,-13.979999542236346,1.9999999999999991,-178.25023275626145,-0.00028477164567362753,-9.699339532079904e-05,-0.0004089082109548517,0.0,0.0,0.0,0.18166812253384335,-1.52297380881316e-05,0.00012851745270753485,-5.053436024066552e-09,660.0198174329196,660.0520840600151,660.015465580627,660.0564076820384,0.0,0.0,0.0
19.395999999999997,-13.980823776782199,-13.980214537729541,2.0107688837280024,7.032614649498186e-06,-0.007861420688692089,-178.25023266358426,-13.979999542236314,-13.979999542236346,1.9999999999999991,-178.25023275626145,-0.00026631809498858957,-7.141325970288484e-05,-0.0003065608513900957,0.0,0.0,0.0,0.180659572459472,7.483403609645293e-06,0.0001676035497804415,-1.9541899526188735e-09,659.9886685251996,660.0385385109882,659.9907946865537,660.0364016796731,0.0,0.0,0.0
19.448,-13.980806876352379,-13.980210014877763,2.010751510746915,1.1347978068174399e-05,-0.008542117519960877,-178.25023280048404,-13.979999542236314,-13.979999542236346,1.9999999999999991,-178.25023275626145,-0.0003252583292259712,-7.015930530612355e-05,-0.00030646660709405025,0.0,0.0,0.0,0.18065390076390267,7.072064208813502e-06,0.00025842803137968054,9.162903643867627e-10,659.975662658551,660.0512850184069,659.9776796438423,660.0492733330381,0.0,0.0,0.0
19.5,-13.980785259480943,-13.980205187478402,2.0107331688960772,1.4956058285583119e-05,-0.008098611079408858,-178.25023293372104,-13.979999542236314,-13.979999542236346,1.9999999999999991,-178.25023275626145,-0.0005161085647203378,-9.190874992535727e-05,-0.000406763989939587,0.0,0.0,0.0,0.1816638164155956,-1.541393117432184e-05,0.00043303836520161457,3.7008531650447774e-09,659.9763679357451,660.0953158211944,659.9719875762034,660.0997158584527,0.0,0.0,0.0
19.552,-13.980761591745015,-13.980200597110276,2.010715894913074,1.5142504690514993e-05,-0.006254186012796813,-178.2502330385291,-13.979999542236314,-13.979999542236346,1.9999999999999991,-178.25023275626145,-0.0004398625913079402,-6.774163514301697e-05,-0.00030480649912137663,-6.922561145879789e-09,0.0007481649680143794,-2.6077804984815404e-08,0.18065867402375038,5.989171425238671e-06,1.0705656038005726e-05,1.5251965582357034e-08,660.011181521594,660.0159367066506,660.0129296601489,660.0142730556264,0.0,0.0,0.0
19.604,-13.98073509941148,-13.980195911442136,2.010698324154622,1.059544064183754e-05,-0.003332718249200302,-178.25023309451467,-13.979999542236314,-13.979999542236346,1.9999999999999991,-178.25023275626145,-0.0005246008059931986,-7.398831129688495e-05,-0.00033707797967043654,-2.9153001937183644e-06,0.0010788625522058731,-1.6110721832883793e-08,0.18097921926296465,-1.1949740577431315e-07,-0.00014101114629894846,1.284969852244703e-08,660.0407611255084,660.0005633392745,660.0407626758424,660.0006329638938,0.0,0.0,0.0
19.656,-13.980707574674364,-13.980191262545226,2.010680820924048,6.785306040848469e-07,-0.0001446480543267683,-178.25023311984842,-13.979999542236314,-13.979999542236346,1.9999999999999991,-178.25023275626145,-0.0005327839545201346,-7.265329190071624e-05,-0.0003363868382933464,-1.9106074866416772e-06,0.0006086051418925728,-3.2033621757222266e-09,0.18097552233848596,-3.347825170867821e-07,-6.637850651800622e-05,8.75404232051972e-09,660.0300865478864,660.0110848146538,660.0300154376496,660.0112044151799,0.0,0.0,0.0
19.708,-13.980680466820479,-13.980186697678494,2.0106633378375025,-8.131961136000716e-06,0.0026632689286808387,-178.25023312614422,-13.979999542236314,-13.979999542236346,1.9999999999999991,-178.25023275626145,-0.0005143249683542041,-7.12608937284661e-05,-0.00033612748227432966,0.0,0.0,0.0,0.18097632274489978,-8.802403750081595e-07,5.3059384090837526e-05,7.738781446605988e-09,660.0131741923257,660.0280362108862,660.012944905731,660.0283083558921,0.0,0.0,0.0
19.759999999999998,-13.980655082634234,-13.980182259647771,2.0106458863700154,-2.0138710146496356e-05,0.005567829896444484,-178.25023311615172,-13.979999542236314,-13.979999542236346,1.9999999999999991,-178.25023275626145,-0.0004233507044347465,-6.281453569617771e-05,-0.00030188242364496157,-3.6011283783570324e-06,0.0008103090845615129,4.885969336127191e-09,0.18064400485636442,7.508953514010402e-06,-0.0004475680898478131,5.7800366834456936e-09,660.0759148790906,659.9505728452675,660.0780694536796,659.9484498728414,0.0,0.0,0.0
19.811999999999998,-13.980633067072231,-13.980178070416425,2.0106287191486736,-2.2749420645549218e-05,0.007342317524023215,-178.25023309299655,-13.979999542236314,-13.979999542236346,1.9999999999999991,-178.25023275626145,-0.0003656781956829464,-6.148080154028155e-05,-0.0003033005229625341,0.0,0.0,0.0,0.1806529720356079,6.150857371208541e-06,-0.00024952720460393924,7.053255363560812e-09,660.0481044091481,659.9787835507028,660.0498757955478,659.9770510431787,0.0,0.0,0.0
19.863999999999997,-13.98061368923908,-13.980173836580663,2.010610552325298,-2.1953767132841474e-05,0.007975058724732973,-178.25023304723902,-13.979999542236314,-13.979999542236346,1.9999999999999991,-178.25023275626145,-0.00039621115216346417,-8.017682120499189e-05,-0.00040350261232176277,0.0,0.0,0.0,0.18166274507348698,-1.3197027964251944e-05,-0.00023332788178107995,6.101278285840268e-09,660.0709241078614,660.0007088247875,660.0671824123771,660.0044846921754,0.0,0.0,0.0
19.916,-13.980599313277192,-13.980170033245697,2.0105934305964066,-2.2710280901029045e-05,0.00743038141492579,-178.25023298945254,-13.979999542236314,-13.979999542236346,1.9999999999999991,-178.25023275626145,-0.00022850166456030827,-5.881483330687511e-05,-0.0003016087484392643,0.0,0.0,0.0,0.18065973671400876,5.707066402657925e-06,-0.0003606250153572627,4.897658498690824e-09,660.0641414820926,659.9630502646559,660.0657804611736,659.9614381604069,0.0,0.0,0.0
19.968,-13.980588441283793,-13.980166409236737,2.0105763423069956,-2.743113910507815e-05,0.005570910325203188,-178.25023312276426,-13.979999542236314,-13.979999542236346,1.9999999999999991,-178.25023275626145,-0.00017132693125343937,-5.753805948801639e-05,-0.00030183145158862843,-1.558475226931568e-06,-0.0007375290075041635,-2.5889711749237517e-08,0.18065719556303092,6.452976898286276e-06,-4.8098201629555824e-05,1.6912821392525033e-08,660.0194545328686,660.0075927294807,660.0213393532398,660.0058015499851,0.0,0.0,0.0
20.02,-13.980579785504412,-13.980162738681209,2.0105582168284863,-2.987935102790936e-05,0.0027768988126475502,-178.25023313847637,-13.979999542236314,-13.979999542236346,1.9999999999999991,-178.25023275626145,-0.00017618140673659265,-7.49488311389463e-05,-0.00040317756413822334,1.748774419742381e-07,-0.0010913021791907251,-1.3980504294496645e-10,0.18167958065475465,-1.2097216656447245e-05,0.00021307028731625628,8.045828868814564e-09,660.0075636670686,660.0648048326694,660.0041402614555,660.0682724852829,0.0,0.0,0.0
20.072,-13.980573071127012,-13.980159391312728,2.010541108537801,-2.97663644348208e-05,0.0003450689355406464,-178.25023317624198,-13.979999542236314,-13.979999542236346,1.9999999999999991,-178.25023275626145,-0.00011517887749902071,-5.4905448917450485e-05,-0.00030138018928866815,-3.3981722734596074e-07,-0.0006876916906646752,-9.767015495119802e-10,0.18067980968034053,5.81282167340505e-06,0.00010201946033825196,9.130518873178046e-09,659.998676792521,660.0293906222056,660.0003577800358,660.0277602809008,0.0,0.0,0.0
20.124,-13.980566662044069,-13.980156124556073,2.0105240754304305,-3.2072698035256916e-05,-0.001566992120696875,-178.25023316449133,-13.979999542236314,-13.979999542236346,1.9999999999999991,-178.25023275626145,-0.00011665252195080813,-5.365238303468133e-05,-0.00030036669449597304,0.0,0.0,0.0,0.1806661126483093,5.796650015494236e-06,-8.239659540649616e-05,8.547484409935446e-09,660.0246402413535,660.0028222967569,660.0263149419977,660.0011948813544,0.0,0.0,0.0
20.176,-13.980559543930232,-13.980152848762478,2.01050672697231,-3.2033589044687027e-05,-0.003409997461192757,-178.2502331310971,-13.979999542236314,-13.979999542236346,1.9999999999999991,-178.25023275626145,-0.00011812172601371548,-4.655523224289048e-05,-0.00026662821229562507,1.684736097332874e-07,-0.000508319534030301,1.05185944123084e-08,0.18034271478085673,1.1190562196244896e-05,0.0001911060279946761,4.082195068032928e-09,659.9777622416958,660.0353829573097,659.9809611190016,660.0322069541382,0.0,0.0,0.0
20.227999999999998,-13.980550645056418,-13.98014947678506,2.010488555780265,-1.6812334790208866e-05,-0.005193384709443921,-178.2502330818961,-13.979999542236314,-13.979999542236346,1.9999999999999991,-178.25023275626145,-0.00021774916926746752,-6.82225751929496e-05,-0.0004050585457703166,0.0,0.0,0.0,0.18173356457894316,-1.126242786153789e-05,0.0001673176087434838,6.8365432313394475e-09,660.0151593029282,660.0596068709415,660.0119703610013,660.062833447069,0.0,0.0,0.0
20.279999999999998,-13.980540080689158,-13.980146289567854,2.010471394843284,4.4710939870142265e-06,-0.00642935573123612,-178.250233019562,-13.979999542236314,-13.979999542236346,1.9999999999999991,-178.25023275626145,-0.00020599911583569727,-5.012707390676214e-05,-0.0003014646249968971,0.0,0.0,0.0,0.18072149467896104,3.80124991986679e-06,0.0002128010190249199,5.537286260662019e-09,659.9841163947924,660.0458110533804,659.9852144876107,660.0447437305968,0.0,0.0,0.0
20.331999999999997,-13.98052662284967,-13.98014301059692,2.0104540485910105,1.946410211550443e-05,-0.006857355007092685,-178.25023282313302,-13.979999542236314,-13.979999542236346,1.9999999999999991,-178.25023275626145,-0.00025519788418266066,-4.926919951333952e-05,-0.00030038160154938253,0.0,0.0,0.0,0.18072073588798807,2.782490181950639e-06,0.0002856370082797207,1.5057284088941948e-09,659.9738770713582,660.056027377929,659.9746738250836,660.0552390620113,0.0,0.0,0.0
20.384,-13.980510654377127,-13.980139753719362,2.0104368970958486,3.762168715458236e-05,-0.006143958134390726,-178.25023258095837,-13.979999542236314,-13.979999542236346,1.9999999999999991,-178.25023275626145,-0.00030249174773996446,-4.856719868452594e-05,-0.00030290774543540393,0.0,0.0,0.0,0.18075003355997865,1.5639814695279887e-06,0.000311270228771319,-3.5596016434629654e-09,659.9710555015404,660.060159743433,659.9714911398428,660.0597044486268,0.0,0.0,0.0
20.436,-13.980491174658807,-13.980136264788507,2.0104187977502463,4.415106706479395e-05,-0.003933012391154287,-178.2502324145911,-13.979999542236314,-13.979999542236346,1.9999999999999991,-178.25023275626145,-0.00045331748742339425,-6.397369675468236e-05,-0.0004009638836069788,-8.360091593282297e-07,0.0010538624714567448,4.530591625700501e-08,0.1817465972907828,-1.4322601530616118e-05,-2.9546951004404706e-05,-2.3323331767784872e-08,660.0439607890396,660.0314658886246,660.0398168693742,660.0354806785955,0.0,0.0,0.0
20.488,-13.98047132647857,-13.980132958062889,2.010401856473252,2.753843609488847e-05,-0.001228144577893329,-178.25023234083747,-13.979999542236314,-13.979999542236346,1.9999999999999991,-178.25023275626145,-0.00035667910716727315,-4.738488657843057e-05,-0.00029768444657404835,-7.703650764023448e-06,0.0008204856759540223,1.6921304265634357e-08,0.18073421644584575,3.5749850761041145e-06,-0.000129841813482302,-1.472485776715236e-08,660.0332543339291,659.9972898665771,660.0342317864513,659.9962307971717,0.0,0.0,0.0
20.54,-13.9804512798993,-13.980129683330476,2.010385075924837,-2.5277643234343556e-06,0.0011869925430937314,-178.250232304244,-13.979999542236314,-13.979999542236346,1.9999999999999991,-178.25023275626145,-0.0003517901689388773,-4.663298628017004e-05,-0.0002952856096268832,-9.501746074696791e-06,0.0006784699029434055,7.432251302340726e-09,0.18070611432708955,5.154696457788818e-06,-0.00016497095445390893,-1.2103543279086722e-08,660.0374059113406,659.9918855468846,660.0388405489485,659.9903837641144,0.0,0.0,0.0
20.592,-13.980431013653392,-13.980126300062102,2.0103674124726907,-3.232185620493451e-05,0.0031653311368755968,-178.25023229400296,-13.979999542236314,-13.979999542236346,1.9999999999999991,-178.25023275626145,-0.0004386911401748712,-6.083993063695399e-05,-0.000391656626074525,0.0,0.0,0.0,0.18167492942312163,-1.1991643122617988e-05,0.0001128241976933946,-9.66603554588979e-09,660.0217467434129,660.0504658828316,660.0183044295584,660.0538544926818,0.0,0.0,0.0
20.644,-13.980413328441994,-13.98012316415275,2.010350484902331,-6.66236217503396e-05,0.004963953184274466,-178.250232306897,-13.979999542236314,-13.979999542236346,1.9999999999999991,-178.25023275626145,-0.0003899148248838392,-5.922474343648874e-05,-0.00038983802568580335,-1.5440106440510168e-05,0.0007323160564432099,-7.996563424303859e-09,0.181658982843914,-4.210731918486081e-06,-0.0002754986323230968,-6.533659425758963e-09,660.0755818353175,659.9959149398518,660.0743645117263,659.9970962177191,0.0,0.0,0.0
20.695999999999998,-13.98039822850418,-13.980120187000807,2.0103340383419126,-0.00011720493896173578,0.006389753173282737,-178.25023233508233,-13.979999542236314,-13.979999542236346,1.9999999999999991,-178.25023275626145,-0.00032367997392669266,-5.722438213201426e-05,-0.00037104707486422165,0.0,0.0,0.0,0.18146224893828664,-7.1541116630177245e-06,-0.00010513461563582734,-8.814154078795711e-09,660.0473861043981,660.0154037882965,660.0453240918549,660.0174170735734,0.0,0.0,0.0
20.747999999999998,-13.980386309594982,-13.980117408984563,2.010318516338972,-0.00020142663215722375,0.00710226127164102,-178.25023238622097,-13.979999542236314,-13.979999542236346,1.9999999999999991,-178.25023275626145,-0.000246668841389991,-5.461043006559389e-05,-0.00035123667506518203,0.0,0.0,0.0,0.1812268322637309,-2.003881354873793e-06,-0.00020005342503951897,-7.747736798980313e-09,660.0549535126631,659.9974026624839,660.0543613272228,659.9979519838035,0.0,0.0,0.0
20.799999999999997,-13.98037783984207,-13.980114874541854,2.010303623142462,-0.0003123915366598074,0.007086703272692558,-178.2502324529609,-13.979999542236314,-13.979999542236346,1.9999999999999991,-178.25023275626145,-0.0001661844698003617,-5.102244904505864e-05,-0.00034008046833614253,0.0,0.0,0.0,0.18105692654012404,5.41043024580435e-06,-0.00027190155755394584,-6.355434185730347e-09,660.060363365518,659.9844597580841,660.0618867065521,659.982901034363,0.0,0.0,0.0
20.852,-13.980372739453875,-13.980112628045726,2.010289014592486,-0.0004082335777141525,0.0060264124198998355,-178.25023252495154,-13.979999542236314,-13.979999542236346,1.9999999999999991,-178.25023275626145,-9.124014707800612e-05,-4.634325240943223e-05,-0.00033603875480854204,-2.0342561284176502e-05,-0.00042155657404951004,-2.2097670696897857e-08,0.1809484111305878,2.1260697749582792e-05,-0.0001362470691986276,3.080308828089899e-09,660.0363702202822,660.0036189896956,660.042434194826,659.9975717205676,0.0,0.0,0.0
20.904,-13.980370509135339,-13.98011076027764,2.01027498374806,-0.00042182847691232085,0.00408525944715069,-178.25023256705344,-13.979999542236314,-13.979999542236346,1.9999999999999991,-178.25023275626145,-2.5313689045319445e-05,-3.077876021290388e-05,-0.00025443125509349337,1.2786106236199104e-05,-0.0006593179745354439,-1.5343623966211737e-08,0.18006213739015997,2.3668510102853645e-05,-2.8838731598970475e-05,1.5413167758146298e-09,660.0010971767288,659.9996245139118,660.0078430362285,659.9928871079312,0.0,0.0,0.0
20.956,-13.980370062468934,-13.980109034867514,2.010259147347477,-0.0002901096792003386,0.0017724532579482637,-178.25023288424973,-13.979999542236314,-13.979999542236346,1.9999999999999991,-178.25023275626145,8.059291272317438e-07,-3.618037209305058e-05,-0.00036131244300978687,6.978072868263001e-05,-0.0008907734354831869,-2.58916024380843e-07,0.18108126917886613,-9.168307913702098e-06,0.00012701128834838316,9.544144496571213e-08,660.006026042435,660.0395907694788,660.0036789257838,660.0424663794838,0.0,0.0,0.0
21.008,-13.980370485152923,-13.980107593777989,2.010243268185472,-9.884765573382973e-05,-0.00025076603708471185,-178.2502329758678,-13.979999542236314,-13.979999542236346,1.9999999999999991,-178.25023275626145,1.114593089935899e-05,-3.322796829872899e-05,-0.00038062931913548085,7.901887193731518e-05,-0.0007823172094810878,2.9535608507050124e-09,0.18124455120239238,-1.799020054744884e-05,0.0001529099519927743,3.546760871800988e-09,660.0073386020831,660.0457670169317,660.0022242107385,660.0509007150538,0.0,0.0,0.0
21.06,-13.98037081141275,-13.980106195504138,2.0102266492223673,5.578946136032024e-05,-0.0018812141732966726,-178.25023302487122,-13.979999542236314,-13.979999542236346,1.9999999999999991,-178.25023275626145,1.3335980802317699e-06,-3.224892303904199e-05,-0.00038155074357338763,0.0,0.0,0.0,0.1812520585735523,6.882477601872274e-06,-7.819708298912655e-05,5.609217270734146e-09,660.0368727101655,660.0165605873597,660.0388485069664,660.0146157928816,0.0,0.0,0.0
21.112,-13.980370292387311,-13.980104775387476,2.0102103915810887,0.00015044457561736284,-0.003153462302925163,-178.25023307613304,-13.979999542236314,-13.979999542236346,1.9999999999999991,-178.25023275626145,-2.3605698368067415e-05,-3.260718016508177e-05,-0.00037128637997520584,0.0,0.0,0.0,0.18113927553089215,2.734308107411128e-06,-8.726613845554066e-06,6.679280655349693e-09,660.0250703336537,660.023363573722,660.0258676298629,660.0226032700862,0.0,0.0,0.0
21.163999999999998,-13.980368345054947,-13.980103269057533,2.0101945083432273,0.00025762357823133164,-0.004473783534495289,-178.25023311455993,-13.979999542236314,-13.979999542236346,1.9999999999999991,-178.25023275626145,-6.17251438683065e-05,-3.399569395893202e-05,-0.00036409167712675975,0.0,0.0,0.0,0.18104545090072094,-3.0516571939985426e-06,7.779708446616708e-05,7.487888305588558e-09,660.0114929180153,660.0327823694915,660.0106444492443,660.0336722834713,0.0,0.0,0.0
21.215999999999998,-13.980364401606835,-13.98010161162441,2.010178832950322,0.0003597740917357624,-0.0056121958336687065,-178.25023313213615,-13.979999542236314,-13.979999542236346,1.9999999999999991,-178.25023275626145,-0.00011269117531741667,-3.650439221689233e-05,-0.00036067527688858435,0.0,0.0,0.0,0.1809828321687216,-9.872619580342128e-06,0.0001719822519264679,7.860669980570117e-09,659.9976635369969,660.0438366947801,659.9948732171009,660.0466703452454,0.0,0.0,0.0
21.267999999999997,-13.980357990573241,-13.98009974483289,2.0101632302330223,0.0004147578762426541,-0.006180086352545677,-178.25023312541998,-13.979999542236314,-13.979999542236346,1.9999999999999991,-178.25023275626145,-0.00017284431122585874,-3.9900288578115615e-05,-0.0003599253176288932,0.0,0.0,0.0,0.18094483362109715,-1.573538080284265e-05,0.0002541749937211924,7.727951077040124e-09,659.985951304206,660.0538653679854,659.981490598839,660.0583683859576,0.0,0.0,0.0
21.32,-13.980348907638291,-13.980097640816805,2.0101476123093676,0.00037980657848587704,-0.005794406874543297,-178.25023309235397,-13.979999542236314,-13.979999542236346,1.9999999999999991,-178.25023275626145,-0.00023442088137722193,-4.3493028046737674e-05,-0.000360841670903655,0.0,0.0,0.0,0.1809244601339996,-1.815009964162976e-05,0.000300641048985706,7.045698165427592e-09,659.9792267666027,660.0596878998244,659.974076301425,660.0648767196116,0.0,0.0,0.0
21.372,-13.98033714111669,-13.980095279817268,2.01013162553832,0.00022856136903023962,-0.0041667644478152275,-178.25023304080418,-13.979999542236314,-13.979999542236346,1.9999999999999991,-178.25023275626145,-0.0003103448049309229,-5.0067469654140604e-05,-0.0003929222425777271,-7.964834192587944e-05,0.0008813500720550992,1.634731945337038e-08,0.1812220532335873,1.1978491333597857e-05,-2.7636836039596267e-05,1.0614823874974078e-10,660.0282902379631,660.0238303585995,660.0317022787481,660.0204188650619,0.0,0.0,0.0
21.424,-13.98032415863059,-13.980092888834768,2.0101159462279217,7.61215056617208e-05,-0.0020276324211535206,-178.25023335753474,-13.979999542236314,-13.979999542236346,1.9999999999999991,-178.25023275626145,-0.00023787668281023152,-3.5327362708229956e-05,-0.00028227336763504164,-3.6488058873634436e-05,0.0006542538241692249,-1.6461834137843224e-07,0.18011205856262733,1.5043942111439209e-05,-9.00950923439879e-05,7.146268686873741e-08,660.0120578979947,659.99068069597,660.0165407702137,659.9865934915969,0.0,0.0,0.0
21.476,-13.980310505382109,-13.980090477142271,2.010099426604824,9.02367521932683e-06,-8.176138948934562e-05,-178.25023350571794,-13.979999542236314,-13.979999542236346,1.9999999999999991,-178.25023275626145,-0.00021594196879698408,-3.110772545155713e-05,-0.0002654548874359591,-9.317416675758998e-06,0.0004893382188828988,-1.9857718941647296e-08,0.17994917578785918,1.0513175533023429e-05,-0.00011870220626289438,2.2765474762075005e-08,660.0132358577448,659.9824196587932,660.0162933665258,659.9794880961001,0.0,0.0,0.0
21.528,-13.980296277654077,-13.980087964086113,2.0100808087962396,1.6996996717915868e-06,0.0016910246741487867,-178.2502329659568,-13.979999542236314,-13.979999542236346,1.9999999999999991,-178.25023275626145,-0.000311239073104337,-4.582110301581048e-05,-0.0004204527640188315,0.0,0.0,0.0,0.181537819181116,-7.858386286464368e-06,9.700099504226511e-05,4.636113309672004e-09,660.0203537999062,660.0457435252755,660.0181283557121,660.047994554154,0.0,0.0,0.0
21.58,-13.980283845595986,-13.980085657781984,2.010062720145048,2.7683526823663173e-06,0.0035334245627307373,-178.25023269565511,-13.979999542236314,-13.979999542236346,1.9999999999999991,-178.25023275626145,-0.00020987894971541575,-3.3728388845862084e-05,-0.000321054484899175,0.0,0.0,0.0,0.1806177113955883,2.4844726467570583e-06,-6.669097012876886e-05,-1.1537227927497537e-09,660.0218168999004,660.0035289488586,660.0225213474623,660.0028180905252,0.0,0.0,0.0
21.631999999999998,-13.980273189994143,-13.980083440230324,2.0100444826831736,1.2397275033651664e-06,0.005360598883691535,-178.25023247423877,-13.979999542236314,-13.979999542236346,1.9999999999999991,-178.25023275626145,-0.00017268455544077957,-3.312515227650082e-05,-0.00032220484858339895,0.0,0.0,0.0,0.18068858426101134,2.1001443120587793e-06,-0.00017187016187606292,-5.796802473624661e-09,660.0384277069514,659.9900721904088,660.0390098144754,659.989457930436,0.0,0.0,0.0
21.683999999999997,-13.980264685804439,-13.980081214823137,2.0100251991093976,-6.795475903441843e-06,0.006816377228768236,-178.25023215720634,-13.979999542236314,-13.979999542236346,1.9999999999999991,-178.25023275626145,-0.00016183236375255305,-4.3314446011776976e-05,-0.00042725342242330483,0.0,0.0,0.0,0.18181191860179707,-8.36696812945037e-06,-0.00023928574425060602,-1.2371579350153448e-08,660.0744140039668,660.0038778556902,660.0719967975193,660.0062267854801,0.0,0.0,0.0
21.735999999999997,-13.980259852942318,-13.98007924913825,2.010007148174107,-1.9935352775256542e-05,0.007268739705942851,-178.250231740637,-13.979999542236314,-13.979999542236346,1.9999999999999991,-178.25023275626145,-6.234181563492296e-05,-3.1777641187773805e-05,-0.00031702529400495885,0.0,0.0,0.0,0.18078737864796893,2.094831150283011e-06,-0.00035239655286188625,-2.1029979594789762e-08,660.0663475243559,659.9665715790285,660.0668859096506,659.9659166198026,0.0,0.0,0.0
21.788,-13.980258271988298,-13.980077425339582,2.0099893240107756,-4.095900274851995e-05,0.006428467695688209,-178.25023149516596,-13.979999542236314,-13.979999542236346,1.9999999999999991,-178.25023275626145,-6.2596397357598275e-06,-3.0976156524940906e-05,-0.00031222040108651826,0.0,0.0,0.0,0.1807895788207243,2.7908037203286005e-06,-0.0003732333594615135,-2.6254414092999653e-08,660.0692710392165,659.9637584173598,660.069993171295,659.962890736387,0.0,0.0,0.0
21.84,-13.980259654786337,-13.980075643564946,2.0099708378274106,-7.136387217732375e-05,0.003996117133162133,-178.2502313585622,-13.979999542236314,-13.979999542236346,1.9999999999999991,-178.25023275626145,5.150285517842578e-05,-3.995023367741654e-05,-0.00040763825042009865,-1.0888036838724889e-05,-0.0011166832715099324,2.594373288636943e-08,0.1817959280885719,-1.2795011059411462e-06,9.827527746265836e-05,-3.847520909380626e-08,660.0250139740513,660.0526402079919,660.0245429861118,660.0528980769205,0.0,0.0,0.0
21.892,-13.980262771625927,-13.980074080268809,2.0099536706836996,-8.42605544853973e-05,0.0011903358375212174,-178.2502313406414,-13.979999542236314,-13.979999542236346,1.9999999999999991,-178.25023275626145,6.120906043695934e-05,-2.876676900154684e-05,-0.00030099420252577465,-1.2392348915424892e-06,-0.0008461472109716029,-3.95683548661573e-09,0.18078109045213683,5.249270363027145e-06,9.548439044786936e-05,-2.8199920753659673e-08,660.0019833978135,660.0306752300086,660.0034004712205,660.0291020213177,0.0,0.0,0.0
21.944,-13.980266379569004,-13.980072599171075,2.009936741205626,-7.86367169132402e-05,-0.001304761323190712,-178.2502313801537,-13.979999542236314,-13.979999542236346,1.9999999999999991,-178.25023275626145,6.12342379872895e-05,-2.7587508657901964e-05,-0.0002974243090587694,3.3967938488723516e-06,-0.0007029671607239694,-1.906745858815918e-08,0.18076957896066126,3.515297941477801e-06,0.0001361560750306707,-2.1952492836509392e-08,659.996174290402,660.0359567143236,659.9971147795394,660.0348946910344,0.0,0.0,0.0
21.996,-13.980269421976846,-13.980071135288627,2.009919625357276,-6.275832691186447e-05,-0.003254613175910583,-178.25023146312182,-13.979999542236314,-13.979999542236346,1.9999999999999991,-178.25023275626145,3.805181301670885e-05,-2.3537420743079867e-05,-0.0002634687379329609,5.338110377868332e-06,-0.0004488404510963995,-2.7354701828871836e-08,0.1804671572018349,5.088834681154795e-06,0.00013301188926789534,-1.7249526305557636e-08,659.9896916843255,660.0290271419017,659.991093413495,660.0275299513112,0.0,0.0,0.0
22.048,-13.980270944987579,-13.980069682536076,2.0099021872502667,-2.783165422067395e-05,-0.004619386859689183,-178.25023139298844,-13.979999542236314,-13.979999542236346,1.9999999999999991,-178.25023275626145,1.1771557947182125e-05,-2.5584970525534637e-05,-0.0003044336276104291,0.0,0.0,0.0,0.18091006447759483,2.9213092826463127e-06,3.481074275899704e-05,-2.8503326321639154e-08,660.0138146526405,660.0245617753749,660.0145677889369,660.023650774832,0.0,0.0,0.0
22.099999999999998,-13.980270263740461,-13.980068147496432,2.0098840876498354,2.5872607449937525e-05,-0.005763144844066466,-178.25023132049964,-13.979999542236314,-13.979999542236346,1.9999999999999991,-178.25023275626145,-3.8940127514773896e-05,-3.3389378688969676e-05,-0.00039830293505433,0.0,0.0,0.0,0.18189342010000295,-7.625375304638872e-06,0.0001261977398221854,-3.00441317095937e-08,660.0240902460257,660.0578617909241,660.0218351374655,660.0599503756109,0.0,0.0,0.0
22.151999999999997,-13.980266954704817,-13.980066605304065,2.0098674413142645,5.8925580739419995e-05,-0.006467622840358267,-178.25023141045583,-13.979999542236314,-13.979999542236346,1.9999999999999991,-178.25023275626145,-0.00010244827030489318,-3.320288721471505e-05,-0.00037265556296409326,0.0,0.0,0.0,0.18166013947859003,-9.639531896293102e-06,0.00021493982424436036,-2.817502080203219e-08,660.0065685569964,660.065042235778,660.003744864899,660.0677096188538,0.0,0.0,0.0
22.203999999999997,-13.980260773862534,-13.98006497748453,2.0098520616173587,3.534889777948632e-05,-0.00639694785936825,-178.2502315733286,-13.979999542236314,-13.979999542236346,1.9999999999999991,-178.25023275626145,-0.00016948957432656584,-3.316561193652803e-05,-0.0003450170102971257,0.0,0.0,0.0,0.18136773202212755,-9.343935370312114e-06,0.00027803642193702883,-2.4783122995732318e-08,659.9910573141784,660.0675871247176,659.9883271477653,660.0701797029699,0.0,0.0,0.0
22.256,-13.980251813066646,-13.98006327750731,2.009837599553022,-5.285157203251616e-05,-0.0052258145319355005,-178.2502317895521,-13.979999542236314,-13.979999542236346,1.9999999999999991,-178.25023275626145,-0.000230410579930858,-3.262128108955316e-05,-0.000327994735275686,-4.473220197017995e-05,0.0006622281174843798,-9.251548622200951e-08,0.1811508233707067,1.1437893920639702e-05,3.7558853068566885e-05,1.2930905292422241e-08,660.0174872131062,660.0314427181779,660.0207808505204,660.0282207558298,0.0,0.0,0.0
22.308,-13.980240880355208,-13.980061594228296,2.0098238266111146,-0.00015259491823989477,-0.0031938910973016194,-178.25023195983638,-13.979999542236314,-13.979999542236346,1.9999999999999991,-178.25023275626145,-0.0002053538817161693,-2.323471203399368e-05,-0.00024381190146065558,-2.227540019912742e-05,0.0006568280485087783,-4.74241174794685e-08,0.18025453745039496,1.5348772387146866e-05,-6.169240500541971e-05,3.159666026953633e-10,660.011224900361,659.9980246721522,660.0155975648029,659.9936536414558,0.0,0.0,0.0
22.36,-13.980228239427282,-13.980059900457036,2.009809062113031,-0.00017168796324877042,-0.0010799010115147137,-178.2502321162729,-13.979999542236314,-13.979999542236346,1.9999999999999991,-178.25023275626145,-0.0002689056667072948,-2.6233658578727876e-05,-0.00031260625728924616,5.2574065920642145e-06,0.0007239854814297165,-5.199961572260579e-08,0.18088965932899148,2.1078219431617956e-06,-0.0001055095402824276,5.236120263378283e-09,660.0334141089561,660.0039624428115,660.0340289620286,660.003376564709,0.0,0.0,0.0
22.412,-13.980215542224743,-13.980058331764308,2.0097941183573305,-0.00013816840065946747,0.0006339322107480857,-178.25023224408423,-13.979999542236314,-13.979999542236346,1.9999999999999991,-178.25023275626145,-0.00029201062630748655,-2.6408486985678713e-05,-0.00034408622384507644,1.4196807278178781e-05,0.0006222112578249276,-4.5875288940874316e-08,0.1811656467502375,-3.4544674945875712e-06,-0.0001045369568428068,5.713545511374746e-09,660.0401811937917,660.0094225374851,660.0392131201812,660.0104223019017,0.0,0.0,0.0
22.464,-13.980203351502148,-13.980056864659721,2.009779388333815,-0.00010753145442235171,0.002055499257606051,-178.25023238428486,-13.979999542236314,-13.979999542236346,1.9999999999999991,-178.25023275626145,-0.00027422906784517324,-2.4570934349306015e-05,-0.000337433339903452,4.3827888113212355e-06,0.0002005153144554044,-2.1431464465814047e-08,0.1810619218089311,3.298329037697283e-07,-6.895860435171891e-06,-1.3405358305143148e-10,660.0234474752724,660.0215773000623,660.0235410488604,660.0214829836906,0.0,0.0,0.0
22.516,-13.980192328439287,-13.980055503080543,2.0097648819741223,-7.451688683558875e-05,0.0035078611109674997,-178.25023250848488,-13.979999542236314,-13.979999542236346,1.9999999999999991,-178.25023275626145,-0.0002413221073890668,-2.3106379774195787e-05,-0.0003335937463202042,0.0,0.0,0.0,0.18097938126368857,1.660119984989201e-06,-1.1540919585239387e-05,-5.213622887256104e-09,660.0220983571339,660.0192840409635,660.0225567637955,660.0187967543383,0.0,0.0,0.0
22.567999999999998,-13.98018310054323,-13.980054250053769,2.0097504503789696,-4.229524742844044e-05,0.004660294936029829,-178.25023264303215,-13.979999542236314,-13.979999542236346,1.9999999999999991,-178.25023275626145,-0.00019495554009923516,-2.2003405822916324e-05,-0.00033307122404849503,0.0,0.0,0.0,0.1809277086843664,1.0633662696714974e-06,-9.554790843286201e-05,-2.4121286034029983e-09,660.0329987716258,660.0060869984642,660.0332949609691,660.0057774361288,0.0,0.0,0.0
22.619999999999997,-13.980176165408102,-13.980053104655848,2.0097359786283926,-1.7775009769609789e-06,0.00551120571571909,-178.25023277963535,-13.979999542236314,-13.979999542236346,1.9999999999999991,-178.25023275626145,-0.0001382487039112193,-2.1295137391346213e-05,-0.00033475503261430606,0.0,0.0,0.0,0.1808996891071562,-2.3364958070547287e-07,-0.00017977707343660982,4.4083987699577693e-10,660.0445542572502,659.9932822479005,660.0444889308336,659.9933500212439,0.0,0.0,0.0
22.671999999999997,-13.98017186155101,-13.980052058167649,2.009721398513856,4.163156435512821e-05,0.0057411370382635645,-178.2502329054819,-13.979999542236314,-13.979999542236346,1.9999999999999991,-178.25023275626145,-7.574711573938634e-05,-2.1048399280619936e-05,-0.0003376555956430905,0.0,0.0,0.0,0.1808878079248234,-2.0884373378807004e-06,-0.0002465522030772327,3.0784861149609806e-09,660.0540609218766,659.9832411941,660.0534746340862,659.9838445965848,0.0,0.0,0.0
22.724,-13.980170238791342,-13.98005109225042,2.0097066761273097,7.6066164615906e-05,0.0050264030176849685,-178.25023301387225,-13.979999542236314,-13.979999542236346,1.9999999999999991,-178.25023275626145,-1.546781825055476e-05,-2.1242013098512032e-05,-0.0003410958495147005,0.0,0.0,0.0,0.1808865200876137,-3.993420050597002e-06,-0.0002742430062560333,5.347844099027357e-09,660.0582434729116,659.9789940432931,660.0571209134391,659.9801463585148,0.0,0.0,0.0
22.776,-13.980170919481603,-13.980050179985973,2.0096918001914674,8.639064574661959e-05,0.003270235288811919,-178.25023308453567,-13.979999542236314,-13.979999542236346,1.9999999999999991,-178.25023275626145,3.176464152209187e-05,-2.1717664805454287e-05,-0.0003446986014959433,-1.559580191533184e-06,-0.0008099159654832499,-1.6696207665212487e-08,0.18089249394889367,-4.561331906662701e-06,6.338742153276614e-05,1.2835947422655563e-08,660.0103634933134,660.0271187875321,660.0090998312841,660.028453510946,0.0,0.0,0.0
22.828,-13.98017304056278,-13.98004930925098,2.0096767473260013,6.884275061130925e-05,0.001264061330537414,-178.25023311279844,-13.979999542236314,-13.979999542236346,1.9999999999999991,-178.25023275626145,4.335382009883943e-05,-1.6624490993120715e-05,-0.00027229127536769514,-6.5154621513594665e-06,-0.0006076855314278107,-5.04823390678323e-09,0.18016007414788024,2.6252100077366314e-06,5.4230408284335784e-05,9.260150592587823e-09,659.9944219021407,660.0106163497576,659.9951953079504,660.0098942536812,0.0,0.0,0.0
22.88,-13.980175697165688,-13.980048441696756,2.0096606786158273,5.138156259875094e-05,-0.0005727596208480724,-178.25023312054512,-13.979999542236314,-13.979999542236346,1.9999999999999991,-178.25023275626145,4.13070878705074e-05,-1.4925394706894336e-05,-0.00026116988525576594,-3.0014446636407166e-06,-0.00047542109590420126,3.0858131660919323e-10,0.18006143513619208,3.2999522949731974e-06,7.638831445379559e-05,7.508635757566425e-09,659.9889870696834,660.0116851207963,659.9899478245653,660.0107659875824,0.0,0.0,0.0
22.932,-13.98017814740698,-13.980047524512157,2.009642547194429,4.938795025339274e-05,-0.0022681437610915446,-178.25023324664585,-13.979999542236314,-13.979999542236346,1.9999999999999991,-178.25023275626145,3.539729042387761e-05,-1.687032532074115e-05,-0.00031443397435518847,0.0,0.0,0.0,0.1806604758942772,-5.0983363645888385e-08,-3.5592725090595755e-05,1.0187359571491779e-08,660.0186805198915,660.0085281287654,660.018694211765,660.0085708642364,0.0,0.0,0.0
22.983999999999998,-13.980179456303851,-13.980046606056103,2.0096246607459527,3.91234480678156e-05,-0.003990854423087444,-178.25023355979718,-13.979999542236314,-13.979999542236346,1.9999999999999991,-178.25023275626145,1.1808778977984743e-05,-1.6921478245449474e-05,-0.00031517848635002796,0.0,0.0,0.0,0.1807380028712807,-6.851760438336714e-08,5.48913322771666e-05,1.668201979375652e-08,660.0075058540763,660.023120986173,660.007532538777,660.0231867013911,0.0,0.0,0.0
23.035999999999998,-13.980178896212761,-13.980045575246532,2.0096059078249824,1.2072978862697198e-05,-0.005739550530119002,-178.25023369881333,-13.979999542236314,-13.979999542236346,1.9999999999999991,-178.25023275626145,-3.476299654824897e-05,-2.245149289869001e-05,-0.0004145049743474599,0.0,0.0,0.0,0.1818101392224712,-4.643038450511385e-06,0.0001714219131073756,1.9652782256024126e-08,660.0153111193316,660.0628128842628,660.0140430733202,660.064189683733,0.0,0.0,0.0
23.087999999999997,-13.980175812390922,-13.980044536271112,2.00958843940084,-2.371561018018674e-05,-0.00688904230781467,-178.25023375803175,-13.979999542236314,-13.979999542236346,1.9999999999999991,-178.25023275626145,-7.555393450675624e-05,-1.650925849678154e-05,-0.0003063192460902733,0.0,0.0,0.0,0.18080879968386715,2.084394720376208e-06,0.00026055934674049905,2.092909500168647e-08,659.9794723770156,660.0542807761946,659.9801240706207,660.0537450736642,0.0,0.0,0.0
23.14,-13.980169783009263,-13.980043435079427,2.0095712414432225,-6.093325390993637e-05,-0.007105539142263262,-178.25023375802076,-13.979999542236314,-13.979999542236346,1.9999999999999991,-178.25023275626145,-0.00012921093103410568,-1.5901064449522337e-05,-0.00030148985086159326,0.0,0.0,0.0,0.18081251929074163,3.860382774756874e-06,0.00032604384760885537,2.0960077769804806e-08,659.969975436829,660.0639415224383,659.9711331127316,660.0629000971596,0.0,0.0,0.0
23.192,-13.980160362954676,-13.98004224041694,2.009553593801578,-8.706887425882464e-05,-0.005969217790976485,-178.25023370242744,-13.979999542236314,-13.979999542236346,1.9999999999999991,-178.25023275626145,-0.00018152115647519562,-1.5000800582604525e-05,-0.00030081124193355176,0.0,0.0,0.0,0.18087216727266756,5.4158827418197315e-06,0.0003368653491303241,1.982901371440974e-08,659.9695350325039,660.0670262440293,659.9711326579694,660.0655386736508,0.0,0.0,0.0
23.244,-13.980148810700202,-13.98004106909747,2.0095364501534787,-7.93563158995145e-05,-0.0035964914322587638,-178.25023362199659,-13.979999542236314,-13.979999542236346,1.9999999999999991,-178.25023275626145,-0.00021787669150358165,-1.4047114556617072e-05,-0.00030131371499867685,6.3711204822135805e-06,0.0008295512267844375,2.530110051309991e-08,0.1809282087237909,3.212999924239358e-06,-3.6464365153458084e-05,9.03752144045826e-09,660.0242732350786,660.0148023397893,660.0252134065291,660.0139122117309,0.0,0.0,0.0
