Time_s,X,Y,Z,Roll_deg,Pitch_deg,Yaw_deg,Ref_X,Ref_Y,Ref_Z,Ref_Yaw,vx,vy,vz,p,q,r,T_pert,tau_x,tau_y,tau_z,RPM_0,RPM_1,RPM_2,RPM_3,Wind_X,Wind_Y,Wind_Z
0.052000000000000046,2.9999999999985834,-17.999999999999428,0.010054992354355894,-1.4773996269445312e-09,5.902583104874832e-10,89.99999999922898,3.0,-18.0,0.014464867854085735,89.99999999971945,1.9886290628173868e-11,5.020415370661161e-11,0.000999917484433878,0.0,0.0,0.0,0.13171159883892783,1.1498305326580129e-10,-4.5786708412887885e-11,1.0182316518619244e-11,658.9282849501409,658.9282849698826,658.9282850111915,658.928284965324,0.0,0.0,0.0
0.10400000000000009,2.9999999999976734,-17.999999999999048,0.010106991071288185,-2.4243564434580897e-09,9.742787484426266e-10,89.9999999995259,3.0,-18.0,0.027872386655924238,89.99999999971945,3.1805797488027025e-12,5.287106833370286e-12,0.0009999943597150188,0.0,0.0,0.0,0.5603957139498374,1.1575001468850196e-10,-4.754505310320995e-11,4.0183067937921034e-12,668.3735408341153,668.373540853299,668.3735408776613,668.3735408317317,0.0,0.0,0.0
0.15600000000000014,2.9999999957727836,-17.999999998252033,0.010303048378093125,-0.00018627301044407037,7.70960681578788e-05,90.00012694904663,3.0,-18.0,0.04988052804296929,89.99999999971945,1.1765511722741367e-07,2.8452875924862097e-07,0.009013536454171068,0.0,0.0,0.0,1.1816882166008,8.477050495081298e-06,-3.508440378044022e-06,-2.635525516400803e-06,681.8332190198159,681.8345889381318,681.8284908282719,681.8251862192909,0.0,0.0,0.0
0.20799999999999996,2.9999998976246913,-17.99999995755252,0.011695331845499505,-0.0005601508914569347,0.00023470816277861736,90.000380671335,3.0,-18.0,0.07938083611521887,89.99999999971945,1.2716267861929285e-06,3.0642605111325327e-06,0.041659911023979354,0.0,0.0,0.0,1.7627495657796453,2.7736044454508227e-05,-1.1609213533592218e-05,-7.902915112106958e-06,694.1880071464209,694.1923744049896,694.1747087663459,694.1640534759773,0.0,0.0,0.0
0.26,2.9999995277057323,-17.99999980258416,0.015261228385260887,-0.0008549861850629282,0.00037022044544279386,90.00061573516828,3.0,-18.0,0.11485249199818033,89.99999999971945,3.657795745224943e-06,8.717409266489591e-06,0.0884888701429175,0.0,0.0,0.0,2.326193587962911,4.670284505793961e-05,-2.010006984093365e-05,-1.278294673131517e-05,705.9615061146907,705.968590172399,705.9408445841536,705.923054790097,0.0,0.0,0.0
0.31200000000000006,2.9999987340801675,-17.999999463133413,0.02193904760960114,-0.0009471087878478808,0.00044294579991214556,90.00079974242443,3.0,-18.0,0.15492584783092428,89.99999999971945,7.002881285028888e-06,1.6389381163967067e-05,0.1582737195380427,0.0,0.0,0.0,2.711634855284392,5.938678723833538e-05,-2.7052483800526416e-05,-1.660302069018695e-05,713.9045019469002,713.9130164467975,713.8776291938353,713.85486603165,0.0,0.0,0.0
0.3640000000000001,2.999997464607756,-17.999998898848535,0.032752267656611614,-0.0007171709032443682,0.00041111391043694085,90.00092586238205,3.0,-18.0,0.19846996676360465,89.99999999971945,1.0835456147890571e-05,2.4620121388143794e-05,0.2429960391559674,0.0,0.0,0.0,2.9287998117639704,5.92423938323535e-05,-3.0251224251063467e-05,-1.922132811906527e-05,718.342508568963,718.3500955713619,718.309101261306,718.2856791455363,0.0,0.0,0.0
0.41600000000000015,2.9999958436969996,-17.99999812735854,0.04822857826979174,-0.00013494578833791925,0.00025255281407227424,90.00099168714702,3.0,-18.0,0.24456694104620122,89.99999999971945,1.4548892769532875e-05,3.15130927825795e-05,0.3352845546413733,0.0,0.0,0.0,3.003800394766951,4.29299377455796e-05,-2.811584227290535e-05,-2.058788004588658e-05,719.8711595991207,719.8750282322189,719.8300929728525,719.8115383457377,0.0,0.0,0.0
0.4680000000000002,2.9999941892742434,-17.99999723691378,0.06860172761174647,0.0007292713359189543,-3.3791126614161384e-05,90.00099766596803,3.0,-18.0,0.2925035406232735,89.99999999971945,1.7433995560846575e-05,3.489405785329742e-05,0.4301046520208775,0.0,0.0,0.0,2.955767017679899,1.093827780329795e-05,-1.9776631950933855e-05,-2.0712003077988105e-05,718.8980746902427,718.895763460474,718.8482705206659,718.8402379827659,0.0,0.0,0.0
0.5200000000000002,2.999992968745687,-17.99999638531363,0.09386859452043743,0.0016996211659293025,-0.0004234360913802376,90.00094749887396,3.0,-18.0,0.3417428952619782,89.99999999971945,1.8678262301230144e-05,3.24360713059361e-05,0.5232233717278104,0.0,0.0,0.0,2.8092078738030386,-3.199888081819389e-05,-5.27025085135729e-06,-1.967051148868048e-05,715.9132741378216,715.9034875753389,715.8546459537689,715.8616651610413,0.0,0.0,0.0
0.5720000000000001,2.9999926935057446,-17.999995782715217,0.12383279842007879,0.002514555269888395,-0.0008648955698885009,90.00084778076994,3.0,-18.0,0.39189074936202317,89.99999999971945,1.7392373048139894e-05,2.1991892348501152e-05,0.6112736839658186,0.0,0.0,0.0,2.5908937066145272,-7.72813550881114e-05,1.434084448227486e-05,-1.760031849554354e-05,711.4410325419225,711.424400913482,711.3753886240419,711.3996007448727,0.0,0.0,0.0
0.6240000000000001,2.9999937701609216,-17.9999956591465,0.15814908720789986,0.0028726700593957695,-0.0012818990202414472,90.00070756165833,3.0,-18.0,0.44266337506914305,89.99999999971945,1.269981781178878e-05,2.2454757090529055e-06,0.6917432090647354,0.0,0.0,0.0,2.3309323217276248,-0.00011354397586355456,3.6895779599453805e-05,-1.4689306245328668e-05,706.0758643398252,706.055456586573,706.0076025258145,706.0476596038413,0.0,0.0,0.0
0.6759999999999999,2.999996342138994,-17.999996220700776,0.1963759884526841,0.0025035412382044906,-0.0015810724726192376,90.00053749605704,3.0,-18.0,0.4938600791645328,89.99999999971945,3.924616691659241e-06,-2.6328722871440833e-05,0.7632895322762505,0.0,0.0,0.0,2.0586730557188035,-0.00012862068667503476,5.92176726880735e-05,-1.1158667353924562e-05,700.4093023741113,700.3906741889346,700.3456561562728,700.3960751948489,0.0,0.0,0.0
0.728,3.00000016327524,-17.999997600840796,0.2380298652974599,0.0012495474631337943,-0.0016638767870290152,90.00034943262806,3.0,-18.0,0.5453410498683146,89.99999999971945,-9.149102506907524e-06,-6.051232110205707e-05,0.8253009851046814,0.0,0.0,0.0,1.7799234792061487,-0.00011230160669159241,7.752320818963056e-05,-7.254385410829682e-06,694.5556986281508,694.5462852872013,694.5062091922222,694.5575897876803,0.0,0.0,0.0
0.78,3.0000045416771823,-17.99999981329028,0.2826081033613884,-0.000859617815624222,-0.001441419901374563,90.00015526722532,3.0,-18.0,0.5970102312834955,89.99999999971945,-2.6004235790487853e-05,-9.383510156428758e-05,0.87764478358801,0.0,0.0,0.0,1.5088864998045306,-5.860507253799428e-05,8.745801519018757e-05,-3.2234237291692396e-06,688.8119582176726,688.8198327595595,688.7874092651892,688.8272732818427,0.0,0.0,0.0
0.8320000000000001,3.0000083825011035,-18.000002716475482,0.32961491449466085,-0.0036204264603731094,-0.0008945808636482167,89.99995906109257,3.0,-18.0,0.6488024824892137,89.99999999971945,-4.466502672264705e-05,-0.00011762950400424075,0.9205772667769075,0.0,0.0,0.0,1.2567324057035059,3.3599025273395235e-05,8.60892966774102e-05,8.499044316328648e-07,683.4202523072414,683.4531747323716,683.4317676162566,683.4462059612357,0.0,0.0,0.0
0.8840000000000001,3.000010325158997,-18.000006009121332,0.37858012033423205,-0.0064689597395951644,1.0701746598397222e-05,89.99978233304304,3.0,-18.0,0.7006741771073893,89.99999999971945,-6.304501029855968e-05,-0.00011997054282277138,0.9547893342491329,0.0,0.0,0.0,1.030247714415001,0.00015315211829305606,6.943936955616177e-05,4.51885876434934e-06,678.5379373481624,678.5996043777038,678.592539710377,678.5693482397952,0.0,0.0,0.0
0.9360000000000002,3.000009029896523,-18.000009227536722,0.42907704738190605,-0.008614215802792256,0.001253433687045279,89.99963094795629,3.0,-18.0,0.7525964559536336,89.99999999971945,-7.807863541293864e-05,-8.983184495115519e-05,0.9811427365074918,0.0,0.0,0.0,0.8336373630142226,0.0002780528314161913,3.4736285445550484e-05,7.661681714832235e-06,674.2708936304637,674.3580958389866,674.3691797019197,674.3013477808424,0.0,0.0,0.0
0.9880000000000002,3.0000035600125567,-18.000011764240863,0.4807271926744913,-0.009191489096384026,0.002717566909154362,89.99951142870778,3.0,-18.0,0.8045504652314975,89.99999999971945,-8.548620910528893e-05,-2.1362465332479858e-05,1.0006449755526112,0.0,0.0,0.0,0.6684672585711731,0.00037749686470414597,-1.80200925863471e-05,1.0142955433976607e-05,670.6695081960805,670.7702635182686,670.8029531897495,670.6921009752714,0.0,0.0,0.0
1.0399999999999998,2.9999937721873713,-18.000012929504877,0.533210111243691,-0.007428268413897607,0.004207625023238942,89.9994280896203,3.0,-18.0,0.8565240460605176,89.99999999971945,-8.078840076315483e-05,8.290208158964857e-05,1.0144430353577056,0.0,0.0,0.0,0.533299939543042,0.00041545079544404076,-8.568333854477185e-05,1.1873112627181039e-05,667.717824496931,667.8106618993454,667.8672780075,667.7262036648217,0.0,0.0,0.0
1.0920000000000003,2.9999806443358223,-18.00001204677288,0.586260523685123,-0.00286888280784334,0.005456282690097997,89.99938308326223,3.0,-18.0,0.908509464385531,89.99999999971945,-6.01353413236921e-05,0.00020937285232797235,1.0235330463690064,0.0003979893070958455,6.948017833914463e-05,-1.7738387786773628e-06,0.42656790165734115,0.00020432102879264257,-0.0001880744624926696,1.3453827081019318e-05,665.4185167690132,665.423106672493,665.5131913391635,665.4023397670638,0.0,0.0,0.0
1.144,2.99996642602659,-18.000008578561456,0.639663981543557,0.0033298774132845548,0.006051959764599291,89.99937983042473,3.0,-18.0,0.9605018742865273,89.99999999971945,-2.0068208870496875e-05,0.0003191693556989617,1.028893212849367,0.0,0.0,0.0,0.3453532374034669,0.0002137426458739166,-0.00023115801463982315,1.287499537975201e-05,663.6370220610104,663.6320887098635,663.7330251910853,663.6070023690961,0.0,0.0,0.0
1.196,2.999953981052546,-18.00000231595606,0.693254377238546,0.008492016314631213,0.005556577817157427,89.99941031166766,3.0,-18.0,1.0124982906396727,89.99999999971945,3.9926171823622533e-05,0.00035832441392246486,1.0314047480670339,0.0,0.0,0.0,0.2862098686108485,4.6202169679271124e-05,-0.000276759703667251,1.2242190974267486e-05,662.3637224551632,662.2982825622795,662.4106179138342,662.3189552730322,0.0,0.0,0.0
1.248,2.9999458095827265,-17.999993555110493,0.7469081823011822,0.014017871745419639,0.003901838182743771,89.99947102380574,3.0,-18.0,1.064496910725623,89.99999999971945,0.00011104731605492677,0.0003560570838146802,1.0318416301951492,0.0,0.0,0.0,0.24542520058043849,-0.00018361292406134707,-0.0002863860305355209,1.0981779496347936e-05,661.4985205288908,661.3649378301812,661.476684539935,661.4474757962864,0.0,0.0,0.0
1.3,2.9999444081643474,-17.99998313462626,0.8005378747623637,0.018978107043934746,0.0010034699357825865,89.99955623866582,3.0,-18.0,1.1164966718373315,89.99999999971945,0.00018409262763938202,0.0002980402076285328,1.0308456244989568,0.0,0.0,0.0,0.21946060280433777,-0.00045281877219042967,-0.0002462344941156702,9.212680414477673e-06,660.9593570653113,660.7605008381453,660.8560349601669,660.9147987021959,0.0,0.0,0.0
1.352,2.999951936248676,-17.99997245527291,0.8540854876293648,0.02165404109637135,-0.003057753578191913,89.99965896264996,3.0,-18.0,1.1684969665237273,89.99999999971945,0.00024696876715308636,0.00016584737209172077,1.0289337814967028,0.0,0.0,0.0,0.20507391931658425,-0.0007071466814920688,-0.00014602959143805518,7.080083988954152e-06,660.6658900540875,660.4230753150512,660.4842361822817,660.6439258756918,0.0,0.0,0.0
1.4040000000000001,2.9999694361337457,-17.999963429933597,0.9075163378334932,0.02022788995794386,-0.007956617980885504,89.99977201649159,3.0,-18.0,1.220497461834312,89.99999999971945,0.00028503947211033526,-4.4988405562378416e-05,1.0265104485705931,-0.0010660693836582343,-0.0015446208853911903,3.519507914603907e-05,0.1993954480915292,-0.0004627699049609898,0.000611284674448587,-8.091560322712685e-06,660.4186367112351,660.4609108502314,660.2644933221136,660.5702290656818,0.0,0.0,0.0
1.4560000000000002,2.99999603603714,-17.999958304671193,0.9608137127950521,0.01433641727164741,-0.01234388316680427,89.99985337772152,3.0,-18.0,1.2724979863229964,89.99999999971945,0.00027328100326609627,-0.00030382060681060486,1.0238812297281816,-0.002330266619471084,-0.00116071017479121,2.320765432043547e-05,0.1999564851819482,-7.37299258908163e-06,0.0006578521250555552,-5.412606086438177e-06,660.3558991465424,660.5410530071716,660.3388176993898,660.5281731858582,0.0,0.0,0.0
1.5080000000000002,3.0000289146406485,-17.999959007459353,1.0139740189004334,0.006999068461064016,-0.014155994266365499,89.99991280006947,3.0,-18.0,1.324498460624904,89.99999999971945,0.0001871378548357371,-0.000528468688973987,1.021264783673195,-0.002474649658875572,-0.00025018546384214426,1.813489523936902e-05,0.204725967298371,0.00010150511699146632,0.00046883802184662885,-4.797798365363875e-06,660.4720502274124,660.6343682562338,660.4876635354191,660.5922075320952,0.0,0.0,0.0
1.5600000000000003,3.0000645380988313,-17.999966313629937,1.0670027161585989,-7.870094022958718e-05,-0.013596448548794039,89.99995925864806,3.0,-18.0,1.3764988556632853,89.99999999971945,5.247598017483669e-05,-0.0006809798979061016,1.01880767371835,-0.0022876123893572583,0.00045146070940799593,1.395577546509201e-05,0.21209297341639122,0.0001339487451444667,0.00031319375165833656,-4.2394866070803504e-06,660.6518828535967,660.7791070748265,660.6782682864566,660.729269278886,0.0,0.0,0.0
1.6119999999999999,3.0000995161633233,-17.999979871542845,1.1199112308865824,-0.006395533937418228,-0.011356347875431005,89.99999425270256,3.0,-18.0,1.4284991681088604,89.99999999971945,-9.896136706683864e-05,-0.0007574287584192431,1.0166041113275575,-0.001996563764788347,0.000929030578944249,1.0408097070852274e-05,0.22077043250683737,0.00016490934110578986,0.00019674419228792506,-3.6732545584390428e-06,660.8552901681677,660.9581606767044,660.8920404181551,660.9010958188612,0.0,0.0,0.0
1.664,3.0001308709788916,-17.99999853202643,1.1727142203389074,-0.01171321355941191,-0.008008151661395506,90.00001934088647,3.0,-18.0,1.4804994064245938,89.99999999971945,-0.00024373780211046732,-0.0007626073639124565,1.0146967691649214,-0.001631000460421268,0.001234951922512132,7.460994883351359e-06,0.2298742432103822,0.0001959219192855979,0.00010053397393074419,-3.1202137330588565e-06,661.065200919872,661.1495007010848,661.1122872925644,661.0851625565496,0.0,0.0,0.0
1.716,3.000156146787694,-18.000020632968543,1.2254278104452374,-0.016139060960191718,-0.003818143216788206,90.00003884298835,3.0,-18.0,1.5324995832727168,89.99999999971945,-0.00036805937349435036,-0.0007077835611113064,1.0131051749577993,-0.0014822139851464553,0.0015658595520848888,6.037202238433043e-06,0.23870016716902498,0.0003374954296131153,-5.5152651582933486e-05,-3.0062760417995857e-06,661.2622478912217,661.342510809044,661.3498792679668,661.2382579367727,0.0,0.0,0.0
1.768,3.0001733393855914,-18.000044128657123,1.2780681646980174,-0.019707186959306244,0.0010273464546209947,90.00005040826909,3.0,-18.0,1.5844997116501116,89.99999999971945,-0.0004626273339770175,-0.0006033951598184044,1.0118183020311,0.0,0.0,0.0,0.24684249028849337,-1.1421933934753545e-05,0.00046490994814696676,-1.046504315838774e-06,661.415248682913,661.5441293113267,661.4091101234715,661.5444835375127,0.0,0.0,0.0
1.82,3.0001809103957426,-18.000066694113013,1.3306504578196892,-0.02203230810177392,0.006559014205596054,90.00005892941691,3.0,-18.0,1.6364998031381925,89.99999999971945,-0.0005218983619848158,-0.0004517680697114342,1.0108135634745798,-0.0006217497150872869,0.0019597534118290694,2.42466944975254e-06,0.25404009223006874,0.00045526189550627416,-0.00043582677604354453,-2.1069228920994473e-06,661.6374900439297,661.6430121359846,661.7610116849983,661.5078248156017,0.0,0.0,0.0
1.872,3.0001779611577133,-18.000085763622916,1.3831879975794141,-0.022625539111706228,0.012148023490151356,89.99456687581642,3.0000010580793854,-18.000000483372258,1.6884998672988585,45.48875016451331,-0.0005328050231652271,-0.0002575652696325621,1.0100184120503666,-0.0001524937312199875,0.0011455707372611586,-0.009590049329031505,0.2605824305992659,0.0004862019295337742,-0.00032402331906626017,-0.08,764.3008033558795,764.3406926426999,540.2561656737228,539.9741600632428,0.0,0.0,0.0
1.9240000000000002,3.000162104251186,-18.000098717276956,1.435611038961174,-0.10121234789538178,0.016907682769630165,89.70520921176704,3.0000183124906963,-18.00000848724983,1.7404999116501902,45.48877421361059,-0.0004838935815660632,-0.0010542891517785348,1.0072352551438803,-0.05053670635866392,0.0013269986626546475,-0.1388751636997947,0.29033038371951925,0.022626201763345833,-0.0006398382897616168,-0.08,762.183431319536,767.5871835790339,544.9484889510685,536.8623821867901,0.0,0.0,0.0
1.9760000000000002,3.0000940064126977,-18.00010312993081,1.4879825909094964,-0.323366788963371,0.016848117290634637,89.15783323044487,3.0000438322105945,-18.000022372495366,1.7922370203669813,45.48851085801598,-0.00033937132518181923,-0.0031723266896297674,1.0072567412595845,-0.0838348755282988,0.00027263216060908547,-0.2124305009734618,0.2856789378379432,0.04336956802311424,-0.0003824427844292725,-0.08,759.503712481653,770.0703360777379,548.3523660552305,533.1419136275415,0.0,0.0,0.0
2.0280000000000005,2.999874387626696,-18.00009718135471,1.5403656081568924,-0.5630964592752274,0.010761759522472684,88.40402672231171,3.0000642906142345,-18.00003808150813,1.8400654452315675,45.487330905423306,-0.0001570243684912201,-0.0036295138370837166,1.0072161807970106,-0.07390636313757065,-0.00018164455643410947,-0.28023023905221855,0.15568811434098961,0.05008692921774999,-0.00013751080362098405,-0.08,756.1411967205017,768.4592684612518,546.0032525969881,528.4278668464949,0.0,0.0,0.0
2.08,2.9993962970498314,-18.0000789582429,1.5926311076478121,-0.7352769778293485,-0.0007276520248366866,87.45101161729457,3.0000597043284962,-18.000052461379255,1.8804669271072614,45.48470967965046,-5.0571971439424325e-05,-0.0010566749770916967,1.002740253537751,-0.045836721589193906,-0.00010794908202663399,-0.34662760338838916,-0.16572582252375057,0.05013256134577786,0.00022612928696510336,-0.08,749.8579650665753,762.378505155631,537.2840656040185,519.5288167076483,0.0,0.0,0.0
2.1319999999999997,2.998588737177675,-18.00004642748986,1.6443596747356064,-0.8177871050346569,-0.01594067665731234,86.30189998114136,3.000003188332057,-18.000063015184363,1.9127221003675416,45.47962508259502,-0.00015018318311453457,0.004239649131316102,0.9877793839188133,-0.015743632714974386,0.0004456658657475301,-0.41209052866935714,-0.6290803575434758,0.04852614409648898,0.0008112656801095635,-0.08,740.9016617787585,753.316205466825,524.1359423318002,506.7331619757384,0.0,0.0,0.0
2.184,2.997428659920706,-17.99999810558957,1.6948409156315856,-0.8152825847634169,-0.0319792242824602,84.95943963773689,2.999850798045495,-18.000067444757708,1.9374926950070948,45.47259101353691,-0.0005804392087360847,0.011332221430548463,0.9574137473873898,0.01122524959698781,0.0016218164831368512,-0.476554824366346,-1.14229977035464,0.0465450942227775,0.0015952896238271399,-0.08,730.855433409772,743.135005230961,509.10513340613244,492.22725374388085,0.0,0.0,0.0
2.2359999999999998,2.9959348148416765,-17.999933559776334,1.7432105350737843,-0.7395888005687692,-0.044786802540626884,83.42691386271584,2.9995498736669206,-18.000063519879113,1.9559718873796017,45.462445977397046,-0.001433739604684777,0.019192777654340253,0.9099567012568672,0.03376572904803956,0.0035840331082552176,-0.5398347060754596,-1.6230211336488587,0.04411704218473788,0.002464221884784263,-0.08,721.3709297449894,733.4096992993868,494.4709132289291,478.3729997842991,0.0,0.0,0.0
2.2880000000000003,2.9941564081403804,-17.999853481862903,1.788601457447109,-0.6057806060796628,-0.049567585491825134,81.7081950180474,2.9990461580176064,-18.000048965369817,1.9694444473963424,45.45098324349051,-0.00274095939276353,0.026834359841975918,0.8463474123306363,0.05082540350114917,0.006405012970436631,-0.6017274134464693,-2.0115708367637835,0.041194273931194986,0.0032364350955270153,-0.08,713.7269805054303,725.335370062448,482.1128052007939,467.0773495588939,0.0,0.0,0.0
2.34,2.9921619350138187,-17.99975935179601,1.8302601649971673,-0.43259966299397545,-0.04158679531049622,79.8078475344103,2.9983182052461794,-18.000022778018167,1.9790811109666684,45.4366994890815,-0.0044462743174750186,0.03337736148355094,0.7695435140814434,0.06128556953023667,0.009946015847400912,-0.6619730067145181,-2.2753294919573896,0.03803607264740613,0.003717645667214693,-0.08,708.6504729344282,719.6417065782241,473.3123880401443,459.47956168828233,0.0,0.0,0.0
2.3920000000000003,2.9900294657783992,-17.999652748316972,1.8676367545230539,-0.24102107641785608,-0.01716773938731467,77.73110692167677,2.9973540441362783,-17.99998410779363,1.9858613203628623,45.42227079470453,-0.006397178585098218,0.03815035209675742,0.683873447450568,0.06474401327818136,0.013896254438480055,-0.7204501269617982,-2.407748456750924,0.03491810175397694,0.0037137621228417747,-0.08,706.3232741461119,716.5315736953733,468.5716456156116,455.8805570239227,0.0,0.0,0.0
2.444,2.9878392189132903,-17.99953442541138,1.9004078620826323,-0.05295861145278503,0.025456542107482327,75.48345236186277,2.996151590628041,-17.999932372842103,1.9905620541702338,45.405835956015345,-0.008358323101568522,0.040765325355408916,0.5937288097722417,0.06119632739755526,0.017714752593059345,-0.7770911644739825,-2.416602655091647,0.032285495684964485,0.0031002626853383567,-0.08,706.5697833805547,715.922695847659,467.8865918485277,456.0095481775635,0.0,0.0,0.0
2.4960000000000004,2.985667591425573,-17.99940320122332,1.9284747940681388,0.11141878189949993,0.08519229730859156,73.07046136712039,2.9947286162532967,-17.99986755976979,1.9937772417257573,45.39040867726262,-0.010044409079124485,0.041164352240845394,0.5033551789288432,0.051686772160866326,0.020691847822766625,-0.8318975846953851,-2.3212716771869997,0.030458820335578268,0.0018753260158997226,-0.08,708.9452386734717,717.4680790737924,470.7372477251084,459.1804059150676,0.0,0.0,0.0
2.548,2.9835823207544068,-17.999254881321022,1.9519386589106145,0.23645970527969057,0.15786800228138156,70.49751634515906,2.993115567530596,-17.999789454763146,1.9959483738092612,45.373889273488125,-0.011174437409605654,0.03960578730542675,0.41633439215505286,0.0380255643428911,0.022140318254520848,-0.8849331562404009,-2.145885975961903,0.029607612292245664,0.000151063848423897,-0.08,712.8955368770895,720.7002193977705,476.3299398589409,464.5589809461858,0.0,0.0,0.0
2.6000000000000005,2.981638710181008,-17.999081469753175,1.9710613118470564,0.31271997364116033,0.2365231802941124,67.76967044259439,2.9913597623041497,-17.99969803149958,1.9973963845250424,45.35920751585279,-0.011528654671820333,0.03658754301981866,0.3354324986788089,0.02235154359900108,0.021491202601333862,-0.9363006490355614,-1.9155706476342123,0.02978757861377414,-0.0018318668750721759,-0.08,717.8430976149099,725.1272911446563,483.7732342722186,471.3259642778721,0.0,0.0,0.0
2.652,2.9798769357757595,-17.9988709464036,1.986220114014216,0.33781381957375495,0.31230106155217185,64.89296904897218,2.989508246891288,-17.999591783911782,1.9983502601971648,45.34417271268128,-0.010995387258678813,0.03273810099111437,0.26252706133428205,0.0070078337151759556,0.018464659822912906,-0.9837499015153888,-1.6533724713674303,0.030825653765852265,-0.003761165873413999,-0.05996395157586152,697.5056086799748,704.7622752332497,528.0998356414112,515.6407433801096,0.0,0.0,0.0
2.7040000000000006,2.978321082053582,-17.99860826269063,1.9978538202373683,0.34595963722894735,0.37507581834425663,62.002679342394316,2.9876197548647974,-17.99946882130504,1.998970758492163,45.331257171252474,-0.00954598249121581,0.028757883384966924,0.19819080017655058,0.016013328724193775,0.012793742119597464,-0.9524976066154469,-1.3736746594924347,0.022740422467229023,-0.005217093142954906,-0.010076334433681191,636.6330646043036,641.7866739691378,614.0153807888335,605.3951883279384,0.0,0.0,0.0
2.7560000000000002,2.976991301724857,-17.99828362731597,2.006428472218606,0.44004640237825016,0.416042674506493,59.27384558756688,2.985740904138178,-17.99932342199249,1.999369110680138,45.31833452053147,-0.00726415022248982,0.024851905046615858,0.14331147981762418,0.053569786570939214,0.0036873668721208617,-0.8883958846395534,-1.0964417241079436,-0.00032069353787847824,-0.005517721183394428,0.024601745881676216,595.3320339054703,593.485539202931,666.511845669037,665.0443938388632,0.0,0.0,0.0
2.808,2.975932841781054,-17.997912109355866,2.0124590963414684,0.6321913110357521,0.4304334961084478,56.76579188948942,2.983925197870764,-17.99915082504237,1.9996212543368592,45.30749882083115,-0.004373820952518725,0.02007972522858978,0.09835403086738001,0.07902520843887795,-0.0075235056348827755,-0.8087687399109742,-0.8402050134340282,-0.024105408793476637,-0.004770774450114191,0.04886778132733773,567.3649935312282,557.7150514124532,701.0629776255247,706.2285710990269,0.0,0.0,0.0
2.8600000000000003,2.975217278106063,-17.99754254415874,2.0164380329542624,0.8543358712640093,0.41790394386048985,54.51107811699561,2.9822203255411197,-17.998946485250155,1.9997783763269197,45.29737826509617,-0.0011348982633608705,0.013591260798716757,0.0625256870304706,0.07743746946981914,-0.018168409483735777,-0.7205190844428812,-0.611213252354719,-0.04072928088084204,-0.0037268944745012453,0.06474281808942066,550.0287600828955,534.6184299540621,723.811527055575,733.3589838448445,0.0,0.0,0.0
2.912,2.9749171313745486,-17.997245957555627,2.0188073430624978,1.0334596670900227,0.38107019998786196,52.525878521088956,2.980654806749479,-17.99870358596966,1.9998745549767156,45.29029467311877,0.0021912856809771716,0.005329221078701996,0.034882707317621324,0.05401459146870086,-0.02656125364563689,-0.6292334789222599,-0.41318745034588567,-0.049161879214370346,-0.0028719361764951296,0.07373979389342052,541.5924487179524,523.2194038211059,737.8443278315644,749.5455216794122,0.0,0.0,0.0
2.9640000000000004,2.975079930291584,-17.99709541614388,2.019953099692695,1.1241059417333494,0.3235508468915331,50.81051268722434,2.979286312403305,-17.99843473012091,1.9999321994521089,45.28593719174574,0.0053515388334450095,-0.004101371855261476,0.01425530673602644,0.01972051410487126,-0.03234593199850287,-0.5392493831559918,-0.24622257496313105,-0.05109932485933021,-0.0021981760001225526,0.078537913974324,538.2223035199786,519.2728450772742,746.7178235702956,758.9291892472479,0.0,0.0,0.0
3.016,2.9757135927636487,-17.997148581752224,2.020202752770595,1.111824725244714,0.2491728146886768,49.356149718361515,2.978166013548254,-17.99816101183672,1.9999658601687962,45.28593719174574,0.008106716994773442,-0.013791085437330838,-0.0005042451157029877,-0.015829006981683404,-0.03576088505405296,-0.4535466830965567,-0.10901869164974924,-0.04874141151915591,-0.001475839637744258,0.07750228063842718,543.1445113153143,525.4760904903782,748.3386372303344,760.1195780266787,0.0,0.0,0.0
3.0680000000000005,2.9767837776525323,-17.99743777543943,2.0198277750211373,1.003764428039523,0.16226231344629355,48.14635236099972,2.9773419305743904,-17.99791572824031,1.9999848600861767,45.2990237896464,0.010245211180135086,-0.02281977335732376,-0.010544995928581024,-0.046696378146096805,-0.03711295375419142,-0.37388045812053905,0.0013511173041967917,-0.04373064236481136,-0.0004850500774437102,0.07712498751669006,545.6907497577046,530.2396067948976,750.525027536306,761.2801254714428,0.0,0.0,0.0
3.12,2.9782193531139436,-17.997967360761905,2.0190462260992548,0.8215104431994837,0.06817317961895158,47.16267455467894,2.9783421869918882,-17.99623888803236,1.9999950877655623,18.304394538355726,0.011601141052846882,-0.030425962062703243,-0.01686543794103156,-0.06857183686066023,-0.03643789360905281,-0.30522888164783046,0.0879246705268879,0.06938228886456776,0.10681781841937935,-0.08,738.9570537205242,782.4997075825313,528.8499779035368,541.9939355066676,0.0,0.0,0.0
3.1720000000000006,2.979924090548451,-17.998714309094268,2.017740687975038,0.8668395076548617,0.24342445223833184,45.906019774083845,3.022125057192502,-17.95178396262387,2.0000002038526454,45.27136779048391,0.01267596580020448,-0.03631936272419688,-0.02907846745692408,0.18562612410009788,0.20003184706427235,-0.45412118253233985,0.24917412012816614,0.19452214286786082,0.5732062859244267,0.08,383.56004677319504,660.1297109497591,716.0426996945447,809.3800042803772,0.0,0.0,0.0
3.224,2.982032036658662,-17.99964412606106,2.015855235097269,2.2473723582699576,2.0805577975966307,44.987444187731406,3.095548159136965,-17.877843039135033,2.0000024428942833,45.28832306859506,0.021050238062883354,-0.048191344923856134,-0.03601276190281544,0.48628402821522887,0.8712693714078918,-0.2731105008030462,0.3771032941339346,-0.3452525165659798,0.23410809281722827,0.08,562.7231152399644,524.2793890834396,692.3221685840995,834.948975378479,0.0,0.0,0.0
3.276,2.9855030871896058,-18.000555161953596,2.0139448715205104,2.746611616772256,5.421658347517925,44.48574311819882,3.1734706554896976,-17.79983483246744,2.000003139655583,45.30996648508166,0.0523121498724648,-0.07008116453690012,-0.02704021844919293,-0.04953049929597795,1.2183251149679317,-0.18580095427197366,0.349405832772512,-0.1869582499128421,-0.0464915445768625,0.08,583.6927858462436,502.91558677573977,750.2439072266493,784.6521711533802,0.0,0.0,0.0
3.3280000000000003,2.9915569346800206,-18.000571456546655,2.01226641353839,1.871089686476681,9.080178068404717,44.211901362157846,3.244329248249479,-17.729491725880603,2.000003070228385,45.343215807620915,0.11358318439718981,-0.08966619344910724,-0.010525151101547453,-0.3935593451875926,1.1840533771102666,-0.11741213005139461,0.24013611111435446,-0.046951157634929325,-0.194371986149939,0.06622837425244557,606.1787592817619,526.0411210041995,769.3605869159862,732.453391310861,0.0,0.0,0.0
3.380000000000001,3.0010879255606375,-17.99829706634092,2.0106980777658716,0.509494765608364,12.186058920957354,44.01087911526325,3.3040923217588047,-17.671007844968738,2.000002670160337,45.38164702708517,0.2027387637437529,-0.09895064429968152,0.012952108692463531,-0.4511639377421749,0.9249857169704716,-0.07067361348774778,0.05891636106361925,0.01503627456410167,-0.23144571512221263,0.05416401957156889,619.4452583420025,549.8601027533554,766.4053397209991,703.3520303420247,0.0,0.0,0.0
3.4320000000000004,3.014628147524064,-17.9923650060722,2.008982064777863,-0.7449873716576061,14.359642489982662,43.8623812403217,3.3526680678001646,-17.62459435272556,2.0000021719317806,45.42750321170367,0.3127835307328682,-0.09696600162496902,0.04137834602120813,-0.3720190224121283,0.596204240067069,-0.03252214457364626,-0.1661656482059352,0.03157659082320241,-0.20065721843641468,0.044291481843586306,624.547503419243,571.3913921686868,750.9004119973513,690.3154625422379,0.0,0.0,0.0
3.484,3.032408068780943,-17.98176964398389,2.006796123905716,-1.6696774181521499,15.592474684696574,43.7936713498904,3.3919148414964866,-17.588470300809536,2.0000016902102633,45.469770661937474,0.4357199322177118,-0.08604218641357134,0.06958761768503456,-0.25793001598398635,0.29942511749348055,-0.0019076426627399653,-0.37392761373357264,0.032275441287863,-0.1407636484823436,0.035434805853030646,625.4860501437591,591.9823180550338,730.0064433921845,683.9953446337848,0.0,0.0,0.0
3.5360000000000005,3.05443218462148,-17.965939840747286,2.00382720631722,-2.235163087492639,16.077107568146527,43.81483198207268,3.4241511750575753,-17.560157782284374,2.000001273743568,45.51195928767832,0.564537793613174,-0.06926431840931109,0.09288762193192919,-0.1488217386356386,0.08139146409341762,0.02107065809454676,-0.5081270561741814,0.029051667746070434,-0.0782236884842453,0.027493275328211695,625.8624877037148,610.9140725241597,709.3207659071244,680.295690413698,0.0,0.0,0.0
3.588,3.080569022718767,-17.944663866118567,1.999851465807897,-2.481366655179943,16.070976986498252,43.911679492674146,3.4517531830948602,-17.537037618202344,2.0000009362494984,45.54542602804211,0.6939028211806626,-0.04951167385238654,0.10971370545538395,-0.05527478055630232,-0.04976893107985624,0.03715044225484373,-0.5461389641900234,0.024425003806888845,-0.027497512533661863,0.02031416005120121,628.5423130199986,627.6226795264073,691.7461783199499,677.4885872178564,0.0,0.0,0.0
3.6400000000000006,3.110639056534984,-17.917970343126626,1.9947867581649148,-2.467538349237103,15.808679376332671,44.05870367610315,3.4768688738899236,-17.516664991344392,2.000000674296907,45.57441187679702,0.8203373992662591,-0.02921331641546081,0.12162315323242485,0.019969629935081064,-0.10907265935817931,0.04736386313919142,-0.5005905004706741,0.019144805525001876,0.006863643588709729,0.01413849251970441,633.8013127354044,641.4692835420249,678.6673259266113,675.2568620644179,0.0,0.0,0.0
3.692,3.1444788514997133,-17.8860258390269,1.9886927102222474,-2.2633500054213433,15.462987675981145,44.23118590270927,3.501254947014811,-17.496982287806198,2.0000004772800235,45.59401853694002,0.9420692695850494,-0.010291075570131283,0.13160680034858055,0.06751530353919324,-0.11935082782366165,0.05270840232625833,-0.4027615327107995,-0.014671925891590944,0.026036469681886595,0.009014876649976567,644.9806149837968,648.2845596455081,665.9128585192863,677.3076143806562,0.0,0.0,0.0
3.7440000000000007,3.181970477179755,-17.849059814769436,1.9817323923796584,-2.026011188931811,15.139842666092918,44.41027127498681,3.5262516591215736,-17.476352564058477,2.0000003326946096,45.607688910566374,1.0586247775361033,0.006009368437836848,0.14259117565878973,0.0665437761398405,-0.1022344793894882,0.05435376229710239,-0.28662596766331383,0.030273890549636247,0.03367825317571776,0.004979584650894624,645.1924148593406,663.56475070112,667.7274536091749,668.6852287636223,0.0,0.0,0.0
3.7960000000000003,3.223030158321894,-17.80730017777606,1.9741199281298818,-1.6886869274634622,14.888621160408697,44.585895730117144,3.553057643952341,-17.453342830044303,2.0000002287007397,45.61387531097748,1.1703339916764848,0.019737145168945182,0.1565703117443446,0.12068013564800387,-0.07468384799978753,0.05371372116724601,-0.1786334268853187,0.01628318400988299,0.03413966142521733,0.001694446768651319,653.8297532411457,668.1702512798153,663.1817701823777,668.2243592507097,0.0,0.0,0.0
3.848,3.267630574354646,-17.76097930036386,1.966072400420638,-1.2180839321947232,14.719463602017,44.751384143699575,3.582057607105929,-17.427390380850618,2.000000155176757,45.614281299395756,1.2778778413549126,0.030132039562693225,0.17414393156750727,0.15402267095913477,-0.047446893211001435,0.050947482168483084,-0.09162384329015283,0.0008457539463940372,0.03110891448624082,-0.0007248094331844312,661.501297178581,670.5209779948437,659.7364754232258,668.3043126901351,0.0,0.0,0.0
3.9000000000000004,3.3158108709521614,-17.710347042828378,1.9577778117362752,-0.7300075639189672,14.615309167429416,44.90243724655195,3.6139130124641503,-17.3977223050125,2.0000001039788815,45.6099147022192,1.3819927601986437,0.03636647901126628,0.19503696210138757,0.13942974642071695,-0.032954838902405754,0.04654256333116475,-0.028908736905066235,-0.02011076553927467,-0.05757078086197186,-0.0023457730607646028,680.278438641441,658.4616954084847,668.3126762621299,657.6910369010237,0.0,0.0,0.0
3.952,3.3676299484403884,-17.655645215193747,1.9493845620634398,-0.35785233719931564,14.37090681482134,45.03821367336497,3.648656730628417,-17.36428356110954,2.000000068818124,45.60165388239046,1.4834697613545793,0.038568575232302324,0.2145787421881454,0.10206063785402238,-0.13831569664434198,0.04127183857715688,0.050703140842423444,0.0053684925634501085,-0.1489717474959782,-0.003414472612693541,692.1068560705787,651.9351970622512,684.5055352700939,640.7171791477389,0.0,0.0,0.0
4.0040000000000004,3.423065322786983,-17.597133580679756,1.94104789067413,-0.035081165279926,13.565485096375292,45.15775992725596,3.6867703650831136,-17.32661357989453,2.0000000449827047,45.592196870381734,1.5813269696476673,0.0378677134029685,0.22103185827505767,0.09637017666724428,-0.37063051983796563,0.035950448005803104,0.2576930705130551,-0.0017898814838674879,-0.16330222266939493,-0.004152453135984888,699.330434875004,653.4456470378491,687.9023681394569,642.2489821028446,0.0,0.0,0.0
4.056,3.4819159500378145,-17.535214004636412,1.9330693798224632,0.2495253784864668,11.992477162627402,45.25424952294621,3.7280965566288984,-17.284972780002548,2.0000000290254927,45.58123834105352,1.670530496755152,0.034660901218898664,0.2079373647785574,0.08053041482179432,-0.632219278236729,0.03051705267013715,0.6459081911655655,-0.007445865020034501,-0.123967512432969,-0.004401944360858147,701.4287578015363,665.2767028241918,687.8301212977485,655.2099692891079,0.0,0.0,0.0
4.1080000000000005,3.543748383246266,-17.47050097087386,1.926010383249096,0.4540911791445406,9.716116426177074,45.32277823992874,3.7730202563608906,-17.239083647378074,2.0000000184735858,45.57148672063488,1.7435171287934346,0.029290051975087196,0.17810941644292305,0.05218997119119673,-0.8414954114013984,0.025425564155658414,1.1696133915874398,-0.008209766526590185,-0.046025671078623265,-0.004170631337351156,699.3810728429706,684.6475562655158,686.1488703327186,675.708613742102,0.0,0.0,0.0
4.16,3.6078840070291025,-17.403813756736163,1.9206607882050584,0.5611255473088396,6.994642105425856,45.36648670481267,3.8212161830248235,-17.18943086923903,2.0000000115826064,45.562345230098146,1.7932129453718637,0.02252448664483922,0.1413671340501107,0.021382407032038326,-0.9462581609602042,0.021045285005381897,1.706792677770679,-0.006415001498738892,0.03599643519362561,-0.003670600716818668,696.43503377295,704.374812042745,684.9751404199693,696.5177148171882,0.0,0.0,0.0
4.212000000000001,3.673442664672965,-17.336117531896868,1.9178821872400607,0.5787887973978297,4.169336420157059,45.39441588448232,3.8723587145439065,-17.136497510943457,2.0000000071403603,45.55600404014938,1.8158385873345004,0.015310647275497186,0.11002365597244364,-0.005359899680793834,-0.9342582884003207,0.017500839205382,2.1085501628361243,-0.0035533461184174137,0.10727666932683655,-0.003089754609677247,692.4432677799649,720.0527044646125,683.2614734698996,713.1033974976768,0.0,0.0,0.0
4.264,3.739439499189037,-17.26842290256517,1.9183817270054602,0.5267239612944696,1.5689102026568376,45.4160613591991,3.926252296598486,-17.0806234215527,2.0000000043159396,45.55085226627739,1.8119347439099625,0.008473899907440588,0.09353386127615168,-0.025333344762515742,-0.8185205561219459,0.014660121630337012,2.2590229138475624,-0.005847433740241657,0.15971674227681887,-0.0026103359068254256,687.3509390961227,728.2194554775195,678.7562029142733,723.1592615420207,0.0,0.0,0.0
4.316000000000001,3.8049174250983473,-17.201658608878773,1.9225088094780558,0.4192850173965586,-0.5402049061412657,45.437708744184974,3.983532199602729,-17.02127502933387,2.00000000254709,45.55252074554747,1.7855393330756832,0.002584299922114906,0.09575231712405584,-0.043783198449325315,-0.6241431739642043,0.01226145614992415,2.1088946147609247,0.004521565363543778,0.19130347154957292,-0.002151268890848569,677.6151723919279,729.924125607778,673.0511158214233,723.3426901136176,0.0,0.0,0.0
4.368,3.869081030912004,-17.13654438677399,1.9301390997119334,0.2733356838432493,-1.976947963133836,45.46191470157692,4.043115961156019,-16.959662414757975,2.0000000014580626,45.55622387697204,1.7426279191967915,-0.0019471163425054487,0.11463892693228599,-0.04907238075996368,-0.38177198100011633,0.010352600192651122,1.6820367249874526,0.007532306382995789,0.19941083432088397,-0.0018818048519191578,666.597607254418,722.6060452121669,663.5547751688863,715.8547521682037,0.0,0.0,0.0
4.42,3.9313992072599087,-17.07350546555997,1.9406762626246163,0.13685460980395803,-2.6575384791985854,45.48725644511972,4.104062586849063,-16.896814151139626,2.0000000008008274,45.56186068570041,1.689778028812357,-0.0049741410178251785,0.14375999422246916,-0.042626558009566703,-0.12477061674590746,0.008690168742008491,1.0607116552240126,0.007001732778950838,0.18587032055355684,-0.0016858040565104727,654.7334688851868,707.9495395881462,652.0318493181979,701.7101262307493,0.0,0.0,0.0
4.472,3.9916539868993186,-17.012658015839914,1.9531501704541048,0.02121174627203213,-2.594618633097084,45.51053047615345,4.1662758087031095,-16.832867576455783,2.0000000004136993,45.56793735569738,1.6334020411652403,-0.006667733295144811,0.17494195340119906,-0.0357240530790787,0.11610773677039185,0.007217336560517551,0.35633756328335675,0.003117722325741413,0.15726203896436353,-0.0015068854884100948,643.2824462615087,688.5581949489441,639.9028724287425,683.6895102346872,0.0,0.0,0.0
4.524,4.049914523309052,-16.953847683900822,1.9663932589606097,-0.08189945962580777,-1.8782734411247826,45.52920945536125,4.228879216198323,-16.76872061571767,2.000000000192649,45.574841380382274,1.5794228949451152,-0.007245156732196173,0.20096928698423774,-0.03392488077320617,0.3182349309672593,0.005900826837578374,-0.3226975432239385,0.009025831051254032,0.11832693937899992,-0.001272457221829404,632.0670969887055,668.8731616462626,631.0709635942884,662.8317525785656,0.0,0.0,0.0
4.5760000000000005,4.10646473726548,-16.89671813639656,1.9792005770279464,-0.16919073413231858,-0.6543167513823352,45.54233411246152,4.291071613408103,-16.705170915774293,2.000000000071672,45.58106320465098,1.5330952541337202,-0.006821012239194747,0.2168388102945365,-0.024619560049848374,0.4653677485796505,0.004967067471072425,-0.8885060028438887,0.00893476297176343,0.07410167016905836,-0.0010762677698374227,625.0887005492734,649.5815424633707,624.6283803084598,643.9427538387421,0.0,0.0,0.0
4.628,4.161721886526409,-16.840794214054146,1.9905063049501122,-0.22035328919715652,0.8976155862288486,45.55054433173696,4.352300712166667,-16.642747124033534,2.000000000009525,45.58720575609462,1.498653878226588,-0.005566362610118074,0.22133435694923215,-0.012394309108628187,0.5497633375987847,0.0042964005458162955,-1.2948597653697584,0.0071929104377973655,0.029079651343474622,-0.0008755557136966737,622.3339087389024,633.19615027102,621.9349438373547,628.5158067856231,0.0,0.0,0.0
4.680000000000001,4.216170109704814,-16.785556572172403,1.9994999760135983,-0.23976720553750366,2.585663734139556,45.55558283613616,4.412601922406416,-16.581373466363896,1.9999999999808822,45.5920583642666,1.4789269440563182,-0.0038281927178129014,0.21527299837954134,-0.0030319565035727193,0.569544269416548,0.003795246192896695,-1.523679702425064,0.0058622371773470365,-0.011334187642660032,-0.000697389023761525,623.2777566260575,621.6251289371379,623.0006167788328,617.7897726116748,0.0,0.0,0.0
4.732,4.270306747135494,-16.73049144008769,2.005668554982808,-0.23634839135017396,4.226051912940782,45.55936065829413,4.47168671148063,-16.521299006418765,1.9999999999705094,45.596324907955875,1.4749968953250474,-0.0019151177512672115,0.20101855570664046,0.003545775789770669,0.5303434749636258,0.0034332854490529995,-1.581615144887213,0.005013526627434401,-0.04416185317550683,-0.0005558661961864251,627.3012964339222,615.4573963826416,627.1840220620518,612.2668413948866,0.0,0.0,0.0
4.784000000000001,4.324602280123028,-16.675124427852943,2.008808273932573,-0.21672884273168228,5.660716626727764,45.56333065712896,4.52976570482379,-16.462268697369566,1.999999999969468,45.59930057251342,1.4861235498891958,-5.1819666871063836e-05,0.18138326997643978,0.008232327522222124,0.44291545980356417,0.003124850392940788,-1.489635408238484,0.004327620359529884,-0.06651061331816077,-0.0004644799617374764,633.4096891817189,614.6772152794332,633.3537032939659,611.9664482205783,0.0,0.0,0.0
4.836,4.379471073253214,-16.619046048725657,2.0089991114294063,-0.18576528416091245,6.771271417688503,45.56822997026025,4.586839393298063,-16.404246666202468,1.9999999999726799,45.601534290962256,1.509963195116179,0.00160601323555133,0.15894466730925702,0.011351524196960396,0.3217141248484278,0.002844394473351203,-1.2755060536793914,0.0037099099576951523,-0.07753793707728404,-0.0004178952043947147,640.6548876207681,618.6118277673933,640.5511835534036,616.2450812555805,0.0,0.0,0.0
4.888,4.435248004069491,-16.56193318415539,2.006558197927183,-0.1479901945634796,7.485608541918542,45.5741058890252,4.643246842748004,-16.346860710902433,1.9999999999773872,45.6027577058575,1.5430225495442638,0.0029570428342825,0.1356982305319878,0.012970158236828483,0.1830388917129763,0.0025431477315970875,-0.9688901395875202,0.0031660560518982075,-0.07703351054163336,-0.00040486134503166536,648.1381782011206,626.3466950801102,647.9146554137765,624.2112766245875,0.0,0.0,0.0
4.94,4.492169614364802,-16.503566488569795,2.001988116545984,-0.10784794502048216,7.781099584791654,45.58048671653367,4.699186755365534,-16.289889973799895,1.9999999999821905,45.60333931697992,1.581209017667947,0.003951025388694475,0.1132634482065199,0.013145093040221356,0.04322972148796487,0.0022243046929061906,-0.6017266644542655,0.002782135532988117,-0.06653179797721091,-0.00040914418730274873,655.214420298356,636.6609301100701,654.8711586989498,634.6616152657575,0.0,0.0,0.0
4.992,4.550361164992413,-16.443841760476285,1.9959191387298447,-0.06937035058629179,7.68066038567329,45.586684162686296,4.755009410681729,-16.23296717271744,1.9999999999864582,45.60331502986489,1.6203980475283344,0.004584126810414134,0.09290759844830626,0.012173812072886467,-0.08311660801160284,0.0018759999227783049,-0.20661855236118032,0.002547112757670636,-0.04821704162572953,-0.0004113898515678209,661.415942349675,648.3054270145375,661.0028536174863,646.4041364480081,0.0,0.0,0.0
5.0440000000000005,4.609832420016072,-16.382772361230685,1.9890494387226727,-0.035308174600604134,7.246174919564636,45.59209471768532,4.8109989775437745,-16.17579911961122,1.9999999999899754,45.60284624357832,1.6569144307100783,0.004889119318679124,0.07599555654192465,0.010445614314519921,-0.18439961372299007,0.001533231745764942,0.1806565623500367,0.002442647841194431,-0.02514624705436211,-0.00040849093015237837,666.4381687342104,660.0027748440075,666.0066645270059,658.1731676117847,0.0,0.0,0.0
5.096,4.670484213596941,-16.32048091673515,1.9820781738447786,-0.007583696583614842,6.56571022902538,45.59635788103079,4.867395204711592,-16.118144362325634,1.9999999999927374,45.60220397138437,1.6879097918902493,0.0049208634438154914,0.06361970700576788,0.008198849198596012,-0.2535212143151541,0.0012100558275229742,0.5269331836602689,0.0024781251023135932,-0.0004071344314399844,-0.0003924914202321532,670.0861649311341,670.6669262419214,669.7106407245163,668.9002417654004,0.0,0.0,0.0
5.148000000000001,4.732126786205068,-16.257179208524132,1.9756442868796036,0.012938564893206586,5.741460494937362,45.59941409113609,4.9244749966549,-16.05972734999566,1.999999999994833,45.6014184789695,1.7115539569291738,0.004746241601221422,0.05682537798359836,0.005817274571224331,-0.287618551201165,0.0009226110888895609,0.8014064099555934,0.002589764108026476,0.02327085433243485,-0.0003674109295961036,672.2122620555808,679.4059766617606,671.9373944598946,677.6987551919652,0.0,0.0,0.0
5.2,4.794508209192577,-16.19313820811479,1.9702738035623755,0.02641470940198064,4.876671442673283,45.60142614711571,4.982276289575579,-16.000520414155716,1.999999999996382,45.60075201846763,1.727079632501964,0.004433232554188383,0.056209578125389695,0.0035644759461816236,-0.28769991491350744,0.0006786041117870977,0.9812755149883505,0.0027434147716870463,0.043174912869947374,-0.0003340246989631233,672.8133076528582,685.5233495637691,672.6723617692179,683.8784006456987,0.0,0.0,0.0
5.252000000000001,4.857348787040455,-16.12865262817903,1.9663358298223983,0.03352711159594396,4.064645811452941,45.60266046745053,5.041019359924446,-15.940309773584966,1.9999999999975027,45.600187147337046,1.734682860039086,0.004043247367858308,0.0616453601933072,0.0015812432363305402,-0.25888403425735984,0.0004800711237434231,1.0558750214587254,0.0029204978741589937,0.058220062137585925,-0.0002989656722310081,671.884626522596,688.7791877930948,671.8884273238958,687.186845899765,0.0,0.0,0.0
5.304,4.920376296011231,-16.064005107263785,1.9640166456982902,0.03536359431164012,3.3793235586828385,45.6033974821889,5.100504909660541,-15.879312008884495,1.999999999998299,45.5999240521501,1.735312017034935,0.003627365466026781,0.07226032271963989,-8.389428277826017e-06,-0.20804630657036802,0.0003276920815901283,1.0277267767624332,0.003081737164805129,0.06709669572552357,-0.0002641717503393731,669.6880308505539,689.1066422825559,669.8320595426444,687.5634745167853,0.0,0.0,0.0
5.356,4.983356562694042,-15.999435596143064,1.9633207829901842,0.0331844463069129,2.8717223865970025,45.60385914742209,5.160905023659931,-15.817361904098389,1.9999999999988558,45.59994246567009,1.7304279293145697,0.003224700395537217,0.08658980662741574,-0.0011799337434843862,-0.14362542294720232,0.00021474889287144004,0.9110079490676046,0.003215590655058673,0.07044368135527226,-0.00023222116575640698,666.4296907727338,686.8938602510057,666.6997771033084,685.3942075312374,0.0,0.0,0.0
5.408,5.046114997064578,-15.935120261715483,1.9640895702453143,0.028220954825240053,2.567603513282578,45.604187116211754,5.221811655663979,-15.754887205520939,1.9999999999992397,45.600256922117005,1.7217740575808023,0.002862887415162852,0.10274986169325775,-0.001953362031089319,-0.07375884211879483,0.00013602385598482066,0.7292633207653527,0.0033153515758551195,0.06805589658937419,-0.0002038534657351366,662.6243584737716,682.5726515312358,663.0024998197782,681.1120807327814,0.0,0.0,0.0
5.46,5.108547107415041,-15.871161720871978,1.9660372781486668,0.021580116926214726,2.4687182163028014,45.60445503549876,5.282862767552825,-15.692266287567435,1.9999999999995013,45.600941511296675,1.7111790763594066,0.002559456559792102,0.11881786877231819,-0.0023783397840570143,-0.006666302153217496,8.783541749822615e-05,0.5105084258243213,0.003384111712661531,0.060659027898673494,-0.0001777269220553383,658.7588489145854,676.7882683091555,659.2312649572566,675.3667611537089,0.0,0.0,0.0
5.5120000000000005,5.170618255689198,-15.80759019362613,1.9687966803308392,0.014202046467935152,2.5541498793268897,45.604702551049115,5.344921543717478,-15.628619445986855,1.9999999999996767,45.601844623099744,1.7003881119726763,0.0023231975671995095,0.13301205334745775,-0.0025150586943136536,0.05117566473707269,6.528162813261653e-05,0.2840066072171967,0.0034201358396702625,0.05226700341257348,-0.00015600753092581243,654.899198684188,670.693957401216,655.4453033828077,669.3087054068692,0.0,0.0,0.0
5.564,5.232354650753384,-15.744373445688401,1.9719689583890154,0.006811513141752494,2.7912204712445785,45.60494332270169,5.407244863882816,-15.564711372455973,1.9999999999997933,45.60310734124208,1.6909169976195664,0.0021563313422945964,0.14413000338671583,-0.0024388596181073217,0.0970146854770447,6.598043156558591e-05,0.07435624445384703,0.0034347393127339737,0.042067802735202435,-0.00013519901258895518,651.7023249607262,664.6985089791131,652.3136266522866,663.3539379750848,0.0,0.0,0.0
5.6160000000000005,5.293830206013842,-15.681430743701922,1.9751727361034264,-7.613926706710087e-05,3.1397712686454473,45.60519402295248,5.469346836616867,-15.50104113102273,1.9999999999998697,45.60617339716728,1.6839805463696191,0.0020557004484013895,0.1516892176908119,-0.0022161325086795165,0.12834496068064455,8.292194251919714e-05,-0.10146548819918477,0.003440042131938486,0.03026556481987959,-8.329551330939322e-05,649.4810875116609,659.1649430267069,650.2419329344592,657.9517572865102,0.0,0.0,0.0
5.668,5.355151791224824,-15.618648247065675,1.9780757579707433,-0.006067036399587154,3.552299757482814,45.60549115437608,5.531558621885965,-15.437269139450137,1.999999999999919,45.60787997227541,1.6804389229888144,0.0020141304279448205,0.15550259851261727,-0.0018747228142093376,0.14311852926081123,0.00011799741226984962,-0.23094537702511508,0.003422847580607765,0.019481411893833823,-6.702250728178873e-05,648.2382533138045,654.8468888781207,649.0414061650732,653.6761399520988,0.0,0.0,0.0
5.720000000000001,5.416443914051372,-15.555894849462835,1.9804217294429092,-0.011011726910082315,3.980587773677126,45.60587272284707,5.593461757166829,-15.373822664728081,1.9999999999999507,45.60986507942816,1.6807261625578005,0.0020215609655413686,0.155846596945528,-0.0015266174745932476,0.14212700833954317,0.00016337391690411288,-0.3085530911992409,0.0034184200508422524,0.00977588000527875,-5.0507285530679513e-05,648.0291964798249,651.8455902435043,648.8778502647368,650.7171137741668,0.0,0.0,0.0
5.772,5.477834302164517,-15.49303694126814,1.9820433716973898,-0.014884722516633019,4.380432782921734,45.60639516037832,5.655561643290003,-15.310181924723619,1.9999999999999707,45.61179859895315,1.68484711133347,0.002066860720892588,0.15325701719077406,-0.001168161331410307,0.12720707376379756,0.0002231081766408026,-0.334155902673968,0.0034126463334941473,0.0033113453135963297,-4.321306972755418e-05,648.5440775418472,650.4902211689215,649.4109182648208,649.3815929702565,0.0,0.0,0.0
5.824,5.539441535968976,-15.42995099573058,1.982866342520794,-0.017690736325176898,4.717217303677622,45.60709181920305,5.717629236091616,-15.24657919095488,1.9999999999999831,45.613971148653874,1.6924120868550456,0.0021393305442567916,0.14847783573130155,-0.000823321317774773,0.10245886887133097,0.00028420925639670725,-0.31264587080827,0.0034065812270870485,-0.00045513342174588467,-3.510038951456249e-05,649.7170868697739,650.5705092523605,650.6034052730114,649.4866060602066,0.0,0.0,0.0
5.876,5.601365598653698,-15.366533169997123,1.982903040381899,-0.019521958832468284,4.969003735154222,45.60799102642323,5.77946477047965,-15.18321653581911,1.9999999999999905,45.616055316271165,1.702733948872448,0.00222861830779695,0.14239073372992586,-0.000525115431271968,0.07178957313207535,0.0003465301184707728,-0.25305247835846645,0.003406765270257514,-0.002170397211764985,-3.346132598481534e-05,651.4280272596944,651.784725360175,652.3166669051118,650.7073958406841,0.0,0.0,0.0
5.928,5.663681692154124,-15.30270553695351,1.9822395863775304,-0.02054732944142477,5.123419462023772,45.60910275818776,5.8409989196001195,-15.120162610846204,1.999999999999995,45.618411352145635,1.714949226632471,0.0023258626407528455,0.13580874105995572,-0.00028441130562322067,0.038084549628813934,0.0004149215224570125,-0.16609900997958005,0.003418761104102837,-0.0019676566523241824,-3.283520476344206e-05,653.430277257921,653.8476259868987,654.3213932371403,652.7719996471808,0.0,0.0,0.0
5.98,5.726436312330333,-15.238419984720867,1.981016726636025,-0.020915731810656084,5.1765070035065515,45.61044722952329,5.902909062360131,-15.056720954833956,1.9999999999999978,45.62065489761268,1.728112675029387,0.002423274477304814,0.12935059659590836,-8.266906306677612e-05,0.0042416963089420895,0.00043434510900462536,-0.06235695518650086,0.0034276176339107654,0.0016537517052307694,-2.1519402308116368e-05,655.2480304725528,656.7042641163133,656.1707382635119,655.6623323911441,0.0,0.0,0.0
6.032,5.7896455881060875,-15.17365981992241,1.9794109150074932,-0.020761432343788865,5.136124273365436,45.61206818382163,5.964926549938494,-14.993165073993408,1.9999999999999991,45.6232044309885,1.741281908516081,0.0025136684302984325,0.1236195012633601,5.6047779660943486e-05,-0.024874093360919353,0.0005513746294471855,0.04660046241251847,0.003440872458848673,0.00666070522888104,-4.5194359027099135e-05,656.9789945542054,659.8631842484582,657.8372815036131,658.7567773384357,0.0,0.0,0.0
6.0840000000000005,5.853296875940726,-15.108438057834618,1.9776145819169668,-0.020272910941659575,5.020510402304293,45.613841181992,6.027274775619195,-14.929264270888321,1.9999999999999991,45.62565058522571,1.7536345532756201,0.002596082634051024,0.11917679906716919,0.0001429890216062598,-0.04719159174623049,0.0006043042371540648,0.14908919881799476,0.0034591355142238912,0.012803519609467469,-5.080238036933574e-05,658.3346337985843,662.9622717645623,659.180813327999,661.840369950028,0.0,0.0,0.0
6.136,5.9173534429604,-15.042792541882012,1.9758147052777786,-0.019597441326195515,4.8530010585546215,45.615779614833954,6.089722749936854,-14.865254090740395,1.9999999999999991,45.628460044852616,1.7645538597275787,0.0026673083836374753,0.1163558564572736,0.00018502573538391325,-0.061172799065542974,0.0006557026381329161,0.23583287827246302,0.003678299293247922,0.018359673527454087,-5.1788562799840287e-05,659.3605320065278,665.6141651345569,660.2650697944276,664.432021505076,0.0,0.0,0.0
6.188000000000001,5.9817611618975945,-14.976779045312961,1.9741746314536979,-0.01747578549081544,4.657416398595653,45.61788990212451,6.152234780140618,-14.801170101573202,1.9999999999999991,45.63119660175241,1.7736619847040458,0.00272628501903244,0.11529928048780491,0.0012687387566300144,-0.06804607081712064,0.0007153808857036385,0.30018101962819155,0.003948004273059866,0.019849704837229493,-6.0864246614308814e-05,660.4586025640559,667.1979485067986,661.413216383609,665.9175727610125,0.0,0.0,0.0
6.24,6.046456100132749,-14.910464413395912,1.9728217697041917,-0.011018387161406462,4.446736805934879,45.620175573279,6.214921150886923,-14.736898136204939,1.9999999999999991,45.634279111778724,1.7807975399503078,0.0027544416926893298,0.11567282009356913,0.003215815756039944,-0.07246632950331611,0.0007875745715763417,0.34132002414816043,0.006263579981666145,0.0194975655990089,-7.108761216360136e-05,661.0090007849003,668.2953350644123,662.5918949801304,666.3360821866743,0.0,0.0,0.0
6.292,6.111369981964417,-14.84392318337328,1.9718418218638318,0.00803644259343015,4.223227288805574,45.62254948325833,6.278336807906377,-14.671868038414493,1.9999999999999991,45.630143589036685,1.7858959358761528,0.002706972073120129,0.11677416255456045,0.008137474073132655,-0.07653724578438273,0.0007453699343669048,0.36339022178756486,0.003656733269350295,0.022405652482045103,-0.00019552823094997127,661.5287895572446,668.8941294262461,662.0274938807579,667.330262834203,0.0,0.0,0.0
6.344,6.17643388792688,-14.777237985766588,1.9712826214908108,0.03358416483178147,3.9863143021532443,45.62438936628108,6.342002673011911,-14.6065708338329,1.9999999999999991,45.62511860004479,1.7889126027096378,0.0024851230714656143,0.11797645384212012,0.007499971022129538,-0.08572815755600302,0.0005308850988413616,0.37100174894328397,-0.00029672812107671377,-0.005750739350860866,-0.00026567828831546985,666.2409223769565,664.5323325424911,665.4277891068707,663.8851756038897,0.0,0.0,0.0
6.396000000000001,6.241574390457299,-14.710499430631367,1.9711624854415393,0.044988484305145286,3.652630962986083,45.62524769840246,6.406179577774369,-14.540738406404161,1.9999999999999991,45.620299972281494,1.789731259615386,0.0020820106007898046,0.11653645731633362,0.0022656361719893096,-0.13854765520858242,0.0002540833421926747,0.3905298195606768,0.003693893684773099,-0.038913173761015135,-0.0002888817699464283,670.6741599145788,660.7283663967355,670.9221895342794,658.8755925732057,0.0,0.0,0.0
6.448,6.306682713438854,-14.643826603182712,1.9714988279792809,0.05047147900953965,3.073346491120797,45.62516818766392,6.4704337951514646,-14.474815872381624,1.9999999999999991,45.615192240357146,1.7872671947768897,0.0016235090881816367,0.10816186554836124,0.0016469773979301105,-0.23702478702605903,3.2421253566082424e-05,0.4636164068171198,0.003128605371414252,-0.04572501156112972,-0.00032046740280882195,673.1463385555013,661.1433003836329,673.149864439888,659.3653046250932,0.0,0.0,0.0
6.5,6.371572720021548,-14.577412989641138,1.9723670916655283,0.05352569301440355,2.1655453604750714,45.624054424113666,6.535068517662491,-14.408491227389282,1.9999999999999991,45.61075931186726,1.7790346977004343,0.0011480358174260346,0.0916265071286289,0.0004907745239789805,-0.3509054176452242,-0.00019071354853062903,0.599876434018864,0.0027957708915910913,-0.01963543739687293,-0.0003169179899797066,672.2671221561833,667.541499287687,672.1872254946879,665.884307190429,0.0,0.0,0.0
6.5520000000000005,6.435955481487916,-14.51155538958899,1.9739359701214703,0.051760467142248856,0.9638465423444523,45.62203226902934,6.5996377826413575,-14.342219816581231,1.9999999999999991,45.60649341853437,1.7618920166508025,0.0006813463987796363,0.06979092582208646,-0.0013174472468848591,-0.4354041031220336,-0.00039170632171485145,0.7657232959775382,0.0028837781932499534,0.012563554746155864,-0.0003020105146971012,671.1484496827348,675.4614554967808,671.1336764718837,673.839627976367,0.0,0.0,0.0
6.604,6.499446070526583,-14.44664564875383,1.9764398148589088,0.044867452275933244,-0.41561658518077876,45.619408241898384,6.664409509346055,-14.275720434095252,1.9999999999999991,45.603185904002096,1.7333830189320252,0.0002688385812730327,0.04769254855701696,-0.002905809030750031,-0.4767556916076635,-0.0005506917725274423,0.9040375652115877,0.0031045213083965737,0.055486814454530436,-0.0002717780537266996,668.0322800272696,684.3219126004534,668.1622677343202,682.7412934260284,0.0,0.0,0.0
6.656000000000001,6.561599611770439,-14.383133399861748,1.980099549615553,0.03441455204290204,-1.8182619279492171,45.6165722209284,6.7264401529601905,-14.212015218284614,1.9999999999999991,45.6004734674176,1.6924965217542909,-5.008600339294475e-05,0.029943283638787177,-0.003842171331571731,-0.4627653050171392,-0.0006719912095335325,0.9623044482248486,0.003313255581328206,0.08210891043837412,-0.00024361596720369404,665.6534825657309,689.3561132570901,665.920177243366,687.8048547278742,0.0,0.0,0.0
6.708,6.621965475916641,-14.321471565010645,1.9850337542410257,0.022534797563845667,-3.107203063653259,45.61376847115437,6.78104163401808,-14.155927115936661,1.9999999999999991,45.598746356969116,1.639907778970348,-0.00025488769173805104,0.018981663367179685,-0.004050300608053203,-0.41062090928561823,-0.0007545299839735422,0.9126650923396367,0.003443723592987652,0.0928135343893678,-0.00021342775968390275,663.3194245732378,690.060694918883,663.7071625433211,688.5555441812063,0.0,0.0,0.0
6.76,6.680141234265679,-14.262062694180125,1.991198495404919,0.01015967540253604,-4.208976553996094,45.62092079292823,6.825796613249327,-14.109947245009474,1.9999999999999991,45.84725923930778,1.5774132022822462,-0.0005754066981674289,0.014016333883584337,-0.004032987546779211,-0.3460312154502349,0.00483411590058319,0.7642482149262696,0.0012466344518697872,0.07528295516505025,0.0028730767835480234,658.9919645114508,680.4735430207892,667.2648932687276,687.8072726001471,0.0,0.0,0.0
6.812000000000001,6.735803331368632,-14.205228765328549,1.9983779479532304,-0.005176611661155145,-5.178003039572038,45.64664854782239,6.860811043724402,-14.073971077998852,1.9999999999999991,46.02855571340755,1.506998957357596,-0.0012497863620656963,0.010703010632930918,-0.004716454209441531,-0.32305980223408487,0.010660176845551844,0.5666580097522573,0.0005786883866305387,0.03340065777114895,0.004044146109571442,659.5130817793353,669.1286613480133,670.7902504440025,679.9265154162609,0.0,0.0,0.0
6.864000000000001,6.788689510412113,-14.15122875424243,2.0062384469690975,-0.024676234434407984,-6.230596823850084,45.682448644840846,6.887303598244024,-14.046748915082242,1.9999999999999991,46.02855571340755,1.4294892625087567,-0.002003993730570008,0.002332847304460715,-0.0058075078525335055,-0.4212768826730864,0.01247853747064171,0.3965566808556169,0.0010212279437448286,-0.2245129725236792,0.0026383346650030205,694.0819420546022,630.6509494795057,701.2694617408474,637.9512574150712,0.0,0.0,0.0
6.916,6.838507823690221,-14.100351046487907,2.014431918273653,-0.048446469360131146,-8.0312607724439,45.722997950077385,6.906838654935156,-14.026674725336912,1.9999999999999991,46.02855571340755,1.3417186949155717,-0.0025988939843859813,-0.024390903240027927,-0.00651821686430995,-0.7136249986370753,0.013413504474307988,0.3958938916836813,0.0018739135671997057,-0.03277583513447274,0.0016343301815357736,670.1579667617352,661.4326116070289,675.1229514314914,665.4045980557951,0.0,0.0,0.0
6.968,6.884741790852992,-14.053112998442463,2.022778971690051,-0.0743331205212827,-10.365881254804648,45.76621965317198,6.920945350252322,-14.012178029098013,1.9999999999999991,46.02855571340755,1.2361784437416328,-0.002920823391963016,-0.05733806972987404,-0.0060940113675786115,-0.7987928374369269,0.01343764420430819,0.45108950251276336,0.0026081514683620453,0.10276799192623226,0.000705257036228576,655.5814155968511,685.1325733537946,658.2901128240502,686.297516687664,0.0,0.0,0.0
7.02,6.926691846215399,-14.010220402417607,2.031274506233978,-0.09841266598501978,-12.583971302034039,45.809574610342345,6.93095327211101,-14.001893005830159,1.9999999999999991,46.02855571340755,1.1113189373796417,-0.0029159077883548034,-0.07609435941314749,-0.004414713394195033,-0.6883638434596577,0.012871369222032553,0.3614803019279449,0.003038703745051181,0.15793719974126894,-1.3615773527275894e-05,649.2470074848235,694.2952529657774,650.0879954716579,693.4360971441847,0.0,0.0,0.0
7.072000000000001,6.963707602719403,-13.972332181916144,2.0398384718756835,-0.11682861531973004,-14.287559749145045,45.850571694622076,6.937943769668474,-13.994708693699097,1.9999999999999991,46.02855571340755,0.9715864572112487,-0.0025996967390796944,-0.07601283683272698,-0.0019353249347496353,-0.48727699420963794,0.011886683751781594,0.08391652548767381,0.003092287114371089,0.1575051037473455,-0.0005281439091969489,646.0478364599545,691.2016451093716,645.4530817761489,688.9602982036456,0.0,0.0,0.0
7.1240000000000006,6.995362613473221,-13.93988309611415,2.048136248283128,-0.12724034354474872,-15.346277482456136,45.88732718208573,6.942758274084819,-13.98976054022583,1.9999999999999991,46.02855571340755,0.8231145334723783,-0.0020307963342568974,-0.06408050262780104,0.0007524326671091042,-0.26169096702668154,0.010660204083792868,-0.3021240452306132,0.0029126532851331665,0.18982606874313868,-0.0008661796363073677,634.3775679327456,689.1309046196288,632.7428004222129,686.031879422639,0.0,0.0,0.0
7.176,7.021508567647487,-13.913028229884691,2.055618515499577,-0.12886672257162496,-15.669562050153667,45.918596804370566,6.946030842269888,-13.986397020733676,1.9999999999999991,46.02855571340755,0.671924585650138,-0.001288747352596757,-0.04865619475313499,0.0032530832287124265,-0.0015308906758254748,0.009325904630983945,-0.6967530930581907,0.0025838034755840938,0.18773856130376604,-0.0010466733609592758,626.0332845695419,680.7904735454065,623.7489400508446,677.257560119819,0.0,0.0,0.0
7.228,7.042269259179311,-13.89164779222823,2.06166980055129,-0.12213462078196725,-15.205067912416595,45.943934818706076,6.948227502829837,-13.984139241595878,1.9999999999999991,46.02855571340755,0.5242557875003608,-0.00046138437312793324,-0.036896232988597955,0.005351392299943693,0.25961485198267276,0.008009552104131413,-1.0097571064100639,0.0021501705338901555,0.15698793442235676,-0.0011087337791725951,622.4592082761808,668.7964610517486,619.8472516365489,665.1518624198218,0.0,0.0,0.0
7.280000000000001,7.058006288832784,-13.875380434699144,2.065753983332683,-0.10826389743720623,-14.024660201202979,45.96387244049661,6.949683878238874,-13.982642299430992,1.9999999999999991,46.02855571340755,0.38625405561671167,0.00036341878787529187,-0.034117466107980846,0.006951507778759308,0.48130478112277125,0.006784033093989369,-1.1715343048802458,0.0016370799519648334,0.11061028967967368,-0.001087660813573026,623.8028024710156,656.7595085010983,621.1032203560119,653.2543892958195,0.0,0.0,0.0
7.332000000000001,7.069251778012337,-13.863690752202306,2.0675410066508935,-0.08925014241763532,-12.29224480102544,45.9795323579639,6.950637518369189,-13.981662065716941,1.9999999999999991,46.02855571340755,0.26335831116333325,0.0011066382631638946,-0.04194549968683076,0.007926140573314857,0.6399025391080189,0.00568505223154976,-1.1553859140920397,0.0011136188758061128,0.059227071993197516,-0.0010222323870044637,629.5837021706726,647.3505379057813,626.9428131172228,644.1327254693568,0.0,0.0,0.0
7.384,7.076638361082813,-13.855940113519198,2.0669747258107054,-0.0673822557374218,-10.215083113567985,45.99212324256921,6.951254004364028,-13.98102836766548,1.9999999999999991,46.02855571340755,0.1596465936078098,0.0017077151813386757,-0.05829842623558966,0.008249474431140547,0.726111460214063,0.0047114482446541026,-0.9798670481411407,0.0006306441378662255,0.010696261381351713,-0.0009361926636645951,638.5378117610571,641.8638969938303,636.0386318724966,639.0067631531525,0.0,0.0,0.0
7.436,7.080845299026348,-13.851441406253393,2.064269895473013,-0.044800742988172715,-8.005580908405326,46.00259595577377,6.951647155942682,-13.980624225422307,1.9999999999999991,46.02855571340755,0.0772813336981449,0.002130616768575566,-0.07868251919073885,0.007980353227143666,0.7433171414484834,0.003858910604133045,-0.6959585029849173,0.0002167407046505176,-0.03023033323178187,-0.0008495220846279185,649.0081942611988,640.255442944865,646.674158767933,637.7616184203795,0.0,0.0,0.0
7.4879999999999995,7.082559477797345,-13.849498774477757,2.0598529656152746,-0.0234036675944198,-5.852565078790915,46.011519076655986,6.95189419887067,-13.98037026661165,1.9999999999999991,46.02855571340755,0.016333173544387486,0.0023652533821657174,-0.09804953242738558,0.0071897892974913365,0.7016370602068086,0.0031045540119303077,-0.3669085212918948,-9.36096587272118e-05,-0.06058506628775387,-0.0007650416994975061,659.2485620289415,641.7121698761417,657.0971408450949,639.5567889083821,0.0,0.0,0.0
7.540000000000001,7.0824436790041965,-13.84943993422472,2.0542660382802653,-0.004605707145085255,-3.906012475990766,46.01912304344221,6.952046877944481,-13.980213306490127,1.9999999999999991,46.02855571340755,-0.024959518052867596,0.0024242682285800384,-0.11237443585924674,0.006039432437834899,0.6157728174120329,0.002439668719757343,-0.049637951786622114,-0.00030158807809352274,-0.07917124117888982,-0.0006854272891197181,667.8881996826116,645.1311536485363,665.9245370462255,643.2743048052486,0.0,0.0,0.0
7.5920000000000005,7.081105244461906,-13.850648103286872,2.0480698406143696,0.010670783816241506,-2.2681894077527986,46.025432206405576,6.952139439206999,-13.980118144951216,1.9999999999999991,46.02855571340755,-0.049619644921588386,0.0023357654719416343,-0.11945813578330193,0.004683918581487106,0.50242517025919,0.001854897187122205,0.21626735526620677,-0.00041222012290945045,-0.08640114875514963,-0.0006070930104899986,674.1153847694724,649.4545335634974,672.3519690355055,647.8632456472614,0.0,0.0,0.0
7.644,7.0790669023870585,-13.852591761704174,2.0417631329236396,0.021978013963642722,-0.9914747646527486,46.030415073625505,6.952194266716971,-13.980061773621594,1.9999999999999991,46.02855571340755,-0.06126413321758738,0.002135703141292597,-0.11898870330729712,0.0032748374192577397,0.37796608235237145,0.0013516953479367933,0.4117471321124163,-0.00044125957020307686,-0.08403932518774658,-0.0005305337036269113,677.7120958875439,653.8580973993224,676.1569849224546,652.5004269553182,0.0,0.0,0.0
7.696,7.076744819520185,-13.854847094245702,2.0357380046437767,0.029298633929883057,-0.08361808020250588,46.03407663384522,6.952225803490378,-13.980029346170609,1.9999999999999991,46.02855571340755,-0.06354379622837017,0.001861504933268773,-0.11209845213618064,0.0019395284325915987,0.2562480651563551,0.0009261656712820527,0.5353491090969172,-0.0004103663752593283,-0.07459069628126153,-0.00045390458747600153,678.9112588298245,657.8156004782502,677.5742281444213,656.6706047691935,0.0,0.0,0.0
7.748000000000001,7.074438977598066,-13.85710791597229,2.030262261022375,0.032964102698659244,0.48295868218015825,46.0365113529728,6.952243241597559,-13.980011413511635,1.9999999999999991,46.02855571340755,-0.05977264190088224,0.0015477108784665242,-0.10063521626827202,0.0007720441909582689,0.14770949206480885,0.0005782685799472877,0.5966320105726779,-0.00034372013030888786,-0.06086261345655784,-0.0003795718315356337,678.2322445115765,661.049491008104,677.113074958656,660.0969885381191,0.0,0.0,0.0
7.800000000000001,7.072336826922495,-13.859182101506166,2.025489963251709,0.03353784123838152,0.7596451224792314,46.03788998326937,6.952252344064173,-13.980002051250336,1.9999999999999991,46.02855571340755,-0.052735000451148296,0.0012235965262354358,-0.08661506677068045,-0.00017690818556338853,0.05861838097148301,0.00030265747498914135,0.6104497541773352,-0.00026118804386340757,-0.045349090816799414,-0.0003089002690643823,676.2879970779024,663.4883271689102,675.3798809554747,662.7108671854018,0.0,0.0,0.0
7.852,7.070527892262064,-13.86097685403878,2.0214809189795386,0.03169786085138065,0.810477501881763,46.03843645315103,6.952256663470852,-13.979997607168558,1.9999999999999991,46.02855571340755,-0.044617064091988186,0.0009122782291250354,-0.07177472051506151,-0.0008906873418463079,-0.008033208152945285,9.633907544428347e-05,0.591928253901731,-0.00017784813846127276,-0.0301766157767532,-0.0002457395533525468,673.6807644045166,665.1563774367943,672.9639934937054,664.5310425023184,0.0,0.0,0.0
7.904,7.0690249501613565,-13.862477255750294,2.0182265735752654,0.028057013888575892,0.7021038966339759,46.03837645761707,6.952258347029394,-13.979995873715824,1.9999999999999991,46.02855571340755,-0.03700734158878009,0.0006309888140246294,-0.05739216841477422,-0.001403855610133422,-0.052750690808277025,-6.1032461599312614e-05,0.553874043425099,-8.970006281866787e-05,-0.016623211087436505,-0.00018737082649385463,670.8579779702569,666.1581300401646,670.3220985385742,665.669133143047,0.0,0.0,0.0
7.9559999999999995,7.067787216498436,-13.863722717178497,2.015673667353705,0.023340405595924433,0.49630807098241403,46.03789869639841,6.952258661848115,-13.97999554809134,1.9999999999999991,46.02855571340755,-0.030946686742063134,0.000391307681752561,-0.044272636769777586,-0.0016754475406549917,-0.07769019688631076,-0.0001692080404140114,0.5058797175086224,-3.054534528229276e-05,-0.005505525149385952,-0.0001379550455240043,668.1605557895319,666.6011245759609,667.774446592654,666.2313498802006,0.0,0.0,0.0
8.008000000000001,7.066742116173546,-13.864784920445684,2.013743475925363,0.018151227955939764,0.24612215513361124,46.0371734736672,6.952258333207689,-13.97999588452025,1.9999999999999991,46.02855571340755,-0.02699591219746545,0.0001990622273321841,-0.032826905091274075,-0.0017643335496856146,-0.08627002642370676,-0.00023819902377492002,0.4544785597406981,5.055555075469649e-06,0.002855846851169113,-9.748474697031376e-05,665.785373589772,666.5926902413802,665.5191074910705,666.3238940831951,0.0,0.0,0.0
8.06,7.065803735300337,-13.865749124528179,2.0123453980346295,0.01292245494505863,-0.0065054918165141275,46.03631756977003,6.95225775941041,-13.979996473395909,1.9999999999999991,46.02855571340755,-0.02531957208740627,5.564846709630665e-05,-0.023192673168202053,-0.0017346085097591966,-0.0824034912912384,-0.00027843802243251347,0.4039032386383026,2.825509044429575e-05,0.008479242329143558,-6.462618782919923e-05,663.8263570976166,666.2312719727803,663.6563848682796,666.0459636388431,0.0,0.0,0.0
8.112,7.064887032924353,-13.8666997358013,2.011387645954425,0.007942852028834145,-0.23175713968307807,46.03541040057045,6.952257146173968,-13.979997103122134,1.9999999999999991,46.02855571340755,-0.02577946163883869,-4.0531766855407e-05,-0.015321920453942104,-0.0016195656301208484,-0.07011118941169606,-0.000296329355569764,0.3566023429260887,4.1891516971562736e-05,0.011672897295370015,-3.881489498566789e-05,662.2957101035986,665.6126278893555,662.2004679100922,665.4941934220305,0.0,0.0,0.0
8.164,7.063917624195865,-13.867710362021079,2.010782345829542,0.0034279052846499553,-0.4108691298834589,46.03450417917138,6.952256589260813,-13.979997675165809,1.9999999999999991,46.02855571340755,-0.028030462316268778,-9.32078650217243e-05,-0.009098387620546159,-0.0014405880798132407,-0.05290095602969106,-0.0002975838710402223,0.3142322590633028,4.52046928287131e-05,0.012815538026820412,-1.9019808551828073e-05,661.1751580451206,664.821789443872,661.135427673336,664.7567099516644,0.0,0.0,0.0
8.216000000000001,7.0628376350833575,-13.868837880194326,2.0104491110486418,-0.0004727844197999425,-0.5346607133558936,46.03363041690846,6.952256124264415,-13.979998152871117,1.9999999999999991,46.02855571340755,-0.0316070387809254,-0.00010767347631595559,-0.004349266157529308,-0.0012203004569250058,-0.033777683448805634,-0.0002872102760539634,0.27765716103879573,3.893584210590658e-05,0.01236236150030163,-3.6690896484945214e-06,660.4158280071565,663.9365513976707,660.4167561053049,663.9154251150827,0.0,0.0,0.0
8.268,7.061608278159775,-13.87011985557843,2.010317740214087,-0.0036768466473959555,-0.6017793160967002,46.03280835469466,6.952255755875125,-13.979998531369008,1.9999999999999991,46.02855571340755,-0.03599874891276057,-9.02073498859582e-05,-0.0008759857477116924,-0.0009806445433612043,-0.01509665554342709,-0.00026873358654827225,0.24716479681128162,2.5079005631268897e-05,0.010775816425695875,7.1068893806518695e-06,659.9572250143967,663.026766543457,659.9840523087342,663.0392484920723,0.0,0.0,0.0
8.32,7.060209850923972,-13.871574586243153,2.0103288492816653,-0.0061663510349526515,-0.6167021500160562,46.03203881638648,6.952255474546243,-13.979998820439937,1.9999999999999991,46.02855571340755,-0.04071086076336319,-4.7513122231000546e-05,0.0015166717626156193,-0.000296698826360862,0.0009250910008588404,-0.00010995250582382211,0.22273203994538313,-0.00016440165830575222,0.008690981003469015,-3.4329936803619605e-05,659.7980587074072,662.2230199357685,659.6560949379998,662.1749300167565,0.0,0.0,0.0
8.372,7.058639865000064,-13.873203019949688,2.0104338455464537,-0.008277716971829618,-0.5878289996663693,46.031287436835726,6.952255265580494,-13.979999035169296,1.9999999999999991,46.02855571340755,-0.04530856468479226,1.466342220585836e-05,0.003024284993310952,-0.0006369083285596695,0.014803315068360811,-0.00022631608752562998,0.20398863815018348,4.680520945391729e-05,0.005879212207065335,2.4084462176659135e-05,659.6704497718489,661.3570781260505,659.7505191997008,661.410337183092,0.0,0.0,0.0
8.424,7.0569099354792995,-13.8749918245068,2.010594768600943,-0.009612524925729128,-0.5256588229962358,46.03066179617364,6.952255113769867,-13.97999919117483,1.9999999999999991,46.02855571340755,-0.04944464450380706,9.206237395068976e-05,0.003842925911425158,-0.0003227430437780053,0.02445976174962688,-0.0001941926815505723,0.1902204504693088,-7.066614350202427e-06,0.0032501335686891467,2.5741421699802793e-05,659.7417556940001,660.6652122069386,659.8110578485191,660.7384386644725,0.0,0.0,0.0
8.476,7.055042248427996,-13.876917215358635,2.010783050521103,-0.010106560136650825,-0.4414877209467126,46.03012207643985,6.952255005509917,-13.979999302430974,1.9999999999999991,46.02855571340755,-0.05287285523612532,0.00017676423898637444,0.004141994546271793,-7.635048270128193e-05,0.03032605993677681,-0.00016437101091410582,0.18067594540599186,-5.7446081278861115e-05,0.000852029468756189,2.6379853806625867e-05,659.8740587656109,660.100388856579,659.9307641096993,660.1897915511381,0.0,0.0,0.0
8.528,7.053065821938301,-13.87894888410706,2.0109783168496844,-0.010042709380340884,-0.3460468769604712,46.029666093828254,6.952254929542311,-13.979999380503976,1.9999999999999991,46.02855571340755,-0.05544939416262547,0.00026218066738021727,0.004080609396207248,7.51717016338936e-05,0.032756470627344776,-0.00013619635671887183,0.17444299851756861,-8.729257493221325e-05,-0.001182416667862108,2.5858127799833957e-05,660.0269130351468,659.665170139372,660.0736601532466,659.761690810256,0.0,0.0,0.0
8.58,7.0510129033810145,-13.88105355330768,2.0111668275080494,-0.009646659944114554,-0.24876455528745373,46.02929005309633,6.952254877001107,-13.979999434503164,1.9999999999999991,46.02855571340755,-0.057123424251924,0.0003442322923949609,0.0037822018337064804,0.00016484425091745653,0.032223240056463896,-0.00011038074841385667,0.17074846576995545,-0.00010328363190887944,-0.0027441880792883205,2.4473140763227325e-05,660.1687504610699,659.3573976249274,660.2070996421116,659.454683005931,0.0,0.0,0.0
8.632,7.048915860225739,-13.88319804336047,2.0113398761741,-0.009050363735767238,-0.15732761238979007,46.028987949233354,6.95225484114544,-13.97999947135498,1.9999999999999991,46.02855571340755,-0.057922916783440484,0.0004205596021358388,0.003347382430659548,0.0002199106847716495,0.02938914125680514,-8.728216823942464e-05,0.16888269412186238,-0.00011263979770720223,-0.0038010585480077307,2.2518756906398124e-05,660.28006657967,659.1648366144549,660.3103354574466,659.2593995859028,0.0,0.0,0.0
8.684000000000001,7.046804707771777,-13.885351741226664,2.011492605265739,-0.008331375706195888,-0.0773148266634228,46.02875235455064,6.952254816985598,-13.9799994961868,1.9999999999999991,46.02855571340755,-0.05793632016065488,0.000489788991929966,0.0028510230955848454,0.00025305804792320475,0.024976420769771832,-6.706322232017409e-05,0.16826603146509428,-0.00011860271597459865,-0.004374574096230061,2.0182485960874126e-05,660.3511900768585,659.0708122984785,660.3732915509383,659.1606107913076,0.0,0.0,0.0
8.736,7.044705360115894,-13.887488358077064,2.011622880866953,-0.007544470490837518,-0.012166204759616231,46.028574907566885,6.952254800906912,-13.979999512713198,1.9999999999999991,46.02855571340755,-0.057292501552201655,0.0005511616574935364,0.002344723131622248,0.0002695008193604835,0.019684834963816997,-4.9763930180244236e-05,0.16846051159803144,-0.00012205685004826067,-0.004524425752415288,1.7680219703750818e-05,660.3804876716781,659.0564387795888,660.3946789937147,659.140285274563,0.0,0.0,0.0
8.788,7.042638590440897,-13.889586968860053,2.0117303827240556,-0.0067336462335643435,0.03660148688048779,46.028446852861705,6.952254790337935,-13.979999523576803,1.9999999999999991,46.02855571340755,-0.056141601186106206,0.0006043747866934957,0.001860961080276832,0.00027233254261966445,0.014122381276333449,-3.530917013308444e-05,0.1691581052695469,-0.00012316688573101747,-0.004327688434859301,1.5152470548759244e-05,660.3716466947208,659.1033798368662,660.3785255999724,659.1805275994532,0.0,0.0,0.0
8.84,7.040619621858858,-13.891632406607084,2.0118159620152967,-0.005933773286065801,0.06910751158199822,46.02835960365485,6.952254783478131,-13.979999530628056,1.9999999999999991,46.02855571340755,-0.05463852028601067,0.0006494889603428408,0.0014183742436195954,0.0002647549644767706,0.008794430435890992,-2.3468588027924797e-05,0.17014932306567934,-0.00012221617037421715,-0.0038764080478059077,1.2711807538978252e-05,660.3327739351763,659.1934140640328,660.3331678724876,659.2635132007238,0.0,0.0,0.0
8.892,7.0386582454193745,-13.893615117005492,2.0118811739451115,-0.0051691835650147675,0.08674129503699864,46.02830528183184,6.952254779084656,-13.979999535144303,1.9999999999999991,46.02855571340755,-0.05292950610275997,0.0006868373883464849,0.0010255499336616655,0.0002504383735763943,0.004071952917323695,-1.40141382892503e-05,0.17130087546835382,-0.00011986631256711465,-0.003262051639733357,1.0433078848257445e-05,660.2737768690131,659.3101822177173,660.2685314883003,659.3732820245797,0.0,0.0,0.0
8.944,7.036759342838932,-13.895530600664031,2.0119279836698944,-0.004435796112292389,0.09185867668633077,46.02827410781235,6.952254776310925,-13.97999953799565,1.9999999999999991,46.02855571340755,-0.05114242094590944,0.0007169264541812124,0.0006854225799687198,0.0,0.0,0.0,0.17252182909850022,-2.8182811531317585e-05,-0.002498766924196415,5.998934810152785e-06,660.185280989345,659.4653249436171,660.1938652505189,659.4899861293906,0.0,0.0,0.0
8.996,7.034923744039022,-13.897378544681166,2.011958569129129,-0.0034154183260898196,0.08758791547229276,46.02825465882993,6.952254774587514,-13.97999953976736,1.9999999999999991,46.02855571340755,-0.0493777854406457,0.0007393262016182655,0.0003965547035470842,0.0004021438978837385,-0.002638048869999638,-3.970863718749675e-06,0.17375731845505551,-0.0002040586876166365,-0.0019346407386032465,7.86423220993527e-06,660.154745506576,659.5454291733528,660.1184100125499,659.6253827802229,0.0,0.0,0.0
9.048,7.0331492844672905,-13.899161887565636,2.0119751624550806,-0.002362445581523959,0.07557691712067248,46.02825599563065,6.952254773536136,-13.979999540848254,1.9999999999999991,46.02855571340755,-0.04771286491822636,0.0007515064242622644,0.0001569137090225559,0.0002802065400074541,-0.00477960828308109,2.254599964253055e-06,0.17495647698737485,-0.0001868430841880135,-0.0012049340738317178,5.575567620794368e-06,660.0780218667948,659.6815218277129,660.0402473436269,659.7502126503928,0.0,0.0,0.0
9.1,7.031431441641533,-13.900886004144118,2.0119799699982064,-0.0018792869948260338,0.05935786978687317,46.02826946508726,6.952254772908575,-13.979999541493472,1.9999999999999991,46.02855571340755,-0.046202190625808284,0.0007561018113038312,-3.804069731783603e-05,9.449491800954741e-05,-0.005768218467910814,5.54230891159016e-06,0.17609381813719774,-0.00012539776376900544,-0.0006565027218564134,4.0950582060715025e-06,660.0183068182082,659.795562242812,659.9939306496872,659.8426342682936,0.0,0.0,0.0
9.152000000000001,7.029764234349166,-13.902557439677208,2.0119751134214363,-0.0017576353376023133,0.04168577194712541,46.028290523689925,6.952254772544023,-13.979999541868308,1.9999999999999991,46.02855571340755,-0.044869728810487994,0.0007578652444217242,-0.0001927567187525972,1.8498078266101148e-05,-0.005948402331563185,7.653606024567463e-06,0.17714555459462158,-9.154018069946602e-05,-0.00024239115177501856,2.87956774088768e-06,659.9794026110428,659.8842772247223,659.9613029208903,659.918331261603,0.0,0.0,0.0
9.204,7.028141186056176,-13.904183006701263,2.011962573227627,-0.001717676669034611,0.024582304274144245,46.02831619026305,6.9522547723396935,-13.979999542078424,1.9999999999999991,46.02855571340755,-0.0437174650551554,0.000758963921936905,-0.0003119519262607709,1.5773766180217103e-05,-0.005532089968987084,8.86389922088781e-06,0.1780949726117308,-8.163359303809283e-05,4.6035611137308554e-05,1.8938740711182734e-06,659.9592560442495,659.9491157645201,659.9412476566353,659.9776146382666,0.0,0.0,0.0
9.256,7.026556070688195,-13.905769192643007,2.011944151199664,-0.0016372076967492324,0.009495954444443403,46.02834413251643,6.952254772230833,-13.979999542190383,1.9999999999999991,46.02855571340755,-0.042731560267793206,0.0007595933365025159,-0.00040016697709803234,3.5365540954579685e-05,-0.004702964871956218,9.40056182074949e-06,0.1789292560764478,-8.130756003196424e-05,0.00021637735362731625,1.1031110131416645e-06,659.954502329862,659.9929765589445,659.9343964354825,660.0191907055896,0.0,0.0,0.0
9.308,7.025003414065786,-13.907321726220923,2.011921437974118,-0.0014982176502165336,-0.002654515118499523,46.02837260431026,6.95225477217731,-13.979999542245448,1.9999999999999991,46.02855571340755,-0.041887528356413385,0.0007592927362798525,-0.0004620646646615222,5.345971926593344e-05,-0.0036328410922614645,9.41411643295087e-06,0.17964347936029093,-8.269319368623096e-05,0.0002833204794183005,4.920936210510799e-07,659.9618317810999,660.0189784238187,659.9396390168265,660.0438940755733,0.0,0.0,0.0
9.36,7.0234787836341015,-13.908845292566381,2.0118958183222313,-0.0013172978791630757,-0.011418995490617681,46.02840031309682,6.952254772154707,-13.979999542268713,1.9999999999999991,46.02855571340755,-0.0411549248724367,0.0007576108871156224,-0.0005017241374265452,6.474067685267388e-05,-0.002470096208322628,9.059566295128396e-06,0.18023350595084128,-8.355050124664521e-05,0.0002651955642194564,2.9592812411063434e-08,659.9782546110628,660.0299932851437,659.9545371965945,660.0538718909676,0.0,0.0,0.0
9.412,7.021978910463351,-13.910343396755136,2.0118684561977735,-0.0011040476285691047,-0.016902867725435724,46.02842977519247,6.952254772148507,-13.979999542275111,1.9999999999999991,46.02855571340755,-0.04050140596482183,0.000754272173149451,-0.0005233388438194022,0.0,0.0,0.0,0.1807033452627119,-5.7238283680969865e-05,-0.00032408232642951656,2.7043639947070048e-06,660.0651412702094,659.9565293331251,660.0563283775992,659.9803237802026,0.0,0.0,0.0
9.464,7.020501598637398,-13.91181845704726,2.0118402872975882,-0.0007607054260490104,-0.020767766546271688,46.028468886884234,6.952254772150307,-13.979999542273273,1.9999999999999991,46.02855571340755,-0.03990172136256835,0.0007487675070557054,-0.0005300597924267449,0.0,0.0,0.0,0.1810540241819941,-6.287323896001198e-05,2.2552754301223455e-05,1.854576647718421e-06,660.0255328250223,660.0140484562065,660.0127609485971,660.0370924016325,0.0,0.0,0.0
9.516,7.019045309695452,-13.913272288189946,2.0118120306029734,-0.0002549737788881408,-0.02290964190195748,46.028510790040215,6.952254772155431,-13.979999542268013,1.9999999999999991,46.02855571340755,-0.03934232191951252,0.0007397488017596718,-0.0005256965067000085,0.0,0.0,0.0,0.18129996095860085,-7.851548317414226e-05,0.00034066869555719834,9.604719907832996e-07,659.9891471101578,660.0638147061834,659.9694425307471,660.0888358754761,0.0,0.0,0.0
9.568,7.017609152468556,-13.914706132004762,2.011784209801686,0.00032900739386021753,-0.022027305706468357,46.02855231316486,6.95225477216141,-13.979999542261876,1.9999999999999991,46.02855571340755,-0.03880285946870139,0.0007260793714277026,-0.0005147010538577746,0.0,0.0,0.0,0.18146813117707397,-0.0001019300834510163,0.0005554919820842914,7.61801573662423e-08,659.9668347107653,660.0960191770914,659.9380102897729,660.1252585843148,0.0,0.0,0.0
9.620000000000001,7.016193229047889,-13.916120244285178,2.01175718429831,0.0008413937772210333,-0.01703407510040136,46.02859068200343,6.952254772167046,-13.979999542256085,1.9999999999999991,46.02855571340755,-0.03825218749457619,0.0007076310924680867,-0.0005005115437740998,0.00014677842159409505,0.0022842558605792275,1.1671216561696094e-05,0.18158078654419782,-0.00018355948216686099,-0.00028964908926207083,-4.995952678766139e-06,660.1083251149483,659.973546783155,660.0422119486079,660.0119950827502,0.0,0.0,0.0
9.672,7.014798878285879,-13.917513539230752,2.0117311946858094,0.0009847749557419705,-0.008864526369261588,46.02861247450856,6.952254772171853,-13.979999542251145,1.9999999999999991,46.02855571340755,-0.03765446363606804,0.0006859726365332075,-0.0004846478072450994,-2.918889311649298e-05,0.002866959904631268,5.656479770903059e-06,0.18164510659500216,-0.0001285870647693612,-0.0006580189410994406,-3.270049689387352e-06,660.1519743193077,659.9279344153097,660.1063005872329,659.9555065526382,0.0,0.0,0.0
9.724,7.013428252712554,-13.918883848810768,2.0117063860458955,0.0006535439547727581,-0.000604856708614674,46.02862508779692,6.952254772175717,-13.979999542247178,1.9999999999999991,46.02855571340755,-0.0369941167688146,0.0006652772040216271,-0.0004667283462521833,-0.00014944899582321956,0.0026551572946781296,3.2950015675180272e-06,0.18165262300315382,-7.411678022913454e-05,-0.0007836134491714641,-2.6796597762769668e-06,660.1614464465706,659.9171488083342,660.1329203199392,659.9308401058162,0.0,0.0,0.0
9.776,7.012083410649299,-13.920228810275004,2.0116828075071913,0.00017287436265118764,0.006523663608654954,46.0286315918883,6.952254772178697,-13.979999542244117,1.9999999999999991,46.02855571340755,-0.036276834874563055,0.0006486528614066563,-0.00044774173875544807,-0.00015810627230800493,0.0021960126912013832,1.4694223035791124e-06,0.18161142013543027,-5.2784520287794525e-05,-0.0008241984279989073,-2.1537373126808113e-06,660.1625490797566,659.9127672860741,660.1415541727239,659.9218385096367,0.0,0.0,0.0
9.828,7.0107659779250895,-13.921546406172615,2.0116604166891965,-0.0002477421234025708,0.012286277140396406,46.02863363572463,6.952254772180927,-13.979999542241828,1.9999999999999991,46.02855571340755,-0.03551536376754397,0.0006364077320825673,-0.0004291383757186855,0.0,0.0,0.0,0.18153706262978384,-9.436887246746243e-05,-0.00018993239487107602,-1.6625770064873044e-06,660.0758342093856,659.994859397592,660.0443529047021,660.0171342704633,0.0,0.0,0.0
9.88,7.0094771772549676,-13.922835063179484,2.011639101017441,-0.0007174630777816409,0.018169114101308757,46.02863221002495,6.952254772182558,-13.97999954224015,1.9999999999999991,46.02855571340755,-0.03471801572505181,0.0006281804527452123,-0.000412927640154438,-6.525667528672172e-05,0.00080176231336829,-3.371703586665653e-07,0.18145287143639238,-4.3979735398010845e-05,-0.0007643443690516854,-1.5100147764447749e-06,660.1483845986533,659.9181566481119,660.1316791215808,659.9265026056262,0.0,0.0,0.0
9.932,7.008218154549879,-13.924093280525966,2.011618713539805,-0.0010989759857617184,0.02330451250896206,46.028626986608465,6.952254772183728,-13.97999954223895,1.9999999999999991,46.02855571340755,-0.03388537119532918,0.0006240863392732853,-0.000399118023790449,0.0,0.0,0.0,0.18136359481246192,-4.332275354916035e-05,-0.0007430697948406304,-1.5223166765441758e-06,660.1433121252783,659.9193300882448,660.1267595519311,659.9274548043445,0.0,0.0,0.0
9.984,7.006989861937948,-13.925319810155246,2.0115990958959125,-0.001331954683730941,0.02726261827306988,46.02861800552164,6.952254772184551,-13.979999542238097,1.9999999999999991,46.02855571340755,-0.03302682715776857,0.0006229661169323312,-0.0003875900749209805,0.0,0.0,0.0,0.18127309663640825,-2.0532254743656195e-05,-0.0010275562848310882,-1.3318508441158289e-06,660.1783151265076,659.8797952429096,660.1687807209182,659.8819553581299,0.0,0.0,0.0
10.036,7.005792886259084,-13.926513891495274,2.011580084468108,-0.0012993720891612095,0.029047351429397947,46.02860619182486,6.952254772185124,-13.97999954223751,1.9999999999999991,46.02855571340755,-0.03215616569895571,0.0006231028488806218,-0.0003779252341667374,0.0,0.0,0.0,0.18118247560898995,-7.3078351865149e-06,-0.0012554439042059375,-1.0804565344549305e-06,660.2065279870064,659.8468657686857,660.2014556715061,659.8459547380312,0.0,0.0,0.0
10.088000000000001,7.004627201556298,-13.927675575365472,2.0115615157168545,-0.0008944619937880147,0.027529152703781153,46.0285924421551,6.952254772185516,-13.97999954223711,1.9999999999999991,46.02855571340755,-0.03129683533953329,0.0006217166621966203,-0.0003695912760165286,0.0,0.0,0.0,0.18109171832622944,-1.1009096125666801e-05,-0.0013560530579974615,-7.881250027447802e-07,660.2189597430936,659.8295859672712,660.2136429704547,659.8305392646711,0.0,0.0,0.0
10.14,7.003491865011858,-13.92880610329307,2.011543228371083,-0.00010921814649496297,0.02201444423878547,46.02857822620178,6.952254772185782,-13.979999542236838,1.9999999999999991,46.02855571340755,-0.030480678009300044,0.0006154132470629071,-0.0003622813533831303,0.00030160327173711844,-0.0023805420513517183,-4.175662413747967e-06,0.18100296415824765,-0.00015154465476715202,-0.000351580443358598,1.0368508458324607e-06,660.0914423931416,659.9481387042839,660.0511530026558,659.9941776268304,0.0,0.0,0.0
10.192,7.002384850123816,-13.92990806418972,2.0115250655667003,0.0006037419015948216,0.014234409390446486,46.02856907123427,6.952254772185959,-13.979999542236657,1.9999999999999991,46.02855571340755,-0.029739188509004588,0.0006019667040045356,-0.0003567545135242262,0.00017305541521670838,-0.0026112118147677043,-2.6542596347558694e-06,0.1809287047567255,-0.00013019379291214164,-2.6839426033920455e-05,6.791175976021356e-07,660.0409937937877,659.9962663906073,660.005792035152,660.0352301329916,0.0,0.0,0.0
10.244,7.001303449166605,-13.93098470240886,2.011506887633443,0.000836418321168849,0.00715101316973126,46.02856226780474,6.952254772186075,-13.979999542236536,1.9999999999999991,46.02855571340755,-0.029079134449460566,0.0005841730183385151,-0.0003541486360791778,2.4579080362079726e-05,-0.002176505826310955,-1.9994237662059682e-06,0.18088461433821865,-8.470299852268517e-05,7.140917932440009e-05,5.864113338714304e-07,660.0196676728746,660.0158812206455,659.9971656031726,660.0416306166378,0.0,0.0,0.0
10.296,7.000245024466977,-13.932038896655829,2.011488596013653,0.0007768219306514978,0.001485788461154361,46.028556320235936,6.952254772186151,-13.979999542236458,1.9999999999999991,46.02855571340755,-0.028488641594169674,0.000565864859668633,-0.0003539148232015969,0.0,0.0,0.0,0.18086846057525063,-7.525163439302329e-05,-0.0005081791470191477,-1.5386236107620392e-08,660.1013308609284,659.9351535431643,660.0798568445452,659.9565470372552,0.0,0.0,0.0
10.348,6.999207277706531,-13.933072973173013,2.0114701426537422,0.0005818941656065028,-0.00422231632566653,46.02854989131197,6.952254772186201,-13.979999542236408,1.9999999999999991,46.02855571340755,-0.027958373692485144,0.0005489470021088022,-0.00035441221738167437,0.0,0.0,0.0,0.18086565194867493,-6.869977831833116e-05,-0.0001980202865062768,1.216867404312607e-07,660.0559797406175,659.9800104174797,660.0367499569697,659.9999158835656,0.0,0.0,0.0
10.4,6.998187950756584,-13.934089121926156,2.011451514476065,0.0002983130518933313,-0.009777400858087761,46.02854428642102,6.952254772186231,-13.979999542236378,1.9999999999999991,46.02855571340755,-0.027488729508903166,0.0005344075488391331,-0.00035511270647902154,0.0,0.0,0.0,0.18087142200901365,-5.655747433567042e-05,0.00016098677710817667,2.4139632526263335e-07,660.0030897767734,660.0328341600863,659.9876486341043,660.04961125266,0.0,0.0,0.0
10.452,6.997184866890931,-13.935089393586733,2.011432717322573,-1.1239602109255231e-05,-0.01380551098793022,46.02853987782442,6.952254772186251,-13.979999542236355,1.9999999999999991,46.02855571340755,-0.027072772484138946,0.0005227922799356842,-0.00035631050019597685,0.0,0.0,0.0,0.18088848648438274,-4.084311167738716e-05,0.000506243699555242,3.3601290119311826e-07,659.9519310931869,660.0844901345415,659.9412272467916,660.0970525788057,0.0,0.0,0.0
10.504,6.996196364720994,-13.93607529218352,2.011413774710718,-0.00025506800150280087,-0.014805947699223856,46.028536799120616,6.952254772186262,-13.979999542236342,1.9999999999999991,46.02855571340755,-0.026690783513928906,0.0005139747650082701,-0.0003583053802006191,0.0,0.0,0.0,0.18091904777811962,-2.546887003414225e-05,0.0007562598371374257,4.021477075924132e-07,659.9147179545881,660.1228673792414,659.908576447162,660.1312339698732,0.0,0.0,0.0
10.556000000000001,6.995221787657191,-13.93704732738669,2.0113947313717944,-0.0003320128517341018,-0.011534077016242358,46.02853507953807,6.952254772186273,-13.979999542236342,1.9999999999999991,46.02855571340755,-0.026310808073012358,0.0005069700851611361,-0.0003612022882647093,0.0,0.0,0.0,0.18096270888241964,-1.5628190855217535e-05,0.0008268471260596065,4.3950588627321704e-07,659.9041733805675,660.1352305906289,659.9009386587766,660.1408980939847,0.0,0.0,0.0
10.608,6.994261882956764,-13.938004665100278,2.0113756534138676,-0.00017652052419973974,-0.003915249718630277,46.02853474296665,6.952254772186273,-13.979999542236342,1.9999999999999991,46.02855571340755,-0.025892847516202588,0.0004999790276179079,-0.00036468680096925254,8.01768149958188e-05,0.0028949064047608174,8.059482537011163e-08,0.18101425830126042,-4.6691874241043766e-05,-0.0004392885791033908,4.179598928691031e-07,660.0900845265041,659.9516643253057,660.0779441097642,659.9661222883419,0.0,0.0,0.0
10.66,6.993318745556637,-13.93894522000529,2.011356621598507,0.00011450418772427269,0.0047830880124905715,46.028535506020084,6.952254772186273,-13.979999542236342,1.9999999999999991,46.02855571340755,-0.025409245249777036,0.0004911479170668525,-0.00036703847858827484,0.0001018925416484497,0.0028419907537271223,3.5687566823058006e-07,0.18105417904276225,-6.292891565296634e-05,-0.0006825722042089355,3.0157987858065163e-07,660.1280846022106,659.9157463249574,660.1109985285019,659.9345080875411,0.0,0.0,0.0
10.712,6.9923948739575295,-13.939866575149827,2.0113377131800756,0.0003906415405061428,0.012420052237056344,46.02853692784877,6.952254772186273,-13.979999542236342,1.9999999999999991,46.02855571340755,-0.024860842650172205,0.0004798843450051461,-0.0003675312450951856,8.322642657186766e-05,0.0023386362056579068,5.295362774226189e-07,0.18107284416524683,-6.54536227401445e-05,-0.0007754286242634972,2.0872202373117616e-07,660.1422144065731,659.9027092802412,660.1241525841208,659.921933422861,0.0,0.0,0.0
10.764000000000001,6.991492413310884,-13.940766672052142,2.0113189743141726,0.0005899255426284172,0.018301978847069203,46.02853891109884,6.952254772186273,-13.979999542236342,1.9999999999999991,46.02855571340755,-0.024261498612207794,0.0004666602290122622,-0.0003665082004415526,0.0,0.0,0.0,0.18107213940500558,-4.200572356701946e-05,-0.00014744812609324498,3.5968258636578844e-07,660.0492372969812,659.9952758981422,660.038269444466,660.0082367427973,0.0,0.0,0.0
10.816,6.9906129412355105,-13.94164399408662,2.011300416535445,0.0007832761378826883,0.023685750277603355,46.02854202203872,6.952254772186273,-13.979999542236342,1.9999999999999991,46.02855571340755,-0.023624724371244635,0.00045202780299075286,-0.00036508949929534506,0.0,0.0,0.0,0.18106270437891545,-5.220019465753907e-05,-0.0004515502285567051,2.9230859040639976e-07,660.0938895362373,659.9504082504944,660.0798324634725,659.9660872768073,0.0,0.0,0.0
10.868,6.9897578032503445,-13.9424972542349,2.011282027893303,0.0009809529262430566,0.028799540172825974,46.028545813390544,6.952254772186273,-13.979999542236342,1.9999999999999991,46.02855571340755,-0.022952663546385383,0.0004359053280155815,-0.00036378914939686803,0.0,0.0,0.0,0.18104996987679914,-6.47011138321681e-05,-0.0008002906119377537,2.1160616503683872e-07,660.1451705864744,659.8987982755513,660.1273311311555,659.9178161527409,0.0,0.0,0.0
10.92,6.9889282028652255,-13.943325309775325,2.0112637867429566,0.001101171626280022,0.03231293061404035,46.02854994874618,6.952254772186273,-13.979999542236342,1.9999999999999991,46.02855571340755,-0.022252572195143944,0.00041854082069070383,-0.00036224833262926866,0.0,0.0,0.0,0.18103109262708222,-7.582369966114942e-05,-0.0011321282313860245,1.2338291273043204e-07,660.1937165244996,659.8496600053307,660.1724668353943,659.8716036470746,0.0,0.0,0.0
10.972,6.988124788807972,-13.944127540327363,2.0112456631371973,0.0010533982442134221,0.03272156303579144,46.02855412517402,6.952254772186273,-13.979999542236342,1.9999999999999991,46.02855571340755,-0.02154433139435551,0.0004009608538322486,-0.0003601496665637481,0.0,0.0,0.0,0.18100390480984346,-8.069989784083062e-05,-0.001364644718520644,3.444154587155917e-08,660.2270370051283,659.8153644938035,660.2041536555877,659.8384521467971,0.0,0.0,0.0
11.024000000000001,6.987347167030406,-13.944904296540432,2.011227615472754,0.0007752178645154946,0.028788805621949697,46.028558088334506,6.952254772186273,-13.979999542236342,1.9999999999999991,46.02855571340755,-0.020860084946990202,0.0003849005863181652,-0.00035739716640469023,-5.251489059988474e-05,-0.0008297578591211366,5.229849585111904e-07,0.18096879255518863,-5.46954559688997e-05,-0.001093955115164,-2.40733832179101e-07,660.1843867264,659.8572203575791,660.1681451276713,659.8721359155903,0.0,0.0,0.0
11.076,6.986593523990475,-13.945657254569838,2.0112095894275477,0.0003444871339389359,0.02076109056584994,46.028560640571776,6.952254772186273,-13.979999542236342,1.9999999999999991,46.02855571340755,-0.02023932483666777,0.0003723271833809278,-0.0003543842301732284,-0.0001349078069421917,-0.002958902740662148,6.518625847313207e-07,0.18093136693107492,-7.864291746728892e-06,-0.0001096583143222374,-3.4232264347111604e-07,660.036851922473,660.0033783097379,660.0336639908072,660.0046702618683,0.0,0.0,0.0
11.128,6.985860821565624,-13.946389276929715,2.0111915231818434,6.084123281057066e-05,0.011980268297902589,46.02856207008743,6.952254772186273,-13.979999542236342,1.9999999999999991,46.02855571340755,-0.019705868512664735,0.0003634155277310704,-0.0003523841405472748,-6.81581763378536e-05,-0.0028590859748605806,3.934408306309986e-07,0.18090613836225153,-2.1774763154512158e-05,0.00011259991029091048,-2.787935597693481e-07,660.0065191119891,660.0323885931854,659.9995447886578,660.0378184085183,0.0,0.0,0.0
11.18,6.985145815148004,-13.947103523595272,2.0111733654525885,-5.422511611963631e-05,0.004274535017128015,46.02856289300517,6.952254772186273,-13.979999542236342,1.9999999999999991,46.02855571340755,-0.01925692516204267,0.00035652908127993755,-0.0003516976769736934,-2.295300855420289e-05,-0.0023704407717417253,2.0355837964442415e-07,0.18089771538952185,-3.30293485880636e-05,0.00020459656363492132,-2.2722896223013022e-07,659.9947557001407,660.0436227459205,659.9847182904699,660.0524007285558,0.0,0.0,0.0
11.232000000000001,6.984445688593028,-13.947802821744862,2.0111550907261093,-8.510229952331812e-05,-0.0017309766512779601,46.02856326743001,6.952254772186273,-13.979999542236342,1.9999999999999991,46.02855571340755,-0.018878572930228488,0.00035043530358258324,-0.0003519571326468772,0.0,0.0,0.0,0.18090330537047158,-3.8706856567006105e-05,-0.00044247417444596483,-1.6113072210588008e-07,660.087744435976,659.9506908943002,660.0762745113857,659.9612704387237,0.0,0.0,0.0
11.284,6.983758201029299,-13.948489461516443,2.0111366995279956,-9.130486122768614e-05,-0.007242666557341013,46.02856333277463,6.952254772186273,-13.979999542236342,1.9999999999999991,46.02855571340755,-0.01855701432290868,0.00034461395956254505,-0.00035232477175613133,0.0,0.0,0.0,0.1809146566631305,-3.637990750971535e-05,-0.00014779005425430368,-1.6259507286537166e-07,660.0457050112478,659.993248380589,660.0348930642014,660.003160392664,0.0,0.0,0.0
11.336,6.9830813492923856,-13.949165506376529,2.011118208979098,-8.4572555936953e-05,-0.01276130122431934,46.02856301282517,6.952254772186273,-13.979999542236342,1.9999999999999991,46.02855571340755,-0.018290741195034262,0.00033891651099957645,-0.0003523292093714644,0.0,0.0,0.0,0.18092658826575655,-3.4495349008135015e-05,0.00020186577020227348,-1.5587158826450575e-07,659.9959015401329,660.0435731843917,659.9856441998979,660.0529663138536,0.0,0.0,0.0
11.388,6.982413207335058,-13.94983294943878,2.0110996413999853,-5.6857448470073585e-05,-0.0170504629157027,46.028562293042725,6.952254772186273,-13.979999542236342,1.9999999999999991,46.02855571340755,-0.01807500193084332,0.00033320041332297965,-0.0003522571877496319,0.0,0.0,0.0,0.18094120905368027,-3.354702455123175e-05,0.0005519548587713728,-1.406582466757131e-07,659.9462146529236,660.0938712235162,659.9362688210146,660.1030356899429,0.0,0.0,0.0
11.44,6.981752283088198,-13.95049334764478,2.01108102288221,-2.815532814652739e-06,-0.01860559890460197,46.02856127901253,6.952254772186273,-13.979999542236342,1.9999999999999991,46.02855571340755,-0.017892801904507143,0.00032725900006955904,-0.0003525023603555141,0.0,0.0,0.0,0.18096155729076016,-3.398690272310487e-05,0.0008235628503430154,-1.1909365547933047e-07,659.9080149964932,660.1329074365133,659.8980030093782,660.1422563378427,0.0,0.0,0.0
11.492,6.9810979807796,-13.951147345724632,2.01106238479053,7.605806577455851e-05,-0.016115021626966743,46.02856006418966,6.952254772186273,-13.979999542236342,1.9999999999999991,46.02855571340755,-0.017714607385241433,0.0003208621097158107,-0.0003532862013858755,0.0,0.0,0.0,0.18098880674132625,-3.6008685942871166e-05,0.0009322403098859325,-9.32838819930813e-08,659.8933867492296,660.148657374012,659.8828700556099,660.1586532538643,0.0,0.0,0.0
11.544,6.980450993686515,-13.951794267571023,2.0110437699824675,0.00016129334473665268,-0.00908825625638189,46.028558946483436,6.952254772186273,-13.979999542236342,1.9999999999999991,46.02855571340755,-0.01750158536200467,0.0003138373138364693,-0.00035456775824892016,2.4193830443625172e-05,0.002808889248453932,-2.9901988451351403e-07,0.18102117876982046,-4.833048866689238e-05,-0.0002628507452890883,3.96120593649035e-08,660.0658734845134,659.9772408570894,660.0522181645117,659.9911171445187,0.0,0.0,0.0
11.596,6.979813356959357,-13.952432046891962,2.0110252293587916,0.00019102858468537286,-0.00035670700388254196,46.02855821410596,6.952254772186273,-13.979999542236342,1.9999999999999991,46.02855571340755,-0.017221814417935126,0.00030634711595043865,-0.000355398048618017,7.547785603778971e-07,0.002900144736509318,-2.332983878570438e-07,0.1810477016155263,-4.050680033571603e-05,-0.0005466001665058079,3.1367694285886334e-08,660.1057599327135,659.9385365247047,660.0943107591119,659.9501621611083,0.0,0.0,0.0
11.648,6.979187626743575,-13.953058044345033,2.011006811635469,0.00016806593213212096,0.007571583385855596,46.02855761291793,6.952254772186273,-13.979999542236342,1.9999999999999991,46.02855571340755,-0.01687205143867842,0.0002989473483079013,-0.0003551049944243613,-1.1494287987025481e-05,0.0024575650524052573,-1.9758424756866327e-07,0.18106019493425765,-3.4787417201545586e-05,-0.0006585351603699324,3.122937261390443e-08,660.1211641391601,659.9236878324084,660.1113436613957,659.9336841011175,0.0,0.0,0.0
11.700000000000001,6.978576079709308,-13.953669876490103,2.0109885467968303,0.00012988534969803176,0.013791826454114864,46.02855710340055,6.952254772186273,-13.979999542236342,1.9999999999999991,46.02855571340755,-0.016464556978496515,0.0002919655716666746,-0.0003538244575556508,0.0,0.0,0.0,0.18105902542078028,-3.7324640639652036e-05,1.6325518952081107e-05,-2.988357381312293e-08,660.0254893053244,660.019508209839,660.0147754789652,660.0300564403481,0.0,0.0,0.0
11.752,6.977980441284264,-13.954265719893362,2.0109704417183627,8.374481838245412e-05,0.019147885939655114,46.028556474574984,6.952254772186273,-13.979999542236342,1.9999999999999991,46.02855571340755,-0.01601448312672647,0.00028546809122988415,-0.00035219651444102666,0.0,0.0,0.0,0.18105026065923888,-3.4788296584656404e-05,-0.00027035038688046943,-1.6530123406311206e-08,660.0657492598766,659.9788378072577,660.0557954472728,659.9887012177927,0.0,0.0,0.0
11.804,6.9774021224199965,-13.954844071816956,2.0109524840651076,2.3275810930560898e-05,0.024460972328413568,46.02855587555944,6.952254772186273,-13.979999542236342,1.9999999999999991,46.02855571340755,-0.015525351912425281,0.000279554274298353,-0.0003507891774717344,0.0,0.0,0.0,0.18103987616325656,-3.118741038423818e-05,-0.0006102338212683046,-3.745874315854717e-09,660.1133993033441,659.9307057467405,660.1045071093369,659.9395795321101,0.0,0.0,0.0
11.856,6.976842441038756,-13.95540351825009,2.0109346558364267,-3.9003968457545596e-05,0.028569376541767135,46.028555329259476,6.952254772186273,-13.979999542236342,1.9999999999999991,46.02855571340755,-0.015001663285039848,0.00027430369310495206,-0.0003493465219259677,0.0,0.0,0.0,0.1810259249320164,-2.6949258503678552e-05,-0.0009520148627912799,7.931866158998829e-09,660.1611471943274,659.8823124509081,660.1534948751547,659.89001185713,0.0,0.0,0.0
11.908,6.976302305832096,-13.955943069265146,2.010916934920056,-8.366560949331702e-05,0.0299806122328422,46.028554858443506,6.952254772186273,-13.979999542236342,1.9999999999999991,46.02855571340755,-0.014459823361739885,0.00026965650749496896,-0.00034765161152654005,0.0,0.0,0.0,0.18100697650495043,-2.2936140671346535e-05,-0.0012175889725595523,1.7994216346093405e-08,660.1979585498117,659.8446241181096,660.1914772658715,659.8512085022924,0.0,0.0,0.0
11.96,6.975781765405551,-13.95646263895854,2.0108992914152095,-8.890397292760689e-05,0.027366547844955357,46.028554486021854,6.952254772186273,-13.979999542236342,1.9999999999999991,46.02855571340755,-0.013928802877417653,0.0002653700263726615,-0.0003456140064320485,0.0,0.0,0.0,0.18098309615921354,-2.0302061272746744e-05,-0.0013220674544385657,2.599406571812176e-08,660.2119109953626,659.8295682589053,660.2062020432018,659.8354244880707,0.0,0.0,0.0
12.012,6.975279617017671,-13.956963464703184,2.0108816876759747,-4.2386168084419386e-05,0.020223231274736856,46.02855426308461,6.952254772186273,-13.979999542236342,1.9999999999999991,46.02855571340755,-0.013447024730778388,0.0002610302194285151,-0.00034334249565889897,2.1321601768987713e-05,-0.0028456335439425353,-4.5801191005267214e-08,0.18095655941258645,-2.8179272861799096e-05,-0.00011004343095295278,4.750816932269363e-08,660.0398170165827,660.0004474578786,660.0319225579657,660.0086054396821,0.0,0.0,0.0
12.064,6.974793345854085,-13.957448176000659,2.01086408047952,2.6648934077243782e-05,0.011409362293218421,46.028554202345745,6.952254772186273,-13.979999542236342,1.9999999999999991,46.02855571340755,-0.013046014794840383,0.00025624874682204674,-0.0003415961420438324,2.2836405868027808e-05,-0.0029236470024432627,-6.747523052232266e-09,0.18093621980342212,-2.9860186194110777e-05,0.00016864951323676243,3.4667394172771734e-08,659.9999199035801,660.0394508786441,659.9915106143642,660.0480515675308,0.0,0.0,0.0
12.116,6.974319925593189,-13.95791994734407,2.010846431208155,8.590235282752954e-05,0.003404653657810477,46.028554243278215,6.952254772186273,-13.979999542236342,1.9999999999999991,46.02855571340755,-0.012728480177121948,0.00025096934487869415,-0.00034076701472121596,1.7568507876401828e-05,-0.0024866224573525677,2.2682508408204544e-08,0.18092717506235095,-2.9038709157059788e-05,0.00028093112580148663,2.3107835708316077e-08,659.98362146259,660.0553672944571,659.9754139447566,660.063701801214,0.0,0.0,0.0
12.168000000000001,6.973856600918457,-13.958381666554725,2.0108287166492413,0.0001283288156107114,-0.002924633622660574,46.02855433173439,6.952254772186273,-13.979999542236342,1.9999999999999991,46.02855571340755,-0.012482034194644422,0.00024532617308479067,-0.00034068706807324463,0.0,0.0,0.0,0.18092852009761173,-2.3201255809338102e-05,-0.00040696477812133657,2.9493240553020775e-08,660.0807748233797,659.9582518055332,660.0742487262996,659.9649424228633,0.0,0.0,0.0
12.22,6.97340115974291,-13.958835647588957,2.0108109318091874,0.00016791054672016503,-0.008351444794797557,46.028554511904815,6.952254772186273,-13.979999542236342,1.9999999999999991,46.02855571340755,-0.012291302373363098,0.00023944576517081077,-0.00034084407285886367,0.0,0.0,0.0,0.1809353799253975,-2.4367898285398287e-05,-0.00012534794594592865,2.5666700687829347e-08,660.0409977357546,659.9983545908251,660.0341283640834,660.0053665028087,0.0,0.0,0.0
12.272,6.972951712831573,-13.959283867412971,2.010793085486783,0.00021857188476954412,-0.013869612507845202,46.028554763656054,6.952254772186273,-13.979999542236342,1.9999999999999991,46.02855571340755,-0.012152660550933942,0.00023328682018209013,-0.000340771632081948,0.0,0.0,0.0,0.18094288754927468,-2.646365900543869e-05,0.00021396434188253273,2.0302774266425764e-08,659.9931532457606,660.0465585259977,659.9856715601253,660.0541519703304,0.0,0.0,0.0
12.324,6.972506433462211,-13.959728243834054,2.010775191249888,0.00026897970749112626,-0.01840997571887071,46.02855506804027,6.952254772186273,-13.979999542236342,1.9999999999999991,46.02855571340755,-0.01206295999930827,0.00022678471185261389,-0.000340615431989339,0.0,0.0,0.0,0.18095204345305316,-2.9089338091841238e-05,0.0005652953723270357,1.3814206271038852e-08,659.9437082179732,660.0964341907096,659.9354600399555,660.1047568627431,0.0,0.0,0.0
12.376000000000001,6.972063842614686,-13.960170333402345,2.0107572648919008,0.0003005679079595997,-0.020495649999381232,46.02855541640055,6.952254772186273,-13.979999542236342,1.9999999999999991,46.02855571340755,-0.012007618747611587,0.00022001232925542312,-0.0003406171158967507,0.0,0.0,0.0,0.18096471986687124,-3.139670938152294e-05,0.0008534078944832224,6.402115811636154e-09,659.9032949695206,660.137425872229,659.8943684285604,660.1463845803229,0.0,0.0,0.0
12.428,6.97162325588396,-13.960610856362964,2.010739326977239,0.0002959852255501671,-0.018756680831306445,46.02855582041401,6.952254772186273,-13.979999542236342,1.9999999999999991,46.02855571340755,-0.011959401199135019,0.00021320142493340272,-0.0003409471968640896,0.0,0.0,0.0,0.18098193521397404,-3.242595357709198e-05,0.0009938559336903426,-2.20789886039339e-09,659.8838260031907,660.1576669697695,659.8745821275546,660.1668946549894,0.0,0.0,0.0
12.48,6.9711851912795595,-13.96104926284644,2.010721404849282,0.00024414595486689386,-0.012412953316187195,46.028556203552725,6.952254772186273,-13.979999542236342,1.9999999999999991,46.02855571340755,-0.011880886823328824,0.00020672183898021377,-0.00034166839996731854,-2.2903191121982072e-05,0.002685008754535821,9.052518187310861e-08,0.18100342872673408,-2.2523297592242367e-05,-0.0001173912849610567,-4.337145650163501e-08,660.0412093125101,660.0013579305721,660.0346741308106,660.0076532083561,0.0,0.0,0.0
12.532,6.970751531567487,-13.96148355954681,2.010703531691838,0.00017534418978473818,-0.0037209993248462046,46.02855642894829,6.952254772186273,-13.979999542236342,1.9999999999999991,46.02855571340755,-0.011736744208910275,0.00020092100222637567,-0.00034224886537439516,-2.146681369291413e-05,0.0029353349416986908,5.298818403373232e-08,0.1810229015297257,-2.0827343905259602e-05,-0.000449783840058706,-3.453353247953263e-08,660.0887138660503,659.9546714090599,660.0826866362802,659.9605085136025,0.0,0.0,0.0
12.584,6.970324867381724,-13.961911008736202,2.010685741830787,0.00012362340633658025,0.004415472869168477,46.028556566186765,6.952254772186273,-13.979999542236342,1.9999999999999991,46.02855571340755,-0.011519337420376714,0.0001957859631293846,-0.0003420910671295623,-1.4598854836897198e-05,0.0025444873938493717,3.0187621559553585e-08,0.18103337030587033,-2.152130239861036e-05,-0.0005794020623347189,-2.9165880313839265e-08,660.1074946408178,659.936335901191,660.1012848123005,659.9423857164902,0.0,0.0,0.0
12.636000000000001,6.969907619743307,-13.962329058935468,2.0106680587665138,8.969323505582287e-05,0.010926016948023374,46.02855663567298,6.952254772186273,-13.979999542236342,1.9999999999999991,46.02855571340755,-0.011239481078230069,0.0001911369081779854,-0.0003412192425889057,0.0,0.0,0.0,0.18103431408698872,-2.564853167412237e-05,0.0001265265319362399,-1.966538581821757e-08,660.0075670860374,660.0362997862768,660.0002070483246,660.0435505011823,0.0,0.0,0.0
12.688,6.969501686066118,-13.962735713404482,2.0106504900534317,5.9236321278839985e-05,0.016346025336126526,46.02855666613277,6.952254772186273,-13.979999542236342,1.9999999999999991,46.02855571340755,-0.010912777035800512,0.00018684446185811466,-0.00034000782251535224,0.0,0.0,0.0,0.1810291678766267,-2.408218337856735e-05,-0.0001533295915989984,-2.0322634188102164e-08,660.0470932052169,659.9965616705434,660.0401779129946,660.003364852275,0.0,0.0,0.0
12.74,6.96910860177466,-13.963129353451626,2.010633030194692,1.7322073268593217e-05,0.02182152567682414,46.02855665585193,6.952254772186273,-13.979999542236342,1.9999999999999991,46.02855571340755,-0.010544042620649988,0.00018293960591464996,-0.000338902448597527,0.0,0.0,0.0,0.18102248611251742,-2.1725646059134558e-05,-0.0004903830147839704,-2.0116803416032965e-08,660.0946170978639,659.9487550653275,660.088374009911,659.9548880384862,0.0,0.0,0.0
12.792,6.968729828550723,-13.963508430937804,2.010615667633488,-3.0356185499179072e-05,0.026335903302251166,46.02855660029193,6.952254772186273,-13.979999542236342,1.9999999999999991,46.02855571340755,-0.010136236137556697,0.00017950570145485112,-0.000337806275289572,0.0,0.0,0.0,0.18101368167640794,-1.8716987550244395e-05,-0.0008413261544116747,-1.8947590892332872e-08,660.1439745021357,659.8990114951686,660.1385919124263,659.9042910721932,0.0,0.0,0.0
12.844,6.968366489254772,-13.963871745989271,2.01059838758061,-7.071703641112742e-05,0.028389427883522736,46.02855650423682,6.952254772186273,-13.979999542236342,1.9999999999999991,46.02855571340755,-0.009703668274948316,0.00017654289725146634,-0.000336550329628262,0.0,0.0,0.0,0.18100156236635637,-1.559401007477832e-05,-0.0011300600631607037,-1.691177663321289e-08,660.1843748726258,659.8580621916275,660.1798875426877,659.8624580154252,0.0,0.0,0.0
12.896,6.96801891319791,-13.964218926807748,2.0105811708587185,-8.819585358024761e-05,0.02658402878659111,46.028556377558765,6.952254772186273,-13.979999542236342,1.9999999999999991,46.02855571340755,-0.009273552223557238,0.00017392430796156266,-0.0003350614191537107,0.0,0.0,0.0,0.1809860199325948,-1.3129935726249864e-05,-0.0012708064484316813,-1.4224284558284643e-08,660.2037100038559,659.8380106527932,660.1999318903171,659.8417120307082,0.0,0.0,0.0
12.948,6.967686219018982,-13.964550871990907,2.0105639931630424,-6.989154844979204e-05,0.020133572932842243,46.02855624384585,6.952254772186273,-13.979999542236342,1.9999999999999991,46.02855571340755,-0.008883502590617903,0.00017139177656065466,-0.00033339896619739124,1.1237756555645886e-05,-0.0027156146327838165,-4.0505161324900424e-08,0.18096841640890587,-1.644604713238057e-05,-0.00014717152946918592,3.3886767457985744e-09,660.0437570554841,659.9971543740704,660.0390823126514,660.0018481838705,0.0,0.0,0.0
13.0,6.967366154060609,-13.964869924346859,2.0105468269548874,-2.498345992232129e-05,0.01135483322344979,46.028556207920055,6.952254772186273,-13.979999542236342,1.9999999999999991,46.02855571340755,-0.008568760394974869,0.00016863351184794826,-0.0003319726822355324,1.6392610741663506e-05,-0.002968617041451022,-2.3028032149109393e-08,0.18095366487583694,-1.878336270969584e-05,0.00018520339661859452,-2.175095635579915e-09,659.9964222397048,660.0438231601639,659.9910659928225,660.0491669318617,0.0,0.0,0.0
13.052,6.967055769329819,-13.965179165256188,2.010529644993848,2.240559206464847e-05,0.0030862258568493573,46.028556137955555,6.952254772186273,-13.979999542236342,1.9999999999999991,46.02855571340755,-0.008336818369413012,0.00016550926012109843,-0.00033119588344039175,1.5043647330317552e-05,-0.0025968579096313804,-2.255065827357315e-08,0.18094670574010996,-1.9084369294698895e-05,0.0003223535349895137,-8.733380549419393e-10,659.9767700975455,660.0631493681934,659.9713315554367,660.0685823168224,0.0,0.0,0.0
13.104000000000001,6.9667522859188145,-13.965481501835662,2.010512429107922,6.126757918472464e-05,-0.0036115269211027035,46.02855607208508,6.952254772186273,-13.979999542236342,1.9999999999999991,46.02855571340755,-0.008177156188698641,0.00016205176477395822,-0.0003309342283758355,5.894066507876523e-06,-0.001012762972395619,-9.599106334004245e-09,0.18094680214085943,-1.637133321786613e-05,-1.1802173064501254e-05,-4.187822253176491e-09,660.0239803248085,660.0159557474068,660.0193057397829,660.0206071603297,0.0,0.0,0.0
13.156,6.966453448775362,-13.965779292727065,2.010495174784731,9.61024104911041e-05,-0.009024154364531033,46.02855602896871,6.952254772186273,-13.979999542236342,1.9999999999999991,46.02855571340755,-0.008073804926129628,0.00015834452046719851,-0.0003308861002231158,0.0,0.0,0.0,0.1809511338092485,-1.5047236442322335e-05,-0.0001282289268827346,-6.752850294425117e-09,660.0404751500514,659.9996662258062,660.0361707077865,660.0039335020016,0.0,0.0,0.0
13.208,6.96615741662454,-13.96607446532066,2.0104778874436704,0.0001423807749810322,-0.01452469243655469,46.02855596684792,6.952254772186273,-13.979999542236342,1.9999999999999991,46.02855571340755,-0.008020318339755746,0.00015436377071351067,-0.000330703369468986,0.0,0.0,0.0,0.18095610405511656,-1.685890698662221e-05,0.00020169110012684967,-5.441901171233337e-09,659.9938626890558,660.046507884762,659.9890455367504,660.0512944770835,0.0,0.0,0.0
13.26,6.965862423250753,-13.966368875091701,2.0104605753439406,0.00019420241434969324,-0.01929554004011607,46.02855585882388,6.952254772186273,-13.979999542236342,1.9999999999999991,46.02855571340755,-0.008014818726536432,0.00015002105922439808,-0.000330414127917684,0.0,0.0,0.0,0.18096172562552906,-1.939861488051334e-05,0.0005549370613620033,-3.162184108688608e-09,659.94404301647,660.0965787867729,659.9385083483595,660.1020946167475,0.0,0.0,0.0
13.312000000000001,6.9655669766486055,-13.966664096106879,2.0104432494117805,0.00023553394901026773,-0.021872263066422423,46.028555749827596,6.952254772186273,-13.979999542236342,1.9999999999999991,46.02855571340755,-0.008045042636953633,0.00014532638289043947,-0.00033019510491917006,0.0,0.0,0.0,0.18096938732045006,-2.1990728457734195e-05,0.0008591794978493583,-8.401550475628059e-10,659.9012494740309,660.139703319216,659.894982435383,660.1459633819962,0.0,0.0,0.0
13.364,6.965270300513735,-13.966960953235215,2.010425921209182,0.00024914542801146035,-0.020838912845434286,46.02855568409349,6.952254772186273,-13.979999542236342,1.9999999999999991,46.02855571340755,-0.008085902961847372,0.0001404386510461645,-0.00033020489894542093,0.0,0.0,0.0,0.18098027860027477,-2.3757774181589366e-05,0.0010303517428680725,6.23438103520599e-10,659.8773561945601,660.1640610891902,659.8705895670288,660.1708281610539,0.0,0.0,0.0
13.416,6.9649727583792345,-13.967259071389096,2.010408607603395,0.00022063892670970737,-0.015231305062572894,46.02855566107957,6.952254772186273,-13.979999542236342,1.9999999999999991,46.02855571340755,-0.008101472480572023,0.00013566090642793698,-0.00033049838851600597,-1.5725944022421492e-05,0.0025065901121407463,-1.0465963530812136e-08,0.18099439757951252,-1.773907672261016e-05,2.6907786749595544e-05,4.930325891991646e-09,660.0197151270532,660.0223266197509,660.0146761907878,660.0273928057943,0.0,0.0,0.0
13.468,6.964676089143901,-13.967556623288893,2.0103913303945964,0.00016244394681154043,-0.006673207470787502,46.028555674447084,6.952254772186273,-13.979999542236342,1.9999999999999991,46.02855571340755,-0.00805421538066416,0.00013135536497395437,-0.00033081217519892795,-2.0233480462560136e-05,0.0029519529621289072,-3.2681700221926788e-09,0.18100845205743044,-1.4481877138099831e-05,-0.0003623231758591002,2.023663273677918e-09,660.074986692151,659.9676626314605,660.0708677963485,659.9717933810177,0.0,0.0,0.0
13.52,6.964382898037949,-13.967850865516297,2.010374113395556,0.00010794410150607217,0.0016586987098395852,46.028555688457004,6.952254772186273,-13.979999542236342,1.9999999999999991,46.02855571340755,-0.007931671587331542,0.00012764746185249605,-0.00033066724503915475,-1.6524096178523987e-05,0.002634927691167689,-1.1091099484446867e-09,0.18101696296001377,-1.4137530635708608e-05,-0.0005155499555256171,9.376219408915376e-10,660.09694498121,659.9460759961628,660.092921283404,659.950105783207,0.0,0.0,0.0
13.572000000000001,6.964095728986215,-13.968139119934428,2.010356974529997,6.710645095443241e-05,0.00850093473840871,46.02855569799664,6.952254772186273,-13.979999542236342,1.9999999999999991,46.02855571340755,-0.007742603926183459,0.00012444346945757813,-0.00033001535552713374,-1.075451116133515e-05,0.0018471121643454315,1.5442680748380442e-10,0.18101887670878378,-1.4821238817812974e-05,-0.0004876117748983474,2.7365587832549275e-10,660.0931108223637,659.9500046410997,660.0888905443238,659.954227323186,0.0,0.0,0.0
13.624,6.963816633813479,-13.968419227624066,2.0103399211285096,3.3012761058332865e-05,0.013930842237192195,46.028555705825895,6.952254772186273,-13.979999542236342,1.9999999999999991,46.02855571340755,-0.007502754588708927,0.00012162179585643024,-0.00032905028240666435,0.0,0.0,0.0,0.18101585987806346,-1.7434949893369948e-05,-4.6068243516808064e-05,1.6296338158644162e-10,660.0305446813127,660.0124572944567,660.0255792477319,660.0174237293946,0.0,0.0,0.0
13.676,6.9635472233517755,-13.968689491089544,2.0103229508428186,-1.2799913672599842e-05,0.019397944685612987,46.028555716462165,6.952364202964122,-13.979889941713019,1.9999999999999991,46.02855571340755,-0.00721975027284201,0.0001191884059562104,-0.0003281227708943824,0.0,0.0,0.0,0.18101143375715262,-1.0471017144040992e-05,-0.00010191726332536394,-6.318284068294634e-11,660.0374178474857,660.0054066922822,660.0344353154279,660.0083890055498,0.0,0.0,0.0
13.728,6.963289028699354,-13.968948290188841,2.010306056186631,-4.2210329693442574e-05,0.025086501178401333,46.02855572689949,6.953536251373416,-13.9787160759411,1.9999999999999991,46.02855571340755,-0.006894272018668548,0.00011721556660916174,-0.0003273023570676236,3.833747164355575e-06,0.0022018671951466724,4.912005614301428e-09,0.18100651853343272,3.978201813435772e-05,0.0015516785280808762,-2.0760195088745303e-09,659.7946350872771,660.2479252393207,659.8059641042812,660.2365923108857,0.0,0.0,0.0
13.780000000000001,6.9630437523371,-13.9691938471289,2.010289233419245,0.0001466451059845339,0.035802674957017507,46.028556104356724,6.955239465340777,-13.97701022225077,1.9999999999999991,46.02855571340755,-0.006513111922434638,0.00011500413638900964,-0.00032688783956388173,0.00011613318936763952,0.004940026575395775,5.649642995006444e-08,0.18100416981786274,6.185614268546774e-05,0.004064418827918856,-2.887814326105008e-08,659.4334389287551,660.6087117896694,659.4509926223973,660.5910290454326,0.0,0.0,0.0
13.832,6.962814795831511,-13.969422766680752,2.0102724739658826,0.0007805407706987951,0.060156379211408866,46.02855639398868,6.956943226797534,-13.975303797866985,1.9999999999999991,46.02855571340755,-0.006004504537985915,0.00010972963123170091,-0.0003278570429668367,0.00027842285558497116,0.010691474310758656,2.1549374045256233e-08,0.18101427829677563,4.328120916704502e-05,0.004739959376785236,-2.228597180784375e-08,659.3401209190321,660.7025145606358,659.352399392697,660.6901378637949,0.0,0.0,0.0
13.884,6.9626098839073025,-13.969627450210826,2.0102557757506654,0.0018469132949632857,0.10410523140598342,46.02855754284549,6.958413458764529,-13.973831290441598,1.9999999999999991,46.02855571340755,-0.005224825713012844,9.736883421376132e-05,-0.00032969251458195715,0.00040225751897568333,0.017433656107129013,1.698752635791427e-07,0.1810318171706692,4.459318952346094e-06,0.0033607339305432435,-1.0050968216940406e-07,659.5431078086133,660.5016024938205,659.5441003040996,660.5000551307681,0.0,0.0,0.0
13.936,6.962442763854657,-13.969794325430854,2.0102391459886193,0.003131765473880138,0.16545595087248893,46.0285602655927,6.959578349890785,-13.97266452240672,1.9999999999999991,46.02855571340755,-0.0040076007919875815,7.487717211227275e-05,-0.0003303711176139949,0.0004371868714126353,0.02232329854611014,-4.1038211139720716e-08,0.18103664946999212,-3.2830055148279846e-05,0.0007379140130165784,-8.134638204769603e-08,659.9230206237701,660.1238465710131,659.9134429748733,660.1329706765395,0.0,0.0,0.0
13.988,6.962332392550956,-13.969904550004859,2.010222588409964,0.004351092411713457,0.2350952993708791,46.028564520496936,6.960446467831463,-13.97179483881316,1.9999999999999991,46.02855571340755,-0.00223531325947279,4.150497713023945e-05,-0.00032692270776136465,0.00037943215859107297,0.02352644792904458,-1.568714336746526e-07,0.18099943377652972,-5.629353063071718e-05,-0.002172731418093688,-1.2935063094574128e-07,660.3414507909116,659.7065680209497,660.3250664174385,659.7222509742121,0.0,0.0,0.0
14.040000000000001,6.962299961679659,-13.96993691167262,2.010206052881929,0.005275150506216045,0.30089058865457124,46.028569326966355,6.961063083949702,-13.971176984442968,1.9999999999999991,46.02855571340755,0.00011351119160893,-1.1045595151550938e-06,-0.0003177075215389614,0.00025665147366032,0.02055954391535431,-3.1808920106451477e-07,0.18090564591066194,-6.405353443577502e-05,-0.004626829804071215,-1.731080589232187e-07,660.6915451756809,659.3554617495427,660.6728403495769,659.3732441816649,0.0,0.0,0.0
14.092,6.962365005442406,-13.96987171321058,2.010189414574972,0.005768683129034063,0.35119100439216755,46.02857293031691,6.961486285804645,-13.970752864482497,1.9999999999999991,46.02855571340755,0.002952400350258335,-4.963177389830709e-05,-0.0003036673337731855,0.0001018830781038275,0.01397613638298193,-4.954012389594162e-07,0.1807685590998699,-5.8072470362924956e-05,-0.006161530462220646,-1.8572273892170804e-07,660.9076295953483,659.1361234034949,660.890597322272,659.1521709617514,0.0,0.0,0.0
14.144,6.9625417313567945,-13.969694489579116,2.010172486586893,0.005791119649168207,0.37737544716183147,46.028573847286346,6.961776305068991,-13.970462128046861,1.9999999999999991,46.02855571340755,0.0061027044307362865,-9.996395807359858e-05,-0.000288677207670389,-5.492325822596988e-05,0.005063700333258477,-6.366734377990483e-07,0.18063230272635422,-4.220130766702084e-05,-0.00662244802392058,-1.5484236963202678e-07,660.9688225092242,659.070549119024,660.9563913615358,659.0821569627537,0.0,0.0,0.0
14.196,6.962836381709125,-13.969398719899456,2.0101550726286326,0.005356096909458366,0.3752815948714885,46.02857136704642,6.961987798212579,-13.970250035545837,1.9999999999999991,46.02855571340755,0.00932803176326739,-0.00014798026142794218,-0.0002781025678742108,-0.00021535234686665636,-0.004611272963225324,-8.610299430799281e-07,0.18055597877334736,-1.0325949659887966e-05,-0.006096458898501854,-2.1502556095843953e-08,660.8875318734898,659.1481485968375,660.8845351456384,659.1510339617925,0.0,0.0,0.0
14.248000000000001,6.963246039020185,-13.968987074800916,2.0101370461622157,0.004505613519033745,0.34503428085058235,46.02856658576636,6.9621692929987855,-13.970067986227097,1.9999999999999991,46.02855571340755,0.01237529532543082,-0.00018965182370941387,-0.00027627152032944606,-0.0003166276344311675,-0.013719419654192355,-6.910893486345704e-07,0.18058625472117246,1.772126099562839e-05,-0.004742685192644386,1.7815031119122602e-08,660.6904922189069,659.3446897133772,660.6955838592119,659.339686418182,0.0,0.0,0.0
14.3,6.963758842453725,-13.96847124167872,2.0101184248845114,0.003499653286376882,0.2907648574444243,46.02856099447854,6.962361555656546,-13.969875089322649,1.9999999999999991,46.02855571340755,0.01501108260668608,-0.00022236539973982577,-0.00028444546803309213,-0.00034711646944140704,-0.020947344969440534,-5.512616962736146e-07,0.1807350034607959,3.0790816131716605e-05,-0.0029038597975610987,8.568502337703989e-08,660.4284382833363,659.6101095869942,660.4374400087148,659.601571471268,0.0,0.0,0.0
14.352,6.964355497472684,-13.967870510881342,2.0100994031280646,0.0024520924858172127,0.21946493413873183,46.028555979368,6.962590633730757,-13.969645099311851,1.9999999999999991,46.02855571340755,0.017054043833679068,-0.00024539937307669913,-0.00030016331001656433,-0.0003517515352526394,-0.02557138610780544,-3.730136801544102e-07,0.18097180336599747,4.3560315116514476e-05,-0.0008865023119682108,1.280711382255916e-07,660.142794310184,659.9027026178051,660.1555536550059,659.8906478942362,0.0,0.0,0.0
14.404,6.965011641276941,-13.967209409786806,2.0100803240953264,0.0014299068412511038,0.13948087751004276,46.02855249190309,6.962878488636235,-13.969355858088841,1.9999999999999991,46.02855571340755,0.018393580288128743,-0.00025880453396308724,-0.00031839570224446333,-0.00033399930167905356,-0.027317615299748493,-1.9498602247978572e-07,0.18123617547683038,5.596000894432999e-05,0.001053848960739786,1.3815290659123197e-07,659.8690900953602,660.1851903036552,659.8854151573017,660.1696376942908,0.0,0.0,0.0
14.456,6.965700586453402,-13.966514905535805,2.0100616017123762,0.0005031335475882389,0.05934878971200188,46.02855083998569,6.963231464146177,-13.969000916471831,1.9999999999999991,46.02855571340755,0.018996133513862173,-0.0002632251987412952,-0.00033344269778292913,-0.0002924954024469054,-0.026252612851138068,-4.7955005473575896e-08,0.1814587535717829,6.477572001646986e-05,0.002680593316853901,1.2072618159320646e-07,659.6402264729984,660.4221686031318,659.6590212418527,660.404063852543,0.0,0.0,0.0
14.508000000000001,6.966396079963786,-13.965813590226958,2.0100436177935097,-0.0002644297164531212,-0.01324865350429018,46.02855074126819,6.963649112642829,-13.968580647095505,1.9999999999999991,46.02855571340755,0.018901907320697197,-0.00025990419975344174,-0.00034112071918891305,-0.00023195475303488584,-0.02280530558035651,5.122925324989927e-08,0.18158609776540133,6.850229273622227e-05,0.003847972184520573,8.740612033295789e-08,659.4760294418212,660.5915240755259,659.4957988119528,660.5722712254399,0.0,0.0,0.0
14.56,6.967074746561531,-13.965129188214814,2.01002662878444,-0.0008305261177258848,-0.07229804423225855,46.02855156562593,6.964131082807782,-13.968095405395708,1.9999999999999991,46.02855571340755,0.01821271739721171,-0.0002505561888371783,-0.0003399164698429689,-0.0001607647682496864,-0.017610843338046665,1.0293594228195606e-07,0.1815950435667914,6.752024367347528e-05,0.00449884832360825,5.145260161738526e-08,659.3838952855338,660.6844926575054,659.4032877780036,660.6654224837234,0.0,0.0,0.0
14.612,6.967717958448961,-13.964480643806874,2.0100107106025566,-0.0011789499697593296,-0.11390911713117546,46.028552641799465,6.964668745724471,-13.967553833795144,1.9999999999999991,46.02855571340755,0.01707433192477875,-0.00023714551597569833,-0.0003311607983893535,-8.750179193435046e-05,-0.011413737973560463,1.1958431578420462e-07,0.1814961910261003,6.267927749006406e-05,0.004638944884559559,2.2590757829049166e-08,659.3628518980644,660.7019765061351,659.3807848275446,660.6842044394692,0.0,0.0,0.0
14.664000000000001,6.9683129958225996,-13.963880926687347,2.0099957559666235,-0.001316946859242527,-0.13642732214121342,46.02855348881586,6.965243478292707,-13.966974723298708,1.9999999999999991,46.02855571340755,0.015656301726243126,-0.00022165854324907443,-0.0003180711795514431,-1.9588107290467617e-05,-0.004960078709585981,1.167723807236442e-07,0.1813245808908602,5.4960196905989054e-05,0.004311371518741069,4.948623634619354e-09,659.4071505768915,660.6507831143556,659.4228328083485,660.6351574164393,0.0,0.0,0.0
14.716000000000001,6.968853470898707,-13.963336585132968,2.009981516227829,-0.0012697285872822755,-0.1403854471668923,46.02855394825258,6.9658406465699185,-13.966372937178118,1.9999999999999991,46.02855571340755,0.014132042057354738,-0.00020590876194748312,-0.00030445696250985425,0.0,0.0,0.0,0.18112562374240662,6.0049879673169736e-05,0.004032015910361235,3.768164458544099e-08,659.4418430192621,660.6073659636154,659.459066069266,660.5903813863141,0.0,0.0,0.0
14.768,6.969339044863916,-13.962848022430364,2.009967669197132,-0.0010481252644816577,-0.127972206747708,46.02855410608245,6.966441580958727,-13.965767300165853,1.9999999999999991,46.02855571340755,0.01265989178641078,-0.00019149157440657622,-0.0002934508875226879,9.238579471002877e-05,0.006184194036555944,1.1678378596682924e-07,0.18094045010250198,2.9655432960650974e-05,0.002659888477938637,-8.256643623008606e-09,659.6375172463597,660.4035715040634,659.6459458804999,660.39510683292,0.0,0.0,0.0
14.82,6.969774639520608,-13.96241029815,2.0099538889913204,-0.000740546931871904,-0.1025120244062029,46.02855404156382,6.967030930448745,-13.965173354231727,1.9999999999999991,46.02855571340755,0.01137348227140873,-0.00017968214713548773,-0.0002867497269139055,0.00010766050740739076,0.00993336134198293,1.0839328680417889e-07,0.18079620039796296,2.3511974298045087e-05,0.0015748176023401192,-3.828998865119096e-09,659.789494629764,660.2447441336631,659.7961831741503,660.2380389320593,0.0,0.0,0.0
14.872,6.970169247242295,-13.962014309205179,2.009939898411101,-0.00041116880276179205,-0.06868196602590455,46.02855401767165,6.967600932251706,-13.96459907797924,1.9999999999999991,46.02855571340755,0.010368187131076784,-0.0001709036353816248,-0.00028471473349798087,0.00011126257217633434,0.012110771318627343,1.0558252335857874e-07,0.1807053304828778,1.8538088456275647e-05,0.0005203180000876596,-2.2840077425409757e-09,659.9381067387401,660.09158873325,659.9433811959448,660.0863028107291,0.0,0.0,0.0
14.924,6.970534382040927,-13.961648350739697,2.009925503063371,-8.81066418389436e-05,-0.031079489257131332,46.02855416605123,6.968141797241726,-13.96405444713439,1.9999999999999991,46.02855571340755,0.009696455910611199,-0.00016519308203096568,-0.00028641986567087336,0.0001054339012211484,0.012765840045339158,1.0277996744710588e-07,0.18066498718069102,1.4595577408996157e-05,-0.0004219082857229205,-4.403436756091084e-09,660.0717776255591,659.9557628486106,660.0759223077721,659.951593019121,0.0,0.0,0.0
14.975999999999999,6.970882561662457,-13.96129966934222,2.009910594744911,0.0002044633430760134,0.005972865118019142,46.028554499780206,6.968652637135081,-13.96354039506822,1.9999999999999991,46.02855571340755,0.00936993190312995,-0.00016234753861135487,-0.00029044753001788325,9.243732548482527e-05,0.01204559180446349,9.578794135457859e-08,0.18066472301921072,1.1816117628576757e-05,-0.0011625190462560935,-8.937614769608142e-09,660.1775833414817,659.8498288819613,660.180923333461,659.8464376966505,0.0,0.0,0.0
15.027999999999999,6.971225915499065,-13.960955890254546,2.0098951431045076,0.00044790398556375467,0.03886594927076626,46.02855495321411,6.96913093793655,-13.963059393448361,1.9999999999999991,46.02855571340755,0.00936412140460086,-0.00016197647843064995,-0.0002953750818263403,7.37987302080924e-05,0.010234479404059067,8.39372622787228e-08,0.1806915453449415,1.0395810791901606e-05,-0.001665747127935861,-1.4279624015396311e-08,660.2501065684093,659.7786136877094,660.25302700545,659.7756120282859,0.0,0.0,0.0
15.080000000000002,6.971575039341528,-13.960606192604923,2.0098791760371313,0.0006286067846209385,0.0649436133432518,46.02855542193237,6.969577990785971,-13.962610085382655,1.9999999999999991,46.02855571340755,0.00962636139350915,-0.0001635489127181823,-0.0003002068604308185,5.1393469325357624e-05,0.007672221201279533,6.848448329175669e-08,0.18073479210065554,1.0483567776368836e-05,-0.0019198330585190576,-1.863383130603706e-08,660.2873655133781,659.7435273561034,660.2902987171735,659.7404884670651,0.0,0.0,0.0
15.132000000000001,6.971938173254679,-13.960242153317337,2.009862760166105,0.0007395350530064131,0.08260088006442162,46.02855580750784,6.969998326237977,-13.962187937230677,1.9999999999999991,46.02855571340755,0.010085181130119546,-0.00016644539548313152,-0.00030444023631302704,2.7644700974102048e-05,0.004714510174627439,5.180722919943266e-08,0.18078740555058304,1.2080537902498601e-05,-0.0019342863355960754,-2.080859037000121e-08,660.2904947334142,659.742995804157,660.293876574735,659.7394958337009,0.0,0.0,0.0
15.184000000000001,6.972320728777048,-13.959858233393941,2.0098459864266505,0.0007815728999596092,0.09128180331276917,46.02855605051229,6.970400028144285,-13.96178477968587,1.9999999999999991,46.02855571340755,0.010659956320360316,-0.00017002280841872544,-0.00030797167460160606,0.0,0.0,0.0,0.18084546934406462,1.6892974851531578e-05,-0.0010798252494831047,-7.1396219178787645e-09,660.1695043652547,659.8667516299618,660.1742950663346,659.8619191410771,0.0,0.0,0.0
15.236,6.972725171481438,-13.95945190115766,2.0098289580490225,0.0007642580401831757,0.09194326296417968,46.028556185965925,6.970787562500323,-13.961396001884864,1.9999999999999991,46.02855571340755,0.011271213935584138,-0.00017368967622386202,-0.0003108059872843434,0.0,0.0,0.0,0.18090573317598077,1.2908531133528034e-05,-0.0018094336042683008,-1.0053575837874593e-08,660.2752906990132,659.7635913077303,660.2789381343468,659.759885315823,0.0,0.0,0.0
15.288,6.973151334257734,-13.959023313406973,2.0098117838283005,0.0006844471677116237,0.08501910360884848,46.02855624285784,6.971170718543526,-13.96101163026137,1.9999999999999991,46.02855571340755,0.011851385055489612,-0.00017692649101079641,-0.00031312486280500216,-3.492983291395373e-05,-0.0033990487701974436,-1.522639325431072e-08,0.1809665025037935,2.504650299302171e-05,-0.0009338647853222876,-5.747911875620749e-09,660.1501845235779,659.8913287793298,660.1573010848704,659.8841775060887,0.0,0.0,0.0
15.34,6.973596632605108,-13.95857509350987,2.009794574849728,0.0005701680705223843,0.0715846369332682,46.028556114825975,6.971557320691165,-13.960623729082373,1.9999999999999991,46.02855571340755,0.012334577521739162,-0.00017923464345268383,-0.0003150108036959408,-3.866229115979285e-05,-0.005117706959982135,1.4631071976253782e-08,0.18102502782307045,2.7377023085581582e-05,-0.0003674034866692419,-1.3931861179080237e-08,660.0703939551416,659.9735455056384,660.0781524507447,659.9657086070163,0.0,0.0,0.0
15.392,6.974056486115977,-13.958111912086233,2.009777435601575,0.00046024045779189245,0.05469426670860365,46.028556005896206,6.9719544892362,-13.960224997962774,1.9999999999999991,46.02855571340755,0.012676344475174031,-0.00018049485679529363,-0.000316163561086902,-3.54891263922347e-05,-0.005936816600639954,1.374449473926517e-08,0.181075000489795,2.783616807490661e-05,0.00012643502833725858,-1.1287780113864795e-08,660.0009971682914,660.0449375823239,660.0088945815455,660.0369780802646,0.0,0.0,0.0
15.443999999999999,6.974525273040743,-13.957639521678871,2.009760458310743,0.00036118424589797686,0.03669208520754643,46.028555955023606,6.972361520024352,-13.95981611430142,1.9999999999999991,46.02855571340755,0.012857337424682532,-0.00018079939484638474,-0.00031627034144888463,-3.175384862022386e-05,-0.006023296883092561,3.832926292526087e-08,0.1811103768909347,2.8517179574171293e-05,0.0005391268374501886,-1.9130020198354006e-08,659.9428349527515,660.104514430071,659.950905331956,660.0963399822513,0.0,0.0,0.0
15.495999999999999,6.974997110807864,-13.957163953572504,2.009743713641033,0.0002746954913342424,0.019542904789030598,46.028555920834414,6.972778580205895,-13.959396819650111,1.9999999999999991,46.02855571340755,0.012877873979677254,-0.00018026594478556858,-0.0003152713543116158,-2.6941180654347915e-05,-0.005502933514315104,1.673970265465696e-08,0.18112829011269124,2.9013404738123114e-05,0.0008475186844973924,-1.0540071463700903e-08,659.8991750478338,660.1488335926521,659.9074111168824,660.1405421661044,0.0,0.0,0.0
15.548000000000002,6.975466486843267,-13.956690865230668,2.0097272407579676,0.00020524955270291714,0.00479510276093329,46.0285559038798,6.973206880213522,-13.958965954787883,1.9999999999999991,46.02855571340755,0.012754191768500775,-0.00017903623911203156,-0.00031326391333770845,-2.070607079841596e-05,-0.0045246415737043005,1.3955140128175689e-08,0.18112842692092423,2.904452476980701e-05,0.0010423178195116925,-9.154820273390007e-09,659.8714059853228,660.1765571330734,659.8796551038613,660.1682610283942,0.0,0.0,0.0
15.600000000000001,6.975928745992852,-13.956225037540346,2.009711049144036,0.00015605405731690486,-0.0064735248418138994,46.02855590552557,6.973647955755308,-13.95852206470663,1.9999999999999991,46.02855571340755,0.01251426706596524,-0.00017728578901840032,-0.00031047733167859456,-1.3575322552717328e-05,-0.0032501928037776393,1.1438541055767784e-08,0.18111272414263357,2.872891079150503e-05,0.0011277628915820305,-8.26604971296562e-09,659.8589313065211,660.1883296566293,659.8670931267483,660.1801260342935,0.0,0.0,0.0
15.652000000000001,6.976380420101198,-13.955770035116798,2.0096951199731214,0.00012902440759506907,-0.013666027592901418,46.02855591998529,6.9740956945219565,-13.958071322585827,1.9999999999999991,46.02855571340755,0.012193383083458157,-0.00017521061876281347,-0.0003072716144582013,0.0,0.0,0.0,0.18108531321129326,2.5509252012298788e-05,0.0003924367580526863,-4.400920902946086e-09,659.963522114526,660.0825638996951,659.9707762326046,660.0752866360076,0.0,0.0,0.0
15.704,6.976819383351628,-13.955328046089635,2.0096794114733694,0.00012017501414365971,-0.017443984561253373,46.02855594966403,6.974545713969921,-13.957618130294113,1.9999999999999991,46.02855571340755,0.011828390367767559,-0.00017300651154521752,-0.0003041725846991766,0.0,0.0,0.0,0.1810526949170146,2.6929454801041353e-05,0.0008362146104950074,-5.026594789778542e-09,659.899395421878,660.1452413462882,659.9070530933602,660.1375586010635,0.0,0.0,0.0
15.756,6.977244635347294,-13.954900104369209,2.0096638686991755,0.00012744256276897594,-0.018595575265216123,46.028555983384344,6.974997194364143,-13.957163413948784,1.9999999999999991,46.02855571340755,0.011445426229883529,-0.00017081566115933485,-0.0003016027274911393,0.0,0.0,0.0,0.1810207789497145,2.782089189061326e-05,0.0012197103544171815,-5.744292329049872e-09,659.8439370249807,660.1992668218677,659.851847322097,660.1913288787749,0.0,0.0,0.0
15.808,6.977656092906606,-13.954486304445455,2.0096484344661643,0.0001608703178696475,-0.015745473844935826,46.02855602085744,6.975445438196012,-13.956711948500569,1.9999999999999991,46.02855571340755,0.011072171181330071,-0.00016881303347771417,-0.0002993560078907911,0.0,0.0,0.0,0.18098936695775675,2.7455524741063837e-05,0.001445406660010591,-6.540432077815751e-09,659.8111375572237,660.2306479981874,659.8189419438716,660.2228122627017,0.0,0.0,0.0
15.86,6.978054942755222,-13.954085441197245,2.009633053372834,0.00022005827270818495,-0.008087415285770906,46.028556061222275,6.97589002820854,-13.956264252828827,1.9999999999999991,46.02855571340755,0.010748239145701607,-0.0001672475901357062,-0.00029730071079278364,2.0210349178233546e-05,0.0030459075852944362,1.847129205682848e-09,0.1809589373999179,1.7915406776955185e-05,0.00026492386158957163,-8.073406366311059e-09,659.9799635585097,660.060523806517,659.9850442810002,660.0553989497838,0.0,0.0,0.0
15.911999999999999,6.978443788635989,-13.953694854919542,2.009617671485942,0.0002670509120132262,0.001708210336427301,46.028556101588805,6.976326363307162,-13.955825002789528,1.9999999999999991,46.02855571340755,0.010507828734690576,-0.00016621747373727025,-0.00029588819640858916,1.2447868129346253e-05,0.0033552471715463986,-1.9646565867997826e-09,0.18093566029699712,1.915682728343056e-05,-2.9578147384809158e-05,-7.54398054094553e-09,660.0212094857343,660.0182412105154,660.0266449436132,660.0127638977585,0.0,0.0,0.0
15.963999999999999,6.978825899908256,-13.953311189353053,2.0096022433630516,0.00029234324106992973,0.011438119237740534,46.028556138406266,6.97675566169791,-13.955392985373305,1.9999999999999991,46.02855571340755,0.010359113343663335,-0.00016554046886223947,-0.00029529445435469876,6.301745781945993e-06,0.0031574584730806677,-4.6950881462597035e-09,0.18092272687976713,2.0407721681172358e-05,-0.00021158761904638192,-7.336730648085228e-09,660.0466710268204,659.9922177725538,660.0524631201134,659.9863845111937,0.0,0.0,0.0
16.016000000000002,6.979204486482598,-13.95293113567223,2.0095867395011995,0.0003051520471578491,0.020044669537051755,46.02855616560206,6.9771747382323985,-13.954971395327169,1.9999999999999991,46.02855571340755,0.010295673767473085,-0.00016504912863476106,-0.000295339619421087,3.225161552965032e-06,0.002676559567541341,-6.733045975907171e-09,0.18091931808785292,2.0710284373293153e-05,-0.00033055422517814885,-7.194770267276586e-09,660.0635074006525,659.9752553786832,660.0693859109286,659.9693361759263,0.0,0.0,0.0
16.068,6.979582348099487,-13.952551801348143,2.009571147662056,0.00031120010810008035,0.02688010665550069,46.02855617957966,6.97758629719969,-13.954557509737075,1.9999999999999991,46.02855571340755,0.010303534875802559,-0.0001646543666374998,-0.00029578990020374,8.035779611522027e-07,0.0012271966183248094,-4.9012638929362515e-09,0.18092353126954863,2.0908400561130875e-05,-8.170517834412631e-05,-8.160765646129632e-09,660.0281518985801,660.0108353177156,660.0340844761855,660.0048573285827,0.0,0.0,0.0
16.12,6.979961682111803,-13.952170913387102,2.0095554703890666,0.00031205832738907075,0.03221315061062234,46.02855617387225,6.977988936603536,-13.95415273136136,1.9999999999999991,46.02855571340755,0.010365093461471783,-0.00016430160235325722,-0.00029635235913360425,0.0,0.0,0.0,0.1809324076851387,2.054611751847452e-05,7.249805906741022e-05,-9.826889261941756e-09,660.0064575751752,660.0329590863145,660.012282544285,660.0270798702948,0.0,0.0,0.0
16.172,6.9803442006819285,-13.95178669811092,2.009539720674995,0.00030666698137653617,0.037323385437256926,46.028556150586525,6.978387280134893,-13.953752402612013,1.9999999999999991,46.02855571340755,0.01047172617553847,-0.00016394423395495284,-0.0002966176361088169,0.0,0.0,0.0,0.1809415074708048,2.0187222487543297e-05,-0.0002960565774890271,-9.332688695964993e-09,660.0592136041637,659.9806385375562,660.0649372602259,659.9748624542215,0.0,0.0,0.0
16.224,6.98073144351588,-13.951397556307786,2.0095239154208007,0.00029093068364708996,0.041227228510709236,46.02855610967805,6.97878149917865,-13.953356318348037,1.9999999999999991,46.02855571340755,0.010618375006915511,-0.00016351313553071323,-0.0002967029060280433,0.0,0.0,0.0,0.18095144412812458,2.035813826704992e-05,-0.0006708832734825554,-8.462272499557e-09,660.1127986455239,659.9275115262162,660.1185729213469,659.9216887001131,0.0,0.0,0.0
16.276,6.981124528863779,-13.951002319001963,2.009508072624371,0.0002627630108919309,0.04233075695195458,46.028556049248294,6.979171874530263,-13.952964095762152,1.9999999999999991,46.02855571340755,0.010788212082191492,-0.00016290882686436226,-0.0002968878035299955,0.0,0.0,0.0,0.1809643931867149,2.1145511735556292e-05,-0.0009682814822097591,-7.178254247095713e-09,660.155322427107,659.8855526504134,660.1613241035367,659.8795086978499,0.0,0.0,0.0
16.328,6.981523668717312,-13.950600748777815,2.0094922137282154,0.00022388242761013448,0.03919164323548896,46.02855597264367,6.979559385147657,-13.952574714681205,1.9999999999999991,46.02855571340755,0.010950862904759374,-0.00016202767739055432,-0.00029740489807396993,0.0,0.0,0.0,0.1809819555980093,2.258446507169557e-05,-0.001094537173315642,-5.546050865583667e-09,660.1734680095669,659.868147242967,660.1798837939527,659.8616977013041,0.0,0.0,0.0
16.38,6.98192773906816,-13.950193986601974,2.009476366555377,0.00018589461229913783,0.03147590581647717,46.02855590400432,6.979947846201912,-13.952184314640217,1.9999999999999991,46.02855571340755,0.011065898834509013,-0.00016080341703136848,-0.0002982795264049693,-9.598995971846908e-06,-0.0029794889341391733,-9.068059331956202e-09,0.1810034876314505,2.8061453516770722e-05,0.00016137284574150364,-7.757655660776156e-10,659.9942897890967,660.0482457003084,660.0022805649115,660.0402511842289,0.0,0.0,0.0
16.432,6.982334277988933,-13.949784562467777,2.0094605651915414,0.00017731703728334362,0.022274122592964057,46.02855585746397,6.980337406090572,-13.951792764301274,1.9999999999999991,46.02855571340755,0.011103035413630597,-0.000159358479150639,-0.0002988818286396089,1.1816977277120987e-06,-0.0030660680972693618,-4.308415297858057e-09,0.18102169759808048,2.4727008910064363e-05,0.0004392761509274477,-1.5134130177520112e-09,659.9555644146685,660.0877247420132,659.9626037943468,660.0806783148331,0.0,0.0,0.0
16.484,6.982740356203856,-13.949375508291999,2.0094448426890357,0.00019120928581503293,0.013778145882823799,46.02855582279051,6.980732210597096,-13.951395866351971,1.9999999999999991,46.02855571340755,0.011059796815950918,-0.00015795690666628115,-0.0002988277215178029,6.219061688714298e-06,-0.0026626386612125684,-1.4863886990305874e-09,0.18103174293026433,2.281484019027207e-05,0.0005869679088531419,-1.8009778448175617e-09,659.9350086522641,660.1086907942189,659.9415027527605,660.1021883643617,0.0,0.0,0.0
16.536,6.983143300072303,-13.948969605773506,2.0094292212599227,0.00021180697961064804,0.006944651583128931,46.02855579797481,6.98112955523613,-13.95099625250843,1.9999999999999991,46.02855571340755,0.01094774533572514,-0.00015673628206891639,-0.00029814528141351915,4.937308198405704e-06,-0.0014296087619115392,2.74052119568185e-10,0.18103318205105554,2.2894378314805418e-05,0.00042116744687601955,-1.910304651106451e-09,659.9586370906679,660.0851175558096,659.965153312353,660.0785919383864,0.0,0.0,0.0
16.588,6.9835409972659335,-13.948569059637416,2.00941370850343,0.00023556999470470847,0.0016306682207975762,46.028555782536316,6.981530101232732,-13.950593296678129,1.9999999999999991,46.02855571340755,0.010783960509220805,-0.00015572555594505557,-0.0002970960678937305,0.0,0.0,0.0,0.18102833849268965,2.41229200970939e-05,0.00018265633750983953,-1.4793261460961888e-09,659.9923214184704,660.0512175889414,659.9991884342678,660.0443429209387,0.0,0.0,0.0
16.64,6.983931820501876,-13.948175574422933,2.0093982994889132,0.00027175750563995647,-0.0034541682313314168,46.028555775367956,6.9819306224199975,-13.950190203307109,1.9999999999999991,46.02855571340755,0.010577282027875655,-0.00015498291956925512,-0.00029612965905652237,0.0,0.0,0.0,0.18102178752235107,2.254310215227593e-05,0.0005420201125252015,-1.3237388711550785e-09,659.9412191395953,660.1020216264143,659.9476370939792,660.0955978418821,0.0,0.0,0.0
16.692,6.9843143164718775,-13.947790681411634,2.009382982936539,0.0003176480270259911,-0.007384670416733291,46.02855577901374,6.9823293062018,-13.94978886115837,1.9999999999999991,46.02855571340755,0.010332548934050967,-0.00015461271273455864,-0.00029517803394031215,0.0,0.0,0.0,0.18101321694307412,2.005517783478111e-05,0.0009034046767123366,-1.3977517659545666e-09,659.8899116531413,660.1529374424382,659.8956211401571,660.1472224404127,0.0,0.0,0.0
16.744,6.984687435207302,-13.947415499418819,2.009367744302187,0.0003620895057789265,-0.00861408145605294,46.02855579957023,6.9827255655170735,-13.949389960442845,1.9999999999999991,46.02855571340755,0.010065938912257419,-0.00015465962554912018,-0.0002940449394446613,0.0,0.0,0.0,0.1810011585721756,1.7167185951849767e-05,0.00118475831004369,-1.8298694425000297e-09,659.8499797426655,660.1923200536768,659.8548655945884,660.1874265662952,0.0,0.0,0.0
16.796,6.985050995531114,-13.94705024506884,2.0093525645097268,0.00038955944412030383,-0.0057586264255169075,46.02855584419891,6.983118352040788,-13.948994583412896,1.9999999999999991,46.02855571340755,0.009806731638902,-0.00015505122766969355,-0.0002926276959615545,0.0,0.0,0.0,0.18098521107563798,1.4590049368028623e-05,0.0012956586215738229,-2.771403327937504e-09,659.8341947374846,660.2073885689413,659.8383438581361,660.2032264213785,0.0,0.0,0.0
16.848,6.985406094683338,-13.94669379819778,2.0093374186183577,0.00038429614739589904,0.0016162796340779219,46.02855590824308,6.983506825098391,-13.948603627060765,1.9999999999999991,46.02855571340755,0.009593964387227902,-0.0001555754381516694,-0.0002909949331737781,-7.203180464592624e-06,0.002890546898093493,2.1570156544230463e-09,0.18096684772492536,1.5996950027576814e-05,6.343536835795496e-05,-4.9174656768077894e-09,660.009100311487,660.031724771198,660.0136431165176,660.0271548536558,0.0,0.0,0.0
16.9,6.985755142706452,-13.946343656597982,2.009322276787474,0.0003446735854551344,0.010519613687741075,46.02855596671859,6.983889367005656,-13.948218770462278,1.9999999999999991,46.02855571340755,0.00945831084460839,-0.00015591321387928403,-0.00028968474428335664,-1.6225738566933833e-05,0.0029494285469296626,-3.794337353138616e-10,0.18095231872759138,1.9696537266725008e-05,-0.00021787252917858195,-5.24165496781217e-09,660.0483189716042,659.9918730943353,660.053914298196,659.9862482073727,0.0,0.0,0.0
16.952,6.9861010220092625,-13.945996807085992,2.009307111546432,0.00029309539100657716,0.01858230334788216,46.02855600775997,6.9842661106309105,-13.947839904379082,1.9999999999999991,46.02855571340755,0.009401816294809257,-0.00015583607066111137,-0.00028897402934437036,-1.721304249939263e-05,0.002499326530323769,-1.885049266260121e-09,0.18094523034668114,2.1190643136713965e-05,-0.0003464074158063519,-5.576908127825213e-09,660.0662655016661,659.9736349568963,660.0722852759498,659.9675833905064,0.0,0.0,0.0
17.004,6.986446325749212,-13.945650528344315,2.009291905677593,0.00024657531283947255,0.024892791964578817,46.02855602996135,6.984638572285082,-13.947465561397733,1.9999999999999991,46.02855571340755,0.00941178628156776,-0.0001553155150637078,-0.0002887630359973809,0.0,0.0,0.0,0.18094515571169933,1.601312722472532e-05,0.00031952209443065045,-6.744603077964007e-09,659.9721791181636,660.0677486346851,659.9767217248583,660.0631692993328,0.0,0.0,0.0
17.056,6.9867930798483675,-13.945302689757632,2.009276654331297,0.00019733466089442796,0.030183209411585202,46.02855603506393,6.985001673486986,-13.94710079035128,1.9999999999999991,46.02855571340755,0.009472146013663816,-0.0001544048400505097,-0.0002887205677873285,0.0,0.0,0.0,0.18094899475416645,1.7858257230569382e-05,-4.6662715884909585e-06,-6.861768965749935e-09,660.0181867445932,660.0219441787293,660.0232542507339,660.0168386558249,0.0,0.0,0.0
17.108,6.987142946438118,-13.94495153635396,2.0092613620312116,0.00013234685362836443,0.03524513763285532,46.02855602434889,6.985362384959652,-13.946738565825598,1.9999999999999991,46.02855571340755,0.00957772857073487,-0.00015301964181494424,-0.00028854045624859104,0.0,0.0,0.0,0.18095359271193695,2.1036620061697615e-05,-0.00037488690738040064,-6.6410696129300535e-09,660.0705748004804,659.9697886906041,660.0765477224046,659.963778015241,0.0,0.0,0.0
17.16,6.987497428312977,-13.944595469945282,2.0092460370091363,6.517980411089576e-05,0.03882330601027319,46.02855599978566,6.985716572119398,-13.94638303552352,1.9999999999999991,46.02855571340755,0.009722004642561236,-0.00015106497517005583,-0.0002883691951285958,0.0,0.0,0.0,0.180960128366724,2.49261248652969e-05,-0.0007439715011492258,-6.124231917031453e-09,660.1227348628106,659.9179313844012,660.1298163967592,659.9108136496991,0.0,0.0,0.0
17.212,6.987857526811433,-13.944233411715766,2.0092306901986365,1.8699678471479355e-05,0.03931887393119399,46.02855596999807,6.986068814006915,-13.946029473057497,1.9999999999999991,46.02855571340755,0.009885643779179207,-0.0001486076658342586,-0.0002884312572716072,0.0,0.0,0.0,0.1809704603753929,2.8532062264692338e-05,-0.001014805111434377,-5.492476936567251e-09,660.1610146011698,659.8800975831948,660.1691243110625,659.871953892212,0.0,0.0,0.0
17.264,6.988223261724691,-13.943865314580508,2.009215337711712,1.7047874332589847e-05,0.035365311340351764,46.028555945051565,6.9864230643581635,-13.945673786776094,1.9999999999999991,46.02855571340755,0.010036045914405456,-0.0001459247888273721,-0.0002888974836885233,4.115024498058237e-06,-0.0010463727500672729,-3.3212680199957767e-09,0.1809857528857027,2.8988936573498647e-05,-0.0006843612573271818,-3.733666769952143e-09,660.1142197179696,659.9275521960776,660.1224649828913,659.9192838123536,0.0,0.0,0.0
17.316,6.98859328143279,-13.943492582451233,2.00920000290986,7.034348163327679e-05,0.027162445995297515,46.02855592963099,6.9867800523480765,-13.945315216404314,1.9999999999999991,46.02855571340755,0.010132269511710338,-0.00014347626336852498,-0.0002896875100048351,2.3229011547159476e-05,-0.0030344831616416945,-1.721869231801922e-09,0.18100446515323126,2.1223759070354725e-05,0.00024213682165055478,-3.9871553669403656e-09,659.9837745813277,660.0587866561659,659.989808943685,660.0527308411345,0.0,0.0,0.0
17.368,6.988965014386782,-13.943117917592756,2.0091847151555906,0.00014637364699287127,0.018094923443202758,46.02855590856462,6.987139160145453,-13.944954377566614,1.9999999999999991,46.02855571340755,0.010149110472646314,-0.00014165338259156858,-0.0002901491188945994,2.5585783186634333e-05,-0.00296453842418192,-1.2479019550321863e-09,0.18101923697693492,1.8429059315195993e-05,0.0004904072966430953,-3.711894907319034e-09,659.949118950517,660.0940489668734,659.9543583073305,660.0887901612313,0.0,0.0,0.0
17.42,6.989335608246498,-13.942744328282242,2.0091695020809124,0.00021516421767062065,0.01008659655800526,46.02855589147381,6.987500911242349,-13.944590691737234,1.9999999999999991,46.02855571340755,0.01008848501486817,-0.00014052423996359055,-0.0002899914987099557,2.092855970768616e-05,-0.002462717102176138,4.816100617383932e-09,0.18102631738779965,1.800824067312223e-05,0.0006081462704200314,-5.555795768996914e-09,659.932557344006,660.1109026261269,659.9376718496155,660.1057586938161,0.0,0.0,0.0
17.472,6.989702571560525,-13.942374444124138,2.0091543807150387,0.00026728964719159506,0.003933072170938644,46.02855586845555,6.9878649391124625,-13.944224519325648,1.9999999999999991,46.02855571340755,0.009964519947245455,-0.00013996571922591855,-0.00028928589785782966,0.0,0.0,0.0,0.1810258562250711,2.3972796352131526e-05,-3.569091747064856e-05,-3.311669658781888e-09,660.0233871622775,660.0200495329598,660.0302060217338,660.0132122254391,0.0,0.0,0.0
17.524,6.9900640035781185,-13.94201027185663,2.009139354431277,0.00032010713211776446,-0.001259253871533699,46.028555844877644,6.988230341642996,-13.943856777762331,1.9999999999999991,46.02855571340755,0.009793492217165736,-0.0001398550956083944,-0.00028838643845649443,0.0,0.0,0.0,0.18102122383882094,2.1297708646307484e-05,0.0002874228606730305,-2.80850451880951e-09,659.977646986257,660.0655787440364,659.9837057330227,660.0595051937486,0.0,0.0,0.0
17.576,6.990418358340659,-13.94165344975929,2.009124417130852,0.0003858792325962083,-0.006088201107148027,46.02855582309303,6.9885952479189895,-13.943489425902607,1.9999999999999991,46.02855571340755,0.009580543587421726,-0.0001402634261390153,-0.00028756341093806907,0.0,0.0,0.0,0.18101527005994295,1.7404538340415816e-05,0.0006510431486242579,-2.344107280793172e-09,659.9262809229521,660.1166724875749,659.9312323991106,660.1117094204681,0.0,0.0,0.0
17.628,6.990764281790836,-13.941305423600703,2.0091095592687997,0.00044670493037333363,-0.009264229799514497,46.02855587499625,6.988957902020003,-13.94312424445426,1.9999999999999991,46.02855571340755,0.009333588757326858,-0.00014124532554085083,-0.0002866461113149486,0.0,0.0,0.0,0.18100661762561393,1.2927989575635241e-05,0.0009902734171190208,-3.440684782635325e-09,659.8784112134034,660.1641495680838,659.8820847037375,660.1604585938215,0.0,0.0,0.0
17.68,6.991100967942823,-13.940967066807591,2.009094766735584,0.00047670953697372424,-0.009265153741837184,46.02855591621286,6.989320387246039,-13.942759269708548,1.9999999999999991,46.02855571340755,0.009073154747288582,-0.00014265838428777306,-0.00028553963658482263,0.0,0.0,0.0,0.18099478205615205,9.328183680149694e-06,0.0012260049332026136,-4.317526910871658e-09,659.8450835330988,660.1969392958541,659.8477291909546,660.1942711294641,0.0,0.0,0.0
17.732,6.991428613972641,-13.940638192191267,2.009080020283489,0.0004518178009855516,-0.004858085315633909,46.02855597495017,6.9896793863329565,-13.942397868313098,1.9999999999999991,46.02855571340755,0.008832113157323107,-0.0001441352223146293,-0.00028416717520354475,-1.5735939461221088e-05,0.0019427936988292993,4.405013477801332e-09,0.18097962266536852,1.3957465515216329e-05,0.0005171894764356582,-7.171740869475234e-09,659.9450530715889,660.0963379349934,659.9490091111322,660.0923430593482,0.0,0.0,0.0
17.784,6.991748762697926,-13.940317182273716,2.0090652960425635,0.000373741906277236,0.0033999360047583366,46.02855603571887,6.99003274416528,-13.942042233264607,1.9999999999999991,46.02855571340755,0.008649916634021454,-0.00014515387716944905,-0.0002827145289190697,-2.915724986501881e-05,0.0029836940621190333,-1.5833941948149136e-09,0.18096373163869214,2.0259492138860382e-05,-6.36624387144308e-05,-6.2854577142692635e-09,660.0265270817595,660.014164754495,660.0322800442104,660.0083768191253,0.0,0.0,0.0
17.836,6.992064059661989,-13.940001244467398,2.009050567272474,0.0002909504496987851,0.012136795947417537,46.028556076730226,6.99037943135637,-13.941693541183284,1.9999999999999991,46.02855571340755,0.008547636747497067,-0.00014541721976988174,-0.00028169302186846257,-2.582265216946834e-05,0.0028225628688688734,-4.159868155707374e-09,0.18095299687461353,2.1015727915387147e-05,-0.0002819304585848386,-6.227729477341442e-09,660.0572716013253,659.9829560380422,660.0632398380175,659.976952578432,0.0,0.0,0.0
17.888,6.992377314301809,-13.9396874120913,2.009035811707922,0.0002260929959162234,0.019644535994660293,46.02855611264037,6.990720087134309,-13.94135111393526,1.9999999999999991,46.02855571340755,0.008520816210005633,-0.00014500185210424065,-0.0002812036754708155,-1.9019610568167523e-05,0.002282957218802367,-3.61686760086823e-09,0.18094912770997149,2.03154356101498e-05,-0.00038057109653006846,-7.19384979945915e-09,660.0713457595851,659.9687352045073,660.0771117487307,659.9629284191686,0.0,0.0,0.0
17.94,6.992690923087892,-13.939373158295702,2.009021018149966,0.00017802277138179382,0.025371237811067714,46.028556115274306,6.991054576596896,-13.941015129136385,1.9999999999999991,46.02855571340755,0.008554363993356361,-0.00014409002576706162,-0.000281080390124555,0.0,0.0,0.0,0.18095085142459225,1.47689576754529e-05,0.00019739612637949502,-8.576111730435968e-09,659.9898796684209,660.0503100172302,659.9940626938468,660.0460798480838,0.0,0.0,0.0
17.992,6.993006729271316,-13.939056540228881,2.0090061861155455,0.0001216617049890732,0.030630935983272177,46.02855609529731,6.991385871238397,-13.940682542940918,1.9999999999999991,46.02855571340755,0.008634987462816717,-0.00014276270052607706,-0.0002809587365822837,0.0,0.0,0.0,0.18095460059956023,1.7505254128525358e-05,-0.00013971294463346247,-8.157487379839406e-09,660.0375966139018,660.0027885666512,660.0425598413381,659.9977798552578,0.0,0.0,0.0
18.044,6.993326340221887,-13.93873585629643,2.008991321386364,5.449854715586564e-05,0.03532798281796713,46.0285560562121,6.991712653824014,-13.94035462150112,1.9999999999999991,46.02855571340755,0.008759418836692696,-0.00014091533952629258,-0.0002807315343021597,0.0,0.0,0.0,0.18095913716207276,2.134367859487505e-05,-0.000513848080333588,-7.330007663285086e-09,660.090443281808,659.950164764788,660.0965015646485,659.9440645338635,0.0,0.0,0.0
18.096,6.993651126991082,-13.938409644306741,2.0089764321161407,-3.0217333101417176e-06,0.0379950753595595,46.02855600536684,6.99203760850728,-13.94002857371364,1.9999999999999991,46.02855571340755,0.008917111485547422,-0.00013852534094303348,-0.00028058141399495454,0.0,0.0,0.0,0.18096599745651237,2.5446489100859985e-05,-0.0008475411010459628,-6.2507409521270405e-09,660.1375350015863,659.9033803711752,660.1447642122984,659.8961138874741,0.0,0.0,0.0
18.148,6.993981797435457,-13.938077136691716,2.008961529414234,-2.52904294257609e-05,0.037104046854513364,46.02855595507159,6.992360231164246,-13.939704853248276,1.9999999999999991,46.02855571340755,0.009084116443928847,-0.00013577574630407166,-0.00028070598131136703,0.0,0.0,0.0,0.1809767697681558,2.84737772445665e-05,-0.0010541562678627221,-5.1765163426939e-09,660.1667566223254,659.8746147957673,660.1748505392541,659.8664885173702,0.0,0.0,0.0
18.2,6.994317939720212,-13.937738750061676,2.0089466297975025,9.615783826078806e-06,0.031544488594753034,46.028555914766095,6.992681412975809,-13.93938251428542,1.9999999999999991,46.02855571340755,0.009224519940694712,-0.00013306673595430866,-0.00028122141961163386,2.032357125448936e-05,-0.002518882264279718,-1.0481217944107353e-08,0.18099206712432653,2.125134784599417e-05,-7.890092609841651e-05,-4.947421436181134e-10,660.029225125264,660.0128049905333,660.0352766017462,660.0067505676401,0.0,0.0,0.0
18.252,6.994657742391026,-13.937396388039595,2.008931756582957,8.816614973542943e-05,0.022788444286248762,46.02855588782958,6.993002865548944,-13.939059803343742,1.9999999999999991,46.02855571340755,0.009299394570960046,-0.00013090321587568924,-0.0002818635098348348,2.7927555090298995e-05,-0.0030559545732247555,-5.413708630385612e-09,0.18100854113206666,1.6604560788340785e-05,0.00032740633703832425,-1.762370174692825e-09,659.9723643982585,660.0703478101686,659.9770892698356,660.0656138452688,0.0,0.0,0.0
18.304,6.994998459247179,-13.937052949940076,2.008916936985662,0.00016502449406212828,0.014007891955394657,46.028555854576865,6.993327790587755,-13.938733386407298,1.9999999999999991,46.02855571340755,0.00929401781873869,-0.00012949149702756754,-0.00028206843498880166,2.3558913953726696e-05,-0.0028125249132281947,-4.1373711061752136e-09,0.18101976972097883,1.5966073494413503e-05,0.0005160441071285905,-1.5212659255057022e-09,659.9458204964805,660.0973510289706,659.950364348267,660.0927997638074,0.0,0.0,0.0
18.356,6.995337331425705,-13.936711347994606,2.008902193253078,0.00022322792894494074,0.00657512648969257,46.028555819095565,6.993656411600754,-13.93840305975289,1.9999999999999991,46.02855571340755,0.009215354939846312,-0.00012872307384364227,-0.0002817238785862358,1.6844938920813314e-05,-0.002250932851474974,-2.942320336473417e-09,0.18102393044464368,1.6452658871391722e-05,0.0006055029884272177,-1.2004005949968676e-09,659.9330935370693,660.1102428888672,659.9377769751784,660.1055540263864,0.0,0.0,0.0
18.408,6.995672055198453,-13.936374010223016,2.008887536708384,0.0002652728486943589,0.0009185307948853542,46.02855578757821,6.993986575957564,-13.938071013556359,1.9999999999999991,46.02855571340755,0.009079090755798162,-0.00012841653247459313,-0.0002809479612285764,0.0,0.0,0.0,0.18102181749155666,2.102299055600459e-05,3.533469916997199e-05,-1.5994170061598681e-09,660.0135996416778,660.0296517973097,660.0195831597174,660.0236595116166,0.0,0.0,0.0
18.46,6.99600087694991,-13.9360427841709,2.008872967433512,0.000313879388832693,-0.004339659085708673,46.02855578111422,6.994319401347911,-13.937736086496784,1.9999999999999991,46.02855571340755,0.008897960674200601,-0.00012849324481744998,-0.0002801265191899688,0.0,0.0,0.0,0.18101721917718402,1.833262414882396e-05,0.00037741210253997975,-1.4471324580177894e-09,659.9651629104897,660.0778814582281,659.9703809431207,660.0726562605589,0.0,0.0,0.0
18.512,6.996322260213012,-13.935719294457124,2.0088584793640774,0.0003690436396737224,-0.008977607895567279,46.028555810540965,6.994654519290307,-13.93739869345788,1.9999999999999991,46.02855571340755,0.008675076152520611,-0.0001290299245383944,-0.00027934248475814836,0.0,0.0,0.0,0.18101114156622072,1.4788060444818665e-05,0.0007564315562439592,-2.055671988595195e-09,659.9115528778602,660.131216634364,659.9157599024471,660.1269995986167,0.0,0.0,0.0
18.564,6.996634917985419,-13.935404910229396,2.008844061117699,0.0004131903402367587,-0.01148250404755889,46.0285558306198,6.994988139063164,-13.937062766097554,1.9999999999999991,46.02855571340755,0.008421639904844552,-0.00013002056512651704,-0.0002784642491993648,0.0,0.0,0.0,0.18100265140822341,1.1126511001291272e-05,0.001089345400820684,-2.489527522866374e-09,659.8644685647869,660.177912180639,659.8676315393891,660.1747369066624,0.0,0.0,0.0
18.616,6.996938256186026,-13.93510027441391,2.0088296988653553,0.0004248435521648555,-0.010320555965846617,46.028555867908615,6.995317575676547,-13.936731054693828,1.9999999999999991,46.02855571340755,0.008162506487307496,-0.00013128558485189643,-0.00027734883102716447,0.0,0.0,0.0,0.18099078277575328,8.387865177543394e-06,0.0012802593396127923,-3.294704560478308e-09,659.8373998234275,660.2044409085531,659.8397804442573,660.2020433587062,0.0,0.0,0.0
18.668,6.997232833219314,-13.934804813648515,2.008815374241258,0.0003860651864256455,-0.00443968011993622,46.02855592466869,6.995644394632782,-13.936402079410097,1.9999999999999991,46.02855571340755,0.00793441789232629,-0.00013246420946576797,-0.00027599321520350615,-2.0179729026772847e-05,0.0026009099036414162,2.1620911465971207e-09,0.18097609308027313,1.562777136367915e-05,0.00025011965542954314,-5.2905569599196966e-09,659.9827717600444,660.0584637479353,659.9872085557034,660.0539981289871,0.0,0.0,0.0
18.72,6.997520613743994,-13.934516465297923,2.0088010639564553,0.00031441024179775813,0.004372975736436668,46.02855597733771,6.995966814197187,-13.936077695131079,1.9999999999999991,46.02855571340755,0.007775541768277781,-0.00013312985700308905,-0.0002747161896868314,-2.4603722820809017e-05,0.0030468286308486343,-1.5744525346871893e-09,0.18096246450029432,1.8693190320214157e-05,-0.00013810640872916123,-5.054087283704481e-09,660.0373223782935,660.0033102784636,660.042632547044,659.9979717984131,0.0,0.0,0.0
18.772000000000002,6.99780442897881,-13.934232248154656,2.0087867438137677,0.00024895447285820806,0.013052323469938402,46.028555995726826,6.996282622595929,-13.935760170483205,1.9999999999999991,46.02855571340755,0.007698355347055326,-0.0001331539142776847,-0.00027390510829431336,-1.9669236082557455e-05,0.0027643968405416932,-1.4672927175106686e-08,0.18095448413261137,1.8472587159582445e-05,-0.0003226978858415099,-6.788381286014061e-10,660.0634656569625,659.9768140773978,660.0687249023822,659.9715503392703,0.0,0.0,0.0
18.824,6.99808706840559,-13.933949227485536,2.008772395808291,0.00020019319486296174,0.020291431647672924,46.02855600119677,6.9965908211025765,-13.935450510574853,1.9999999999999991,46.02855571340755,0.00769477672032952,-0.000132658873768652,-0.0002735345764552327,-1.431064336494907e-05,0.0021753825335611493,-6.603829427991692e-09,0.18095248115239904,1.7840563941771623e-05,-0.00041036844040292673,-3.73416223333578e-09,660.0760121808318,659.9642096379196,660.0810828648997,659.9591173708868,0.0,0.0,0.0
18.876,6.9983708358179735,-13.933664983164752,2.0087580128816827,0.00016185336724972387,0.025791547477319998,46.028556015255106,6.996893590914029,-13.93514647083856,1.9999999999999991,46.02855571340755,0.007748505051471436,-0.000131791309704519,-0.00027344530258032287,0.0,0.0,0.0,0.18095511683334684,1.3712808697956872e-05,0.00011914478446080839,-6.431637509583437e-09,660.0012671581148,660.0391085852314,660.0051552239859,660.0351850961126,0.0,0.0,0.0
18.928,6.998657494371032,-13.933377662098385,2.0087435957669357,0.0001140561659534564,0.03094353267859125,46.028556039020465,6.997190760451198,-13.934848282058889,1.9999999999999991,46.02855571340755,0.007847784069005426,-0.0001305794621197925,-0.0002733062339984017,0.0,0.0,0.0,0.18095911285511473,1.5982139393585776e-05,-0.00023662961869833229,-6.947115573840915e-09,660.0517145018563,659.9888681563879,660.0562471746729,659.984296539493,0.0,0.0,0.0
18.98,6.998948597475774,-13.933085624281048,2.008729151858591,5.810151256278759e-05,0.03523762283138096,46.02855602838272,6.997486069408142,-13.934552142987352,1.9999999999999991,46.02855571340755,0.007988679972224938,-0.0001289328625044863,-0.00027306648591010293,0.0,0.0,0.0,0.18096373289811177,1.930154428501951e-05,-0.0006096849393440287,-6.724794522856451e-09,660.1044815842768,659.9363245192559,660.1099598385592,659.9308075707102,0.0,0.0,0.0
19.032,6.999245379602019,-13.932787556056862,2.0087146897255455,1.0368919592090657e-05,0.03713967284538392,46.02855600356335,6.997779200903599,-13.934258255210317,1.9999999999999991,46.02855571340755,0.008157722264051015,-0.00012683672884538716,-0.00027293020413651716,0.0,0.0,0.0,0.18097071130482714,2.2856575951405562e-05,-0.000923770104185823,-6.197567276540508e-09,660.148858896244,659.8922545595707,660.155350604486,659.8857259285147,0.0,0.0,0.0
19.084,6.999548301388115,-13.932482952057773,2.008700220618141,-7.940277177877232e-06,0.03514280685273223,46.028555975280554,6.997158220356402,-13.934882772630077,1.9999999999999991,46.02855571340755,0.008327974546932609,-0.00012444657247591857,-0.0002730774322257328,0.0,0.0,0.0,0.18098145873959331,-9.436026736062062e-06,-0.0033282225652743495,-5.595442082960741e-09,660.4959553460902,659.5453007608828,660.4932541564373,659.5479748182247,0.0,0.0,0.0
19.136,6.999856524859192,-13.932172668846196,2.0086857594535017,-0.00011838082469065404,0.02286742482550785,46.02855598659657,6.992009189448659,-13.940056551445014,1.9999999999999991,46.02855571340755,0.008453749143572411,-0.00012191280558830745,-0.0002743027527040669,-9.625434096255211e-05,-0.007312490969505222,1.3954576682900776e-08,0.18100331280752793,-0.00017551285247613052,-0.013660547511214944,-1.0902362592915615e-08,661.9887608520276,658.0478663634913,661.9388867326995,658.0979748015537,0.0,0.0,0.0
19.188,7.000165365691977,-13.931861457782226,2.0086713257011763,-0.0010713765903974505,-0.029876563469667643,46.02855666110412,6.984948564222201,-13.947150811681164,1.9999999999999991,46.02855571340755,0.00836170352810421,-0.00011630844460679291,-0.0002804624291292147,-0.0005140530810674825,-0.026825483857097238,6.669115009747222e-08,0.18107358250045144,-0.0002550187617573402,-0.022270906386943033,-4.4202575275312934e-08,663.2231006169918,656.8070597185555,663.1506893980738,656.8799242250403,0.0,0.0,0.0
19.240000000000002,7.000456951039423,-13.931567192993207,2.0086569927073548,-0.0036319822089674594,-0.16375783019137097,46.02856229288991,6.977891569995779,-13.954241326618048,1.9999999999999991,46.02855571340755,0.007551688877530907,-9.717481569528356e-05,-0.0002937896139565908,-0.00109633434534606,-0.05811708345771614,-6.0113157934719326e-09,0.1812118783876595,-0.00019134968757826803,-0.022358833632229194,-1.3578331898675872e-07,663.2310112023132,656.8081044428685,663.1763970287371,656.8624923988447,0.0,0.0,0.0
19.292,7.000688154516237,-13.931332920496118,2.0086428886091654,-0.007767658108343325,-0.3947676690333166,46.02858479092211,6.9716851436272185,-13.960477190561457,1.9999999999999991,46.02855571340755,0.005240064604666717,-5.003839601962505e-05,-0.0003029986367966054,-0.0015502787258579811,-0.08992822350994327,-4.054081594605989e-07,0.18130305928854448,-5.0182023930947354e-05,-0.014609016593393545,-4.6310036845353545e-07,662.120657335431,657.9454032950791,662.1051308418287,657.9584548595767,0.0,0.0,0.0
19.344,7.000786073622074,-13.931231576037272,2.0086289915130267,-0.012708815299442662,-0.7040381294798802,46.02863748668538,6.966601680560052,-13.965584743297105,1.9999999999999991,46.02855571340755,0.0006397062572179674,3.61943018838623e-05,-0.0002746179956174764,-0.0016833173550001024,-0.11118862886665,-1.4611229216147838e-06,0.1810185495286674,8.531705484580282e-05,-0.002474549887180849,-1.1914444608829608e-06,660.3882811094543,659.7077918480087,660.4092700355233,659.6801779674115,0.0,0.0,0.0
19.396,7.000654490827888,-13.931359785034173,2.008614724639921,-0.01743520735344941,-1.04682489941794,46.02872034770428,6.962626606357675,-13.969578643032408,1.9999999999999991,46.02855571340755,-0.006755107127251826,0.00016434793503225937,-0.00016296117532680607,-0.0014796318959404038,-0.11514613203027871,-3.5000936604891446e-06,0.17992743731919572,0.00017086896816231526,0.010210058935970732,-2.202971310792154e-06,658.5755635067007,661.5321809660104,658.6182225941992,661.4775347999018,0.0,0.0,0.0
19.448,7.00018842955884,-13.931823436529942,2.008598452471843,-0.02109770338245241,-1.36852825081023,46.028813455571274,6.959620132737941,-13.972599348392317,1.9999999999999991,46.02855571340755,-0.016998748016052993,0.0003285554500231895,5.8092471117852594e-05,-0.0010341584133448053,-0.10078773835951534,-6.45812641975341e-06,0.17782532538887433,0.0001991513632689447,0.020673269109810828,-3.109476905141787e-06,657.0701679255974,663.0149947292039,657.1184943277392,662.9499514638227,0.0,0.0,0.0
19.5,6.999291635698625,-13.932720114383375,2.0085772174710246,-0.02318513228904786,-1.6190549705083688,46.02888553816172,6.957403888343081,-13.974826079958055,1.9999999999999991,46.02855571340755,-0.029671138372346147,0.0005167213292553256,0.00036499296187454563,-0.0004644446109251129,-0.07102512944063415,-9.750395479860962e-06,0.17503899293883313,0.00017814741844559371,0.027285036074687404,-3.454758906099848e-06,656.1028851439713,663.9252135292654,656.1443031094616,663.8652566042001,0.0,0.0,0.0
19.552,6.997892367455866,-13.934123056775617,2.008547115037883,-0.023516408408656844,-1.7616466407141689,46.02890986796244,6.955803889291012,-13.976433647817052,1.9999999999999991,46.02855571340755,-0.043960581296672144,0.0007136689131188474,0.0006794694249408607,0.00012501268124683745,-0.031217720562460895,-1.2455868941987165e-05,0.17246410246967891,0.00012124342285034278,0.029520714536141215,-3.0104142103915034e-06,655.7570062708252,664.200366567591,655.7833722835926,664.1577644501347,0.0,0.0,0.0
19.604,6.995954645959412,-13.936069597849324,2.0085043785701555,-0.022176081161239484,-1.777284763849551,46.02887597480156,6.954669023280611,-13.977573880898552,1.9999999999999991,46.02855571340755,-0.058807342916143715,0.0009039237878194457,0.0008951894056846186,0.000663302328875866,0.012433477832170728,-1.4487901643573943e-05,0.171268140638188,3.965952252939545e-05,0.02768971408922456,-1.5734910357738307e-06,656.0052216768356,663.9040797606064,656.0122025182725,663.8885173632488,0.0,0.0,0.0
19.656,6.993483627441344,-13.938555530378531,2.008447000539287,-0.019389612021169955,-1.6653120179219763,46.02879451250538,6.953876476245331,-13.978370175204924,1.9999999999999991,46.02855571340755,-0.07306799898932226,0.0010735402567261395,0.0009255155381963948,0.0010916229271730284,0.05398878563459003,-1.332079510010812e-05,0.17236854178283942,-5.278203821131044e-05,0.022693350275769866,-2.8298678100652384e-07,656.7372018050205,663.1864169267815,656.7213050787118,663.2005987753786,0.0,0.0,0.0
19.708000000000002,6.990525056537268,-13.94153549190734,2.008376188857227,-0.015632409651847222,-1.4406457870725125,46.028690044951716,6.953330729028274,-13.97891850222825,1.9999999999999991,46.02855571340755,-0.08567006107155903,0.0012117264064689655,0.00074111154793386,0.0013554763525914846,0.08875799296861601,-1.1104376933009677e-05,0.1760158684887863,-0.0001301212981057646,0.015666448984641382,1.123830696639305e-06,657.7971623365663,662.2223974244122,657.763097046666,662.2624370525516,0.0,0.0,0.0
19.76,6.987159757968293,-13.944928366813423,2.0082969862588174,-0.011326109730071136,-1.1293558946245847,46.02858956515748,6.952959829873602,-13.979291154302713,1.9999999999999991,46.02855571340755,-0.0957334181859555,0.0013120294320922868,0.0003835019203607613,0.001488183306719703,0.11367013452947623,-7.87642236674203e-06,0.1816403515414074,-0.00019837893840481667,0.007758959117899915,2.0943700554061092e-06,659.0190667166212,661.1722776855187,658.9682842939409,661.2344701022186,0.0,0.0,0.0
19.812,6.983494722412229,-13.948626234388007,2.008217749376223,-0.006841370698927132,-0.7637681640099393,46.028514539807766,6.952710910050081,-13.979541250320292,1.9999999999999991,46.02855571340755,-0.10264919033884931,0.0013716100973793686,-5.0612954054634166e-05,0.0015009537694781888,0.1272933863476421,-4.426854255315998e-06,0.18802271453736086,-0.00025362589779057756,-2.2350724197539584e-06,2.4482983408279788e-06,660.2390744957171,660.1662185287017,660.1736338703895,660.245216236461,0.0,0.0,0.0
19.864,6.979652394058172,-13.952505223353349,2.008148514054069,-0.002509866964008185,-0.3776526480768767,46.02847552411052,6.952545904079077,-13.979707035821434,1.9999999999999991,46.02855571340755,-0.10611409593621839,0.001390832978910875,-0.00044531481835934225,0.0014089820870043033,0.12970976814015667,-1.4371638803399285e-06,0.1937002390944649,-0.00029172982204472576,-0.006828745550937411,2.2122490911274654e-06,661.3193905050992,659.2921641807324,661.2425714140344,659.3814758669903,0.0,0.0,0.0
19.916,6.975759648591756,-13.956436717842704,2.0080988369976653,0.0013956114289473875,-0.00248992385707258,46.028471671100625,6.952437875347485,-13.979815574804874,1.9999999999999991,46.02855571340755,-0.10612430249448764,0.0013728060671460512,-0.0007031062488122899,0.0012351424446879658,0.12213093999678315,6.335788366684084e-07,0.19740627464128127,-0.0003109625425984757,-0.01217479825880325,1.562918143629136e-06,662.1571279484436,658.6027838227668,662.0731523787732,658.6958761048164,0.0,0.0,0.0
19.968,6.971937655686513,-13.960297688161367,2.0080756648971976,0.004680646349350184,0.33544893381735497,46.02849362926706,6.9523680515989295,-13.979885728281946,1.9999999999999991,46.02855571340755,-0.10293846074930173,0.0013227315566272195,-0.000773621526183296,0.0010074150373670313,0.1066233102384851,1.6465684358646493e-06,0.19842115611136238,-0.00031238398502318157,-0.015776836098807527,7.274225188938558e-07,662.6976421230513,658.1176868899665,662.611026970603,658.2089335402887,0.0,0.0,0.0
20.02,6.968293538002422,-13.963979212849832,2.0080818745609936,0.007234488660951055,0.61687760549936,46.02852821330456,6.952323531136516,-13.979930458935423,1.9999999999999991,46.02855571340755,-0.0970186879481519,0.0012471362313879269,-0.0006614410881124809,0.0007534113840562187,0.08565909263203945,1.7369240488186375e-06,0.19669611669049955,-0.0002986359052483584,-0.017599109556969444,-4.285708540001532e-08,662.9305512776591,657.8355917208434,662.8457415445707,657.9208091531501,0.0,0.0,0.0
20.072,6.964914390693951,-13.967392610943408,2.0081158463938316,0.009022953679847111,0.830080254021648,46.0285627919028,6.952295561721111,-13.979958560367526,1.9999999999999991,46.02855571340755,-0.0889616114455443,0.001153121541885308,-0.0004170014653195322,0.0004974510376465256,0.06178093795418109,1.1437241602570787e-06,0.19277778675570253,-0.00027319293348978987,-0.017784175356865592,-5.635154639751476e-07,662.8829218446197,657.7419725869654,662.8038865750054,657.8184843467736,0.0,0.0,0.0
20.124,6.961863842677772,-13.97047299173925,2.008172024873383,0.010074414923166885,0.9706318717866349,46.02858827156534,6.95227827990316,-13.979975923732955,1.9999999999999991,46.02855571340755,-0.07942931369861428,0.001047720179532749,-0.00011563095865302411,0.0002583808201185509,0.03735038287592825,3.7664038600307085e-07,0.18758419692314615,-0.00023953400040987264,-0.016602630290243274,-8.292095182134166e-07,662.6090174873431,657.8133022898785,662.5387671032537,657.8794494492964,0.0,0.0,0.0
20.176000000000002,6.959181046782289,-13.973180329634912,2.0082422187968003,0.010468222549618846,1.040537164163236,46.028600562732294,6.952267805728347,-13.979986447315385,1.9999999999999991,46.02855571340755,-0.06908667121316012,0.0009373932819509648,0.00016535869621178587,5.141026020764163e-05,0.014361964772440852,-3.808854776376607e-07,0.18213786038790886,-0.00020186747367102986,-0.01440153068046637,-8.16899658887522e-07,662.1781115200416,658.0191640484442,662.1185439296266,658.0745646332292,0.0,0.0,0.0
20.228,6.956881773926499,-13.975498391009493,2.0083172307068278,0.01030693626250096,1.0469009770213056,46.02859934652917,6.9522616035826434,-13.979992678704951,1.9999999999999991,46.02855571340755,-0.05854956899878847,0.0008276615119609818,0.0003660044160182506,-0.00012450109225358602,-0.00565998878480785,-1.103672622988942e-06,0.17732339058247923,-0.00015948825680428278,-0.011558281072811996,-5.299141655283264e-07,661.6622352565789,658.3245629295786,661.6154558560338,658.3686336713921,0.0,0.0,0.0
20.28,6.954961132381349,-13.977431989270992,2.0083884058987205,0.00968717743547441,1.0003472571977698,46.02858797062004,6.952258037679055,-13.97999626141308,1.9999999999999991,46.02855571340755,-0.048346356626659474,0.0007231201325462804,0.00045456028295600884,-0.00025297267125202127,-0.021801279315945724,-1.1102812940212858e-06,0.17373087384031882,-0.00011852734341453461,-0.008400458381029955,-2.868040164550054e-07,661.1230766683199,658.6962332652038,661.0885793397288,658.7292641952988,0.0,0.0,0.0
20.332,6.953397361032642,-13.979003132811552,2.0084488259630073,0.008800402020341738,0.9134829116988852,46.02857086708739,6.952256067137031,-13.97999824123438,1.9999999999999991,46.02855571340755,-0.03889454451938366,0.0006270523741608369,0.00042736694596935806,-0.0003224175641115126,-0.03353082558624641,-9.574733893552796e-07,0.1716187791514271,-8.830656387895868e-05,-0.005256826696239862,2.1498213385114935e-08,660.616150049213,659.0933301550974,660.591079656316,659.1185767556825,0.0,0.0,0.0
20.384,6.9521561976620045,-13.980246616930271,2.008493913289675,0.00776749825711853,0.7996117329773469,46.02855221400257,6.952255039505515,-13.979999273699388,1.9999999999999991,46.02855571340755,-0.030489432935821063,0.0005411831192902109,0.0003036853018903514,-0.0003592096196528038,-0.040815201036005395,-5.6469220952408e-07,0.1709452671419659,-6.167746078795757e-05,-0.002378003728013507,2.7548692756157147e-07,660.1775488740589,659.4824615601597,660.1607482053738,659.5008066005507,0.0,0.0,0.0
20.436,6.951195359121868,-13.981205466671991,2.008521590019373,0.006672441023904821,0.6713963416855379,46.028535295844264,6.9522545526807935,-13.979999762809133,1.9999999999999991,46.02855571340755,-0.02330495144048344,0.00046630789244973185,0.00011713574893242845,-0.0003696927187081143,-0.04402405849175191,-3.745868263804508e-08,0.17144717290601463,-3.832370306651315e-05,7.59233636859237e-05,4.4503227667148744e-07,659.8261505714779,659.8368630316746,659.8164645183363,659.8490144097091,0.0,0.0,0.0
20.488,6.950468722675064,-13.981926660664849,2.008531981392011,0.005589214616580041,0.5399994425937636,46.02852213318514,6.952254363696376,-13.979999952676136,1.9999999999999991,46.02855571340755,-0.01740484555643845,0.00040250773117441645,-9.540813830873651e-05,-0.0003563366160490255,-0.0437253543674632,5.269151069231987e-07,0.17275865901107731,-1.960056341287922e-05,0.0019947114205700143,5.207670722932412e-07,659.5710531509835,660.1337610563363,659.5669097822766,660.1407848127449,0.0,0.0,0.0
20.54,6.949929955054159,-13.982457418399234,2.0085268535004963,0.004580425200413043,0.41455804143926267,46.02851350683369,6.952254329223597,-13.979999987304836,1.9999999999999991,46.02855571340755,-0.012759636245757457,0.0003492407020040609,-0.00030184765918906786,-0.0003244429035638034,-0.04068988640630948,1.043622206324129e-06,0.17450813580988264,-5.868949399311899e-06,0.0033498717912300805,5.179889610112801e-07,659.4087212538992,660.3613785415457,659.4084839381495,660.3644831037975,0.0,0.0,0.0
20.592,6.949535429192238,-13.982842217244889,2.0085089784439485,0.0036904891798978687,0.30180717687693254,46.028509251556635,6.952254367260157,-13.979999949083929,1.9999999999999991,46.02855571340755,-0.009268083735754924,0.0003054851985008608,-0.0004781313912925279,-0.00027992026226114023,-0.03570419632535464,1.4631596948602335e-06,0.1763707624530783,3.033216839354628e-06,0.004152213179519118,4.570383487310185e-07,659.3304036972617,660.5141056188617,659.3325356040904,660.5145071165211,0.0,0.0,0.0
20.644000000000002,6.949246335774429,-13.983120631925166,2.0084815854557085,0.0029462268159127524,0.2061739230236982,46.028508635764055,6.952254432801976,-13.979999883229393,1.9999999999999991,46.02855571340755,-0.006779380792074098,0.00026990655431007206,-0.0006108682383400382,-0.0002289659999702716,-0.02955071238434189,1.763636480833042e-06,0.178111732482803,7.763566547292451e-06,0.004455622818295795,3.619227864849372e-07,659.3227730584173,660.5941847972359,659.325990046448,660.5929768967811,0.0,0.0,0.0
20.696,6.949030015583237,-13.983325969468831,2.0084478379448307,0.0023562871506115257,0.12981990955569706,46.02851069981399,6.952254502628515,-13.979999813070958,1.9999999999999991,46.02855571340755,-0.0051145413897115384,0.00024102353672854972,-0.0006966257550945128,-0.00017723700778402262,-0.022952817351372046,1.9404984445416494e-06,0.17959614875205013,9.31739987068287e-06,0.004350733123869092,2.5439685627056305e-07,659.3692828232756,660.6111991984849,659.3726445136515,660.6092516294784,0.0,0.0,0.0
20.748,6.9488605521680675,-13.98348465894322,2.008410560295814,0.0019154654382834376,0.07299054004667445,46.028514506118135,6.952254565950607,-13.979999749448416,1.9999999999999991,46.02855571340755,-0.004085874524406978,0.0002173584172079589,-0.0007382022750131452,-0.000128791787467835,-0.016500054366147748,2.00776673421261e-06,0.180761132818882,8.565163486989744e-06,0.003937433240686709,1.493072468081802e-07,659.453702920869,660.5776374250935,659.4565584526489,660.5756130395636,0.0,0.0,0.0
20.8,6.948718739423479,-13.983616279834132,2.0083720628506185,0.0016087534624808712,0.03442280727325652,46.028519337155984,6.952254618777174,-13.979999696371456,1.9999999999999991,46.02855571340755,-0.003512663714059268,0.00019754476863099185,-0.0007431815766466156,-8.624738232209843e-05,-0.010639555349349381,2.0504111814025407e-06,0.1816072475778326,6.240357221549187e-06,0.003318227928496095,3.1265110757651276e-08,659.5610008600698,660.5078786781246,659.5628661641074,660.5061890891432,0.0,0.0,0.0
20.852,6.948591566241743,-13.983734084701705,2.0083340872482047,0.0014156917227915414,0.011781755116682002,46.028524557634576,6.952254660605024,-13.97999965434548,1.9999999999999991,46.02855571340755,-0.0032328052507960532,0.00018039429105552106,-0.0007205875072279883,-5.160056934806958e-05,-0.005675115696653336,1.9012845610542174e-06,0.18216737167339495,3.138749777488793e-06,0.002590664886020668,-2.5659266859671907e-08,659.677563555907,660.4163188691032,659.6783869216375,660.4153543848436,0.0,0.0,0.0
20.904,6.948471364672465,-13.983845866754807,2.008297851227171,0.0013095199078398314,0.0020786568931619696,46.028529671718125,6.952254692534671,-13.97999962226467,1.9999999999999991,46.02855571340755,-0.003110451171270017,0.0001649468007416902,-0.0006793811401180053,-2.7880787501206372e-06,-0.00020589762763479383,1.769399180881183e-07,0.18249050627001703,-8.797367214654301e-06,0.0012373908453210364,4.937065901860389e-07,659.8784945027254,660.2284134370597,659.8773558204707,660.2322852224817,0.0,0.0,0.0
20.956,6.948354751187948,-13.983955038405352,2.0082641062120907,0.0012529215682327444,0.0015548267571608655,46.02853625177991,6.952254716243793,-13.979999598443342,1.9999999999999991,46.02855571340755,-0.0030408093803396315,0.00015050970203288712,-0.000627401122529025,0.0,0.0,0.0,0.18262952859656958,-5.335485237492031e-06,0.001551800103804191,4.18620325925971e-07,659.8363988029475,660.2768493360167,659.8360383561554,660.2795273231745,0.0,0.0,0.0
21.008,6.9482413856510234,-13.984061891600728,2.0082332421980573,0.0012086107736751998,0.0078072987045310505,46.0285436056986,6.952254733463593,-13.979999581142074,1.9999999999999991,46.02855571340755,-0.0029532710506986184,0.0001368020019088018,-0.0005707047263921302,-1.165901797720117e-05,0.0029599964705105336,1.988165976646122e-06,0.18263136460025495,2.803408650729674e-06,0.0004893123166811793,-4.6218759454647674e-07,659.9878403899447,660.128000213383,659.9873588518324,660.1259220623915,0.0,0.0,0.0
21.06,6.948133110437808,-13.984164469145181,2.008205364300655,0.0012041644799983247,0.018626961814015172,46.028548508443976,6.952254745740699,-13.9799995688069,1.9999999999999991,46.02855571340755,-0.0027932914014113064,0.00012363035014334263,-0.0005140180061622849,5.3229203793873395e-06,0.003913006992227904,1.396107865210808e-06,0.18253897678896688,-2.317106758100754e-06,-7.765874951437633e-05,-3.5239625290948295e-07,660.0671286278912,660.0443505731548,660.065492827443,660.04403461893,0.0,0.0,0.0
21.112000000000002,6.948033176037327,-13.984259379346602,2.008180374814783,0.0012380127913745494,0.030460145246434343,46.02855233713008,6.952254754354015,-13.979999560152857,1.9999999999999991,46.02855571340755,-0.0025354499206867906,0.00011059036371888317,-0.0004603866147408414,1.3725928528223602e-05,0.0039173150786639245,1.075248003680484e-06,0.18238530792220592,-6.6856255974498766e-06,-0.0004321999032420546,-3.1754745727709854e-07,660.1148136076442,659.9898132518289,660.1120303256632,659.9908381161578,0.0,0.0,0.0
21.164,6.947945154712675,-13.984342921332516,2.008158041035743,0.0012763161926508334,0.041254785224942914,46.02855526605768,6.952254760310129,-13.979999554168584,1.9999999999999991,46.02855571340755,-0.002180580814001653,9.745783978838568e-05,-0.0004118047232837883,1.1155557734516944e-05,0.003365952664802259,7.837470079689363e-07,0.18219729949931404,-8.12569765687583e-06,-0.0006436694463498261,-2.743476117710411e-07,660.1409444415514,659.9553034561364,660.1378707895992,659.9568582358617,0.0,0.0,0.0
21.216,6.947872246993734,-13.984411783340148,2.0081380477747386,0.0012960125770159528,0.049772297697579584,46.02855741965907,6.952254764374065,-13.97999955008544,1.9999999999999991,46.02855571340755,-0.0017444393754267307,8.428776830453992e-05,-0.00036943922312747364,3.025281527700653e-06,0.0024830962831611926,5.680580921435337e-07,0.18199641716356796,-7.679513342169175e-06,-0.0007373812099446288,-2.4332037400121255e-07,660.1497706393867,659.937564792271,660.1469100010746,659.9390784514692,0.0,0.0,0.0
21.268,6.94781687937297,-13.984463444304154,2.0081200418652188,0.00128726505265423,0.05545457269477626,46.02855901241174,6.952254767111932,-13.97999954733464,1.9999999999999991,46.02855571340755,-0.0012513086230974174,7.128646967908033e-05,-0.00033372978670659906,-7.180768901221416e-06,0.0015860250913501896,4.864516757250126e-07,0.1817982095016797,-6.0721828215877844e-06,-0.000794563500041355,-2.4751502857157254e-07,660.153329256441,659.9252932193824,660.1509147395976,659.9263374121927,0.0,0.0,0.0
21.32,6.947780555038469,-13.984496321959382,2.0081036648988246,0.0012481078546727783,0.05865172589000081,46.028560056699604,6.952254768933721,-13.979999545504239,1.9999999999999991,46.02855571340755,-0.0007257339517432984,5.871369826089829e-05,-0.0003046725655274916,0.0,0.0,0.0,0.1816140490621846,-1.0449361123726438e-05,-0.0005523684177781291,-9.259944860402232e-08,660.1151912332627,659.9548891518895,660.111958982014,659.957609226766,0.0,0.0,0.0
21.372,6.947764048868893,-13.984509634938242,2.00808880254936,0.0011645755607183933,0.058976989509342895,46.02856085426884,6.952254770131041,-13.979999544301267,1.9999999999999991,46.02855571340755,-0.00025482442183844553,5.67510806531589e-05,-0.00034086744905536577,0.0,0.0,0.0,0.18202397447637164,-1.159763495281504e-06,-0.0007892389508347684,-1.0960477092374003e-07,660.1567016406557,659.9315829316756,660.1560678956719,659.9316097233823,0.0,0.0,0.0
21.424,6.947766432631882,-13.984504125090963,2.0080749808183542,0.0010475151174563647,0.05630708096494,46.02856121238718,6.952254770908031,-13.979999543520611,1.9999999999999991,46.02855571340755,0.00031457014090966205,3.633752557952622e-05,-0.0002547927487572083,-3.6259235167127253e-05,-0.0013133969214392763,5.980476347751908e-08,0.18119846429234482,5.2602980179463825e-06,-0.0005279992289127214,-1.3911681796879535e-07,660.1003292677607,659.9514404015371,660.1014421308333,659.9495566521722,0.0,0.0,0.0
21.476,6.947787545874663,-13.984479914777179,2.008061840729529,0.0009555233645144596,0.050767342774595416,46.02856111964503,6.952254771405575,-13.97999954302072,1.9999999999999991,46.02855571340755,0.0008713439616960953,2.933464634102323e-05,-0.0002682647040635856,-2.9779519387627085e-05,-0.0023329784806269075,-3.466227093247239e-08,0.1813310287155508,6.0204389398858515e-06,-0.0002877742684894751,-1.027657726415694e-07,660.0688695267158,659.9886194745343,660.0702995995035,659.9866199887964,0.0,0.0,0.0
21.528,6.947824487479602,-13.984440023102676,2.0080493213697483,0.0008831692845215571,0.04352326583878598,46.028560800566794,6.952254771719629,-13.979999542705182,1.9999999999999991,46.02855571340755,0.0012047367370027165,1.791705795925061e-05,-0.00023775651983803668,-2.34277144220728e-05,-0.0025950859846049566,-8.979241067300728e-08,0.18101170233389732,9.583772489786208e-07,-9.235755289295575e-05,-7.590068743427378e-08,660.0346160859252,660.0085831903758,660.0346788538573,660.0081000076144,0.0,0.0,0.0
21.580000000000002,6.947874881217964,-13.984386800840998,2.0080369732820653,0.0008093336442969811,0.035412724734126655,46.02856034296704,6.952254771914717,-13.979999542509171,1.9999999999999991,46.02855571340755,0.001537882398224629,1.00458096799243e-05,-0.00023602053142260217,-2.6013278045404703e-05,-0.0027721495909341707,-1.2678556065867413e-07,0.1809705647585915,2.045072126625495e-06,7.412659273868809e-05,-5.269744073639823e-08,660.0097761215035,660.0314718524829,660.0102126775706,660.0307434304211,0.0,0.0,0.0
21.632,6.94793588864854,-13.984323129706063,2.008024652427342,0.000727103008324292,0.02721647718703178,46.02855981581056,6.9522547720337,-13.979999542389628,1.9999999999999991,46.02855571340755,0.001792446843968351,3.0039124332166687e-06,-0.00023618653891444575,-2.8420102058550788e-05,-0.0027081764921872416,-1.4703645082377396e-07,0.1809479077018558,3.568306253267322e-06,0.00019789539284912803,-3.4081022064853454e-08,659.991378760442,660.0487610678242,659.9923007645967,660.0476503797348,0.0,0.0,0.0
21.684,6.948004688477097,-13.984251869781941,2.008012299273989,0.0006414669356359576,0.019546241559247685,46.02855927405123,6.9522547721047,-13.979999542318291,1.9999999999999991,46.02855571340755,0.001971408736313776,-3.163936879762109e-06,-0.00023728612448023611,-2.8683457583635628e-05,-0.002463686561844861,-1.4855836640875304e-07,0.1809361159239772,4.66148474984432e-06,0.0002790448014426143,-2.1989294538889677e-08,659.9793696559817,660.0601769116294,659.980636551713,660.0587883796406,0.0,0.0,0.0
21.736,6.94807867256074,-13.984175659141306,2.007999883479216,0.0005583101591521932,0.012831351122853727,46.02855874767726,6.952254772145927,-13.979999542276872,1.9999999999999991,46.02855571340755,0.0020824497340127006,-8.465640849664818e-06,-0.00023885121561172234,-2.718592415491604e-05,-0.0020994055291372526,-1.5293829196803943e-07,0.1809315614759892,5.2744390115065045e-06,0.0003209123709766777,-9.157332767138117e-09,659.9731898428695,660.0660967237462,659.9746668882484,660.0645691650095,0.0,0.0,0.0
21.788,6.948155579763115,-13.98409677883944,2.0079873906085335,0.0004748871098687356,0.007014177395280875,46.02855816113041,6.95225477216902,-13.979999542253665,1.9999999999999991,46.02855571340755,0.0021360769141271488,-1.2950715398375932e-05,-0.0002405941417838956,-9.751418544229232e-06,-0.0006032000406589576,-6.485203490639817e-08,0.18093188154077508,9.508041577648521e-08,-6.787702803451296e-05,-2.8799712722246946e-08,660.0293264017912,660.0100202592573,660.0292737249132,660.009913417062,0.0,0.0,0.0
21.84,6.948233432403338,-13.984017215209352,2.007974817087719,0.00036997656221251444,0.0010523073951075326,46.028557579901,6.952254772181315,-13.979999542241316,1.9999999999999991,46.02855571340755,0.0021364462235603696,-1.652589027063623e-05,-0.00024235794036360698,0.0,0.0,0.0,0.18093565093964215,-6.980103696356227e-07,-6.162244057838137e-05,-3.999456502268914e-08,660.0286452086614,660.0108946515446,660.028335637826,660.0109827024211,0.0,0.0,0.0
21.892,6.948310317263242,-13.983938878537474,2.0079621667701995,0.00026420240038868716,-0.004200955213110865,46.02855693064116,6.9522547721873496,-13.979999542235252,1.9999999999999991,46.02855571340755,0.002087147024362106,-1.9122612098590364e-05,-0.00024397338820056832,0.0,0.0,0.0,0.18094108543781448,2.929854463697603e-06,0.0001919054531506203,-2.6212087052150314e-08,659.9921243579586,660.0476187369477,659.9928862987172,660.0467116796224,0.0,0.0,0.0
21.944,6.9483845327439315,-13.983863457747105,2.0079494479292737,0.00014466832638003154,-0.009008280474495423,46.028556246086744,6.95225477218989,-13.979999542232697,1.9999999999999991,46.02855571340755,0.0019935538026699343,-2.0680783725706842e-05,-0.0002453784586853686,0.0,0.0,0.0,0.18094731310568915,7.93802660446868e-06,0.0004713629032373575,-1.1609556585199698e-08,659.9517306010234,660.0882484787181,659.9539596406364,660.0859555950561,0.0,0.0,0.0
21.996,6.948454581750273,-13.983792424348643,2.0079366709850763,3.790608870547816e-05,-0.01238256466446431,46.02855559277287,6.952254772190579,-13.979999542232006,1.9999999999999991,46.02855571340755,0.001863406275763323,-2.1173462837494068e-05,-0.00024650595940591246,0.0,0.0,0.0,0.18095334178801187,1.3278086849541894e-05,0.0007297445718726788,2.3156407091278494e-09,659.9142860291792,660.1259189569976,659.9180749966665,660.122144006567,0.0,0.0,0.0
22.048000000000002,6.948519454103124,-13.98372675525691,2.0079238468840006,-1.894948846413383e-05,-0.013161981078927963,46.02855500183726,6.952254772190368,-13.979999542232218,1.9999999999999991,46.02855571340755,0.0017140975714122152,-2.0859727001296557e-05,-0.0002473297697277995,0.0,0.0,0.0,0.18095856590220863,1.7153660087977638e-05,0.0009020740777173229,1.4951847844482565e-08,659.8892868041046,660.1511076614845,659.8942149965625,660.1462641874848,0.0,0.0,0.0
22.1,6.948578990670906,-13.983666578986762,2.007910985777999,6.87707815609255e-06,-0.010426447241810228,46.02855449759109,6.952254772189782,-13.97999954223281,1.9999999999999991,46.02855571340755,0.001572336350902449,-2.0316315358169222e-05,-0.00024787009174278847,0.0,0.0,0.0,0.1809628604971582,1.762039057021849e-05,0.0009231537453802624,2.572446635739933e-08,659.8862946896331,660.1542525114497,659.8913857077812,660.1493059773828,0.0,0.0,0.0
22.152,6.948634165197038,-13.983610903945555,2.0078980963299764,0.00012525955498577775,-0.003962195557807063,46.02855415385165,6.952254772189103,-13.979999542233495,1.9999999999999991,46.02855571340755,0.0014707619797246366,-2.0345269732314273e-05,-0.0002481780585611688,4.803492106498561e-05,0.0025323271057668033,-7.654326281556079e-08,0.18096645220078528,-5.014394682179056e-06,-0.0002236626527507312,6.102965336814638e-08,660.0528790954739,659.987745714798,660.0516199396986,659.9893430442323,0.0,0.0,0.0
22.204,6.948687071222223,-13.983557633546091,2.0078851856034095,0.0002529814518148717,0.0034944873344979334,46.0285540446876,6.9522547721884616,-13.979999542234136,1.9999999999999991,46.02855571340755,0.0014344890034401665,-2.154066956494963e-05,-0.0002483453083302827,3.6150663415348445e-05,0.002370395869606044,-2.888378014139479e-08,0.1809700170296815,-6.208572628176688e-06,-0.0004360230869365643,4.6085174863753075e-08,660.0833894342557,659.9574299682461,660.0817488504395,659.9593261449371,0.0,0.0,0.0
22.256,6.948740112219744,-13.983504356944463,2.007872260150679,0.00032484600167387735,0.009531891727880559,46.02855404326816,6.952254772187916,-13.979999542234685,1.9999999999999991,46.02855571340755,0.0014604814208977427,-2.3656335565761113e-05,-0.00024841894761936674,0.0,0.0,0.0,0.18097380898990456,3.32716454416831e-06,0.0002024037493707029,3.5640831049404186e-08,659.9912156386295,660.0498133246703,659.9922620551037,660.0489644011365,0.0,0.0,0.0
22.308,6.948795257310164,-13.98344907984532,2.0078593265456317,0.00036535185916081414,0.014859584978879521,46.028554122192354,6.9522547721874774,-13.979999542235124,1.9999999999999991,46.02855571340755,0.0015352554840439617,-2.622275975058293e-05,-0.00024836896275688046,0.0,0.0,0.0,0.18097732240961872,-3.429082165933968e-07,-9.320029573200186e-05,3.399807146297608e-08,660.0339234486944,660.0072798370561,660.0339199348707,660.0074716659068,0.0,0.0,0.0
22.36,6.948854188815691,-13.983390082428341,2.007846391370295,0.000387197211886297,0.020039617204659167,46.02855428631894,6.95225477218714,-13.979999542235463,1.9999999999999991,46.02855571340755,0.0016556685498133026,-2.9045416224835655e-05,-0.00024817057279786565,0.0,0.0,0.0,0.18098010248299523,-3.7196941977363276e-06,-0.00043701242816730556,3.05411513882838e-08,660.0834404113823,659.9579081041994,660.0824656166966,659.9590522623209,0.0,0.0,0.0
22.412,6.948918463398988,-13.983325760798925,2.007833460205793,0.0003686413866790049,0.023855155578145597,46.028554512217035,6.952254772186888,-13.979999542235719,1.9999999999999991,46.02855571340755,0.0018158645554850416,-3.188588852655207e-05,-0.0002478738773048576,0.0,0.0,0.0,0.18098246282634534,-5.636438797334505e-06,-0.0007739732419845446,2.576219201915495e-08,660.1317620744362,659.9097083871203,660.1302282689365,659.9113854223917,0.0,0.0,0.0
22.464,6.948989161676219,-13.98325497800532,2.007820537758401,0.00029032422476412583,0.024831541650710175,46.028554771805595,6.952254772186702,-13.979999542235904,1.9999999999999991,46.02855571340755,0.001997959361373402,-3.431346892546413e-05,-0.0002475518434628285,0.0,0.0,0.0,0.1809849698258541,-4.817424330639332e-06,-0.0010251993486021067,2.0104330597467833e-08,660.1674821797477,659.8741058817245,660.1661660174669,659.8755340064273,0.0,0.0,0.0
22.516000000000002,6.949066431634587,-13.983177525515,2.0078076286837505,0.00014764293236916047,0.021703835203058387,46.02855504916374,6.95225477218657,-13.979999542236037,1.9999999999999991,46.02855571340755,0.002171851323094138,-3.577864509430593e-05,-0.00024728392423657545,0.0,0.0,0.0,0.18098825505475788,-4.775485849908481e-07,-0.00110723689935373,1.4346250150996247e-08,660.1786182341642,659.863111596174,660.1785219696202,659.8632873877857,0.0,0.0,0.0
22.568,6.949149112378684,-13.983094511381726,2.0077947384330654,-2.177567678734464e-05,0.01427091926193759,46.02855528711968,6.952254772186476,-13.979999542236133,1.9999999999999991,46.02855571340755,0.002298947621824637,-3.579053819002973e-05,-0.000247111882027014,-4.83581376673459e-05,-0.0028495273148530288,6.51526905565361e-08,0.18099255351693616,2.4906354079024156e-05,0.0001239814292559524,-1.4627086288072605e-08,659.999801732475,660.0422089377356,660.0068554054467,660.0350746267407,0.0,0.0,0.0
22.62,6.949234781167052,-13.98300834137419,2.0077818736209285,-9.307061707195305e-05,0.005634808426489155,46.02855546432919,6.952254772186411,-13.979999542236197,1.9999999999999991,46.02855571340755,0.0023513587268514983,-3.4586451713486396e-05,-0.00024690804347363984,-8.398492502521382e-06,-0.0028380035019891837,5.08986269462426e-08,0.1809963957849176,1.3161572037789277e-05,0.0003671818270150061,-1.3217167421257584e-08,659.9669120253188,660.0752439411854,659.9706244812155,660.0714588710917,0.0,0.0,0.0
