Time_s,X,Y,Z,Roll_deg,Pitch_deg,Yaw_deg,Ref_X,Ref_Y,Ref_Z,Ref_Yaw,vx,vy,vz,p,q,r,T_pert,tau_x,tau_y,tau_z,RPM_0,RPM_1,RPM_2,RPM_3,Wind_X,Wind_Y,Wind_Z
0.052000000000000046,1.9999999999940121,-16.499999999997026,0.010054993663399098,-6.238113307306347e-09,3.090976945400162e-09,89.99999999899832,2.0,-16.5,0.014464867854085735,89.99999999971945,5.6082702834389315e-11,1.1165366492236649e-10,0.0009999500470064815,0.0,0.0,0.0,0.13171123649695948,3.9059770237222725e-10,-1.9426964072730819e-10,1.49713226172809e-11,658.9282768846139,658.9282769406261,658.9282770375819,658.9282768707197,0.0,0.0,0.0
0.10400000000000009,1.9999999999922116,-16.49999999999612,0.010106992931239362,-8.113103672324862e-09,4.036567677609916e-09,89.99999999928933,2.0,-16.5,0.027872386655924238,89.99999999971945,4.903679361286555e-12,9.873268511565662e-12,0.0009999974854461163,0.0,0.0,0.0,0.5603956235007852,3.7996346951963704e-10,-1.8904546205985783e-10,8.929335880407745e-12,668.3735388313472,668.3735388850462,668.3735389626387,668.373538802595,0.0,0.0,0.0
0.15600000000000014,1.9999999838348836,-16.499999973191297,0.010352662800990193,-0.0006137207269601324,0.00030749818216289936,90.00022038977121,2.0,-16.5,0.04988052804296929,89.99999999971945,9.610407879968697e-07,1.1375673144591142e-06,0.010603936073269838,0.0,0.0,0.0,1.1644506247680102,2.8122843615865566e-05,-1.4492926547739301e-05,-4.575397270636951e-06,681.4648555322914,681.468615524088,681.4603410534047,681.4485847212737,0.0,0.0,0.0
0.20799999999999996,1.9999996678260419,-16.499999793947588,0.011826098268461727,-0.0015754806081716964,0.0008089613187109677,90.00057279273838,2.0,-16.5,0.07930197671112212,89.99999999971945,5.180791587872094e-06,9.508150126115037e-06,0.04314202133817861,0.0,0.0,0.0,1.7414411981853357,7.892838951705269e-05,-4.0871143787524444e-05,-1.1891442441319582e-05,693.741307787922,693.751620548073,693.7313640489176,693.6988992808886,0.0,0.0,0.0
0.26,1.9999985875163189,-16.499999219646813,0.0156095543335587,-0.0021371293140993786,0.0012371574982169232,90.00089180425474,2.0,-16.5,0.11471958995594747,89.99999999971945,1.3214027965922292e-05,2.50199342313352e-05,0.0953348017253641,0.0,0.0,0.0,2.243402393581444,0.00012019476484671795,-6.831367919853732e-05,-1.8514265974000317e-05,704.2486601525841,704.2625091106859,704.2326906534508,704.1823674255731,0.0,0.0,0.0
0.31200000000000006,1.9999964565875552,-16.49999802552378,0.02264679272663494,-0.0019060663883702707,0.0015011452940065988,90.00113862558021,2.0,-16.5,0.15478502333384972,89.99999999971945,2.4359763242362275e-05,4.3615886455095155e-05,0.16445945488476266,0.0,0.0,0.0,2.623547225080464,0.0001312941515693488,-9.254182686022415e-05,-2.3638388455087737e-05,712.1061732945656,712.1164035914147,712.0801569055528,712.0210610019304,0.0,0.0,0.0
0.3640000000000001,1.9999933870925382,-16.49999607330369,0.03369553114473278,-0.0008550136078138025,0.0014138126825892195,90.0013038821862,2.0,-16.5,0.19834257833568275,89.99999999971945,3.734092776849942e-05,6.0123455236883096e-05,0.24640889394424068,0.0,0.0,0.0,2.8608611593509816,0.0001059387019122298,-0.00010434866242568955,-2.7069190426075093e-05,716.9718374351389,716.9722543467897,716.930601967314,716.8754588762387,0.0,0.0,0.0
0.41600000000000015,1.9999899400872607,-16.499993411858505,0.049273597773623064,0.0009243978364542783,0.0008915430852282827,90.00138515508152,2.0,-16.5,0.2444608221996299,89.99999999971945,5.0092012100521723e-05,6.95828866916858e-05,0.33634870853307314,0.0,0.0,0.0,2.9563829199800113,4.250157077161595e-05,-9.801453192071443e-05,-2.875645253391286e-05,718.9269312540032,718.9124150731204,718.8649284169414,718.8281808791008,0.0,0.0,0.0
0.4680000000000002,1.9999870743511194,-16.49999033056965,0.0696479719686676,0.003097705042001465,-7.33882507401386e-05,90.00138359310114,2.0,-16.5,0.2924195984772765,89.99999999971945,6.015667390379013e-05,6.702309238933674e-05,0.429511036627126,0.0,0.0,0.0,2.9253298532045875,-5.065096069338876e-05,-7.037583854757601e-05,-2.8724025113973307e-05,718.3035950405983,718.2719196901153,718.2172388923863,718.2120759366226,0.0,0.0,0.0
0.5200000000000002,1.9999859494564893,-16.499987360016124,0.09484887663821932,0.00511034403461336,-0.001401601700341431,90.00130484562938,2.0,-16.5,0.34167886329040315,89.99999999971945,6.472802488647884e-05,4.793432299550815e-05,0.521566520928227,0.0,0.0,0.0,2.791986291591197,-0.0001553730034033727,-2.1355623287154763e-05,-2.7089191942470894e-05,715.589237669042,715.5428080054082,715.4792152956134,715.5144273821518,0.0,0.0,0.0
0.5720000000000001,1.9999876032297088,-16.49998521617249,0.12470599796923011,0.006276525357771251,-0.0029196927314327904,90.00115855844271,2.0,-16.5,0.39184322955345763,89.99999999971945,6.072514377501013e-05,9.271415323587706e-06,0.608990902997018,0.0,0.0,0.0,2.5837966592405817,-0.00024614576409789403,4.556299099465155e-05,-2.40522037062187e-05,711.3216321408527,711.2686191698373,711.1947611705804,711.2718649593589,0.0,0.0,0.0
0.6240000000000001,1.9999925740866626,-16.499984690844677,0.15889476644647468,0.005932368650418017,-0.004368364337255007,90.00095760243292,2.0,-16.5,0.44262887758017755,89.99999999971945,4.510287334153567e-05,-4.878064616088057e-05,0.6892190516016795,0.0,0.0,0.0,2.3318380938235777,-0.00029442317841187667,0.00012307389525505297,-1.9880265947531588e-05,706.1139497454936,706.0683292628423,705.9840891639979,706.095252783078,0.0,0.0,0.0
0.6759999999999999,2.000000568040987,-16.49998650212783,0.19698983739917358,0.0036268777763766957,-0.005428139809913594,90.0007171711936,2.0,-16.5,0.49383549335215265,89.99999999971945,1.5481125296040314e-05,-0.00012068601490381075,0.7607672439335035,0.0,0.0,0.0,2.0640732913427327,-0.00027465513072492655,0.00020045377521681675,-1.4888804548434543e-05,700.527545177115,700.507632431743,700.4149811209728,700.5424888648129,0.0,0.0,0.0
0.728,2.0000102730743894,-16.499991126675734,0.23851762650833036,-0.0006941912487659139,-0.005758421777802399,90.00045374607035,2.0,-16.5,0.5453238070757378,89.99999999971945,-2.8990079462684142e-05,-0.0001940307870433609,0.8229586567097517,0.0,0.0,0.0,1.7878067051022661,-0.0001707345752744185,0.00026472054694306324,-9.419979706894345e-06,694.7070709782151,694.7325036339414,694.6360801508401,694.7539187514017,0.0,0.0,0.0
0.78,2.0000193993333157,-16.49999863598155,0.28298207294534666,-0.006481527864471779,-0.005055570608842359,90.00019668097224,2.0,-16.5,0.5969983116619322,89.99999999971945,-8.662326287988877e-05,-0.0002490006321132717,0.8755797269470623,-0.0016058927749140878,0.00030691253202126884,-5.8967246339358444e-05,1.5178425184341418,0.0006336112214571357,0.0001830518584775944,1.7403649263026578e-05,688.8672065482068,689.0900375029918,689.0862639465096,688.96333461743,0.0,0.0,0.0
0.8320000000000001,2.0000251066126173,-16.50000857598728,0.3298919807745779,-0.0111542815884258,-0.0032582831443553474,89.99998786397542,2.0,-16.5,0.6487943519941035,89.99999999971945,-0.00015065743540190033,-0.0002445210879109999,0.9188454573984318,0.0,0.0,0.0,1.265624970010471,0.00021526589531738725,0.000299847475304285,2.519435413954746e-07,683.5569222905751,683.6985738911587,683.6167957279911,683.6400548880121,0.0,0.0,0.0
0.8840000000000001,2.0000251070343342,-16.500019948194407,0.3787766960801372,-0.014333117600081418,-0.0002037603116109014,89.99977660165068,2.0,-16.5,0.7006687011803814,89.99999999971945,-0.00021468415282509707,-0.00018294185955585097,0.9533610241482358,0.0,0.0,0.0,1.03881098879482,0.00041271514317188203,0.0002460106832536848,4.637845065510868e-06,678.6618941484652,678.8443388266908,678.788697166082,678.7425265432945,0.0,0.0,0.0
0.9360000000000002,2.00001801648883,-16.50003118360823,0.4292087176935212,-0.015204522344099768,0.0040347475137408354,89.99959137407569,2.0,-16.5,0.7525928132735092,89.99999999971945,-0.000267967485508082,-6.641354829149684e-05,0.980010552977215,0.0,0.0,0.0,0.8414211438441548,0.0005729182802767627,0.00012998599054687618,8.483253395410848e-06,674.3841957946157,674.5801091601624,674.5668713931444,674.4434215850138,0.0,0.0,0.0
0.9880000000000002,2.0000036520321807,-16.500040205593187,0.48080808631988686,-0.012582452284360529,0.009055680133952693,89.99944655804721,2.0,-16.5,0.8045480718714193,89.99999999971945,-0.00029567172550845524,0.00010223322481794869,0.9997684593946031,0.0014132003111589565,0.001725000086999945,-3.765016682488991e-05,0.6754003676931752,9.786700705726934e-05,-0.0007117973338917899,2.5208894755549064e-05,670.9365164157531,670.7644755230382,671.0326097780539,670.8057418246233,0.0,0.0,0.0
1.0399999999999998,1.9999834709937119,-16.500044684270122,0.5332519256664199,-0.007270226400880767,0.013047000634117588,89.99938555646592,2.0,-16.5,0.8565224933733967,89.99999999971945,-0.00026742046390207716,0.0002842840262102243,1.0137774246040132,0.0018827627547095098,0.000985788930090445,-1.3065494835160865e-05,0.5394364971711703,-0.00010936446304192634,-0.0006208736126713664,1.751700403951102e-05,667.9936529432994,667.788112492617,668.0108078183525,667.8668434343191,0.0,0.0,0.0
1.0920000000000003,1.9999601096930595,-16.50004285490853,0.5862736460200138,-0.0014666023929192035,0.01445261853195674,89.999364852319,2.0,-16.5,0.9085084704357089,89.99999999971945,-0.00016901876751286655,0.00042462609764949125,1.0230558326390522,0.002149337709440081,0.00018172805648221661,-3.2829082739185473e-06,0.43178865219803875,-0.000293459282000371,-0.0004683906987263093,1.4382193568070239e-05,665.6418493819754,665.4266517957265,665.5984629948,665.5490535506335,0.0,0.0,0.0
1.144,1.9999364837644282,-16.500034162895073,0.6396575988987427,0.004835861053100409,0.0138430193948289,89.99936971181786,2.0,-16.5,0.9605012471176991,89.99999999971945,-3.1145271249517436e-05,0.0005199511521618962,1.0285798048325794,0.00019666734162476912,-4.099495332908227e-05,4.448943355632276e-07,0.34960029980400087,0.00031277601534192593,-0.0005001779312141138,1.292294895638806e-05,663.7546085701108,663.7015296366702,663.8787707551949,663.6485254278832,0.0,0.0,0.0
1.196,1.9999155468396705,-16.50001905798648,0.6932360207072968,0.010343912393188425,0.011295954530681253,89.99940430961016,2.0,-16.5,1.0124979011985416,89.99999999971945,0.0001266110802531275,0.0005469402303187765,1.0312253926472106,0.00189396641325295,-0.0011197292505402,1.3722721647805706e-05,0.28953087180672377,-0.0005187608180647435,-0.00014761055271830185,7.366428264964884e-06,662.5056020668178,662.3164865730523,662.3787114992755,662.4840403211062,0.0,0.0,0.0
1.248,1.999899864175858,-16.49999887811039,0.7468840751639421,0.01469228846075543,0.007292757074946125,89.99945302797789,2.0,-16.5,1.064496673314947,89.99999999971945,0.00028043062878406645,0.0005094840060224919,1.0317736111512907,0.0,0.0,0.0,0.24784155904584892,1.2783018240695134e-05,-0.0005822340202723415,1.1355381031169714e-05,661.5655486959184,661.4037127655055,661.6005547984701,661.4314611131555,0.0,0.0,0.0
1.3,1.99989140686973,-16.499975644386108,0.8005128498033989,0.017550086599164703,0.0018303206789082012,89.99951938074148,2.0,-16.5,1.1164965302517904,89.99999999971945,0.0004169656621326277,0.00041250501086321275,1.0308584470442983,0.0007171707928760871,-0.001954992751878574,2.0800501377859678e-05,0.22111553685075513,-0.00046296990021261683,0.00024063642341787955,2.3984553759328683e-06,660.9375936011919,660.8743519022786,660.812531643751,661.0126671058657,0.0,0.0,0.0
1.352,1.999891335183659,-16.499951945965627,0.8540629832565599,0.018089775699682904,-0.004012840891436382,89.99959152961682,2.0,-16.5,1.1684968843679677,89.99999999971945,0.0005089228594069357,0.0002597570816933052,1.0290032256663832,-0.00013903941746111614,-0.0020650298963532684,2.860986266639773e-05,0.20609410117002902,-0.0002985242151037131,0.000411203303665031,-1.9450101479333165e-06,660.5635233213636,660.5955901891848,660.4731771722628,660.6751571892369,0.0,0.0,0.0
1.4040000000000001,1.9998997657200956,-16.499930578523426,0.9074986168369087,0.016457996104579816,-0.009953059737830438,89.99965800441947,2.0,-16.5,1.220497415856103,89.99999999971945,0.0005495038549814424,7.354686773187852e-05,1.0266149962648885,-0.00015093630694341698,-0.00037123530095604435,4.278204116081978e-06,0.19991898040033895,-0.0004097511574443359,-5.591271551281144e-05,5.541059450002654e-06,660.498766789569,660.3662159569085,660.3974699124243,660.4981873905347,0.0,0.0,0.0
1.4560000000000002,1.9999157807185899,-16.499914248026155,0.96080207978658,0.012809838932176564,-0.014768269524212807,89.99973237517962,2.0,-16.5,1.2724979618824201,89.99999999971945,0.0005209585580965586,-0.00012346360858231096,1.0240045222820722,-0.0015402668930540203,-0.0015418064536340018,2.3530780017515527e-05,0.20010165711321015,7.399497134464705e-05,0.000602879833456605,-3.0182810168855273e-06,660.3520439376057,660.5447111512239,660.3647542409645,660.5152991577356,0.0,0.0,0.0
1.5080000000000002,1.999937542400624,-16.499905143842845,1.013969018772083,0.00794273429882667,-0.018211942376715796,89.99979369414349,2.0,-16.5,1.3244984486536717,89.99999999971945,0.00043141759140955655,-0.00030285218823016897,1.0213936410565994,0.0,0.0,0.0,0.20460431678440294,-0.0005094042858466701,0.00022767444836237157,4.282997174508554e-06,660.5780537030039,660.49787234501,660.4449222207859,660.6546938040991,0.0,0.0,0.0
1.5600000000000003,1.9999626315307533,-16.499904761931408,1.0670043574692456,0.0019478030634829816,-0.019867231587736317,89.99985922020656,2.0,-16.5,1.3764988506491467,89.99999999971945,0.0002875183369894723,-0.0004513145159859965,1.0189336232074193,-0.002105595296401138,-0.000310657414146219,1.8074920718663657e-05,0.21178704835063122,0.00038219480545145383,0.0005527167513260644,-3.663602272351954e-06,660.5749228830872,660.840933735916,660.6735458901106,660.7220653280197,0.0,0.0,0.0
1.6119999999999999,1.999988237575481,-16.499913716855776,1.1199190892675444,-0.003774878685215757,-0.019436049393405222,89.99991496619239,2.0,-16.5,1.4284991667760276,89.99999999971945,0.00010260421570758901,-0.0005412500941632277,1.0167185493630595,-0.0011920466079469228,0.00029223313418396036,1.2645891551417953e-05,0.2203780470719341,0.00015409388964786075,0.0004895281749770198,-2.8426517641977668e-06,660.8053633302757,660.9884410748183,660.8413370988354,660.936752228159,0.0,0.0,0.0
1.664,2.0000115747964577,-16.499931640708944,1.1727275464152074,-0.009516345300245525,-0.01679017691422005,89.99996117837603,2.0,-16.5,1.4804994068808615,89.99999999971945,-0.00010643935863194685,-0.0005793026987820635,1.0147955037062322,-0.0008460080793651455,0.0005565760818668621,6.423361642398961e-06,0.22946032337857503,0.00019741451818471357,0.0004977957344311046,-1.5346346162957999e-06,660.9971600682499,661.1948524711515,661.0490601072853,661.1344781010642,0.0,0.0,0.0
1.716,2.0000300749760567,-16.49995714322562,1.225445807540039,-0.013289162930959041,-0.012147151356583695,90.00000116568411,2.0,-16.5,1.532499584465665,89.99999999971945,-0.00031626693888433654,-0.0005389587475471713,1.013189114455709,-0.0011396087819230641,0.0018912312012618535,1.2360518347527622e-05,0.23828105122619014,0.000482034368988403,2.087747707890772e-05,-4.528206234832534e-06,661.2237319253875,661.3666986049215,661.3482489226449,661.2171497689129,0.0,0.0,0.0
1.768,2.0000419997946697,-16.49998790117997,1.278090056966601,-0.015268228707224956,-0.005974525098711608,90.00002613133869,2.0,-16.5,1.5844997130254859,89.99999999971945,-0.0005035778091645745,-0.0004412615828685557,1.0118872921675919,-0.00029209755175912196,0.0021079406791746887,7.469514673499567e-06,0.2464443591854355,0.0003138784912507004,-0.0001047055700151852,-3.2642910888425417e-06,661.4442251575695,661.5036723108243,661.5244080920625,661.4054444608778,0.0,0.0,0.0
1.82,2.0000465469752227,-16.50002095234459,1.3306755109495332,-0.014765157503189715,0.00013760050897073991,90.00004221695968,2.0,-16.5,1.6364998044288213,89.99999999971945,-0.0006327413250726923,-0.00029289171952353796,1.010869235230712,0.0004272860797202344,0.001995082919003344,4.989869446572007e-06,0.25367028053258345,0.00014618035021886675,-0.00015094712024405117,-2.6946877704117128e-06,661.6335516347576,661.6321972393597,661.6676407584362,661.5832161679037,0.0,0.0,0.0
1.872,2.0000440420215293,-16.500053364884828,1.3832158557418845,-0.01281708222428093,0.00578240792376332,89.99684430113913,2.000000136292344,-16.500000137727003,1.6884998683967287,71.82287080319642,-0.0006989438874199531,-0.00013013156977016718,1.010091428511266,0.0007102459178375572,0.0018644044512364012,-0.005596261992644628,0.25995056958129936,0.00010875638598023952,-0.00022970057309724143,-0.08,764.3235135502003,764.2937657691331,540.1569464079023,540.0391399251438,0.0,0.0,0.0
1.9240000000000002,2.0000335091981922,-16.500082422708676,1.4356513759829395,-0.08468735214751491,0.010928607910956347,89.71984784746311,2.000004129459921,-16.50000439964549,1.7404999125307017,71.82287736297525,-0.0007072872781323858,-0.0009273903629985252,1.0074454385523106,-0.048347901376026306,0.001605406982900842,-0.13602972958819393,0.28794681818056134,0.021414185535777723,-0.00030411013001859356,-0.08,762.2456262494478,767.434314216003,544.6172690360622,537.0682054309431,0.0,0.0,0.0
1.9760000000000002,1.9999782751618338,-16.500105482192588,1.4880307546985754,-0.303892774610801,0.012744572235776288,89.17981032000355,2.0000097950681566,-16.500014369935624,1.7922370210453977,71.82280217175274,-0.0006339522780341277,-0.0031517840100046004,1.007372562920502,-0.08372525060096572,0.0010082871398296924,-0.21008417177667735,0.2839700487363803,0.042673077267643765,-0.00019744257260680495,-0.08,759.5335702546748,769.9749124287154,548.15490845678,533.2496714416923,0.0,0.0,0.0
2.0280000000000005,1.999780338997958,-16.500119943158385,1.5404178031830393,-0.5461908043480235,0.009684863305287344,88.43279249380305,2.000011037555853,-16.500028688530207,1.8400654457389554,71.82238700607034,-0.0005180358203027238,-0.0038187433575371963,1.0072668073727116,-0.07533336783338992,0.0008315533657664728,-0.2779747931507463,0.1544885174872519,0.04982618820507258,-9.108640768128859e-05,-0.08,756.1438170239293,768.4094159369358,545.9171001846836,528.448131697444,0.0,0.0,0.0
2.08,1.9993314637016042,-16.50012260425889,1.5926841121217161,-0.7240097502130468,0.001724374432856535,87.48634506065096,1.999993564459585,-16.500045296996845,1.8804669274779402,71.82140752508424,-0.0004531270600672605,-0.0014745579996719757,1.0027208159785108,-0.047940257325297,0.0009949710629350648,-0.3444349345271513,-0.16626493728969827,0.05008962316270471,0.00015356651646069008,-0.08,749.8612191500637,762.353224513747,537.273583318231,519.5072561809199,0.0,0.0,0.0
2.1319999999999997,1.9985579185605382,-16.50010988968074,1.6444102472382025,-0.8132292597639961,-0.010050955734004207,86.34362958386413,1.999931544014717,-16.500061883597162,1.9127221006331416,71.81944058644221,-0.0005565567928887919,0.0036316810040884127,0.9877035730069605,-0.017999492980824976,0.0014759722795352793,-0.4099500475731633,-0.6289895710901448,0.048585405870926586,0.0006396538524475471,-0.08,740.9173857254187,753.3036331650511,524.1794230168092,506.69248498485985,0.0,0.0,0.0
2.184,1.9974335403405818,-16.500078797016275,1.6948867988492025,-0.8174707627864934,-0.023248077699197827,85.00740336885721,1.999779810590962,-16.50007563133144,1.9374926951942517,71.81667489029057,-0.0009475980658265623,0.010598734160988495,0.9572765672061099,0.009074248726544418,0.002443931656749422,-0.47447078587301805,-1.1414572973727442,0.04667662119274021,0.0013492308091446492,-0.08,730.8871477557105,743.137222974208,509.19922131733864,492.1803669170726,0.0,0.0,0.0
2.2359999999999998,1.9959742243606582,-16.50002762949914,1.7432487743061915,-0.7475450123558662,-0.03412657330110282,83.48683573904574,1.9994865094357057,-16.500083596303128,1.9559718875095369,71.81264368553467,-0.0017198259383009822,0.01841131468945581,0.9097930788853914,0.03260944315860749,0.004088832578388525,-0.5294058069999418,-1.6216753783444569,0.044022517605186454,0.0021719617391452797,-0.0566191141928901,691.1954367258627,703.6472667255084,536.0188955508667,521.1344874854769,0.0,0.0,0.0
2.2880000000000003,1.9942279027505003,-16.499956419902894,1.7886255552307495,-0.5853941863949099,-0.03683103339751974,81.90865911221799,1.9989970317870023,-16.500082560113096,1.969444447485329,71.80805693462524,-0.0028638391610422676,0.026432738681013156,0.8459546696025141,0.0717008752127891,0.006225091037665382,-0.5255246927699329,-2.0075189301006366,0.031702689995173616,0.0029231852420902584,-0.024527571631642667,640.2883778545042,650.3752387905172,576.3867294990387,566.9224410004205,0.0,0.0,0.0
2.34,1.9922766455438334,-16.499868634813254,1.830259493555257,-0.28827988008367017,-0.02661676149163316,80.38218392890067,1.998288438883861,-16.500070347126265,1.9790811110268332,71.80232824512943,-0.004228584341368015,0.034072559991764215,0.7689288728741832,0.11678955277722158,0.008231445456501655,-0.501135401121244,-2.2683002798007124,0.01077116399067482,0.0034707737757772874,-0.0009441754709198285,602.5381066276988,606.9653186611024,603.0342071845921,600.7540524908736,0.0,0.0,0.0
2.3920000000000003,1.9902457227099397,-16.499774351351466,1.8676079460147517,0.11094556125112258,-0.0013056799662483226,78.95137691747213,1.9973481378458835,-16.50004507146692,1.9858613204030369,71.7966072205329,-0.005580311203771942,0.03948537706770809,0.6831277503561284,0.14184130409866105,0.01001900454368985,-0.4645901873190884,-2.398526045300481,-0.009297821663066634,0.0034904149746915122,0.016116674459327546,576.0413266073415,574.1429465780285,622.291475695501,626.142828565617,0.0,0.0,0.0
2.444,1.9882908115837847,-16.499690544838604,1.9003575358913938,0.5359468888277603,0.03871270563156763,77.64390367191953,1.9961782971475117,-16.500006029986896,1.9905620541967308,71.79035851350544,-0.006643985549785794,0.040895338776538684,0.5930124130346213,0.13996478351330394,0.011566500443556577,-0.42068012810350125,-2.406975648733736,-0.024442343546016106,0.0026845837690630805,0.027927983739584494,559.4644413521938,552.1049817295722,637.1098073599067,645.0644721690214,0.0,0.0,0.0
2.4960000000000004,1.9865721150238465,-16.499637383881396,1.928414728351886,0.9129444172181684,0.08974223421290563,76.47465840496271,1.9948091047702576,-16.499955044735398,1.993777241743015,71.78496759071498,-0.0071601921874503306,0.037598264650501714,0.50282104291327,0.11563999759311117,0.012402586300053541,-0.37329872201957254,-2.31312202559385,-0.03403465990792069,0.0010802254292900182,0.03549466003766681,551.4070120947036,540.0549806021436,648.8556359947933,658.9508633569801,0.0,0.0,0.0
2.548,1.9852306964039588,-16.499633111544064,1.951880994783887,1.1889593593340408,0.14515348354420168,75.44901736714112,1.9932975038490788,-16.499896997344813,1.995948373820355,71.78000375133297,-0.0069483968385186095,0.03001621458439476,0.41610460521885184,0.07683544513481211,0.01189755518795261,-0.32500169878925583,-2.1408042309801,-0.038560610610853925,-0.001027852497443034,0.0397332489717061,550.1112822725466,536.4119957860922,658.3160349947585,668.9481932294469,0.0,0.0,0.0
2.6000000000000005,1.9843714896093554,-16.499689641328317,1.9710158093760268,1.3353238855555893,0.1963358735874021,74.56543399252445,1.9917253310783545,-16.49983975964591,1.9973963845320741,71.77658283233389,-0.0059513911503723226,0.01935189925352418,0.3355929274666935,0.031483288187770325,0.009420118394568775,-0.27798978809160435,-1.9147151844210057,-0.03871878873353879,-0.0031249989905085354,0.041399977166036064,553.7465303958397,539.3539304498645,665.9027749671036,675.8765934959356,0.0,0.0,0.0
2.652,1.9840528539904123,-16.49980998500083,1.9861926706324675,1.3461070766600287,0.23442563464038457,73.81757117436426,1.99018796648477,-16.49979384085512,1.9983502602015535,71.77440621991224,-0.00425325606771885,0.007175212093159751,0.2630148481495179,-0.013124071122055048,0.004863535362613966,-0.2334640152033518,-1.6563150744132917,-0.035510537688215785,-0.004732190113342376,0.04114719810068619,560.6762289898006,547.0166794685275,671.8863482846238,680.4435347577588,0.0,0.0,0.0
2.7040000000000006,1.9842823986289797,-16.499987906761824,1.9978562506204867,1.234549512988664,0.2522991546225175,73.19603950515192,1.9887852270997717,-16.499769282736327,1.9989707584948548,71.77393205334552,-0.002062779563163319,-0.0049363191374653444,0.19940014100842035,-0.05123627941461735,-0.0013556556308406645,-0.19235673497770361,-1.3846734902164086,-0.03008536486259284,-0.005501607488199267,0.03944705744830918,569.6665562597354,557.7991436157033,676.3267424631165,683.125859733126,0.0,0.0,0.0
2.7560000000000002,1.9850191278509044,-16.50020964237958,2.006489764426802,1.027349945832295,0.24597117539730565,72.68973069417248,1.987612721453593,-16.499776203374665,1.9993691106817555,71.77506608292067,0.00033208323661775425,-0.0156605885189555,0.1451117864649219,-0.07914968063867871,-0.00835292560923091,-0.15514610304931514,-1.1151450447863165,-0.023561752883290977,-0.005302365281973403,0.036772025290910934,579.6562546564375,570.2183375825089,679.3914261007474,684.4252561672552,0.0,0.0,0.0
2.808,1.986180916411872,-16.500457027631196,2.0125828329572406,0.7584529261623013,0.21538961679614474,72.28657657785395,1.9867431878630961,-16.4998199307554,1.9996212543378067,71.7775009768263,0.0026221238775490305,-0.02407534796949099,0.10003694698175773,-0.09523410116058709,-0.01500793206616018,-0.12211185412986558,-0.8597628885995815,-0.016926376364810473,-0.004223470222822941,0.03341985426690773,590.0151313408356,583.2374045091229,681.123488444766,684.620540684011,0.0,0.0,0.0
2.8600000000000003,1.9876560974654935,-16.500711134197047,2.01660594922933,0.4630319319124927,0.16428750525557134,71.9746172707707,1.9862252476954656,-16.499902008308602,1.999778376327457,71.78137509020443,0.004532465671183903,-0.029696441363109876,0.06366915929222797,-0.0996854586422771,-0.020240480880373196,-0.093086444117669,-0.6268903969058515,-0.010922355052330877,-0.0025206252730563703,0.029907605180030116,599.8967163452949,595.6691503427743,681.9859593230819,684.2980032441827,0.0,0.0,0.0
2.912,1.98931585558613,-16.50095371084603,2.0188733251737747,0.07352520652958544,0.27152160660952906,71.45262569879705,2.021053256249423,-16.462943363521195,1.9998745549770067,47.313672286804405,0.006061048936947626,-0.03234537937622388,0.030688446832974524,-0.1700472959863722,0.1441208019887529,-0.2352958598654246,-0.3730917247098308,0.04220420804636096,0.5934778228456791,-0.08,667.9496990738513,827.7454381276218,411.7803697411455,613.8669591811364,0.0,0.0,0.0
2.9640000000000004,1.9910263786478009,-16.501043449330385,2.01975198567091,-0.47519328968225705,1.8513246026484784,70.59974734826841,2.0903208543352427,-16.389868343451795,1.999932199452256,47.36321238169596,0.01230601128773454,-0.03055328764586025,0.009272760136541698,-0.1544614466829039,0.8065446994823672,-0.31201678105556097,-0.18979502489583222,0.12261875270223861,0.269098995308429,-0.08,705.4161006453838,803.0511403251052,501.2510931829914,553.4679360672657,0.0,0.0,0.0
3.016,1.99281189593473,-16.50025153013053,2.01977424232616,-0.6758084840529963,5.060507352767228,69.51744363117902,2.1666800466718272,-16.309617319496102,1.9999658601688621,47.374863589480945,0.038997219409738534,-0.02429940271745847,-0.0019097286413098178,0.044190500287265774,1.2066397020831627,-0.3768116117777738,-0.08046332759908441,0.12656871057940397,-0.026096775974697617,-0.08,746.3438738882514,771.2359749062806,558.7084024095107,504.73303220780815,0.0,0.0,0.0
3.0680000000000005,1.9950963241628077,-16.497253119015443,2.0191820926095714,-0.2815451331159589,8.711171882189813,68.23846104011494,2.2371916005192025,-16.235793401791064,1.9999848600861982,47.065254832783296,0.09602656571586118,-0.01742220637706702,-0.0016314836477399838,0.2747682718480849,1.198891661424781,-0.4401035324599996,-0.06460436580680187,0.10194872733789298,-0.18383483575181125,-0.08,771.4112979191083,751.1907856704006,583.9046098550774,483.21299575638415,0.0,0.0,0.0
3.12,1.9986809604231395,-16.49064338975554,2.0180566401679503,0.5538708408898482,11.8760037715253,66.80003466005152,2.296888045373415,-16.173446945949124,1.9999950877655612,46.65158613786357,0.18222287990983982,-0.013734532489126464,0.01117692966322738,0.4141155444162877,0.9474643969754064,-0.5009728246388299,-0.15512404963022042,0.057222216621518635,-0.22644304914141333,-0.08,783.0548198318405,741.3168520960827,585.0022571852561,485.3599600257419,0.0,0.0,0.0
3.1720000000000006,2.004536279479087,-16.479346521945118,2.0163252027432375,1.5064424928762046,14.143955748061943,65.19931536605507,2.345002255854997,-16.12305132351288,2.000000203852635,46.39475419034878,0.2906478330826141,-0.014352389571472576,0.03280133536387821,0.446705921632669,0.616964294520546,-0.5601515708765368,-0.3130059099979999,0.02452851903106909,-0.1991479334761713,-0.08,783.2983304976118,740.2042442823719,574.7319256519404,496.2038060060685,0.0,0.0,0.0
3.224,2.01356880895495,-16.462766707916185,2.0138021064271654,2.3081466286269947,15.48818370609877,63.409903563216844,2.3827689369323135,-16.08296878222467,2.0000024428942704,46.376315505446165,0.41324128726895254,-0.01792205368319642,0.05683382299297314,0.39840501743118273,0.31378616279249727,-0.6182602356485589,-0.4691462264857609,0.08278778958373464,-0.14169686182563468,-0.08,768.0951783758497,753.5392402433619,573.2671426500801,494.19912832085896,0.0,0.0,0.0
3.276,2.0264768131225908,-16.4407463045427,2.010272242542497,3.1448028256925102,16.088582796316885,61.41464478642604,2.412359844940592,-16.050567963281928,2.00000313965557,46.35552911708863,0.5428778706419275,-0.021669997020747518,0.07783037508769347,0.5979454971647054,0.08558699465687361,-0.6744860829162364,-0.5629963712003663,0.023971782025583366,-0.0803428642753955,-0.0670249021908214,751.3328397686797,737.0932512505761,573.1371820974985,537.834253178058,0.0,0.0,0.0
3.3280000000000003,2.043856518455279,-16.41351283943155,2.0055657098002504,4.4839083159187645,16.188625281737366,59.31627688111674,2.4361863603058995,-16.023068070184486,2.0000030702283746,46.33081371346594,0.674237736373616,-0.0283475022909987,0.09391479679566568,0.5441387813906591,-0.06792686668480503,-0.6717222938115502,-0.5705638111984516,-0.20224885539531057,-0.025691717151168185,-0.024979029690965892,721.4981260533702,659.4374416854191,594.3061015923919,647.7516847726343,0.0,0.0,0.0
3.380000000000001,2.066312068265999,-16.381578344018795,1.9996413611035708,4.718922141230797,16.007006229651914,57.2651336898653,2.4565343255576364,-15.997992371751263,2.0000026701603293,46.30865577202239,0.803772064399008,-0.04078760309792814,0.10680975020551298,0.0935063200993991,-0.13583669145250699,-0.6393833995651959,-0.5073964284962845,-0.08055406262228765,0.008428297722199198,0.005362463324201245,661.4247499783321,640.5970887822784,653.2990726244345,678.4213611581478,0.0,0.0,0.0
3.4320000000000004,2.0940168413668436,-16.345337543419973,1.992637903916264,4.002824942280024,15.723367940261745,55.344311627342655,2.475218283757921,-15.973645276004284,2.0000021719317744,46.287567253774185,0.9293421430698448,-0.050742669989387014,0.1183252342025092,-0.13752296806429717,-0.14179085617525125,-0.5899198158910719,-0.3956840822390766,-0.000858866917741237,0.02320584650560547,0.026780505071202363,618.8317717481326,625.5836064919815,693.2050744886733,699.7007940547788,0.0,0.0,0.0
3.484,2.126751593298918,-16.30496516573448,1.9847715116899534,3.05328255663429,15.434638733408008,53.6060666334796,2.494056554512044,-15.94837309261643,2.000001690210258,46.27111322041292,1.0500840338815203,-0.052977581205449785,0.13077072455562608,-0.1617707410372776,-0.12264466877056993,-0.5304241059524213,-0.2650300181175005,0.015373426838512554,0.028551629969630538,0.04084825366892608,596.7365307292151,610.417534784954,714.9871026849802,718.4436922010518,0.0,0.0,0.0
3.5360000000000005,2.1641887059316685,-16.260524865693913,1.976290326414251,2.2557288336731487,15.181410384299717,52.070917801603315,2.514492127655323,-15.920992561921153,2.0000012737435635,46.255937912586596,1.1658796258219124,-0.04759931846460296,0.1460952747939084,-0.10950036926253492,-0.0976791289325411,-0.46660885592751294,-0.1425325669700539,0.006197363621918625,0.030095851058461118,0.04915204328043342,587.5814460107216,599.0806219443101,726.1341103282081,732.2951412661009,0.0,0.0,0.0
3.588,2.2060467151650403,-16.212064234922106,1.9674380686604782,1.683671602954923,14.977035498715246,50.74125482550413,2.5375050785718205,-15.890797249876336,2.0000009362494953,46.24370633067751,1.2770148924644003,-0.03714310354388907,0.16505526090630476,-0.056908214504973666,-0.07391712236033529,-0.4026214898308941,-0.04342964900766089,-0.0017658472525314828,0.029952311990754887,0.05318789122706387,584.6573718335351,593.6513094739792,731.8491250892909,739.951778290006,0.0,0.0,0.0
3.6400000000000006,2.2521203070155607,-16.159649018789477,1.9584246299212484,1.3126961210569261,14.816921283012178,49.60962773394935,2.563697722374927,-15.857407462968254,2.000000674296906,46.231841856918734,1.383976694751025,-0.02422118183955947,0.1873298459466069,0.001347962135591484,-0.06097095235834686,-0.3408395949657819,0.028710982383453265,0.05724393678254835,-0.058965075405641346,0.053923646365934,589.8128658948177,589.2640305626575,752.6848955562613,723.0780909800965,0.0,0.0,0.0
3.692,2.302272251800652,-16.10338113923106,1.9494154491359388,1.3222833108689602,14.504108121822867,48.660734699415485,2.5935087645932495,-15.820508071928618,2.0000004772800226,46.22192580187227,1.4874595377669533,-0.01091140187002025,0.20804588030975416,0.1235799339444825,-0.1683380826069836,-0.28262215620751163,0.11652045165415492,-0.0657622184866992,-0.14705036134120636,0.052204813028561066,626.6758597535702,559.2036271479454,747.5600761586056,726.8308595117305,0.0,0.0,0.0
3.7440000000000007,2.3564164591401178,-16.043504611997353,1.9405781577701042,1.4050863054228393,13.628106343139839,47.865675253977095,2.6268457690874474,-15.78030325606614,2.0000003326946088,46.21239315716957,1.5864822733423483,-0.0010358000880743095,0.21538461078166216,0.05886962483757905,-0.39980428851225347,-0.23144565109905488,0.3308764459269149,-0.0472056686537088,-0.16171095589702986,0.04986585716064842,633.2612213948009,567.864993937199,752.043527819039,722.8536596037413,0.0,0.0,0.0
3.7960000000000003,2.414328399907116,-15.980447402111988,1.9322296833369739,1.3138314891482274,11.9868185330784,47.20333906452124,2.664596463692485,-15.735865623010655,2.0000002287007392,46.20523398208977,1.676053146410656,0.004877415999982178,0.203021567573767,0.005218263986249455,-0.6593104366977794,-0.18513980782899603,0.7238039686051319,-0.005296522417767751,-0.12133536326176003,0.04659529200425616,632.7104205713746,593.8947933081153,754.1040105976348,724.5993472315025,0.0,0.0,0.0
3.848,2.475501845743463,-15.914812072126216,1.92493916497653,1.2343257329090966,9.646556861629382,46.6657594091418,2.7064850532190143,-15.687551632199654,2.0000001551767568,46.19969789572353,1.7486825426384953,0.008223118940495577,0.17369268547695643,0.005173024716245445,-0.8653701178129974,-0.14331084070885053,1.2500801385036502,-0.029501747231866545,-0.04207572397310133,0.04239953504040592,640.0418423621999,618.6611668902602,744.0191219873012,740.8352387306562,0.0,0.0,0.0
3.9000000000000004,2.5391905543688944,-15.847411508434453,1.919501539035993,1.1351181464009297,6.872446646684097,46.24241015506138,2.7521727537904255,-15.635783143790041,2.000000103978881,46.19680923816668,1.7974015411208941,0.008896601917042014,0.13763146846151084,-0.02480968285223429,-0.9643594340708465,-0.10691748873173823,1.7834429454964,-0.019164845340324414,0.04032108521400546,0.03786761165753497,642.5597545701827,648.7198371820451,737.6399880391943,752.6476316292496,0.0,0.0,0.0
3.952,2.604456315736161,-15.779209429611491,1.9167727311312617,0.9943097055629307,4.01026130732134,45.92601769101664,2.8016982874271332,-15.580578264359758,2.0000000688181236,46.19618433324972,1.8186205317917363,0.007445983281056945,0.10726677188881184,-0.042986441717067565,-0.9457212250689955,-0.07544284488395352,2.17403250019996,-0.013162047391826678,0.11260205948450802,0.0329542447392591,645.1897062314735,673.5410325185188,729.2422573933171,760.9727002803972,0.0,0.0,0.0
4.0040000000000004,2.6702597933740493,-15.711206430308957,1.9174434066762407,0.8411511749159587,1.3930636525012725,45.70723287814078,2.8550802112447973,-15.521968937788307,2.0000000449827042,46.197875224340066,1.8131017256339554,0.004587198497976503,0.09213261013495733,-0.05014550918237524,-0.8219082480220765,-0.04890846463921814,2.305729487308139,-0.011210661002749363,0.16680927785186916,0.027862455753130243,646.3629145719098,690.135834397071,717.9336993313261,763.1259972644872,0.0,0.0,0.0
4.056,2.7356040195940103,-15.64431552588834,1.9218320925146066,0.6693053600680358,-0.7075278557435817,45.57264548027966,2.911372818059647,-15.460983614794497,2.0000000290254922,46.20193301331798,1.785105076326016,0.0008533287306088013,0.09606504973834738,-0.06673158808643702,-0.6181664962617414,-0.02758009147810466,2.1303850091424716,-0.01991813997286506,0.19669019574712737,0.022968538091388675,646.1366629062785,695.6693864544069,702.8310266043474,758.5595089791022,0.0,0.0,0.0
4.1080000000000005,2.799669394362447,-15.57922962271103,1.929773772331704,0.4194477420233923,-2.110971428301056,45.507340786010644,2.9703038346543376,-15.397924421955569,2.0000000184735853,46.20742074637904,1.7408090169468562,-0.0030101687484767508,0.11670278499502318,-0.09462853896912245,-0.3678596607293181,-0.010896004828881955,1.6763324109184192,-0.007790973608813173,0.2027243880807962,0.018358107358153967,639.9174617636188,694.828057994275,688.2427963527099,743.5242888321686,0.0,0.0,0.0
4.16,2.8618972662492705,-15.516318895064737,1.940625268620478,0.13811037850480384,-2.740315689780768,45.495358832462045,3.030817536248975,-15.333871475283036,2.000000011582606,46.214786077996735,1.686925822475395,-0.005934257564609632,0.14720630043589725,-0.08562627282158303,-0.10586047223833372,0.0020551217510061713,1.0313284415485011,0.013305550024081007,0.18731242676121448,0.014039665406521108,630.5922378687292,687.8048721911593,673.7767099020436,720.6932095405786,0.0,0.0,0.0
4.212000000000001,2.9220401582070097,-15.455627672819196,1.953375145117004,-0.05567458243041786,-2.616958623375188,45.51861298215754,3.0920157413375087,-15.269706172150341,2.0000000071403607,46.22234455301111,1.6299469895884626,-0.007457533283283921,0.17910561115683818,-0.051843034741996544,0.13671036773439385,0.011272132934557574,0.31103409432507423,0.005114648498446384,0.155370047940317,0.01035435212780103,625.1346467134658,671.6642483627867,656.1779510108313,697.8989872862985,0.0,0.0,0.0
4.264,2.9801626831279746,-15.396951004792376,1.9668169877586548,-0.17720045989235292,-1.8432893045419025,45.56191148401308,3.153222590929644,-15.20605217014028,2.00000000431594,46.23071149002313,1.5758447679931447,-0.007985491904996393,0.20503704276118748,-0.034708239991693535,0.3357272278226808,0.01730733177627343,-0.37345503086840837,0.0016491484006313385,0.11328278689559318,0.00742900021965874,620.0375987230583,653.9564900098435,642.0478254972501,673.9419658378491,0.0,0.0,0.0
4.316000000000001,3.036561286199622,-15.33990881083597,1.97973476838152,-0.2702993673530099,-0.5786193138572524,45.61552727834888,3.214432767311779,-15.142828997020466,2.0000000025470905,46.24597993959573,1.5298537395758784,-0.007833361337495584,0.22027741351781346,-0.02902441092134473,0.4759884330342756,0.02099055338127937,-0.9366456967787427,0.0017035214256474855,0.06829753016822629,0.005288927948968776,616.5554681913995,637.5420446981162,632.547435226638,652.038710990573,0.0,0.0,0.0
4.368,3.0916625531012567,-15.284014817233755,1.9910654386296591,-0.3495510997240277,0.9907054583929055,45.67355705715448,3.275391768444917,-15.080195111224443,2.000000001458063,46.25260790508218,1.4961034851435469,-0.007059645064723005,0.22354054899253203,-0.024881029722107505,0.5523064301031743,0.023021841829050753,-1.3317056094356694,0.0036944228442072798,0.02512186606564451,0.003480831590235661,616.1780734300005,624.9078781952252,627.5265628364366,633.9131990303466,0.0,0.0,0.0
4.42,3.145945626613346,-15.22874012366405,2.0000104591432537,-0.4108630130508719,2.6757699592567725,45.732708500512665,3.335358954762957,-15.018801427663112,2.000000000800828,46.259126283645536,1.477232886341348,-0.005673749316890628,0.2161387666633258,-0.0184312165335127,0.5661687746175478,0.02384084894827414,-1.5458061010044792,0.00525643371485543,-0.013919688473237213,0.002088918103994424,619.1677478466233,616.5318016673001,626.8824766881914,621.1052579339104,0.0,0.0,0.0
4.472,3.199892471556834,-15.173562049891872,2.0060807643649703,-0.4477489254341028,4.299575328375374,45.79181128562332,3.3944526395840398,-14.95843235940358,2.0000000004136993,46.26449169219156,1.474139915458227,-0.003780353427321463,0.20074135453781938,-0.010122087597053108,0.5234781414152881,0.023793211627760515,-1.5893676309084888,0.005908800021213304,-0.04499793557416992,0.000990014626308947,624.8904325947896,613.0181056197457,629.5466066895739,614.157029588388,0.0,0.0,0.0
4.524,3.253955049322109,-15.117999118051706,2.0090984190624885,-0.45706289797519184,5.71190285177144,45.850679786500216,3.4523514362904404,-14.89933175300866,2.000000000192649,46.2695545150796,1.4859480271029568,-0.0015755142894545912,0.18031476949557135,-0.0013333450615787528,0.4349363888396634,0.02310047975305453,-1.4857038884711244,0.0059571988868568505,-0.06666835414983344,0.0001247918155398517,632.466390693484,614.1558158254197,634.5941632504067,612.7020241550474,0.0,0.0,0.0
4.5760000000000005,3.3085307023886057,-15.061637406035647,2.009164891528567,-0.4403871246784658,6.799096927018112,45.909251309461325,3.5094340491484814,-14.84103929898277,2.000000000071672,46.27353189595387,1.5102500312540381,0.0007034492741666968,0.15745122842092857,0.0065601732077245805,0.3138836246308131,0.021865627542012368,-1.2634141034143462,0.00550647908056544,-0.0768066625761359,-0.0005591239039891236,640.7887670069697,619.5180214187008,640.8092987033999,616.1884500174997,0.0,0.0,0.0
4.628,3.363940942018963,-15.004152358117858,2.0066154276888764,-0.40254275306655657,7.4923924820456955,45.966967327329336,3.565655528829575,-14.783543225075487,2.000000000009525,46.277100250601656,1.5435392543355047,0.0028386214538901446,0.13408765588198066,0.012220408020945563,0.17632293280689637,0.020260850570239186,-0.9521671779851677,-0.006630147294905754,-0.07612899895190581,-0.0010989283035864284,650.7930410245693,626.4307948060441,645.7718846334858,625.2127096263683,0.0,0.0,0.0
4.680000000000001,3.420412601978211,-14.945325935143774,2.0019634683537815,-0.37976050675746936,7.7708751036811075,46.02231745533154,3.6215080270217657,-14.726290873683629,1.9999999999808822,46.27977015035884,1.5817489512932066,0.004683626765822998,0.11177449494183674,-0.00046196503384080353,0.03814751682668858,0.01818614575010343,-0.5835725580111883,0.01229335601706677,-0.06530575540402088,-0.0014369191175963932,655.5152027192795,640.1315598874892,655.0337593862768,632.3711491964882,0.0,0.0,0.0
4.732,3.4780580743603435,-14.885050416724024,1.995847182300663,-0.35972161878569353,7.659232850441739,46.07426710703334,3.676822240650989,-14.669429775742653,1.9999999999705094,46.28199883441209,1.6208034461642753,0.006472323293180463,0.0917602989799545,0.010813733585900934,-0.08622063644710375,0.01626828674164334,-0.19030409258817393,0.010339093500529483,-0.0478488650086869,-0.0017705817835272236,662.4873075728001,651.7563900544228,660.5330522694652,643.759445188885,0.0,0.0,0.0
4.784000000000001,3.5368760606289498,-14.82333606005202,1.988962485029435,-0.29355012167736966,7.217770517281662,46.12210926198289,3.7322226141726236,-14.612290897137626,1.999999999969468,46.28346096996103,1.6570940643300562,0.00808880083760776,0.07519533078326258,0.025148113913012714,-0.18646748090936557,0.014242316499208093,0.1940424851256488,0.005088473281390759,-0.025433948734774295,-0.0019953923390468625,668.5580413163691,662.81241643507,664.5211315466929,655.8295654957701,0.0,0.0,0.0
4.836,3.5967731128475107,-14.76031644068936,1.9820052233793064,-0.20500155598339476,6.531722256416591,46.163995699978045,3.788188215439724,-14.554363934809084,1.9999999999726799,46.284452991067496,1.6878115481210159,0.00917008813796765,0.06310648529011341,0.02872113655475881,-0.2554950141456801,0.012092097803119798,0.5370505765936596,0.002384315264822674,-0.00043210633188381364,-0.002060991168626375,672.5754639813774,673.1209047003773,667.6224249265751,666.8288950705277,0.0,0.0,0.0
4.888,3.6575768121870604,-14.696225334738491,1.9756053184103044,-0.12141970808591002,5.701740811566135,46.198775149601694,3.8449028510396235,-14.495454568661653,1.9999999999773872,46.28494885726113,1.7111363288960344,0.009611533319953547,0.05641086109454156,0.024167608660497435,-0.2893619226083667,0.009970537006054079,0.8094650020621541,-0.005157513887909573,0.02389529493185734,-0.001999726414853355,675.5725161887871,680.7667103396012,668.6916641698616,676.8100969084288,0.0,0.0,0.0
4.94,3.719055328656352,-14.631357542816254,1.9702833540588418,-0.07541843378889009,4.833428826439054,46.226369040495584,3.9023394629392487,-14.435598091660703,1.9999999999821905,46.28519364357206,1.7263040503389557,0.009555265782236217,0.05587988224215523,0.009270925771229482,-0.2885015292263299,0.00796714954331615,0.9869430696115831,0.006974428520473636,0.04431388068920318,-0.001837529117472229,674.2059219728833,688.3583103738696,671.1619061224866,681.5403933389022,0.0,0.0,0.0
4.992,3.7809423329406355,-14.56602340450581,1.9664036452490914,-0.04427167625946885,4.0217787846007775,46.248172949574126,3.9605810277841735,-14.374723159137863,1.9999999999864582,46.285270898900905,1.7335353920632293,0.009326614151194393,0.06144667586187878,0.011526341493855334,-0.25798970015803036,0.0063866868642354965,1.0583815004630188,0.005404247088582006,0.05933608356054399,-0.0017126957389825587,673.3390317539785,691.1777794741791,670.1911155876466,685.152239479366,0.0,0.0,0.0
5.0440000000000005,3.842977647035411,-14.500516884338092,1.9641480112880434,-0.0032232483254064762,3.342325352758755,46.26498883541797,4.0195900406379925,-14.312891470165843,1.9999999999899754,46.285264460956995,1.733819926390792,0.00893983736971601,0.07226729206060467,0.014033336206328406,-0.20540697633171248,0.004972122323429804,1.026165046663926,0.0029740189763362707,0.06817937976143859,-0.0015464836682980423,671.2520897121927,690.892064227365,667.8652232664763,685.9738122429625,0.0,0.0,0.0
5.096,3.904945252358577,-14.435091353318262,1.963514443710566,0.036263875817018947,2.845341197216472,46.27741605105318,4.079274767205856,-14.250224722884342,1.9999999999927374,46.285225833292984,1.7286630080470442,0.008322968978386218,0.0868183208210638,0.011843872745633501,-0.13943349452958112,0.003720709754129129,0.9052586502538146,0.001969532215436889,0.07089695072204544,-0.0013492794878449486,667.9375553593968,688.1403527346514,664.7920200462752,684.0058299505168,0.0,0.0,0.0
5.148000000000001,3.966690584777308,-14.369934861842898,1.9643363441522637,0.06423947453031217,2.5552654523362848,46.286337464678745,4.139583162950407,-14.186803351144203,1.999999999994833,46.28525158506913,1.7198437826730633,0.007502787814070562,0.10316951987628506,0.007376404222853489,-0.06882994451644346,0.0026651120236712276,0.7199172053694185,0.001983023490606901,0.06838845918431918,-0.001149316667234247,663.8595222160554,683.496857688208,661.2513957337738,679.868171703955,0.0,0.0,0.0
5.2,4.0281262517481515,-14.30515691924308,1.9663217952025331,0.07844833657493673,2.472015415559703,46.29262513977959,4.200711905607544,-14.122445351580803,1.999999999996382,46.285409386915305,1.7092101776081297,0.006567981510608205,0.1193470114594605,0.0029391782580703283,-0.0010167546111267574,0.0018143730498700783,0.49885976567885315,0.0023011552723797134,0.06251669016326972,-0.0009665975878620494,659.484695068589,677.7097302208693,657.4584380095412,674.4565383058142,0.0,0.0,0.0
5.252000000000001,4.0892298759398695,-14.240789036961203,1.9690979212639705,0.08089281694953099,2.577651867402067,46.29694651533984,4.2620076704589085,-14.057865177484343,1.9999999999975027,46.28578293208507,1.6985178784819575,0.005615112568871589,0.13372139477368689,-0.0005897492895821123,0.05867168085041603,0.0011418766962727216,0.2700330607707102,0.00261479923408842,0.05289303912896552,-0.0008035539711723357,655.5224927936266,671.2523731868073,654.0300057616907,668.325532706326,0.0,0.0,0.0
5.304,4.150036290844664,-14.176794545421386,1.9722652964006282,0.07453258590643647,2.8384797347352526,46.29975605767426,4.323143342687781,-13.993430229527089,1.999999999998299,46.28633373744216,1.6893213824396898,0.004723404832010254,0.14510214924294268,-0.003130583150983011,0.10496692085369892,0.0006270856395995669,0.05793910400559099,0.0028825301595009163,0.04063740045557655,-0.0006629290830365358,652.3729660676265,664.7956422196318,651.3453397662742,662.1525091390846,0.0,0.0,0.0
5.356,4.210624991382619,-14.113084165178517,1.9754376024468274,0.062127378444548804,3.2074141654475885,46.30135962370263,4.384344727632575,-13.928922315330174,1.9999999999988558,46.287161374279954,1.6828602077581365,0.0039500003132647175,0.15276094444635008,-0.004803915199423091,0.13417844440342994,0.0002457490811335184,-0.11786677178221305,0.0031150737679966414,0.02841270326053265,-0.00054018593409336,650.0908460115667,659.1449156828519,649.4724985261032,656.7541456812221,0.0,0.0,0.0
5.408,4.271104688684846,-14.049534381773132,1.978282644386303,0.046042659002453294,3.6320024719884287,46.301990889070254,4.445308676201192,-13.864675682406716,1.9999999999992397,46.28812435247078,1.6799547541686177,0.0033318427088245583,0.156483307541265,-0.005730715057643369,0.14580453353339923,-2.3198081174206842e-05,-0.2446025896910522,0.0033136834559240897,0.016889874361898302,-0.00043541534756046346,648.8689514976891,654.6961988673552,648.6023633982725,652.5254357851435,0.0,0.0,0.0
5.46,4.331597518164966,-13.98600571326695,1.9805469692959725,0.02829017097800499,4.0612384352527515,46.30187089070378,4.505811639926952,-13.800936211468114,1.9999999999995013,46.289357868807386,1.6809635682547222,0.0028879265674801808,0.1565294362206758,-0.0060290273420825465,0.14068033701903204,-0.00019591940532933584,-0.3166680173988523,0.003488532580310512,0.006743772818960804,-0.000344526419231084,648.7218367613042,651.6802862939509,648.7620061617166,649.7045913356027,0.0,0.0,0.0
5.5120000000000005,4.392224844234809,-13.922358898896839,1.9820712775972273,0.010564166999459026,4.448986067064309,46.30123955125569,4.566842783490776,-13.736670575096088,1.9999999999996767,46.29063645071108,1.6857889307586038,0.0026211418816875437,0.15345316475140064,-0.005806040543006763,0.12147776418041276,-0.000290318108126369,-0.33436277959191485,0.0036267010937393067,0.0012259817246773122,-0.00027063583669566997,649.1608449560345,650.5646235571838,649.4489956548524,648.7537036591917,0.0,0.0,0.0
5.564,4.4530952219754285,-13.858468499371149,1.982792831956259,-0.005779178979671308,4.762786044904814,46.30032893989278,4.62785901817664,-13.672451888831919,1.9999999999997933,46.29214365162817,1.693923973667752,0.0025212403568289944,0.1481052624147344,-0.005180159543523478,0.0935181584155644,-0.00032064851472131156,-0.304001460463881,0.0037289133860346022,-0.0014533143010312458,-0.00020957085350899624,650.2767033695577,650.9342346018237,650.7654385862392,649.2666832297562,0.0,0.0,0.0
5.6160000000000005,4.514296087732221,-13.794232331509772,1.9827385426488109,-0.019763390729958936,4.984482888088053,46.299344145036194,4.688558633325266,-13.608596051328352,1.9999999999998697,46.29525476751401,1.7045865987331468,0.002567413983657575,0.14149434750745163,-0.004286323087996711,0.06105754340769354,-0.00030846664622680023,-0.23632823505221956,0.0038242538701670184,-0.0023985496398308374,-0.00012935216054187589,651.919548381709,652.3305437270146,652.6592299021331,650.8643494088657,0.0,0.0,0.0
5.668,4.575888932563387,-13.72957702804782,1.982008538052405,-0.030767290497794524,5.106024505327713,46.29846235547111,4.749542985348661,-13.544467959754254,1.999999999999919,46.29678457381959,1.716856747795837,0.0027314113844274035,0.1345014493847824,-0.0032334228456311885,0.02712826624421267,-0.00026083624436106775,-0.1431858689007275,0.003854463673317568,-0.0002240719365179944,-9.682816164883028e-05,653.7121639932473,654.755343120642,654.5493296020118,653.3768930418261,0.0,0.0,0.0
5.720000000000001,4.6379068448721705,-13.66446093136319,1.9807548979451672,-0.03850596746593176,5.130105233766995,46.29779789293073,4.810748119216505,-13.480129462862772,1.9999999999999507,46.298439992388005,1.7297747279006284,0.002981282729670677,0.12788495206958544,-0.002135373792299033,-0.0041610994703259446,-0.00019640344572952585,-0.03688496086417303,0.003851449506043379,0.004030972843209406,-7.234290750308283e-05,655.4638553223526,657.720703140198,656.3661146080357,656.4175303487057,0.0,0.0,0.0
5.772,4.700354831228949,-13.59887390957241,1.9791609894513533,-0.043020853115224265,5.070575492047803,46.29740721610224,4.872126520785503,-13.415624012215552,1.9999999999999707,46.29993431725454,1.7424520607369118,0.003284572578601992,0.12232688439707906,-0.0010880325851546318,-0.029825558980076345,-0.00011857187077663256,0.07000182386214648,0.003820041111703479,0.009302830538578534,-6.175361652793022e-05,657.0590188983371,660.8029452648983,657.9795347119032,659.544164059479,0.0,0.0,0.0
5.824,4.7632130183788535,-13.532833988498266,1.9774180193573676,-0.04462715695787469,4.947103392091762,46.29729346549601,4.933660337785683,-13.350963734419347,1.9999999999999831,46.30151562685034,1.7541680073755237,0.003611010231459538,0.11829389358426574,-0.00022670986250765413,-0.04822514531009636,-4.537039148094709e-05,0.1667590343212848,-0.0016894894808475054,0.014792665407328907,-5.342564852406362e-05,659.14586774562,662.8724220101988,658.5155605103854,663.2041581322586,0.0,0.0,0.0
5.876,4.826441621721678,-13.466381452524155,1.9757047358806707,-0.055465753904872,4.782124934309822,46.29730284852158,4.99524911988102,-13.286247757929186,1.9999999999999905,46.30293269678026,1.7644156113882876,0.0039409708634347285,0.11601385848919817,-0.006477754120045041,-0.05941906583666273,-4.90643719027727e-05,0.24541019465499803,0.004328233691976819,0.016796119112177838,-2.302524560832261e-05,659.6294301563923,665.6225545224091,660.7981180766453,664.3356585687476,0.0,0.0,0.0
5.928,4.889983819014504,-13.399568825638129,1.9741723490786736,-0.07497250482755781,4.59059319615487,46.297572761546895,5.056844353566342,-13.22152153543109,1.999999999999995,46.30438839408112,1.772903865152076,0.004386906357598398,0.1153377310880811,-0.0046784957618784696,-0.06729422333329474,7.78222467747444e-05,0.3025620365861337,0.014068531625127955,0.01869167344122792,-4.482472724906677e-05,659.1813332667496,668.4589097782967,663.0578341754929,664.3673040725225,0.0,0.0,0.0
5.98,4.953771510213953,-13.332457029626076,1.972935101389855,-0.05729833336700813,4.380198428153594,46.29854869956686,5.118839953093176,-13.156365886360966,1.9999999999999978,46.30562834858842,1.7794665155675673,0.0049533922782676485,0.11573427419212567,0.014206623840427448,-0.07226794544022533,0.00034118058939196455,0.33976065088937446,0.010202940211708868,0.022445658685138203,-0.00013545650495363354,660.0535331538866,669.2876724760226,662.5795059511559,666.0440354277401,0.0,0.0,0.0
6.032,5.017741723727126,-13.265124944573039,1.9720688955981154,0.01377318577818671,4.162879503139847,46.29990522777964,5.180770332337196,-13.091265472835145,1.9999999999999991,46.30684569708228,1.7840106912344964,0.005246128755256234,0.1168612889454306,0.02837197862267537,-0.07296138683652557,0.00044514125004716193,0.3579182686272677,0.002230690156543985,0.022943287886461727,-0.00017637501072562218,661.4814892673792,668.5976004399116,661.6280492606118,667.487275214774,0.0,0.0,0.0
6.0840000000000005,5.081845474625076,-13.197669836765936,1.9716145058274068,0.09898508375206441,3.9468304837364787,46.30090773003626,5.243026306700473,-13.025804439924148,1.9999999999999991,46.30797620753028,1.786549637746197,0.004861985518728413,0.11836410880357766,0.0268831783791734,-0.07199198486818442,0.00036830436829914483,0.35919435794446364,-0.0012236306283915262,0.024986445091885336,-0.00014585624497128567,661.5793164097885,668.2975451803443,660.8282002172189,668.2428122356731,0.0,0.0,0.0
6.136,5.14603905265027,-13.130192851510683,1.9715806972431302,0.1622539070997749,3.7380767092074705,46.30131703125347,5.30583627491312,-12.959742329500255,1.9999999999999991,46.309467386701456,1.7871533023764847,0.0037651102972272943,0.11987182721092897,0.016889228103440766,-0.06819009270482104,0.00026235490968125514,0.3469343529327633,-0.0012341224441415593,0.02872640953630585,-8.49663268055791e-05,660.6121926352818,668.3899346832213,660.0256376082117,668.5046719568834,0.0,0.0,0.0
6.188000000000001,5.210274658972539,-13.062785037488073,1.971949434360023,0.1923917068878255,3.5494708933064874,46.30137037480944,5.3691411978790695,-12.893148715035407,1.9999999999999991,46.31125800095753,1.785947478439392,0.0021849976245108304,0.12132562364210135,0.005075252096383634,-0.05917245952751084,0.00019212755882007824,0.32227420388616057,-0.005333812804937657,0.03258787810055713,-2.3529352862573875e-05,659.9443766091165,667.662825513312,658.3579107953186,669.0986879101038,0.0,0.0,0.0
6.24,5.2745001085780965,-12.995518539958319,1.9726800694452093,0.17678082079033786,3.397661772869259,46.30128578217573,5.432329534867347,-12.826681024115787,1.9999999999999991,46.31382804039319,1.7831762070246768,0.0004303897650771195,0.12285318054848889,-0.011173075595825609,-0.044818711482975795,0.00014473620484205875,0.2852425905367171,0.005249263853521383,0.0341237308854261,4.854016946251034e-05,657.2369879856718,668.4040990061376,658.8714174740442,667.0591104320039,0.0,0.0,0.0
6.292,5.338661217247917,-12.928438661321126,1.9737106772015627,0.14131312094494267,3.2939148375457137,46.301727298096964,5.4957885911371145,-12.759952052172087,1.9999999999999991,46.316803961095,1.7792214606696397,-0.0011044990836898082,0.12445133398018766,-0.01099826762984368,-0.027846586598510727,0.00033259414739873327,0.2378410485353859,0.0048587802698526715,0.03462792011762553,3.23416989432702e-05,656.1500448368347,667.3673755398798,657.6305456490664,666.0860518646194,0.0,0.0,0.0
6.344,5.402712895596011,-12.861567554421965,1.9749606057870799,0.11402187852679525,3.2424930798706653,46.3028871271285,5.559238448300978,-12.693273766738578,1.9999999999999991,46.32061066204924,1.774542641681141,-0.0023254394212004086,0.12597153894806462,-0.00827851089240974,-0.010119480134435897,0.0005033802309642877,0.18410612356975964,0.0033753258725653353,0.03353997398276161,2.459718941987186e-05,655.3117933540892,665.8175995899215,656.3478755743669,664.9315243821986,0.0,0.0,0.0
6.396000000000001,5.466629270459652,-12.794911541138806,1.9763369591815811,0.09013968122167215,3.2422168121086483,46.30462870395251,5.623405514595972,-12.625901424262901,1.9999999999999991,46.324588188586375,1.7696175259208524,-0.0033074893314678977,0.12722750369226163,-0.00818245601223665,0.006515809641249754,0.000645300975764305,0.12884328827592406,0.0029685581351294966,0.033005125368738474,1.8820736414659463e-05,654.2185751183514,664.4753130072411,655.123557882978,663.6867621043878,0.0,0.0,0.0
6.448,5.530402367321407,-12.728461071674873,1.9777415891915997,0.06234888417536176,3.289651762204529,46.30675967017763,5.687328907768122,-12.558847505920914,1.9999999999999991,46.32933226538889,1.7648947883346078,-0.0040728614775131485,0.1280927910797981,-0.011459906902682268,0.022019613192043284,0.0007316146883032619,0.07644283699002608,-0.0017463392803439334,0.030366390764304252,4.104397053928481e-05,654.086418073342,662.2610500429456,653.6990864638278,662.8697759764261,0.0,0.0,0.0
6.5,5.594037774664853,-12.66218942154734,1.9790799813076385,0.014024780217471675,3.3779774196263035,46.3091262881598,5.751696230237468,-12.491397063702072,1.9999999999999991,46.33404400361014,1.760781705132159,-0.004562971768969407,0.12850801813007257,-0.017160835674483163,0.03429217857597624,0.0008484359739765699,0.030523865579726195,0.007668573198205613,0.027978916856733066,4.659236322537781e-05,652.0669044776068,662.2643748929231,654.4041817018673,660.2129802537386,0.0,0.0,0.0
6.5520000000000005,5.657548751349189,-12.596051960702455,1.9802673509589557,-0.024525208573954144,3.496482455798155,46.31205340980312,5.81605195447067,-12.424023067667216,1.9999999999999991,46.33942572445935,1.7576072466742272,-0.004627438080109651,0.12839858490304296,-0.009725585894662023,0.042938774086519964,0.0010888155172211482,-0.005452456081956436,0.006092774981033531,0.024989954092578922,9.309756257806664e-06,652.0100847478785,660.9112889785092,653.7904599160447,659.2017792270422,0.0,0.0,0.0
6.604,5.720960350652993,-12.529997064528331,1.9812346783992631,-0.04150783872218579,3.6335015067254126,46.31553629456531,5.880545852853277,-12.356562085265706,1.9999999999999991,46.3445078613394,1.7555974176831064,-0.004401470125469709,0.1277719921234073,-0.0036196636717154744,0.04748821149266027,0.0012602382524440291,-0.02933460436515234,0.0044580944543542965,0.02215511214617641,-2.0569921337401837e-05,652.2089066090143,659.8352629000469,653.435097883543,658.50680100996,0.0,0.0,0.0
6.656000000000001,5.784309966952221,-12.463974035807297,1.9819337644214936,-0.04664319696818792,3.7766688770800028,46.31939592465703,5.9447149641493695,-12.289485355519393,1.9999999999999991,46.35004109708104,1.7548678210516058,-0.004063396118215469,0.12669345081884748,-0.0009317237679035542,0.04776553769093196,0.0013780623080946164,-0.04020401984469624,0.0038148566914561915,0.018728553438445428,-2.9428993339289042e-05,652.6169192790458,659.0787395166416,653.6326027106006,657.9079551721921,0.0,0.0,0.0
6.708,5.847640656986481,-12.397934492574004,1.9823394390234497,-0.04712001822925039,3.911982615403795,46.32354404499726,6.008367640976776,-12.222979025265555,1.9999999999999991,46.35513626125236,1.755420873290213,-0.003703911946847905,0.12519345789713682,9.326548779126452e-05,0.04310673165305928,0.0014617644946309416,-0.03753796995131231,0.003705765156226084,0.015007181276518827,-4.088275526900468e-05,653.2964771084187,658.6592737407979,654.2477619958385,657.4870916668051,0.0,0.0,0.0
6.76,5.910994433408652,-12.331834492580022,1.982450264399225,-0.045415604384004875,4.024233961955972,46.3279716169936,6.071981016207759,-12.156530695514459,1.9999999999999991,46.360620986017295,1.757131842350022,-0.003358387584205709,0.12326675640387456,0.0007101146041778277,0.03337679057270797,0.0015410466782977,-0.021223108454842876,0.0037196084935209026,0.012934169560877057,-4.8491427344751905e-05,654.0138120797552,658.7834285508948,654.9467938333544,657.5863609610914,0.0,0.0,0.0
6.812000000000001,5.974406838060285,-12.265638355373788,1.9822887356983288,-0.04195193121869863,4.101591062495259,46.33266689250818,6.135788404060536,-12.089884097390522,1.9999999999999991,46.36566779048868,1.7597430550048265,-0.003044301936434477,0.12097074441290781,0.0012742597557308683,0.020774930013168286,0.0016049480753970822,0.007468761162527038,0.0036960002574348196,0.012939553272009635,-6.50858646824431e-05,654.7139503036908,659.4733079896324,655.5929005858292,658.2381568631629,0.0,0.0,0.0
6.864000000000001,6.037903297448158,-12.199322089832291,1.981899368051149,-0.03693759153058271,4.13997119132906,46.33753422795591,6.198815367081502,-12.02404761677847,1.9999999999999991,46.37110760384346,1.762909015073678,-0.002773578133091151,0.11853638051995903,0.0017395420531793042,0.007381159038446129,0.0016555288891653146,0.044849881260492275,0.0036188295965786437,0.012248146491600337,-7.229200112031519e-05,655.6865701408501,660.2201097750999,656.5220590191625,658.9883848912099,0.0,0.0,0.0
6.916,6.101497627166137,-12.132874807109738,1.9813439113403652,-0.03085214556599537,4.13709355709175,46.342571596448735,6.261829742816267,-11.958210701514487,1.9999999999999991,46.38159422174965,1.7662623680660325,-0.002558763862414823,0.11613814281204497,0.0020141203446262077,-0.006603688297289187,0.0016909634208052422,0.08723206319375865,0.0034777004885260237,0.013128803759365024,2.6656803103093044e-05,656.3886617998942,661.1277036462974,657.458046728033,660.2118864987251,0.0,0.0,0.0
6.968,6.165191205656231,-12.066299286845956,1.980694845331473,-0.024305228924754608,4.0943313440192926,46.3477622138027,6.325177496787332,-11.892005818682737,1.9999999999999991,46.38667007296816,1.7694274662456155,-0.002407065951079044,0.11392982604659015,0.002084754067787146,-0.019219871654950545,0.0017268425532155182,0.1307826213438521,0.0034028687931096885,0.015995061867438338,1.0583702325574261e-05,656.9659331781866,662.493420150395,657.968350432993,661.5563484260525,0.0,0.0,0.0
7.02,6.228973225545074,-11.999611326023041,1.980028610355912,-0.01789483702783366,4.020246132018509,46.353031077188724,6.38843747841853,-11.825870488190578,1.9999999999999991,46.39224193705985,1.7720627051788973,-0.002318570922112638,0.11214546208568632,0.001960198915561986,-0.028127483084268885,0.0017499837370362026,0.17074850280069853,0.0033567061970565647,0.018877575380493228,7.768054784891912e-06,657.4252098824287,663.7526806172713,658.4059307755314,662.822717185183,0.0,0.0,0.0
7.072000000000001,6.292822997793366,-11.932836939270942,1.9794177673247824,-0.012142713779913335,3.9271010871061893,46.35838769058113,6.451964174198127,-11.759431948217665,1.9999999999999991,46.397469151352475,1.7739228986261264,-0.0022905167442943777,0.11100273874892383,0.001686916238024488,-0.03273660355350575,0.001768940553948118,0.20265803313436503,0.003321543723264947,0.022186812983815186,-2.4607232700069558e-06,657.6451875254188,664.8969123687702,658.5871553448403,663.9503474499512,0.0,0.0,0.0
7.1240000000000006,6.356713531970076,-11.866008271753294,1.9789229862062347,-0.007388407809317778,3.8284258983495545,46.36377175363715,6.515403189324679,-11.693061273737378,1.9999999999999991,46.403256912400494,1.7748833188745974,-0.002313298453226662,0.11063099445298219,0.001317232380178502,-0.032819507985773426,0.0017928188417226745,0.22328683417977913,0.003314872889129552,0.02454372689860312,-3.4793882358090053e-06,657.7315628453015,665.6464315825285,658.6686763043014,664.7000194024391,0.0,0.0,0.0
7.176,6.420615592401609,-11.799159120430145,1.9785869581154394,-0.0038363493160396755,3.7360519867104873,46.36922488745154,6.579069481399552,-11.626429396608767,1.9999999999999991,46.40872577451795,1.7749435231325728,-0.002378141108914521,0.11102446277100293,0.0009041322768153532,-0.02927939318047456,0.0018133695498119533,0.23131397671797216,0.003312123871566763,0.026639041260643252,-1.1301656033722754e-05,657.5867294758093,666.0941668667961,658.5015513640164,665.127672106625,0.0,0.0,0.0
7.228,6.4845014078010195,-11.732320912756858,1.978430716480719,-0.0015402538440175222,3.659668583816572,46.3747243137028,6.642658861570913,-11.559856692572257,1.9999999999999991,46.414819402089705,1.7742044821618017,-0.0024724707551548554,0.11207432032809028,0.00048186902995271273,-0.02287669358055567,0.001848659702434233,0.22712586102007104,0.0033335253874477917,0.027552877485989568,-1.2565020801473932e-05,657.3327384676921,666.1074200243692,658.2505172516214,665.1314237778879,0.0,0.0,0.0
7.280000000000001,6.548347721262802,-11.665519474131804,1.9784535968978851,-0.0004484553960026926,3.605279067614672,46.3803022177411,6.706425246040387,-11.493079128941037,1.9999999999999991,46.4206071640769,1.7728442143535221,-0.002585783485350794,0.11358395625914186,9.810221915551735e-05,-0.014918100042459307,0.0018722011303908656,0.21266844236692561,0.003349351059676052,0.02804739259626538,-1.74884346871151e-05,656.9241673357849,665.8483364076208,657.8333583325074,664.8539493118958,0.0,0.0,0.0
7.332000000000001,6.612137794582308,-11.59877296811215,1.9786357721881138,-0.00041650001149177914,3.576037910790819,46.38593903867404,6.769829203728971,-11.426664284652826,1.9999999999999991,46.42707119163222,1.7710826038810186,-0.002706596674065438,0.11533679285645651,-0.000238472106165817,-0.006378101422001318,0.001894233369146808,0.19069977094224067,0.003373774614571413,0.02684145813786351,-9.124875292758984e-06,656.5808868056115,665.175825053821,657.5207865444509,664.1965352821127,0.0,0.0,0.0
7.384,6.675862395951094,-11.532090964257314,1.9789427002810056,-0.0012612499441874878,3.57008049978408,46.3917227069324,6.833233576362209,-11.36023373157486,1.9999999999999991,46.43321977856505,1.7691547457597583,-0.002827506767756464,0.1170570755114337,-0.0005049171955311966,0.0006913690269788031,0.0020137192047648563,0.16503382012673473,0.0034071136319847426,0.02551214646100866,-4.583517961881248e-05,656.2425687162753,664.475328718858,657.0903767388486,663.3844151722556,0.0,0.0,0.0
7.436,6.7395192786801905,-11.46547511768893,1.9793307081796394,-0.0027384579996667094,3.581630181504393,46.397714383046456,6.896866600408728,-11.293549754569058,1.9999999999999991,46.44010256854329,1.7672624713633194,-0.002945175710531518,0.1184633044928312,-0.0006965512612929284,0.0058322183091560455,0.0020139344102984456,0.13983625710433745,0.003437241066447157,0.024872764234516676,-2.824578905569235e-05,655.7467878963816,663.8131768825097,656.6528262790193,662.7611402483552,0.0,0.0,0.0
7.4879999999999995,6.803111583703154,-11.39892100542869,1.979754599182555,-0.004672651957959367,3.6065071209268127,46.40373115785033,6.960687502322103,-11.226656458476231,1.9999999999999991,46.446653744840546,1.765550191854753,-0.0030471779722134203,0.11944377586915562,-0.0008167249687107121,0.010011198180931425,0.0020414042261519666,0.11765369681067717,0.003457721061903166,0.024485976618765323,-2.7951929485402075e-05,655.3121692810964,663.2800296212426,656.2254932931985,662.222143291852,0.0,0.0,0.0
7.540000000000001,6.866646589150369,-11.332419579181948,1.9801729538842283,-0.0068331097801047486,3.6426623575437334,46.409846354077395,7.024119906463464,-11.160159215095982,1.9999999999999991,46.45397461030432,1.7641259077994331,-0.00313269364333313,0.12004466486501378,-0.0008708078937400391,0.013381923335510124,0.0020833590026392667,0.09936069777924006,0.0034777938248461526,0.02281746199039143,-1.909353404508211e-05,655.1404894836215,662.642915257195,656.0844847265525,661.6027809573164,0.0,0.0,0.0
7.5920000000000005,6.930134971759208,-11.265958088066522,1.9805509046247762,-0.009030811175606777,3.685244293115713,46.41612806044525,7.087584432544027,-11.093617084995326,1.9999999999999991,46.46092837518863,1.7630754544126668,-0.003202387933596098,0.12027172340336309,-0.0008658097037474981,0.014589859477648553,0.0021456464086025023,0.08602116092017642,0.0035003498891046374,0.021544146518555518,-2.868345081526031e-05,655.050736318882,662.1991957968471,655.9746027367227,661.125436124592,0.0,0.0,0.0
7.644,6.993589363687506,-11.199521717228734,1.9808619561560838,-0.011109941842406813,3.727819216318621,46.42257916703882,7.15126511543396,-11.026836805433954,1.9999999999999991,46.46869705495802,1.7624341883159702,-0.0032566548795859166,0.12010149757477617,-0.0008108799069011203,0.013887880797093822,0.0022097525180827227,0.0787191477788296,0.0035184384164642633,0.021245812276760746,-2.5629268647820483e-05,654.9392747517237,662.0093607478964,655.8769947725946,660.9385943557804,0.0,0.0,0.0
7.696,7.057022497472722,-11.133095639231822,1.9810896700066654,-0.012930154359248934,3.7669410278998474,46.42921238330332,7.214985271261347,-10.960003367917611,1.9999999999999991,46.47608889653487,1.762181919105301,-0.0032975114577316568,0.11962023666341257,-0.0007184307657968571,0.01259939994666015,0.0022661358405384985,0.07713785470381374,0.0035151228475676813,0.021108835699577343,-3.131946002818208e-05,654.946773914794,661.9769401488911,655.8676746708323,660.891326643797,0.0,0.0,0.0
7.748000000000001,7.120446173058154,-11.066666182283138,1.9812280175177057,-0.014460151010407913,3.801822196886271,46.436026568152194,7.278726977556789,-10.893134650152433,1.9999999999999991,46.48432453827398,1.7622746920030736,-0.0033274297122035112,0.11899123702439607,-0.0006246756656147781,0.011022865507776999,0.0023315306815449312,0.07986897963513373,0.0035262450142961796,0.021019801941351317,-2.6636905603271213e-05,655.025855968425,662.0330589720035,655.9628816513286,660.9573239798326,0.0,0.0,0.0
7.800000000000001,7.183870930511938,-11.00022120048589,1.981279612456569,-0.01566445607230288,3.831599387548893,46.443028442125666,7.342348644425279,-10.826378373136615,1.9999999999999991,46.492157758767895,1.7626631062116704,-0.0033495562458963984,0.11833224937015877,-0.0005191040660725114,0.009258833747844624,0.0023889953757532073,0.08567491937848959,0.003517291840885897,0.020643578806260214,-3.126431719727924e-05,655.228929591894,662.1246329586843,656.1502093921589,661.0387976507592,0.0,0.0,0.0
7.852,7.247305780846706,-10.933750370633739,1.981253402337446,-0.01656981259022117,3.85536551164703,46.45026816757582,7.405989694623276,-10.759586797449332,1.9999999999999991,46.50089915291575,1.7632932556331409,-0.0033682358191431208,0.11772054218120967,-0.0004311458169791738,0.0069977194042800585,0.0024690920572768083,0.0935126779118911,0.00352450842902572,0.020517534890632554,-3.0332968832963176e-05,655.4291796823388,662.289069747427,656.3548390948977,661.2040273759842,0.0,0.0,0.0
7.904,7.310757877372721,-10.867245522364337,1.9811626387556156,-0.017202011029464948,3.87181986050511,46.45771417269406,7.469457544202856,-10.69296113916896,1.9999999999999991,46.50920907528392,1.7641032353081598,-0.003385448387430081,0.11717641652386179,-0.00035129461137337276,0.0044749033868069655,0.0025325360368718534,0.10276090858428066,0.003513209965841273,0.020167170927859312,-3.6522302163271116e-05,655.7028382183656,662.4572706296881,656.6076472644098,661.3586096502099,0.0,0.0,0.0
7.9559999999999995,7.3742321191309195,-10.800701032102982,1.9810233268885715,-0.017634354364422688,3.8798682686729733,46.46535726168536,7.532483052556652,-10.626783174874303,1.9999999999999991,46.51850475819869,1.7650233682964551,-0.003403066673666609,0.11671243920733561,-0.000298437356430228,0.0013044462976887624,0.002605706087866398,0.11278519036583146,0.0035079665535703956,0.01916932239627943,-3.000036344163662e-05,656.064652128207,662.5308336231425,656.9856082595016,661.451808379243,0.0,0.0,0.0
8.008000000000001,7.437730687125736,-10.734114192000575,1.9808531709890334,-0.024053539062420443,3.876364609109738,46.473173850666946,7.595598981178992,-10.560491810953417,1.9999999999999991,46.52734931834424,1.7659729504602901,-0.003427196567287435,0.11625061085134951,-0.006042004876159236,-0.0029514707358550578,0.0026020200349236742,0.12378659188433616,-0.0015438443451612992,0.019255222399003933,-8.38783618618144e-06,656.9897696919877,662.0383195585172,656.5245113886186,662.4534187009647,0.0,0.0,0.0
8.06,7.5012495278890166,-10.667483556418112,1.9806711872084062,-0.053964712675121776,3.8601509155227256,46.48106611989382,7.659084781096467,-10.4937918485135,1.9999999999999991,46.537250449415325,1.7668447526301985,-0.0033499993514973076,0.11576454919504955,-0.009502799796175358,-0.006996193998786329,0.002708499809468464,0.13541534483860573,0.008751022350700619,0.02072959372630057,-6.680663118941062e-06,655.5551873880128,663.9554334164901,658.0413492829359,661.4545773822662,0.0,0.0,0.0
8.112,7.564775005234128,-10.600806288006519,1.980497418142969,-0.07224115533017174,3.83493154163267,46.48945791681193,7.722441767794983,-10.427206613006348,1.9999999999999991,46.54664912932134,1.7675305397917758,-0.0030395116720121967,0.11535985788457133,-0.00659801726811048,-0.009201177608494687,0.0028156383781653377,0.14598933484800947,0.001079009760977188,0.02174208640204056,-2.595546358760746e-05,656.7624864957875,663.2626255724833,656.9990607676816,662.885158803267,0.0,0.0,0.0
8.164,7.62829265205374,-10.534084284012726,1.9803509482656287,-0.08936925258061805,3.806381090178509,46.49819243441089,7.786050393035175,-10.360332872690199,1.9999999999999991,46.55699477463926,1.7679643848683333,-0.002575786895802192,0.11516650887774996,-0.002703740753793176,-0.00961470586305427,0.0029782818930317377,0.15361645260799373,0.008585491866230777,0.02302714754407305,-5.302610066120809e-05,655.7003464080888,664.7020106068704,658.0099489315664,662.1230335626176,0.0,0.0,0.0
8.216000000000001,7.691789135575081,-10.467322613909392,1.9802468042426915,-0.07725777561736272,3.7797325725597344,46.50746687930074,7.849456242161145,-10.293645049697682,1.9999999999999991,46.57695535793161,1.7681322558946033,-0.0020230844799873056,0.11524748090679338,0.007626718652656031,-0.008331954835100346,0.003128486889209533,0.15719296528735738,0.004616747336259955,0.023348221518711194,0.00011167058992854386,656.0631669672455,664.0280379170119,657.6951728282045,663.0276452494622,0.0,0.0,0.0
8.268,7.7552600958679845,-10.400533785698828,1.9801936748980933,-0.046159925731735205,3.7584769210719213,46.51703114650513,7.913051490236655,-10.226724046942175,1.9999999999999991,46.58656037738952,1.768066249753226,-0.0016379572079919095,0.11558533801187645,0.011039225756861512,-0.006221589936453742,0.003185284676694035,0.15660901262126448,0.0024588087605544127,0.02384774717724551,9.065966852514349e-05,656.3086397054211,663.801063110757,657.2647352838505,663.3542130196442,0.0,0.0,0.0
8.32,7.818709035357447,-10.333734480412229,1.9801930150388625,-0.014819496198679923,3.7446290076425797,46.52663413288652,7.976313766446487,-10.160115838958653,1.9999999999999991,46.597176912357384,1.7678252386034305,-0.0015440614074414285,0.11610993591772452,0.009404627427558057,-0.0035675245661668476,0.0031767785362320938,0.1525051826969881,0.0019551291096761075,0.023202998219208213,0.00011351868862769705,656.3442967384327,663.5110149280283,657.2198489768994,663.2697565055296,0.0,0.0,0.0
8.372,7.88214191900121,-10.266939226201337,1.9802396619955835,0.00831312348411941,3.737606663732105,46.53625000254119,8.039357893761789,-10.093695932527117,1.9999999999999991,46.6073715510118,1.7674825207082694,-0.0017179014308714568,0.11670197761637661,0.006252358250228176,-0.0017344701900641798,0.0031938599813708364,0.14621811131281248,0.0021220532794779877,0.022198773228968263,0.00011807392647500927,656.3148314841242,663.2445839398101,657.2508392056534,662.9684557604595,0.0,0.0,0.0
8.424,7.945564014559892,-10.200157792129776,1.9803237684048867,0.02211163332504752,3.733613347483576,46.54594799307097,8.102565766949953,-10.02706101987565,1.9999999999999991,46.61907041049782,1.7670966286574525,-0.002080235537857617,0.11718241389517023,0.003184192336541909,-0.0011658618171534096,0.003238079220557593,0.13982301089791016,-0.005768444280046994,0.022101768723373987,0.000142085667686572,657.280363360746,661.9354426641986,656.0244441212413,663.9629513558866,0.0,0.0,0.0
8.476,8.008978014126539,-10.133395463715477,1.9804338638739736,0.009785501226668856,3.7307336285057593,46.55560897570535,8.166076870087144,-9.960066634146576,1.9999999999999991,46.630598781394625,1.7666901709163452,-0.002542148891528616,0.11747678768114764,-0.010599560742362988,-0.0007013128899473475,0.003168362959291209,0.1344188709828773,0.007866878380248568,0.02282097752159906,0.00020485802693581112,655.0147888161731,663.7638806150995,657.8382030083541,662.0978704904206,0.0,0.0,0.0
8.528,8.0723787655176,-10.066649105888777,1.9805594743349417,-0.022078335831703478,3.7306346790592677,46.5654900780474,8.229263028708031,-9.893381506316855,1.9999999999999991,46.6439370351822,1.7662737446705354,-0.002825640569749312,0.11766015516977113,-0.007978650507517048,0.0004950664257573798,0.0033818623948804207,0.12960248858416468,0.007994699966975893,0.02242736275416345,0.00019722187855940597,654.9558175976841,663.6303978107528,657.7947958989422,661.9066633732692,0.0,0.0,0.0
8.58,8.13575669369449,-9.999909635193035,1.9806914488339795,-0.027492818557050623,3.7336466372629964,46.57613771950861,8.292378566907253,-9.826741419025089,1.9999999999999991,46.656924753114254,1.765874259118211,-0.0028785490905322824,0.11777693376625956,0.0013787492560934035,0.0012497939211500637,0.003644645184289751,0.12523009878325775,0.004565060504981521,0.02194586041576472,0.00014847584794861659,655.4882573743064,663.0478973448239,657.2092780378679,662.1623082169167,0.0,0.0,0.0
8.632,8.19911046073952,-9.93317389577605,1.9808216346516094,-0.015447087392759873,3.7375386409989644,46.58733113005293,8.355674994154368,-9.759883095391967,1.9999999999999991,46.67165504283118,1.765515034644143,-0.002936266022871589,0.11778230517320949,0.004608510175892576,0.0013113383468615436,0.003829241815342095,0.12200417530189855,0.0027428200279110884,0.02217586656884099,0.0001528537016403958,655.6397887587564,662.7462093449951,656.85126548862,662.3896755973486,0.0,0.0,0.0
8.684000000000001,8.262444895082695,-9.86644387549088,1.9809434881431451,-0.002758061569543338,3.7418078985616345,46.59892850014168,8.41917744990656,-9.692779997104466,1.9999999999999991,46.685960125636285,1.7651994470508694,-0.0031209376636485487,0.11769026946361068,0.002679378699880484,0.001662841559262742,0.00393282219232441,0.11999732100333627,-0.006081717456236992,0.022839228100586757,0.0001695917858850325,656.7423062726091,661.521728964889,655.4722135668624,663.7150065689957,0.0,0.0,0.0
8.736,8.325764836060857,-9.799721140086325,1.9810525948257596,-0.02122086951549089,3.74853834193884,46.61062479760971,8.482621746306428,-9.625710553130997,1.9999999999999991,46.70244935839931,1.7649315282356817,-0.003399071274542206,0.11759987584712603,-0.013022903834563029,0.0027099452005130403,0.0039731928936282985,0.11837743367155795,0.00030596188467685564,0.02297606453656401,0.0002523887621326251,655.6587964644599,662.3006161770372,656.4496704017552,662.9100584341389,0.0,0.0,0.0
8.788,8.38906625528,-9.732997391932393,1.981145915082022,-0.07394746773452625,3.758886440710624,46.62276043583227,8.546439026608615,-9.55821695114788,1.9999999999999991,46.7186425023898,1.7647338119030436,-0.0034494254603310696,0.11756740199583952,-0.01796842384124793,0.004069687060864009,0.004235301449256239,0.11668921950152167,0.013452722922449712,0.023740644460084552,0.0002391558957564117,653.6462627398176,664.2571150566642,658.168468551924,661.1004596716845,0.0,0.0,0.0
8.84,8.452336689289242,-9.666254107688896,1.9812206921315698,-0.09637249763268524,3.774733054717082,46.63606360061387,8.61012784279551,-9.49082879037288,1.9999999999999991,46.73702936016696,1.7646386432427654,-0.0030735327683085686,0.11765344276005667,-0.0003661778053938126,0.00622427311919233,0.004692976761572603,0.11442598463960785,0.008043493463961113,0.023609194065840375,0.00017569856270125366,654.4867205259998,663.5161967779745,657.2818261880223,661.7188524061811,0.0,0.0,0.0
8.892,8.515573900399886,-9.599479171873242,1.9812737477618538,-0.07394260336658533,3.797075310888844,46.650399328230314,8.673525937221399,-9.423714411039315,1.9999999999999991,46.75454669071114,1.7646960414511028,-0.002619975080746999,0.11788612483349173,0.01072044767554477,0.008242438538228586,0.0049492411301044655,0.11141411061466222,0.0032835515153084556,0.02241144382721175,0.00014625086308176342,655.3238722034666,662.6539533250951,656.6723667731909,662.125638991582,0.0,0.0,0.0
8.944,8.578791570493307,-9.53267183912196,1.9813008847537568,-0.037763947856825054,3.8227954898272976,46.665391871406825,8.736744615335914,-9.356749018643704,1.9999999999999991,46.774158068068495,1.7649591259887043,-0.0024291836917201296,0.11816342315183712,0.011556537687518097,0.00856958779231353,0.005155680363628218,0.10879320932368897,0.0016650573956374856,0.021103517581221677,0.00016454324705234772,655.6691149876964,662.1650761575781,656.6045647770973,662.1465753812057,0.0,0.0,0.0
8.996,8.642009144771452,-9.465835041337096,1.9812978659361393,-0.008044185695722156,3.846002387110534,46.680876795286935,8.799838485533218,-9.289868059882691,1.9999999999999991,46.793186445277875,1.7654447206288242,-0.0025725201865209645,0.1183220193131393,0.008085218712368487,0.007046607369132926,0.00530043473574851,0.10830735934252966,0.0016297615876540916,0.02011695757074127,0.00018305795474020137,655.7878545251414,661.9925296734451,656.764562998645,662.0351688060905,0.0,0.0,0.0
9.048,8.7052432860906,-9.398970702601792,1.9812629783621731,0.009994323078658137,3.861900444735133,46.6968600300297,8.862461214542902,-9.223435244440218,1.9999999999999991,46.81530772510729,1.7661178185754132,-0.0029731051948110277,0.11827790711539732,0.004144141521184895,0.003903396311846178,0.005499990939554904,0.11083956889466617,0.002016663334315402,0.018722597502804753,0.00023509206345444827,655.9225085547173,661.8398213405144,657.1544808356944,661.9162793305729,0.0,0.0,0.0
9.1,8.768504401315594,-9.332079483180031,1.9811990384304141,0.017630519830435,3.8651036313844895,46.713643032697235,8.92515576648318,-9.156870390856671,1.9999999999999991,46.83754506236935,1.7669006165911392,-0.0035328938559453294,0.11795762104206445,0.000979399525273026,-0.0010131175019821056,0.005774949458360627,0.11702374096565471,0.002383461798242603,0.018650945561010737,0.0002454403635556181,656.005226657876,662.0056188541206,657.3707271514461,662.0064743844227,0.0,0.0,0.0
9.152000000000001,8.831795470968686,-9.265162743057841,1.9811146167317213,0.01745781076522964,3.8528458527213783,46.731441092001425,8.988156622384555,-9.089923017472392,1.9999999999999991,46.86411895280216,1.7676691415601327,-0.004167461250146449,0.11737125033122112,-0.0013235943206721598,-0.0061207611120200085,0.006148723309202964,0.12648683152070106,0.0026524669906242766,0.02012259740828031,0.0002882212340484375,655.9028337021332,662.3983445824897,657.4644334943816,662.4409070674814,0.0,0.0,0.0
9.204,8.895112199982021,-9.198224175273781,1.9810239509544771,0.011708400640171155,3.8282860793153155,46.75033335422562,9.051146167033146,-9.022932001958482,1.9999999999999991,46.89128269420035,1.7682856265961244,-0.004813323100584586,0.11668730527133644,-0.0029811830157348207,-0.009381045154058566,0.006524492870698161,0.13711486211648305,0.0028269639452606563,0.02155317198467383,0.00031972771880797425,655.8568259191555,662.8081891054316,657.5560193658637,662.8881177294882,0.0,0.0,0.0
9.256,8.958444735872884,-9.13126956195077,1.9809445039789997,0.001996114226431297,3.797907975761819,46.77068847315543,9.114297003668023,-8.955711780364588,1.9999999999999991,46.92405260726239,1.7686527993005399,-0.005433505564974413,0.11613070966625597,-0.004128983754270893,-0.010497993216265846,0.0070546320661189,0.14613453119366193,0.003013584478885398,0.023091082101339217,0.00038031678367382886,655.7150256510514,663.156926157068,657.6363762510126,663.3508901458858,0.0,0.0,0.0
9.308,9.021780152229612,-9.064305312767267,1.980892660192087,-0.010197491096208688,3.7679942861248668,46.79264566991538,9.177284547443858,-8.888606870631591,1.9999999999999991,46.9578184956337,1.768734538994498,-0.006001121250578566,0.1158408609819553,-0.004831289928034316,-0.009505875633535667,0.007594526217539699,0.15164759224913982,0.0031240065521596747,0.023714268678587277,0.0004246570927760918,655.6598057604238,663.3102737035093,657.7361205756614,663.595053623774,0.0,0.0,0.0
9.36,9.085104854313995,-8.997336923427852,1.9808800798540105,-0.02369892359305152,3.743434237345902,46.81667132097867,9.240423650315787,-8.8212744299474,1.9999999999999991,46.99871162679903,1.7685523362825861,-0.006509995716040334,0.1158636016310517,-0.00514716489743614,-0.007283388624239674,0.008312618938500863,0.15282701583297542,0.0032385127872234585,0.02435086563166576,0.000508220615304314,655.4526459613337,663.3184088539825,657.7946002769011,663.8008920841486,0.0,0.0,0.0
9.412,9.148406464004522,-8.930367800524236,1.9809113896735115,-0.03741975732695732,3.7270935028303556,46.84291127564696,9.30331597898869,-8.754133208983424,1.9999999999999991,47.04111029023204,1.768166785755244,-0.0069571805284288635,0.11615274225859092,-0.0051697086526780065,-0.00423336061067956,0.009070784586994571,0.14997645296931017,0.003257871253930286,0.023994440385854673,0.0005622816291866028,655.355721536492,663.1270849241927,657.8537831683589,663.753116660517,0.0,0.0,0.0
9.464,9.2116750568422,-8.863398665394488,1.980984052254191,-0.050350543955555715,3.7198715690690154,46.87088331239786,9.366443104945597,-8.68665294521466,1.9999999999999991,47.09333298490854,1.7676605378213206,-0.007331361412271513,0.11661705045489257,-0.004661951648142327,-0.0012425328610733515,0.009459506684277853,0.144072567826675,0.0036357254838381503,-0.007032206202002121,0.0008803302431429545,659.162316548435,658.1929353605381,662.6312836045114,659.5977985334289,0.0,0.0,0.0
9.516,9.274903367089905,-8.796428121109118,1.9810895828923762,-0.060778899316131466,3.688488401747607,46.89985500118928,9.429745375386425,-8.618881242513554,1.9999999999999991,47.1235418807305,1.7671236630308094,-0.007618898497914191,0.11633796367115605,-0.0037835575360511547,-0.02215839329033143,0.009684694378555628,0.14442183761801086,0.0032993516660533287,-0.048853200322051205,0.0007946951326710841,665.2605434481061,652.2607705287302,668.3691463317163,653.5356431283222,0.0,0.0,0.0
9.568,9.338075554820296,-8.72946561572156,1.9812232484013612,-0.06940753138985113,3.5038376996882787,46.92967609255133,9.492953512765048,-8.551085780780442,1.9999999999999991,47.15390364260426,1.7662034862752674,-0.007832812760817872,0.11181849971108601,-0.0034500577068527355,-0.09903684758583729,0.009905905398605207,0.18557516953065423,0.003148432656764487,-0.09034503868626702,0.0006931181367560266,672.0888343937247,647.2394841186567,674.8489023716037,648.2816320743987,0.0,0.0,0.0
9.620000000000001,9.401128626349488,-8.662572268450594,1.981424810313754,-0.07808853258894176,2.9983510235532864,46.96046682292894,9.555941248727809,-8.483378339911473,1.9999999999999991,47.18984247716465,1.7631615421983948,-0.007982173436069606,0.09902404893159454,-0.003579217441498102,-0.21914635797804127,0.010014752146469939,0.3059432817889389,0.003153378536670943,-0.07116109608057876,0.0007181491574198948,671.8307810074725,652.5234439102151,674.6611040426086,653.625747415204,0.0,0.0,0.0
9.672,9.463905383458822,-8.595910093608845,1.9818382649096296,-0.08774401426594149,2.145395672319288,46.9922828553064,9.618399606538837,-8.416059947656247,1.9999999999999991,47.22627074430969,1.754808205742777,-0.008055688720304124,0.07905448588998361,-0.003922605073163847,-0.3313009352248014,0.010288338893824427,0.49007744100006323,-0.011307959321501491,-0.0625625839604197,0.0006663994783528344,676.4969516630023,655.6478084090096,675.1538555823564,660.7282764496196,0.0,0.0,0.0
9.724,9.526140103534939,-8.529755541145327,1.9827197367876652,-0.13064928211463406,0.9825275831672934,47.025341277807016,9.680962517509085,-8.348396207020999,1.9999999999999991,47.26981855125115,1.7378709273768087,-0.008012038552950886,0.055143440464611795,-0.02416404792628196,-0.42215631839072987,0.010259103196813908,0.6979288359848407,0.012736045400679118,-0.027071486084555257,0.0008300561653288012,672.3023445521213,668.2817959912447,678.0954777762925,666.9681531450116,0.0,0.0,0.0
9.776,9.587459215406893,-8.464479992722648,1.9843822921518115,-0.1964647061564332,-0.3620230431065747,47.06991719487962,9.739602052327148,-8.279807291116715,1.9999999999999991,108.02400228819606,1.709779847844068,-0.007536397012496458,0.032155338461685196,-0.01567305756074236,-0.4614758030423367,0.02634823798961346,0.8715631712551088,-0.11328650279826456,0.22826845989064026,0.08,536.6455145538108,575.5168830166286,733.3869328724916,816.2568786694952,0.0,0.0,0.0
9.828,9.64743271947999,-8.40049912335456,1.9870248434941447,-0.38379816820360224,-1.3355570793003453,47.40089585055955,9.741650837626109,-8.196994589801061,1.9999999999999991,108.40989910932733,1.670293116283122,-0.014030445903915115,0.021384965878744416,-0.12417627226674652,-0.15920997582898008,0.149131195526567,0.893439511299349,-0.1571272339837217,0.35808640442749057,0.08,522.0993065552492,590.0380841178475,711.3172964767004,836.4711140879266,0.0,0.0,0.0
9.88,9.705720255873688,-8.338024497363827,1.9908019735080777,-1.2219795229781933,-0.9516124227157242,47.96789185066016,9.709407099159572,-8.105866784202314,1.9999999999999991,108.76069283521838,1.626791030322797,-0.02438975493956084,0.05114665582857414,-0.3916140865939791,0.2945312191192588,0.22033535739852547,0.4800065444192887,-0.16706654516837838,0.14110520362199236,0.08,550.6216929539662,541.6855385724983,729.9533176423661,805.4186612367878,0.0,0.0,0.0
9.932,9.762177017446794,-8.276642003484035,1.9953717124123167,-2.9280702826102725,0.35724641727708495,48.696504100380665,9.672184138877457,-8.014737839819011,1.9999999999999991,109.1338119108668,1.5900287735654284,-0.031127610140042356,0.09526658464312547,-0.6907771781529946,0.4773249498623482,0.28708295940807776,-0.10033512130606814,-0.14790000622303,-0.31961552802247417,0.08,607.9683225277156,440.28119937568505,778.7678559050102,736.150281318602,0.0,0.0,0.0
9.984,9.816660707117649,-8.215401248106796,1.9998454159247954,-5.444141793674814,1.3517122206061039,49.60325372069022,9.643843677392667,-7.9268637909377855,1.9999999999999991,109.47208485234826,1.5657636474727255,-0.027371695802694523,0.11482683885814934,-0.9404675368300003,0.1399647957224554,0.35137234128485295,-0.4362363452249933,-0.05940806255477782,-0.2773805827527607,0.08,580.2314196819317,458.3030182892299,778.9697485616462,724.4583370632304,0.0,0.0,0.0
10.036,9.86865887099711,-8.153292163954811,2.003451741707255,-8.36460685177113,1.1309089931503162,50.79753926409423,9.628725848402656,-7.843951496544393,1.9999999999999991,109.83160857101423,1.5492506913011916,-0.005093188159562131,0.09329180762387189,-0.9792377150364299,-0.280157480827843,0.4117774797682122,-0.34024582567384376,0.08407849399593198,-0.1240643467182038,0.08,535.0449730838202,520.8062190269819,781.2470892365576,729.4441862914119,0.0,0.0,0.0
10.088000000000001,9.917143145302987,-8.089626364602783,2.006012864559482,-10.878950170557278,0.08481647035328652,52.33699790399325,9.626932439683129,-7.766080621732621,1.9999999999999991,110.154520963963,1.5294841156289682,0.03896825062582056,0.0555921104759615,-0.7369171756857241,-0.5082223079259461,0.4753623998177784,-0.05184996017487914,0.10155255526783546,0.012772574395681385,0.08,518.5975576245173,558.5049194932228,774.3302073234419,752.4676047871885,0.0,0.0,0.0
10.14,9.960887889494233,-8.024132993707056,2.0078612299428005,-12.537850071971574,-1.1915573960412909,54.16598794637804,9.636613670001594,-7.692437823084471,1.9999999999999991,110.48954113765511,1.500387352217874,0.09894222555862012,0.02585336696699698,-0.42962769111794585,-0.5592236979545951,0.5387449400722868,0.18099870809519175,0.05637315500443302,-0.2705291275199919,0.08,583.4340537142953,509.7806052452844,808.7350905010247,728.7953816164934,0.0,0.0,0.0
10.192,9.998829510774176,-7.956943845320031,2.0094353585890867,-13.463517493891498,-2.8987426219037307,56.32205986856693,9.65518062715359,-7.621859770395776,1.9999999999999991,110.78002029502277,1.4610078408338867,0.16644616433028026,-0.0008931926963571736,-0.20168913617351528,-0.8589188824133511,0.5983985255895095,0.39312788364509593,0.00943918736407652,0.21081811263366407,0.08,516.973424508527,591.6709789292157,750.5146859921743,799.3668553428303,0.0,0.0,0.0
10.244,10.030075037351065,-7.888643145652623,2.0110870321831937,-13.976654004610316,-4.748121189281371,58.72405036253346,9.679751098943374,-7.5532805732557184,1.9999999999999991,111.06912044288032,1.406837868022892,0.23621754645427573,-0.023582430514975168,-0.07221685247540222,-0.6419928766100885,0.6583216575754938,0.5627723929795231,-0.017777114726642878,0.439033881540829,0.08,486.40086920155153,628.4673712920187,722.7473332879572,833.1368008432702,0.0,0.0,0.0
10.296,10.053918646700778,-7.820020355627472,2.0131524971321415,-14.241778470654502,-5.125912649033708,60.95921412695064,9.707647241028972,-7.485836583483743,1.9999999999999991,111.30739182334773,1.3451722100102133,0.3056754207169351,-0.0026639305090738917,0.013624684150862926,-0.07699897341170553,0.7180309568269787,0.2900603238158827,0.03917376008403473,0.3299215461457053,0.08,488.8063366181435,614.5772836071058,739.0007471047904,809.5914786965013,0.0,0.0,0.0
10.348,10.070256113788313,-7.751445199552753,2.015541778670338,-14.108126727074449,-3.9676159973794904,62.98982645551646,9.736470917887818,-7.418839250278809,1.9999999999999991,111.53043302292375,1.2906400804474962,0.3731423547389649,0.04565665876385328,0.17004921363288805,0.3807653328216003,0.7780888653096657,-0.26272424741279493,0.06715706914598041,0.19019607830024554,0.08,492.1706348064477,582.230514217436,748.2938292984483,778.5911923731437,0.0,0.0,0.0
10.4,10.079666955043074,-7.682767061717529,2.0175807721862893,-13.334766631975768,-1.7781927949225598,64.95181844548294,9.76421999177302,-7.352040823523924,1.9999999999999991,111.70372434770754,1.2537188122528862,0.435258293236057,0.09236744307345848,0.3773011510027741,0.6510401771171822,0.8371354194942979,-0.7885480372428374,0.051287593557011124,0.061595698847309865,0.08,501.30649871744936,541.9874698892545,750.3687573441719,752.9468411053693,0.0,0.0,0.0
10.452,10.083189983582717,-7.613539145307151,2.0184089906266967,-11.907262587558124,0.8783227748798511,67.01529163825225,9.789330736761613,-7.285083325346389,1.9999999999999991,111.85965535218354,1.2409304109563661,0.48648408403131294,0.12111938841103358,0.5476495155519746,0.7413583862770744,0.8936423983124543,-1.0989198744554525,0.023425880748068895,-0.04046264037874864,0.08,513.7833268894378,507.51135262329717,751.8263361790582,735.6778062536403,0.0,0.0,0.0
10.504,10.082049981705419,-7.543224559353545,2.017360518672651,-10.070441794057034,3.448364765051366,69.32965957272732,9.810733130798267,-7.218043684783206,1.9999999999999991,111.97946795693197,1.254964269524153,0.5202248757142638,0.12868212787500596,0.5394613794991232,0.6153610453611622,0.9506174291539053,-1.1406041187177467,-0.42505351185187795,-0.38096241674913944,0.08,639.698721466608,325.8313597875994,736.1136516738418,747.2889771982043,0.0,0.0,0.0
10.556000000000001,10.077374922915409,-7.471335809149863,2.0141090959580317,-9.292379028030789,4.9746989393739325,72.02341705812177,9.827795552830732,-7.150502053878631,1.9999999999999991,112.089828135056,1.2929108825386426,0.5328802083428189,0.1184021073767448,0.01784070473840002,0.21402932291553545,0.9881235260560043,-0.9359390374408725,0.27844459774071956,0.003536889961057041,0.08,458.9386217908294,562.7121258398918,779.6004892517445,710.2226880721595,0.0,0.0,0.0
10.608,10.069660734031924,-7.397537200340397,2.0088023163307445,-8.37308122541865,5.89843902847349,74.9608161085176,9.840297928027589,-7.082015935755705,1.9999999999999991,112.17908282635017,1.3438901700032833,0.5345139077689176,0.10113201466131534,0.4182246106707141,0.13285320702635278,1.0389066419663466,-0.5963090202861289,0.15111807563811303,-0.024360135620112744,0.08,499.5051043505886,545.12768628661,773.8119869810943,729.9370841300935,0.0,0.0,0.0
10.66,10.059261114162055,-7.321675103190282,2.002029372800024,-6.041686486467185,6.624436374899838,78.09666026827001,9.848362181753965,-7.012885781580187,1.9999999999999991,112.26455222779197,1.4025281473784652,0.5182229607036112,0.07953436787520143,0.7777460805675641,0.0877771043238581,1.0883185514919718,-0.1667254216945745,-0.043751525863189034,-0.07110560292609432,0.08,553.2377680583129,512.7257424724012,762.944290379608,756.1741328111285,0.0,0.0,0.0
10.712,10.047016643516201,-7.243767897189215,1.9945269727385415,-3.3056675385114205,6.997297779056329,81.42022175717511,9.852296804625276,-6.943176856123899,1.9999999999999991,112.33488866457361,1.4647850218406853,0.4725839047556636,0.061174312427574026,0.7413713117679379,-0.008159313934289486,1.1314813056511108,0.25480129082973846,-0.13328969446326397,-0.09295417347909707,0.08,581.47011363824,503.03441128227763,761.875721996969,771.764271378029,0.0,0.0,0.0
10.764000000000001,10.033949592383461,-7.163921044550553,1.9870415533358414,-1.1018499000578335,6.867299126316587,84.89197295310643,9.85236375819694,-6.871997943300014,1.9999999999999991,112.40613166156558,1.52489556431378,0.39742439557028686,0.05163257221452648,0.48312529447534536,-0.14250970296329513,1.1699393371547635,0.5894302528239378,-0.14121214971969948,-0.08113973002549421,0.08,588.607887258344,512.6974669984191,765.3937929290674,780.0088933534473,0.0,0.0,0.0
10.816,10.020866743259193,-7.082330610391978,1.9802137478209292,0.22241308288831982,6.224044368453697,88.46929922700018,9.849124244382475,-6.7996232724829415,1.9999999999999991,112.54764137651267,1.576486509187099,0.30002134459636387,0.04876258060421766,0.18393677354061522,-0.2753198845892446,1.2054663488868704,0.8376950800021375,-0.18070335960551515,-0.04761366498473657,0.06327515542129712,620.3184051030622,546.7646456161829,740.3871167455638,773.4420214488786,0.0,0.0,0.0
10.868,10.008189520794899,-6.999332386162626,1.9745226434044705,0.6013584344211884,5.19001044131212,92.01706299562598,9.843025810475188,-6.725228375219097,1.9999999999999991,112.62324405005437,1.6136478144777193,0.19232538954898856,0.04798719129584808,-0.11227861485827817,-0.3721883431707061,1.1650187617776138,1.02919570985111,-0.19122828757805888,-0.06640660102667692,0.005921563168491928,707.0807851966684,634.899101397963,670.6060820013165,704.7292839751224,0.0,0.0,0.0
10.92,9.995930648619206,-6.91542387716994,1.9703013273048242,-0.24382397650486412,3.898682303791865,95.35191239594941,9.834707760427023,-6.64895902053797,1.9999999999999991,112.71112891904427,1.632983157326517,0.08984900303902395,0.04628861986332028,-0.6317176240736966,-0.46558885799510125,1.0817204745153723,1.1828580712382664,-0.12702656324782513,0.07887748713547327,-0.031144034792350776,729.3756702951317,716.8581650635567,608.5832077060331,669.1711043272643,0.0,0.0,0.0
10.972,9.983561271101376,-6.831268564940463,1.9678150272766675,-2.638317090723011,2.552627298404288,98.44498997039935,9.824771537168854,-6.571029849185358,1.9999999999999991,112.79482084951499,1.6345845767904916,0.009169648279827308,0.042909770931433236,-0.8679512152419301,-0.46264927859956106,0.9864143917232007,1.2975319553330722,0.1773231796314697,0.13646497594154433,-0.05890144880629301,719.6656153775506,797.4319068126866,607.6667052266525,594.8922843356748,0.0,0.0,0.0
11.024000000000001,9.969999601131773,-6.747669780129059,1.967248453335031,-4.577394591538826,1.5499953133103401,101.27447598326594,9.813688758368027,-6.491714585858169,1.9999999999999991,112.88111265328718,1.621927489620586,-0.0404187977323455,0.04740865693527672,-0.5476191022325878,-0.341220433710976,0.8833175322728943,1.2731683360877697,0.0069006571807725126,0.12666512838031868,-0.07829405588188819,766.3153022250734,798.4094328594691,551.006732589799,590.4556192087647,0.0,0.0,0.0
11.076,9.954366358407324,-6.66534652881532,1.9686378703779301,-5.924299670032755,1.0195715439695783,103.77790872784232,9.801692355234966,-6.411210692518911,1.9999999999999991,112.95035601214725,1.6007184045735348,-0.06488091105544233,0.06420691194591482,-0.47426253251385664,-0.19660668473789425,0.7794994629090116,1.0650042382073965,0.1556020585946466,0.1379723958898898,-0.08,745.032256348441,815.7524751747137,566.6701090097796,560.7910100498029,0.0,0.0,0.0
11.128,9.936102215194454,-6.584788817947026,1.9717316969852727,-7.0301008099585935,0.9438959795412941,105.95717671296897,9.788848287896633,-6.330057839333784,1.9999999999999991,113.00916622478115,1.5764622684914462,-0.06863467187941741,0.08869240180893327,-0.27878366612623845,-0.04823249701047006,0.6873147176006017,0.7263889519014777,0.15179725854562154,0.11088156252859532,-0.08,742.9061372895163,806.6426284919243,562.6019353816729,548.7598079962662,0.0,0.0,0.0
11.18,9.914826005877577,-6.506235242826252,1.976029414455363,-7.342145633743664,1.2745481638333676,107.82025005389059,9.775042381007408,-6.248825086885504,1.9999999999999991,113.04508269613862,1.5536336311432417,-0.05630949583639566,0.1163010102235584,-0.013670481839893178,0.08024400568636736,0.5985842470969658,0.31821032602013366,0.10322624659265685,0.07258992814525522,-0.08,746.0320048360663,789.0929382580408,550.3755815448311,539.8097278969046,0.0,0.0,0.0
11.232000000000001,9.890484145520027,-6.429636447194086,1.9808827184142441,-7.018258878645571,1.872982784510398,109.38578284442112,9.763218429481634,-6.177463048597859,1.9999999999999991,113.04508269613862,1.5355465885751176,-0.03497386616840785,0.1399242673632602,0.162178081937284,0.1588946298241985,0.5110372880491406,-0.0688400668410305,0.15074233966234502,-0.2334331111625366,-0.08,770.4295593526333,749.9809144970358,598.1441992611135,461.87985512349087,0.0,0.0,0.0
11.284,9.863283245387322,-6.354727767691588,1.9856021766191896,-6.10087537848718,2.0224085918504535,110.74323660403577,9.771103111095677,-6.169907375860737,1.9999999999999991,113.04508269613862,1.5245627649613913,-0.010080484123239062,0.14172905254135126,0.3758067810636991,-0.2234405737885777,0.4235201225578786,-0.23721460101774428,0.07793478508031967,-0.663953306282036,-0.08,826.118549073955,679.8079054626008,647.5432210855274,374.6662887479972,0.0,0.0,0.0
11.336,9.833721623436645,-6.281374586340586,1.9897247844298573,-4.719997136166389,-0.03541779620915398,112.0638662485127,9.787119280677643,-6.192738901249835,1.9999999999999991,113.04508269613862,1.5131876175683117,0.011694388241528774,0.0823045556060545,0.48820976288142903,-1.0523866876440082,0.347545389622829,0.2156624031041694,0.013030173278544083,-0.25447007020889556,-0.08,793.5660325093098,734.1455737960091,584.965277522881,491.53718192414505,0.0,0.0,0.0
11.388,9.802740102234816,-6.210241658126203,1.9935607723115625,-3.3062833901056408,-3.956009491411765,113.23968850089872,9.801209208310288,-6.216994447275646,1.9999999999999991,113.04508269613862,1.4744709563723832,0.025035495338627263,-0.014842573955518468,0.4715367151570229,-1.4636088272487198,0.2711634776481457,1.0486200158395504,-0.020051254280758296,0.07632563533313391,-0.08,773.643595473565,787.1992313738591,546.373208168275,578.5842771224251,0.0,0.0,0.0
11.44,9.771636818214168,-6.1427991130725195,1.9981571775429092,-2.155293869486163,-8.27569372751966,114.11731984379021,9.809077400146593,-6.230241837772857,1.9999999999999991,113.04508269613862,1.392584151393684,0.031039266078040646,-0.09153041348919291,0.37346425223877083,-1.4119942877713705,0.19203970314749774,1.6556911740394245,-0.022860007101857593,0.24664188403602177,-0.08,767.0050470117567,820.0213102197849,535.9477290693683,623.3523311145788,0.0,0.0,0.0
11.492,9.74180310596115,-6.08081088287059,2.004598606592267,-1.3516613599778755,-11.94889845178787,114.67081453056932,9.809587973653933,-6.228904945581344,1.9999999999999991,113.04508269613862,1.2728836103351253,0.03398748787126017,-0.11768095191443825,0.2545011011825122,-1.0988701164163943,0.11487471467214634,1.7061070388606405,-0.007302537529834979,0.28789668363513893,-0.07290792611516274,755.9890968802199,822.8111421118131,549.7627625124197,642.8289178593815,0.0,0.0,0.0
11.544,9.71441600704897,-6.025781723223714,2.013303540050716,-0.8315752618384472,-14.528614279855972,114.96705326486843,9.803139269882161,-6.213576340024631,1.9999999999999991,113.04508269613862,1.1289490621383025,0.036570995108707836,-0.09829925857449635,0.1646218514892424,-0.7102379065651618,0.05912608663197312,1.2355590829363667,0.00924885679003476,0.2519638906749219,-0.05870160491678333,734.9300334614206,798.9579065506165,573.5850914868171,648.2720197323805,0.0,0.0,0.0
11.596,9.690235680804426,-5.978593349763481,2.0238332956142298,-0.46352852351348584,-16.00652120209479,115.0879740531029,9.790972606071236,-6.186933001068951,1.9999999999999991,113.04508269613862,0.9725592639664418,0.03906100507460357,-0.05621213395380705,0.11867613506819222,-0.36187633546424053,0.017600510273262794,0.48257041884036667,0.01612416426245209,0.18301628602401954,-0.04604225509030217,713.520634855053,764.1892063479316,588.9432073555988,640.0021259548224,0.0,0.0,0.0
11.648,9.669604162148207,-5.93945318581779,2.0351387036092325,-0.14620682629842363,-16.605478421891263,115.0879617411704,9.774663281249216,-6.1524108384781035,1.9999999999999991,113.04508269613862,0.811700776478254,0.0408877217835676,-0.01462756126130672,0.10059235840928293,-0.10599464071702544,-0.012507243180646332,-0.2909489871697367,0.014333801643432391,0.1109495800637823,-0.03503222388002632,693.3021123535358,726.4793562459134,598.3203547772463,627.943586819264,0.0,0.0,0.0
11.700000000000001,9.652573576078932,-5.908082708249755,2.0459507031586432,0.1598428049553023,-16.622667827446055,115.00866477623755,9.755841744563554,-6.113476050854092,1.9999999999999991,113.04508269613862,0.651635590741229,0.041210931328752226,0.012253152013328217,0.09159619643988659,0.049308584456832096,-0.03326403369960787,-0.9045687640682067,0.008107346355222436,0.05196251495268462,-0.025790073868363073,676.2733945099033,692.7704942244753,605.0713078178007,618.5467568611297,0.0,0.0,0.0
11.752,9.639054445648567,-5.883980083226909,2.0551363543361116,0.4497993498703908,-16.330968429115007,114.88080029789622,9.735925566452208,-6.073079339991229,1.9999999999999991,113.04508269613862,0.49572607432557964,0.0393757994337897,0.02066155200225813,0.07999155608026884,0.12090022027298464,-0.04655351985363531,-1.2847940045764519,0.0010451142454968691,0.011579907193815915,-0.01826244296278449,663.5472800704644,667.1145237297138,611.493746555196,614.7239269299057,0.0,0.0,0.0
11.804,9.628919650887958,-5.866622299725635,2.0619024641666406,0.7002901487123961,-15.934068613926003,114.72539715802601,9.716143190392295,-6.033673672211724,1.9999999999999991,113.04508269613862,0.345694886728651,0.0351283119535236,0.013943732839083128,0.061580030621841475,0.13473529808173887,-0.05413981760503167,-1.438971994711292,-0.004793974382717173,-0.011215642874610444,-0.01224819798596568,655.1289752936312,650.5187380159533,618.5587247062051,616.6039709488388,0.0,0.0,0.0
11.856,9.622054755272911,-5.855571693345131,2.065846958429594,0.8873538197903117,-15.531274688665178,114.55639726233092,9.697391435164386,-5.99698947828656,1.9999999999999991,113.04508269613862,0.20190727093552713,0.028667969095070366,-0.0014187263190596822,0.03720721234108372,0.14520288323015076,-0.057582409445228765,-1.417818085984134,-0.008699636515005792,0.12473644375597277,-0.007464892606149586,628.8787867682639,662.6585913106707,604.0924293292834,644.2805105143851,0.0,0.0,0.0
11.908,9.61836169241643,-5.850490050935167,2.0669103966494053,0.9939789843688064,-14.840061752077865,114.38927097936357,9.680380373110669,-5.96430569412644,1.9999999999999991,113.04508269613862,0.0649424855251657,0.020554366570002723,-0.018993846460151,0.009887934367475667,0.3130349402080788,-0.0579245087966922,-1.2825465194460017,-0.010623376151870824,0.20805551129809047,-0.003856900721476194,613.4962603038133,671.2740204226561,598.5678740938596,663.7040523384211,0.0,0.0,0.0
11.96,9.617694361198819,-5.851005792523316,2.065295575905346,1.011372295114963,-13.405947733005384,114.23991683949959,9.66560274463593,-5.936441923995228,1.9999999999999991,113.04508269613862,-0.06081605577801279,0.011564180393537482,-0.03722837034468727,-0.01729017557466355,0.6019624359697077,-0.056303288196351754,-1.0548005037005552,-0.01057983967174698,0.2041783541321515,-0.0013377339014525843,613.8337987896878,670.508542062437,606.5670949722994,669.8276608860139,0.0,0.0,0.0
12.012,9.619769092185283,-5.856520561445764,2.0613964568893337,0.9436761854396213,-11.077528166741606,114.11368288518389,9.653331663232484,-5.913800183987617,1.9999999999999991,113.04508269613862,-0.1677201071792318,0.0025576200437484684,-0.05865641367237391,-0.040925665190769435,0.8954946490019051,-0.053620555374672044,-0.7221671515080246,-0.009072727386991122,0.14205300566883855,0.00030884061268762536,625.6813909529629,664.436258936143,623.8550005346749,667.8441326368563,0.0,0.0,0.0
12.064,9.62413091516442,-5.866126145045965,2.055768864613423,0.8069829461432179,-8.00707964254726,114.0050786272353,9.64376625304713,-5.896629789432362,1.9999999999999991,113.04508269613862,-0.24792105827633285,-0.005642391546883249,-0.08360578481284572,-0.058547262609603835,1.1058948166078681,-0.05038898594039444,-0.2991581441155242,-0.006702516039731914,0.05239967440034832,0.001384599635277811,643.9387268104182,657.1441575586358,645.9093065218135,662.8878169726809,0.0,0.0,0.0
12.116,9.630174861493224,-5.878634900028388,2.049101311717634,0.6230673649153945,-4.526549675044632,113.90415448496536,9.636941437343822,-5.884857123432654,1.9999999999999991,113.04508269613862,-0.2960778187289883,-0.012364276830355311,-0.10812060917333535,-0.06912760420191279,1.1913514215296164,-0.04680230106993807,0.1532833630956023,-0.0038940288767538057,-0.04140335523090033,0.002158375408724534,663.9080439611985,650.9553281738387,668.7303874648152,658.1014038664166,0.0,0.0,0.0
12.168000000000001,9.63719744292621,-5.892676138513072,2.04213898646827,0.4144175545178674,-1.0314012165717945,113.80325656370366,9.632819532986757,-5.8783033472233015,1.9999999999999991,113.04508269613862,-0.3109966247363865,-0.017176496390436814,-0.12549059727327921,-0.07240244233771922,1.1426119248493996,-0.042854948031144154,0.5452613487347939,-0.0010667998280455733,-0.12196340120853788,0.002804132203126706,681.4452213058862,646.6144998909699,688.6347073843227,654.7997247150048,0.0,0.0,0.0
12.22,9.644466267753003,-5.906833269787581,2.0355692343468204,0.20242615365313976,2.1027179674441947,113.70012399578465,9.631157826113771,-5.876404048037456,1.9999999999999991,113.04508269613862,-0.2958404306296181,-0.019929672034740265,-0.13015712302535087,-0.06886751027256328,0.9763918996483886,-0.0385457378459053,0.8000276629093795,0.0013895111907063946,-0.17800313230157466,0.003362493099950254,693.6103433334067,643.9655029883941,702.7874862374168,653.0403096145787,0.0,0.0,0.0
12.272,9.651300500128668,-5.919804453107866,2.0298960558793713,0.006221083883378443,4.583882307765225,113.59785990206603,9.631694904477882,-5.878583655909275,1.9999999999999991,113.04508269613862,-0.2569201417738527,-0.020728667551361157,-0.12063429748603054,-0.05974881272792508,0.7268021652535169,-0.03394189160938158,0.8867522328261869,0.003216503720123335,-0.20542262824765797,0.0037964966026516524,699.1458693586092,642.4786830370971,709.8545100725171,652.264236956743,0.0,0.0,0.0
12.324,9.657148203297794,-5.930556038862412,2.0253717610419852,-0.158450874605538,6.235062024877324,113.50260720347343,9.633980475252963,-5.883917924505103,1.9999999999999991,113.04508269613862,-0.20193911602383258,-0.019856053319473238,-0.09992330097763932,-0.04672974588260481,0.43437406797571293,-0.02921782392195796,0.8268045107933444,0.00425492360766151,-0.20515007640698762,0.004041242403198215,698.2837650863713,641.9244747885498,709.9111625508677,652.1051407581341,0.0,0.0,0.0
12.376000000000001,9.661641032750529,-5.938428793873893,2.0220005711496585,-0.28092511520191527,7.000635096377436,113.42039700315402,9.637499045953124,-5.891374610453095,1.9999999999999991,113.04508269613862,-0.1386237736823839,-0.017690006802199783,-0.07396700431753009,-0.031788738280318606,0.13900363485174197,-0.02461337265095743,0.6784490363722925,0.0045327889072563935,-0.1822501469421524,0.004061309622244883,692.4941699531034,642.4402303971082,704.3434186515618,652.5890141807345,0.0,0.0,0.0
12.428,9.664613275383909,-5.943171400320215,2.0196057175682176,-0.3568554895618107,6.933311478064406,113.35469898850475,9.641730077578561,-5.899931317389824,1.9999999999999991,113.04508269613862,-0.07403251444192534,-0.014642571534883941,-0.04908736417155888,-0.016788584927507004,-0.125927930415782,-0.020356058496777643,0.5094941548881631,0.004207981068621481,-0.1438905604860111,0.0038665215782672253,683.8967144495767,644.3573734931608,695.2927217965263,654.0255484817644,0.0,0.0,0.0
12.48,9.66608589355199,-5.944903771881351,2.0179285444972863,-0.38790065122799194,6.167384741287629,113.30556709398832,9.646221101865606,-5.908704236369946,1.9999999999999991,113.04508269613862,-0.014281288203507908,-0.011121320926071328,-0.029723144202804586,-0.003177120762365207,-0.3374049020321682,-0.0166056427631939,0.3718632853310209,0.003494233650440873,-0.09725689967437881,0.003515253959165722,674.5289978895092,647.8705038757064,684.9482538667872,656.7140820567737,0.0,0.0,0.0
12.532,9.666227982615517,-5.94403587679202,2.0167215943269983,-0.38007778556443883,4.887068747072098,113.27036198202651,9.650528104258512,-5.9168626709348695,1.9999999999999991,113.04508269613862,0.03567299628263475,-0.007502473337412853,-0.017519942660566667,0.00813929923317525,-0.4827292158206068,-0.013418502408633848,0.2896570366368396,0.0025377866595405764,-0.04835292390696286,0.0030819603595012464,665.8796381874879,652.816953330839,674.9939283465341,660.6684156545023,0.0,0.0,0.0
12.584,9.66531059000432,-5.941172111961102,2.015805064506266,-0.34182903427567185,3.299010501783939,113.24518282940038,9.654313634632421,-5.923785301847022,1.9999999999999991,113.04508269613862,0.07232511160823821,-0.004107339372493373,-0.01163717283192095,0.016652153711140365,-0.5575602048795386,-0.01077580626956767,0.26035852348483435,0.0014748751016592145,-0.002315154423117305,0.002640956941401712,658.7974559708383,658.5576338918726,666.5008280526425,665.4309631282847,0.0,0.0,0.0
12.636000000000001,9.66366196470943,-5.937019072383531,2.015082523591706,-0.28245006354968727,1.6085071678661018,113.2262862398963,9.65735678311461,-5.929082432644348,1.9999999999999991,113.04508269613862,0.09388700178433612,-0.0011817982808793846,-0.00973420585047138,0.022218983310708217,-0.5655025200166073,-0.008593811991994868,0.2640256572646855,0.00041119614335899217,0.03700279564045106,0.0022389309176412417,653.5349563874634,664.2100333325116,659.8845080968096,670.2278624259258,0.0,0.0,0.0
12.688,9.661627603332397,-5.932303291886732,2.014523886092633,-0.2109591697820243,-0.0005032669119285745,113.21095046556766,9.659532674299316,-5.932560354336471,1.9999999999999991,113.04508269613862,0.10034446183103167,0.0011151794501160013,-0.009242529383633237,0.024959105828219006,-0.5158662542087543,-0.00677577923238732,0.2763480894815501,-0.0005744795898151214,0.0669045133204815,0.001896603845387998,649.9869489115779,668.8961103390318,655.1340254057974,674.2192174408663,0.0,0.0,0.0
12.74,9.659535782371124,-5.927700466366323,2.0141310573884574,-0.13547362352230768,-1.3800424747675082,113.19775040026839,9.660843010750405,-5.934289775075964,1.9999999999999991,113.04508269613862,0.09324663981775408,0.002711007464347251,-0.008303889664787945,0.025188343763954523,-0.4223195209830097,-0.005243330638462668,0.27897609748996544,-0.0014245486250073665,0.08590106561407496,0.0016148174384477201,647.9113037412799,671.9752982669356,652.0405327998208,676.7494461296938,0.0,0.0,0.0
12.792,9.657669152310357,-5.923777769311462,2.013905793618382,-0.0629651072476035,-2.4261109385706576,113.18631985677703,9.66136877872882,-5.9344891956089425,1.9999999999999991,113.04508269613862,0.07529517007477171,0.0036088076831825647,-0.006165077256029036,0.02329036381540613,-0.3000813026367425,-0.003944476601527754,0.2644350747346591,-0.002064136708381261,0.09346974870409636,0.0013814278158377367,647.1109943224644,673.1415940646824,650.4050616313209,677.4554391099009,0.0,0.0,0.0
12.844,9.656243821311753,-5.920952607188408,2.0138309153461322,0.0009973558324436794,-3.0822835293606063,113.17694125174538,9.661249684608109,-5.93348528408316,1.9999999999999991,113.04508269613862,0.04987258595866011,0.0038717260029504973,-0.0030779490210377314,0.019805045483226483,-0.16558678088822193,-0.0028425954831577493,0.23574563485736524,-0.0024614099943493697,0.09051831946997847,0.0011772593332743735,647.4229725336843,672.5060716811624,650.0268063879167,676.3827742472073,0.0,0.0,0.0
12.896,9.655397594725692,-5.919471282764759,2.0138675090609874,0.05259543584332768,-3.33975587635707,113.17003651718903,9.66066532247505,-5.931672984694067,1.9999999999999991,113.04508269613862,0.020588487451732262,0.003604482653307198,0.00013701286846845188,0.01531807112710839,-0.03412466285259927,-0.0019260250222351235,0.20222121858024752,-0.0026152591738244184,0.07893433159700745,0.0009886140506549825,648.7190846694564,670.4708296151377,650.7436557888428,673.8906251603472,0.0,0.0,0.0
12.948,9.655188140235586,-5.919408799632432,2.0139644567665496,0.08976632867128478,-3.2308604219715567,113.16579556604401,9.659820636346733,-5.92948656327219,1.9999999999999991,113.04508269613862,-0.009101356498019785,0.0029356763503708876,0.002605905124709617,0.010390016206800204,0.0815826708861271,-0.0011905554461223498,0.17409495500441105,-0.0025442284327369235,0.061159977746857254,0.0008101233475573347,650.8606719140348,667.576322403749,652.3991523148311,670.5045561302694,0.0,0.0,0.0
13.0,9.655599877477103,-5.9206868894672375,2.0140729858006745,0.1121664306771683,-2.819889470131061,113.16403331889103,9.658900550386335,-5.927312850157978,1.9999999999999991,113.04508269613862,-0.03619312978989196,0.0020024428607622454,0.003800995551550235,0.005546746894305027,0.1723111535925333,-0.0006234790963281585,0.15812201080789162,-0.0023069929371199098,0.039908800084792084,0.0006406797353677397,653.6414089486191,664.367922206526,654.7685701359062,666.7790531968282,0.0,0.0,0.0
13.052,9.656557266112431,-5.923105006413615,2.014159344616269,0.12067898090871562,-2.1914831962876886,113.16423348642132,9.658077454897619,-5.9254947593722065,1.9999999999999991,113.04508269613862,-0.058356053244465446,0.0009376108825618062,0.003690412423397481,0.0011226192216374346,0.23281500015879608,-0.0002113314936386834,0.15569969773141745,-0.0019232760138237636,0.017723508946232536,0.000486170035547533,656.7711199101991,661.2782506153426,657.5731987173577,663.1661715376187,0.0,0.0,0.0
13.104000000000001,9.657941686972997,-5.926378325286376,2.014210103175834,0.11725425241674675,-1.4393800675552475,113.16570725963845,9.657480973898169,-5.924278344653274,1.9999999999999991,113.04508269613862,-0.07406963926602603,-0.00013957708680280978,0.002649691822045908,-0.0025461903723471694,0.26150157962095905,7.116806021132053e-05,0.16356649652601143,-0.0014635017027934637,-0.003089260130623342,0.0003517690242642187,659.9009074729838,658.6026466008648,660.4581313513569,659.9952163091027,0.0,0.0,0.0
13.156,9.659609666978048,-5.930177820355957,2.014229992286688,0.10454125544506372,-0.6560887697177689,113.16778066199684,9.657194465848907,-5.923808169504661,1.9999999999999991,113.04508269613862,-0.08267112272381885,-0.001131826404857514,0.0012530623351590894,-0.005278519138171732,0.26001838073049266,0.00024829495012172905,0.17592355319270866,-0.0009847775356458264,-0.020622689576962477,0.0002426037600848181,662.6668040919507,656.5083780596904,663.0565116687939,657.4651430559096,0.0,0.0,0.0
13.208,9.661410693497768,-5.934168681694306,2.014234667990343,0.08547647154986758,0.0756510770232754,113.16993910182904,9.657270472833256,-5.924166520462609,1.9999999999999991,113.04508269613862,-0.08431031535746777,-0.001968514397568783,3.7124919772743746e-05,-0.007021167797034937,0.2327949415935478,0.0003513761104245273,0.18699089342488115,-0.0005321307857576664,-0.033610423640254905,0.00015833814679313196,664.780459681064,655.054223420814,665.0652867356278,655.6485003786652,0.0,0.0,0.0
13.26,9.663203167986426,-5.938044100775571,2.0142416925324143,0.0629330003740571,0.6903784392410872,113.17188731409193,9.65770033417674,-5.925302684229359,1.9999999999999991,113.04508269613862,-0.07981964214717105,-0.0026066855371970833,-0.000669481677394213,-0.00782170208971305,0.18626328051813745,0.00040147577761142776,0.1929722133750215,-0.00013692617437580925,-0.04137887598052008,9.728504671691757e-05,666.0606104752949,654.2381036204107,666.2889064754357,654.5491808514893,0.0,0.0,0.0
13.312000000000001,9.664867220350287,-5.941551783671024,2.014263474011639,0.03951770544900112,1.1434805572215156,113.17353266780754,9.65845807154633,-5.927134116598132,1.9999999999999991,113.04508269613862,-0.07052664496864627,-0.0030291284391065253,-0.0008024763158463692,-0.007800589126868705,0.12785615522106084,0.0004196552535070722,0.19283638637359782,0.00018197232202900575,-0.04393247178203942,5.422247643031494e-05,666.4732634407832,654.0161785694814,666.6732741291733,654.1154090422649,0.0,0.0,0.0
13.364,9.6663135654276,-5.94451153702266,2.014303539058392,0.01736357862515025,1.413265268490298,113.17491981094814,9.659486690950029,-5.929515048883966,1.9999999999999991,113.04508269613862,-0.058043935835137075,-0.0032404401105991854,-0.0005141476264482567,-0.007130311368018935,0.06518528429792386,0.0004162080440605506,0.18796739718643674,0.00042059250856169104,-0.04183026641776921,2.2180663671564436e-05,666.1144250673905,654.3233826735266,666.2939669723057,654.26450376854,0.0,0.0,0.0
13.416,9.667487927920503,-5.946823058199551,2.014357202800678,-0.0019122957817509416,1.4992713881301472,113.17614755399495,9.660699103278368,-5.932241871137563,1.9999999999999991,113.04508269613862,-0.04406388348882338,-0.0032619741866722076,-5.603142605699787e-05,-0.005989986298712354,0.00500766386649536,0.0003988419466523606,0.18098917369739217,0.0005750654901191445,-0.035897959855843424,1.0364152924144387e-06,665.1430562998829,655.0835622306889,665.3084165682045,654.9214055818321,0.0,0.0,0.0
13.468,9.668371259401104,-5.948464549297261,2.014414802837937,-0.01723862114519304,1.4192282590457452,113.17730386185313,9.661998060420773,-5.935095720807839,1.9999999999999991,113.04508269613862,-0.030182755090868756,-0.0031267893953626433,0.0003314537896910241,-0.004560928893862786,-0.047032763073212344,0.0003702020400175424,0.17457645072024938,0.0006472621654305146,-0.02723991427603987,-1.406327281944491e-05,663.7760090347184,656.20134258088,663.9205808599553,655.9766994600593,0.0,0.0,0.0
13.52,9.668976368346934,-5.949483636573127,2.0144656933554486,-0.028073035523952756,1.205062457229135,113.17843143767146,9.66330014878886,-5.9378938500965335,1.9999999999999991,113.04508269613862,-0.017758427261234222,-0.002874768807198339,0.000501283530941988,-0.003021067797050324,-0.08688074127867051,0.00033388295709386214,0.17051734413278943,0.0006487888417156046,-0.017128198084927507,-2.5563705978524486e-05,662.2404513712648,657.545767090741,662.3540548599426,657.2891654950162,0.0,0.0,0.0
13.572000000000001,9.669341824823672,-5.949982582018637,2.014501750059376,-0.034368270081802876,0.8974545604541011,113.17952223394353,9.664530348187812,-5.940477724120796,1.9999999999999991,113.04508269613862,-0.007809773460370882,-0.002548020765469281,0.000425680696193739,-0.0015233941066469386,-0.11232803817359441,0.0002917532717346742,0.16934647125115385,0.0005944882722884236,-0.006762195550249095,-3.378221594725183e-05,660.7282430616008,658.9710595975916,660.8039260148205,658.7077043272893,0.0,0.0,0.0
13.624,9.66952421609638,-5.950100232704621,2.014519027672812,-0.036466798620341814,0.5405949953887638,113.1805337526882,9.665634169389927,-5.942738409054493,1.9999999999999991,113.04508269613862,-0.0009635637887287468,-0.0021869078137317704,0.0001710165615061717,-0.00018435078575022648,-0.12284445509147637,0.00024646736525265613,0.1705384657801012,0.0004990613252609003,0.002764523692403681,-3.900561700981601e-05,659.3930533475477,660.3228389678744,659.4272073351226,660.0727364241978,0.0,0.0,0.0
13.676,9.66958977485057,-5.949992960518638,2.014517682541175,-0.035001075045111726,0.1774314548652426,113.18141350132738,9.666580749601106,-5.944617379318333,1.9999999999999991,113.04508269613862,0.0025543122614834707,-0.0018270184115498154,-0.00015093265480973565,0.0009105227295143244,-0.11950979893694076,0.00020046792526448877,0.17298973801453893,0.000382343839136426,0.010598995504016114,-4.0984107152323025e-05,658.336033124643,661.4643835299316,658.3314201580736,661.2424270120151,0.0,0.0,0.0
13.728,9.669606273835454,-5.949816549667864,2.014500693345889,-0.030759163228515518,-0.15459807089206942,113.18212524347038,9.667358646455657,-5.94610063208957,1.9999999999999991,113.04508269613862,0.0028855695017016296,-0.0014970538016893782,-0.00043659966122346636,0.0017328927500460014,-0.10461850051573304,0.000157304166646359,0.17558676472072693,0.0002531428163252722,0.01617271316517966,-4.0408216482279175e-05,657.6147692887829,662.2937635808396,657.5748162498976,662.1103598407116,0.0,0.0,0.0
13.780000000000001,9.669635967182437,-5.949710697566449,2.014472137754236,-0.02458261878012548,-0.4266603804272797,113.18265638638343,9.667972410082905,-5.947212396761069,1.9999999999999991,113.04508269613862,0.0004726497638556466,-0.0012180447762121435,-0.0006239992390014357,0.002266060829735962,-0.08142284598662838,0.0001185247049594982,0.17758960475959015,0.000122407544284115,0.019283752215273293,-3.758838460037571e-05,657.2372468956773,662.7648052628982,657.1677162607276,662.6264025406817,0.0,0.0,0.0
13.832,9.669730150272203,-5.949787346998406,2.0144357694192694,-0.017322049260142806,-0.6203495333387626,113.18302097545518,9.668442675076179,-5.948010407614799,1.9999999999999991,113.04508269613862,-0.004031468137535039,-0.0010031068726037218,-0.0007033478206456842,0.002518110634190163,-0.05349156450029113,8.526749859585271e-05,0.17878202601795018,4.955536383443584e-07,0.019998907476618095,-3.334406669572255e-05,657.1832491083451,662.879522047085,657.0906413178577,662.7874290514894,0.0,0.0,0.0
13.884,9.669925658248102,-5.950123537835524,2.014394315799,-0.009770500847523459,-0.727728388515709,113.18325150512167,9.668800968138225,-5.948573327083039,1.9999999999999991,113.04508269613862,-0.009860871965516068,-0.0008577679717634235,-0.0007035337791194076,0.0025160419712862737,-0.02426408896627938,5.795506389524482e-05,0.17936098998669764,-0.00010277818703084121,0.018584265743336492,-2.8509886165299474e-05,657.4137703290968,662.6775933072926,657.3051018352388,662.6281082761275,0.0,0.0,0.0
13.936,9.6702433313283,-5.95075876756261,2.014349478629142,-0.0026085812129438453,-0.7505615465776465,113.18338737947127,9.669085118401782,-5.948992400122504,1.9999999999999991,113.04508269613862,-0.016229007385788446,-0.0007808189542824979,-0.0006702081029281766,0.0023042655245717305,0.0031562765885553767,3.5975209438078805e-05,0.1797211662507018,-0.00018172839248335087,0.015488624943291585,-2.3781191143928872e-05,657.8706454089133,662.2302626203729,657.7526287746534,662.2162100956882,0.0,0.0,0.0
13.988,9.670688302557945,-5.951696460180378,2.0143023545808276,0.0036366333535318815,-0.6987863954613529,113.18346412667634,9.669334551573874,-5.949358997719009,1.9999999999999991,113.04508269613862,-0.022409709089422268,-0.0007655909589065017,-0.000643449635331557,0.001938867494644563,0.026296407422076406,1.8626342602490107e-05,0.18022176185716005,-0.00023401272294468938,0.011263763607002765,-1.9584654818330643e-05,658.4829873806764,661.6243985525715,658.3618023515211,661.6367829486634,0.0,0.0,0.0
14.040000000000001,9.671251820661524,-5.952908826962845,2.01425397156311,0.008610065245353845,-0.5883701472920025,113.18350686646544,9.669585801322476,-5.949756169820585,1.9999999999999991,113.04508269613862,-0.027800785533731463,-0.0008014918740164463,-0.0006435620644364782,0.001477916814054,0.043471533626878736,4.751637167070356e-06,0.18102960566886164,-0.00026010227842961786,0.006494000009449202,-1.6124933911064107e-05,659.1731947031283,660.9486673713179,659.0542902227336,660.9780524913691,0.0,0.0,0.0
14.092,9.671914197888483,-5.954344143093142,2.0142056494375393,0.0121264350050498,-0.43881895521774594,113.18352850404473,9.669873201431706,-5.950259134553037,1.9999999999999991,113.04508269613862,-0.031965990164879374,-0.0008755935724196834,-0.0006686254137571551,0.000976826801665357,0.053796702473745836,-6.34545304265884e-06,0.1820834759584859,-0.00026181503401364356,0.0017333431805209888,-1.3300351330847605e-05,659.8636642815525,660.282761530825,659.7522219356161,660.320482908515,0.0,0.0,0.0
14.144,9.67264842079436,-5.955935367720523,2.0141590490111354,0.01415623222129062,-0.2708335663830184,113.18353272369023,9.670210299376025,-5.950895911658662,1.9999999999999991,113.04508269613862,-0.03465533970644361,-0.0009741250224194122,-0.000701538917690671,0.00048518046741191715,0.057253221884634053,-1.5208794025413553e-05,0.18316179181150483,-0.0002444798227909383,-0.0025124667918587397,-1.10979352961082e-05,660.480564106266,659.6953919706154,660.3802569358348,659.7343093596198,0.0,0.0,0.0
14.196,9.673423970276772,-5.957609068873951,2.014115917086817,0.014797721594107551,-0.10372026907773015,113.1835170894667,9.670614255213188,-5.951700477053861,1.9999999999999991,113.04508269613862,-0.03580272224313605,-0.0010837795816866255,-0.0007210901446547483,4.093839844669204e-05,0.054539663687731485,-2.2388470590562893e-05,0.18399967410629103,-0.00021209302028874847,-0.005928601575047182,-9.101556744333435e-06,660.974578636652,659.2257550523558,660.8890807004016,659.2610001343643,0.0,0.0,0.0
14.248000000000001,9.674210397369533,-5.959293629337618,2.0140777303315485,0.014244629073139588,0.04606412842561336,113.18347874122315,9.671093008172091,-5.952685300029893,1.9999999999999991,113.04508269613862,-0.035504654462836134,-0.0011927161836655688,-0.0007116753995940137,-0.0003274426110241268,0.04680069333330091,-2.7932275279190237e-05,0.18439600339356232,-0.00016941963575238514,-0.008303266741248035,-7.362625862534014e-06,661.3120489812427,658.8991114844566,661.2435338969708,658.9270232373452,0.0,0.0,0.0
14.3,9.674980363277985,-5.960926092292901,2.0140453505331735,0.012758214975118623,0.16610999651643135,113.18341678645955,9.67164589851335,-5.953843262519594,1.9999999999999991,113.04508269613862,-0.03398756320359391,-0.0012912816639929624,-0.0006690111847515172,-0.0006014353605719169,0.035510968063262996,-3.190175834604817e-05,0.1842806944714407,-0.0001217587401074495,-0.009556413820284035,-5.647921301844393e-06,661.4797265145307,658.7234618010642,661.4295138895973,658.7425375989706,0.0,0.0,0.0
14.352,9.675711932314485,-5.962457188272737,2.0140188412733218,0.010636578691419223,0.2486805009677034,113.183334217858,9.672255343733191,-5.955130557702399,1.9999999999999991,113.04508269613862,-0.03156700964716363,-0.0013724610306364714,-0.0006002061202025636,-0.0007733267228204746,0.022283525099395015,-3.441898039310648e-05,0.18372132648074713,-7.549894955301208e-05,-0.009688337853831518,-4.1127478017824286e-06,661.479128652347,658.6984134421613,661.4463062428429,658.7085477897275,0.0,0.0,0.0
14.404,9.67638999987222,-5.963854305869302,2.0139974990045717,0.008176158968839681,0.29090591049590325,113.18323671600591,9.672903715312383,-5.956503773193394,1.9999999999999991,113.04508269613862,-0.028603825839592346,-0.0014320246373182221,-0.000519605608307331,-0.0008488572476997457,0.008737692607887659,-3.554456507071685e-05,0.18288131033647204,-3.4217351143315774e-05,-0.008842669755178355,-2.6626326676158427e-06,661.3336454742625,658.8054576082341,661.3165592292639,658.8078340012812,0.0,0.0,0.0
14.456,9.677006821581761,-5.9651023707705155,2.0139800613737333,0.005587165512085073,0.29444655072933545,113.18312323680568,9.673577231156088,-5.957928038306369,1.9999999999999991,113.04508269613862,-0.025461188227593207,-0.001468346725317696,-0.00044326098716335747,-0.0009183019737515,-0.0036782889333227668,-4.398437144382756e-05,0.18195882872773983,3.2959266393003625e-05,-0.007277185048578379,1.7505710444170632e-06,661.0751503734605,659.011872327874,661.0893632923973,659.0073257793721,0.0,0.0,0.0
14.508000000000001,9.677561662886433,-5.966202831664191,2.0139649926855987,0.0027282718113210112,0.26458666612105797,113.18300789361903,9.674256113164704,-5.95935721242574,1.9999999999999991,113.04508269613862,-0.022467188035435726,-0.0014799055088364943,-0.00038378068803293153,-0.000906888133631537,-0.013958537864846087,-3.611556294370023e-05,0.18112704455783857,0.00010708886261341397,-0.005218299560764624,3.898537562847977e-07,660.754431047123,659.2986343311466,660.7859766740934,659.2691793519864,0.0,0.0,0.0
14.56,9.678059746389659,-5.967171160101361,2.013950795952628,0.0005198225062655856,0.20919375721602065,113.18290226132025,9.674927538542931,-5.960760336931786,1.9999999999999991,113.04508269613862,-0.01988780828945819,-0.001467809471360887,-0.0003470442219103939,-0.000624774599627121,-0.021309290042383282,-3.415003042152857e-05,0.1804917650028948,7.657011056868342e-05,-0.0029842166248966167,9.65502200102157e-07,660.424707307872,659.5965191161755,660.4491749920659,659.5773712142335,0.0,0.0,0.0
14.612,9.678511036007835,-5.968033190469329,2.013936231659962,-0.0008941520272971682,0.13757266658621392,113.18280463122818,9.675575470648223,-5.962102011032771,1.9999999999999991,113.04508269613862,-0.017908597425737926,-0.0014393453185784619,-0.00033264708267879533,-0.00038301704001636217,-0.025453636247130384,-3.196610823474106e-05,0.18008878749206006,4.829672331685834e-05,-0.0008031180922325847,1.4211692456350157e-06,660.1074271886478,659.8924270973188,660.125116666127,659.8826047558232,0.0,0.0,0.0
14.664000000000001,9.678928578305541,-5.968821005233231,2.0139204275182356,-0.0017114897338131319,0.05923951300839079,113.18271489622141,9.676194214469247,-5.9633689529972935,1.9999999999999991,113.04508269613862,-0.01662816132941591,-0.0014011643048620682,-0.0003355848320039254,-0.00020744580315373173,-0.026454771680438943,-2.976361833552354e-05,0.17989692653713246,3.5830135091389085e-05,0.001107737398684321,1.0098900643453097e-06,659.8325942997054,660.1583253912238,659.8456000871388,660.1509183405318,0.0,0.0,0.0
14.716000000000001,9.679326667877088,-5.969568867714082,2.013902886645276,-0.002075032296819048,-0.017020170288841938,113.18263252884837,9.676778319458693,-5.964550415613043,1.9999999999999991,113.04508269613862,-0.01606123897243691,-0.0013581410433702824,-0.00034909092159504256,-6.726357685772673e-05,-0.024673132396451858,-2.7482131591223356e-05,0.17986564751800985,2.8380621083013062e-05,0.0025997548182494275,1.1716444588802562e-06,659.6199984389626,660.3685916884583,659.6313335799599,660.3637554559159,0.0,0.0,0.0
14.768,9.679719186221961,-5.970309524521818,2.0138834286064626,-0.002057672784533511,-0.08389802281236663,113.18255668491965,9.677324338062679,-5.965641228747588,1.9999999999999991,113.04508269613862,-0.0161494857876356,-0.0013140848376005077,-0.0003669840686246288,5.2672891835875596e-05,-0.02068780734334566,-2.5297751768179617e-05,0.17994003259511498,1.8092842055845488e-05,0.0035928557188651816,1.3048148794800145e-06,659.4817370381123,660.5102703011343,659.4905110736782,660.5087317185731,0.0,0.0,0.0
14.82,9.680118262184159,-5.971071178642271,2.0138621048871577,-0.0017207391881028074,-0.1360915538266158,113.18248659730766,9.677833701764131,-5.966647058540158,1.9999999999999991,113.04508269613862,-0.016777870343503858,-0.0012721671996358604,-0.0003850846987968619,0.00015045118012856377,-0.015219984494848276,-2.3169961489173233e-05,0.18007741348688514,3.8127544752123777e-06,0.004068313733992161,1.29213898240714e-06,659.4196436713564,660.5795313659804,659.4243123794223,660.582021776636,0.0,0.0,0.0
14.872,9.68053331974939,-5.971875347956818,2.0138391199328862,-0.0011421136571916606,-0.17049151542285856,113.18242155921003,9.678314774587985,-5.967587830971616,1.9999999999999991,113.04508269613862,-0.017794363464341583,-0.0012349096492758882,-0.00040140273774032345,0.0002197458202706754,-0.009008477484105113,-2.1214158817591538e-05,0.18025174345003775,-1.1529730935697579e-05,0.0040362920904744295,1.2772498696402186e-06,659.4308118181318,660.5772008345782,659.4310653327436,660.5840162927785,0.0,0.0,0.0
14.924,9.680970531538776,-5.972735685591287,2.013814770468709,-0.00041042407859717017,-0.18620076442673203,113.18236153332768,9.678773149339296,-5.968478403908484,1.9999999999999991,113.04508269613862,-0.019030075448474345,-0.0012040512385704343,-0.00041564080114094135,0.00025877898660627886,-0.0027860968884982525,-1.9443954652047182e-05,0.18045065157786777,-2.6703261954644925e-05,0.003581355334668081,1.1638860325448482e-06,659.5026673730537,660.5151454960505,659.4982814223882,660.5259664144759,0.0,0.0,0.0
14.975999999999999,9.681432676102963,-5.973657751216598,2.0137894103625067,0.00048559780868581443,-0.18450053901693794,113.18229190862232,9.67921926578042,-5.969343209236157,1.9999999999999991,113.04508269613862,-0.02031889055290048,-0.0011806059359873453,-0.0004280685516849846,0.0003579040588400556,0.002732947687215186,-2.6367099071838956e-05,0.18066549371075996,-7.856895096742302e-05,0.002845410049139851,4.4490413467698775e-06,659.6151198923671,660.40320405357,659.6050564349692,660.4378829276558,0.0,0.0,0.0
15.027999999999999,9.681919423648967,-5.974639650198396,2.0137634251992806,0.0016018761783384958,-0.16769699570141286,113.18223207198058,9.679659291662222,-5.970197725588889,1.9999999999999991,113.04508269613862,-0.0215141878048253,-0.001166647214918501,-0.00043898050844151415,0.00034240583972939745,0.007399048745137466,-1.8145456972364967e-05,0.18088683267629385,-0.00010585171611462985,0.0018193826945510955,1.933815083533623e-06,659.773292760903,660.2613547336703,659.7484891764373,660.2968458205617,0.0,0.0,0.0
15.080000000000002,9.682427812905283,-5.975673184285825,2.0137372117946315,0.0023621808994990726,-0.1397218677776765,113.18218265939015,9.680102384258063,-5.971062702171723,1.9999999999999991,113.04508269613862,-0.022496744169677303,-0.001161770578470639,-0.00044807231341227377,0.00019757960760741542,0.010533284286679106,-1.611301733252946e-05,0.18109895897128203,-7.760508062184277e-05,0.0007722867683714295,1.4989470278879181e-06,659.9232992952635,660.1211627703946,659.9053436380844,660.1474134968088,0.0,0.0,0.0
15.132000000000001,9.682952792098733,-5.976745642366003,2.013711150326801,0.002759534242772316,-0.10509787386065865,113.18213872963867,9.68055241508406,-5.971947645456166,1.9999999999999991,113.04508269613862,-0.023187808271997876,-0.0011623110323880303,-0.0004544866286124872,9.771835939248845e-05,0.012155937463239879,-1.4779112051021841e-05,0.18128123694830556,-5.8077086269668594e-05,-0.0002194053474313092,1.1220612938056367e-06,660.0658882783587,659.9868545350266,660.0524546319782,660.0065046373411,0.0,0.0,0.0
15.184000000000001,9.683488044635892,-5.977841790474956,2.0136855753463823,0.002947598002197606,-0.06824223113325797,113.18209876485406,9.681014829638785,-5.972864267542885,1.9999999999999991,113.04508269613862,-0.023549729034114876,-0.0011655160407471718,-0.0004573227353658098,4.4084276811785957e-05,0.012330812190674702,-1.3643588306086477e-05,0.18141405003888078,-5.159548814686095e-05,-0.0010720593493222371,7.90001270116903e-07,660.1894556549072,659.8694129238256,660.1769508173412,659.8863002136471,0.0,0.0,0.0
15.236,9.684026864128805,-5.978945745259844,2.013660742063768,0.0030136177081615855,-0.03313685816438291,113.18206151994336,9.681487191758485,-5.973807716093415,1.9999999999999991,113.04508269613862,-0.023583315887964102,-0.0011698592868769051,-0.00045602256494579755,8.314548504559632e-06,0.011261171103433311,-1.288213149882624e-05,0.18148368368298523,-5.0408510487582445e-05,-0.0017086385840831488,4.6532878775944544e-07,660.281727367542,659.7807116687943,660.2686634112365,659.7963635661564,0.0,0.0,0.0
15.288,9.684562914352213,-5.980042640251723,2.013636806287697,0.0029808887414505777,-0.0029822621921741406,113.18202580958373,9.681973133901332,-5.9747847961704865,1.9999999999999991,113.04508269613862,-0.023321949542952608,-0.0011743529225501045,-0.00045074870047537963,-2.3748548205291404e-05,0.009243774354437252,-1.2397552975635556e-05,0.18148669245744511,-4.810819933981828e-05,-0.0021129261809388847,2.705227556405558e-07,660.3392321406941,659.7237217708491,660.3262849555352,659.7381798163918,0.0,0.0,0.0
15.34,9.685090810497488,-5.981119948174986,2.0136138084665913,0.002858287114739225,0.020000147341352012,113.18199085074669,9.682472917457195,-5.975794893106718,1.9999999999999991,113.04508269613862,-0.02282327881303551,-0.0011781529159521748,-0.000442393157521294,-5.217576304724233e-05,0.006617934175946695,-1.2127257929972718e-05,0.18143050443557057,-4.341503133786147e-05,-0.002287384272398712,8.048510682879748e-08,660.362435295704,659.6985711429321,660.3502986038612,659.7111658308999,0.0,0.0,0.0
15.392,9.685606508596786,-5.982168375882417,2.0135916826176246,0.0026638723724298776,0.034586372791417956,113.18195612028917,9.682982949903142,-5.9768293502331336,1.9999999999999991,113.04508269613862,-0.022159961158373015,-0.001180533110643357,-0.0004322987434187557,-7.278701008091883e-05,0.003713385439839713,-1.1902487265007774e-05,0.18133039939242096,-3.776914746629595e-05,-0.0022393197039336076,-2.3842508245931066e-08,660.3527578205276,659.7041896203814,660.3419394803668,659.7148862967986,0.0,0.0,0.0
15.443999999999999,9.686107511366535,-5.983182342957239,2.013569322592672,-0.02340629425011568,0.06541460762469442,113.17484001262049,9.676548543290364,-5.956661478399112,1.9999999999999991,112.69845240782121,-0.02141053266404349,-0.0011797224031127452,-0.0005009461281855821,-0.03338662001751815,0.03539807268987537,-0.006680970351112271,0.18201355309046874,-0.07306761087476032,0.40663959094031704,-0.004819539944828648,617.8662650060613,712.1630104333113,580.2304646423195,719.0474253601583,0.0,0.0,0.0
15.495999999999999,9.686556521409285,-5.984135856749445,2.013526490242695,-0.376589043202953,0.9681454245925739,113.14404200042114,9.649730275379463,-5.87427066537868,1.9999999999999991,112.69948667321754,-0.01865512648290337,-3.698782278484741e-05,-0.0013015660697961724,-0.16622555944146752,0.5620168524949325,-0.009777612650564201,0.19055600926288388,0.007814122365846804,0.4020482806934976,-0.003030430494838323,603.7115476807213,720.1173346397704,596.9313582887711,710.3185434892541,0.0,0.0,0.0
15.548000000000002,9.686639217456399,-5.9846811128914625,2.013468520420547,-0.9047138768644558,3.7172786797613884,113.0818026578875,9.616054262007124,-5.770961354142473,1.9999999999999991,112.70013655112055,-0.0014262790705365871,0.00514290601977803,-0.0012044284682032505,-0.1631541735309427,1.115744223275302,-0.010239321763441132,0.1907556942819531,0.051170464132460985,0.06800490073958532,-0.0015566544993292032,646.0093976266179,679.8059036857519,656.4119115650385,661.2155938511836,0.0,0.0,0.0
15.600000000000001,9.685675247925131,-5.98379655102831,2.013382337168008,-1.2289702528895552,7.368487686410739,112.98175671593242,9.583423851702667,-5.670910375920879,1.9999999999999991,112.69881138743514,0.04363125504440267,0.01434673182360178,0.0035528392860305355,-0.06051084550513939,1.2462123593633376,-0.009571400218624604,0.14602199109648717,0.047678092185057946,-0.14292770827268303,0.00024960123381065477,675.1108177187912,648.0450361534469,688.9218091445133,634.7824009883694,0.0,0.0,0.0
15.652000000000001,9.682910845619794,-5.9800575311993,2.0131879753614723,-1.2276888217024156,10.808300318017123,112.88017685009486,9.555127270937694,-5.5843044805719435,1.9999999999999991,112.69307520510633,0.11917105504793499,0.025052059814054208,0.017394237188181096,0.04767550532996687,1.0638578093547233,-0.007443282299141554,0.015405269745739775,0.030190652385224677,-0.22421349155052583,0.0014645478234118566,687.359863813519,632.0714129079794,699.4060419401623,627.3094524291972,0.0,0.0,0.0
15.704,9.677774677906816,-5.972081134088012,2.012709918507628,-0.9598730652479411,13.430055397061206,112.80959048414005,9.531924801008586,-5.513760145726307,1.9999999999999991,112.68237516862366,0.21988588959841654,0.03461051732073702,0.03943672535270251,0.12113925152602581,0.7482735469002787,-0.00501807550184214,-0.18676399514294473,0.011732249746564262,-0.21823237486920777,0.0018253063143379884,687.2867419144469,628.2694528699903,695.3036012962907,630.0668870624933,0.0,0.0,0.0
15.756,9.6699701013479,-5.958814121868359,2.011675197457037,-0.5417241291041102,15.082001016917822,112.77445788568178,9.513299583787015,-5.458067828084191,1.9999999999999991,112.66598321349906,0.3377073411464445,0.04127033127284131,0.06418000241818553,0.15313274652019784,0.4287292402720415,-0.00326399331755966,-0.397594328408067,-0.0016642592018863839,-0.16803249082556887,0.0015770497560226747,680.2077133776214,631.5690150184795,683.9752444743935,636.6085839533944,0.0,0.0,0.0
15.808,9.659449047473661,-5.939622557760699,2.0097801791180054,-0.08357085238570335,15.88591025045017,112.76106099016805,9.498203207418875,-5.414365151010869,1.9999999999999991,112.6421424289013,0.464841364838236,0.044231863755403236,0.08584690818649979,0.15263348137939034,0.17329811536367218,-0.002446102488941787,-0.5504709678134377,-0.009712572698332554,-0.10516202425517313,0.00106488093096531,671.0694268303309,638.0777906175157,671.2491152161426,643.9627260940848,0.0,0.0,0.0
15.86,9.646330353315419,-5.914238235432022,2.006781660871907,0.3347072645822153,16.08148718063666,112.75383022532873,9.48532655170438,-5.37906484119084,1.9999999999999991,112.61297284302354,0.5949527596557134,0.04343291016262545,0.10158235949742975,0.1310710653679466,0.004498969497647447,-0.0023809936230700266,-0.6094493405459753,-0.013737730348684259,-0.04883661489151164,0.0005889735569143298,663.3288811728459,645.3513054009429,661.0546144353536,650.9966323554062,0.0,0.0,0.0
15.911999999999999,9.630811985802158,-5.882642395505039,2.002565837766585,0.665785113094152,15.9198552064278,112.74429160695573,9.47364304859029,-5.3490863319609225,1.9999999999999991,112.58240251152138,0.7235774637657019,0.03933224050347399,0.11207760067224455,0.09812101065615421,-0.08464298187412031,-0.0026755186735388193,-0.5776149121329731,-0.014813362234076657,-0.0074287038620505785,0.00026310039712326445,658.5297298712612,652.1493416688529,655.0218822616682,657.1378646040242,0.0,0.0,0.0
15.963999999999999,9.613105018809824,-5.844951911077707,1.9971668345505191,1.0041079654351697,15.60327222373288,112.73075403687228,9.462132770328175,-5.321409900900182,1.9999999999999991,112.5465167533818,0.8481348921680949,0.032776988925332054,0.12003842291184966,0.1547865357747838,-0.1146163612029151,-0.0027143027215156233,-0.4826171414229862,0.03977261353085019,0.018039204480041083,-0.00018269568356925163,649.3678928372569,665.8940813990913,660.276152460643,654.0590207948948,0.0,0.0,0.0
16.016000000000002,9.593446989593238,-5.801317174111682,1.9907362312341192,1.5121086116632767,15.267350513885264,112.71331783065014,9.450201541570875,-5.29399990978071,1.9999999999999991,112.47320885187126,0.967600387640787,0.023096532560085904,0.12855164005771952,0.13820206587342412,-0.10817387832912735,-0.0036313937737854586,-0.3596290365657311,-0.07895590015653774,0.03034962036832671,-0.0010002126706008668,668.0518231960372,654.23092101591,642.6123273648795,673.8305672255236,0.0,0.0,0.0
16.068,9.572112138224009,-5.751863218714561,1.9834935237073301,1.6236244683839902,14.985262897865097,112.69062910233592,9.437232421995917,-5.264843528870792,1.9999999999999991,112.4382851362374,1.0820018615136606,0.009669874626256906,0.14026776000075786,-0.02442511373389449,-0.08455157176770599,-0.005165055917107299,-0.24172159488157052,-0.03469560914181559,0.033681086459387354,-0.0006914524248203846,663.1720634416818,662.884410988493,651.3251337137855,670.7703875270074,0.0,0.0,0.0
16.12,9.54922103133024,-5.696746464919666,1.9756745991264573,1.3609516797302568,14.783063981910967,112.66728326411356,9.423028880231993,-5.232940120181604,1.9999999999999991,112.40164185841662,1.191914798164327,-0.003916666546853008,0.15592537389379185,-0.11585758537536235,-0.056969056360242555,-0.0059314686623476096,-0.1436962053472266,-0.002942639994985452,0.031972034413001504,-0.0006841321976321529,660.786076836786,668.9938725194669,658.0507767191355,667.9507113317716,0.0,0.0,0.0
16.172,9.524724980309884,-5.636158322362588,1.967489336298693,0.9612942370534994,14.657551562611062,112.6450503753113,9.407223418645732,-5.19691978175246,1.9999999999999991,112.36831905461086,1.2980832714445436,-0.01485242713457667,0.17523248185858492,-0.13662008746337098,-0.03312117135452848,-0.006424510017016634,-0.06939304508729904,0.009332885419367734,0.028323578345283887,-0.0007309689141419985,661.0843265205543,671.7072884083507,661.7168866442096,667.0902622165553,0.0,0.0,0.0
16.224,9.498500669306118,-5.570290095300115,1.9591069020668392,0.5644131453382655,14.572045040309515,112.6233780843315,9.389812195727457,-5.156393295373433,1.9999999999999991,112.33150254722142,1.4012279254548219,-0.022221282337863604,0.1972907536704061,-0.12561589351366215,-0.037392295059592025,-0.006667916150790482,-0.015390768927207255,0.012379492067562642,-0.0895501248029079,-0.0009525475050637861,678.5593467424153,656.8317381206942,679.4225269266875,650.6082963488839,0.0,0.0,0.0
16.276,9.470422143154236,-5.499329916936099,1.9506597905101917,0.21879387832013691,14.236863348167958,112.59983822094878,9.370831945465707,-5.111201457431672,1.9999999999999991,112.29557932741234,1.501966003575089,-0.0261295828262955,0.21507663503473512,-0.1057067854462547,-0.18383880878629394,-0.006990036557301363,0.08315639285455934,0.013195448663130771,-0.16084249682158674,-0.001088228206843722,690.0926643803815,648.6255378942194,690.8044850781998,641.697364657357,0.0,0.0,0.0
16.328,9.44042931159323,-5.423559297740997,1.9423191261884576,-0.06309837219032391,13.256437337424767,112.5764653376239,9.350300240472153,-5.061284893456764,1.9999999999999991,112.25327262486739,1.598306811265626,-0.026990332942129526,0.21722109480379975,-0.08380619380678356,-0.4346942650792939,-0.00747011453414026,0.33259410788496124,0.013845815351154239,-0.15978600469026347,-0.0013016276267713246,694.2069913065452,653.4923869876826,694.5291103481859,645.8235460512095,0.0,0.0,0.0
16.38,9.408590630144985,-5.343487940286713,1.9344422038345115,-0.27645290868974803,11.494669045503523,112.5583127274748,9.328029958420766,-5.006179082708497,1.9999999999999991,112.21019127653295,1.684307329012529,-0.025283842831910198,0.1995388528782353,-0.06100157839263507,-0.6925676217902496,-0.00806546453942214,0.762610822684475,0.014475123024072773,-0.11050878062888009,-0.0015973953945629536,694.8955898802535,668.4106874860947,694.6096519446165,659.9172154206955,0.0,0.0,0.0
16.432,9.375128348516844,-5.259914826429251,1.9276535628681724,-0.418663974633001,9.065949145169794,112.54742318947207,9.30407988424636,-4.946147245656451,1.9999999999999991,112.1584962036069,1.752166407750164,-0.021574542749491842,0.16668493709745197,-0.03758627875422356,-0.8861912671165522,-0.009183484217864385,1.3073270076682608,0.014535842342879602,-0.03713135092360981,-0.002031355964547208,694.5991628388907,688.4565834713972,693.1861604880464,679.0294992465032,0.0,0.0,0.0
16.484,9.340413471001067,-5.17391618836593,1.9227864504581944,-0.4908854253971276,6.236862258021296,112.54021406658111,9.27818035529546,-4.880664390948562,1.9999999999999991,112.10592284857444,1.795239578978066,-0.016497899348568136,0.12908727509293524,-0.014809046382553825,-0.977098436271411,-0.010801714600477769,1.837335838968817,0.013968742282772492,0.04308411235356646,-0.002377591158192761,693.2440574365708,708.546563856007,690.7585700609691,698.6374522122508,0.0,0.0,0.0
16.536,9.304936815706506,-5.08677237047811,1.9207044041797778,-0.49817996976772067,3.340090904822655,112.53054991082371,9.250607310625233,-4.81062821021854,1.9999999999999991,112.04387029987902,1.8103669724478402,-0.010745876202739283,0.09845788220985432,0.0060548381878490045,-0.9537243983036789,-0.012603842404712115,2.2095810341141213,0.012630466397136313,0.11479062984059157,-0.0028015829669332504,690.6379877864188,724.4922434357117,686.6496358405342,714.0715782300466,0.0,0.0,0.0
16.588,9.269254430256037,-4.9998335517409895,1.92207174655489,-0.4489382031556681,0.7019962697125931,112.51145768884432,9.221373842590934,-4.73626545589952,1.9999999999999991,111.98242445853998,1.7986165523673918,-0.0049437637801516615,0.08369012493144248,0.023436753713251657,-0.8263428943787735,-0.014815128602457688,2.3150878239287325,0.010713905321430281,0.16872454626897043,-0.002868227649192184,685.2744363764627,732.8484707310812,680.546628072259,722.8783064240484,0.0,0.0,0.0
16.64,9.233911966744087,-4.914342280129186,1.9271664964775117,-0.354616745671541,-1.4080840182307182,112.4793511304452,9.191072882457021,-4.659237331428899,1.9999999999999991,111.91223452411505,1.7644525986668793,0.00038154186203110535,0.08816693504490555,0.03649114321406596,-0.6195291730629449,-0.016775947368239737,2.1114636982097092,0.008370831368735192,0.19757124820810262,-0.002936512484921859,677.4170748233184,732.3418858440493,671.7930953999257,722.8015806757813,0.0,0.0,0.0
16.692,9.199365908246182,-4.83125967246745,1.9357769730305032,-0.22869054918719295,-2.8135050537622313,112.43341073548937,9.159793434121294,-4.579901857211571,1.9999999999999991,111.84512736823476,1.7141770001104792,0.0048721966649420065,0.1090179004997667,0.044502952294446264,-0.36784629484330866,-0.018803732827168188,1.63354890611304,0.005986104451020158,0.2021009384059994,-0.002629547393521259,666.61523995433,722.9198383040252,661.069985235348,714.6673292252779,0.0,0.0,0.0
16.744,9.165924954218292,-4.751149558268005,1.9472139505855488,-0.08616236398987571,-3.4436493172133065,112.37654904759309,9.127660961241114,-4.498663310883904,1.9999999999999991,111.77105770934786,1.6545442338706173,0.008295821375259598,0.13897851685484083,0.04767684525710274,-0.10636446379223326,-0.020551161172790038,0.9747622888201235,0.0036610908459801875,0.1866715235730042,-0.0023417803129504363,654.347988108768,706.9180565770512,648.8349419493838,699.8539950512418,0.0,0.0,0.0
16.796,9.133727921836682,-4.674154055901761,1.9604340908186872,0.058471194335978735,-3.3230849625401033,112.3133916584916,9.095070214171502,-4.416550086993559,1.9999999999999991,111.70232982199786,1.5920333015273915,0.010530275023129898,0.1694610297191364,0.04648772059162713,0.13566280893055518,-0.021893273122716144,0.252952725376991,0.0017922779428762477,0.1559167227106826,-0.0019607063109790485,642.1881493765026,686.8053148166418,637.1119126963989,681.072520422145,0.0,0.0,0.0
16.848,9.10275804302178,-4.600051982635809,1.9742231418871512,0.19300052054484265,-2.551127089965597,112.2480287473828,9.062366991163497,-4.334423288457287,1.9999999999999991,111.62824659758604,1.5325939225128198,0.011558645512253643,0.19340702131187265,0.04190861384527419,0.3357454258045601,-0.023160102626910976,-0.4235291125266325,0.00017986670407253366,0.11523920382679051,-0.0016718621367241989,632.2371829715362,665.6721994722748,627.438869381823,661.0142984402114,0.0,0.0,0.0
16.9,9.072879923875126,-4.528362519407545,1.9873787696988416,0.3075622368379724,-1.2811892510911533,112.18357366275275,9.029920417528436,-4.253161945555311,1.9999999999999991,111.5606105644278,1.4814623117786465,0.011444456525931493,0.20654753568204284,0.0345899732777526,0.4790309267194467,-0.024032596673766997,-0.9740916876182901,-0.00076901129490063,0.069663166851711,-0.0014124318909333185,625.7668945188211,646.1325293292025,621.394835349287,642.3494773905999,0.0,0.0,0.0
16.952,9.043882864292476,-4.458455550311422,1.9988621382463887,0.39559151529241,0.3019579211919652,112.12083567019903,8.998139161325176,-4.173713368828955,1.9999999999999991,111.48830134681141,1.4428161394004508,0.010347531447249005,0.20771772133360442,0.025648956925432075,0.55761266941313,-0.024873041437673698,-1.3538682976357417,-0.0012577090521092155,0.02346894775017702,-0.001296827895190688,623.6593054049412,630.3189509464518,619.4652081762324,626.9241976332895,0.0,0.0,0.0
17.004,9.015519026190667,-4.389643395053813,2.007899048927745,0.45364016334841206,2.0008874301111925,112.05824637412061,8.966949681553904,-4.095805052808215,1.9999999999999991,111.42233789934875,1.4193464083588085,0.008523645125021215,0.19812724087154313,0.015991496215511096,0.5697759805652852,-0.025618696121235712,-1.5497979575591883,-0.0013250910836176202,-0.01732060646692754,-0.0010878211316397422,625.1015787294219,619.4687371382931,621.51182234751,616.6546048030634,0.0,0.0,0.0
17.056,8.987532512104933,-4.321247791357828,2.0140269988832467,0.48110343685981344,3.6277760815427778,111.99427849595484,8.936558081491654,-4.0198561531192185,1.9999999999999991,111.35146430264783,1.4119036960910605,0.006253157874553076,0.18048899762594,0.006507310365008659,0.5223492083707465,-0.02627847608006445,-1.5735803171601073,-0.0008545523341097244,-0.049909471665950556,-0.0009828797342332548,629.6355224587547,614.2918486277335,626.5192808088416,611.6229131336344,0.0,0.0,0.0
17.108,8.959680267892917,-4.2526468670215305,2.0171015599639395,0.48010698037425886,5.025685448498896,111.92682617275727,8.906801655316475,-3.945357846712096,1.9999999999999991,111.28618912709229,1.4194471197212457,0.0038466271055162065,0.15789699003592023,-0.0018683854578619736,0.42739632175388537,-0.02672117451013147,-1.4508583603409368,-0.00012335716294635838,-0.07128835605755884,-0.0007691024926347518,635.8035627050094,614.3261120897146,633.5519918861681,612.0713099716977,0.0,0.0,0.0
17.16,8.931747562688685,-4.183309916400507,2.0172584973315244,0.4552722566009529,6.079360639533976,111.85496285874872,8.877774800804902,-3.872461195885725,1.9999999999999991,111.21514047896632,1.4393384662700242,0.0015753681907764382,0.1330370529116756,-0.008477543231175003,0.3001029741399052,-0.027057308590120965,-1.2122540517299998,0.0008930090932546936,-0.08100525123381745,-0.0006218029046565128,642.9040213319446,619.0353223604732,641.3954841185549,616.924471918881,0.0,0.0,0.0
17.212,8.903560903731044,-4.112826336076386,2.0148600336313867,0.4130380680673437,6.722459956849016,111.77858112414022,8.849226451966796,-3.8004483976043235,1.9999999999999991,111.14874491830076,1.4678417906670203,-0.0003404460461982925,0.10789484947170565,-0.012879860327610248,0.1575643041123557,-0.027093518119481873,-0.8887841870335602,0.0018833141349270245,-0.07865296447027607,-0.000393908391192712,649.8494286510705,627.2481069568232,649.2860192412379,625.5334155076112,0.0,0.0,0.0
17.264,8.87499843583381,-4.040928022442066,2.010442520831017,0.3607273953415713,6.940430432842199,111.69827945165076,8.820900355158479,-3.728594438839684,1.9999999999999991,111.00584906524745,1.5007107755079243,-0.001755953875257402,0.08418165384661502,-0.01501017100061238,0.01705995606915353,-0.02711324735068462,-0.5143795785584587,0.003996954350564574,-0.06529510032665584,-0.001670326101710324,657.9835651420065,640.2306648043275,654.4759943441383,634.260344527821,0.0,0.0,0.0
17.316,8.845996832660894,-3.967502653761055,2.0046557459574443,0.30566840016732133,6.767940924512328,111.61549624071695,8.792732992924178,-3.656693866174341,1.9999999999999991,110.92811778029431,1.5337925248761777,-0.0026121253561266103,0.06328288621310703,-0.014957940208164868,-0.10566569699605435,-0.026904099775726425,-0.12343811107954827,0.05658164991314518,-0.040546786811821424,-0.0016330268953976567,655.5119105184137,660.0944649078427,667.0829296532527,639.1251699643943,0.0,0.0,0.0
17.368,8.816555564288896,-3.89259251355409,1.998192813651078,0.41124479510211376,6.282624758694106,111.5332438609515,8.76477075775769,-3.584846536146745,1.9999999999999991,110.85382599172128,1.5635489012730561,-0.0030647654930958277,0.04648990973187116,0.10660345857472961,-0.19685395784462217,-0.02549607796722797,0.249141680099702,0.009204955802333603,-0.022053699637280932,-0.0019725820557207644,668.0548504597356,664.4293585457067,665.2419710233806,656.3491093783475,0.0,0.0,0.0
17.42,8.78680222888068,-3.816347851310652,1.9917269208280668,0.8200003584154097,5.584102877074836,111.44872425774675,8.736994672387288,-3.5130007997860404,1.9999999999999991,110.77101234433475,1.5874489648426393,-0.005724852756416756,0.03512303694155338,0.11070022386563498,-0.2568321737121845,-0.02591064139095703,0.568779564518465,-0.0704845237734524,0.0009680668158340844,-0.0017769215893759767,682.2478421106176,662.8160408922647,657.6207921508876,677.7389422356582,0.0,0.0,0.0
17.472,8.75700257097387,-3.7389864769897425,1.985856655592784,0.8731472308455398,4.7607169337142965,111.35495028454318,8.709102901305927,-3.440349762881835,1.9999999999999991,110.69404428059602,1.6040032473963575,-0.011046413404809042,0.02963157547263965,-0.03565443216419543,-0.2857646885360699,-0.02715098721128647,0.8118250541429737,-0.022609727790142323,0.024067079430958857,-0.0009675290277895141,676.1624150228678,676.5674771214536,667.2013711293799,680.2259631871582,0.0,0.0,0.0
17.524,8.727324800241954,-3.6608448089146233,1.98105693457684,0.6166402167814242,3.909777789083797,111.26166922634253,8.681177890366785,-3.36707434496613,1.9999999999999991,110.6111253181358,1.6126475676407357,-0.015601905992551113,0.029966428147942963,-0.10360875707248678,-0.28197341325905645,-0.027146930023937456,0.9634721209734922,0.009017103302024102,0.04310652490346045,-0.0007447021359340174,671.6916374439201,686.1248136361614,672.1885694007174,681.6557193631066,0.0,0.0,0.0
17.576,8.697809176141014,-3.5823376680680807,1.9776439747862906,0.29836805416861945,3.1207430224705877,111.17492918168622,8.653062014419255,-3.2926656976698148,1.9999999999999991,110.5345180256577,1.613704367976767,-0.017540074441456537,0.03586532072568394,-0.0997727558331025,-0.25023131474786986,-0.026359007604486943,1.0160853126145661,0.018402798585201333,0.057304182897921246,-0.0008129702540103567,669.3227221011755,690.2589753225377,672.2648388696732,683.0565695572229,0.0,0.0,0.0
17.628,8.668451867610688,-3.5038722521113046,1.9757625745732728,0.04831657982235678,2.464850266990984,111.09492577341341,8.624913568855625,-3.2174849193262767,1.9999999999999991,110.45022561388333,1.6082009456671933,-0.016898894421195996,0.04646398015017951,-0.06979684894167527,-0.19765595529421137,-0.025914146054614264,0.9734415997399306,0.017289063350755064,0.06523322640646088,-0.0010547890730349106,667.5643382324064,690.4122921875609,669.5419872695967,682.870901758049,0.0,0.0,0.0
17.68,8.639253103638044,-3.425785708615399,1.9753876066680938,-0.10718234623416445,1.9890879954422829,111.01831024976504,8.596658656313737,-3.1413002426354497,1.9999999999999991,110.37015652838947,1.5976389233418407,-0.014409267330844962,0.060262553987851984,-0.03933444068129789,-0.13279727529663515,-0.025612514655401753,0.8510218005222988,0.014174354734314738,0.06768863797571747,-0.0012275454381262029,665.0954491878574,687.8452293192016,665.7279082015925,680.6718112609935,0.0,0.0,0.0
17.732,8.610223528156748,-3.3483138451133883,1.9763457335141943,-0.18234831974681465,1.7156779860831508,110.94246595954823,8.56845064130374,-3.064576956726086,1.9999999999999991,110.2801060347495,1.583763526714474,-0.010865207050264463,0.07541964814153758,-0.01523942674430694,-0.0638657797340341,-0.025858046080314855,0.6724294090354873,0.011331531972836841,0.06472221050690687,-0.0014230561290143788,662.1989123639512,683.4488441045986,661.4873353343537,676.4905678660712,0.0,0.0,0.0
17.784,8.581375003786702,-3.2715827544271194,1.978351308906682,-0.19718056361259795,1.6428884661523233,110.86541524259016,8.54024731983154,-2.9872827068054986,1.9999999999999991,110.19345906314442,1.5683722190766456,-0.006881811394501153,0.09006806093921609,0.0024605992103313946,0.0015672127067811765,-0.0261287883361651,0.46513907846640934,0.009343993506666714,0.05794244493969269,-0.0015140582688173885,658.9695608170521,677.8933889473434,657.433656984041,671.1864200565062,0.0,0.0,0.0
17.836,8.552712269717764,-3.1956157699952743,1.9810529129203776,-0.1680904123710959,1.7497947951057216,110.78646822128817,8.512166795068326,-2.909860089292712,1.9999999999999991,110.0954735188556,1.5531534049684323,-0.002923591118948353,0.10267225407224286,0.015431717945840123,0.057669399259309514,-0.026860144305625222,0.2554910147776901,0.007475940017356972,0.04814844734939866,-0.0016320009615348294,656.1544735685388,671.9021681703134,653.745589827159,665.3386146935688,0.0,0.0,0.0
17.888,8.52422965442372,-3.120350047816538,1.9840796738831397,-0.10822157277297509,2.00036214393176,110.70531860727931,8.484188330676256,-2.8323637868926443,1.9999999999999991,110.00111690050181,1.5395640963408683,0.0006848940017939301,0.11214036162433616,0.024210971841300326,0.10011630571383372,-0.027479165357597653,0.06610439645414856,0.005990340102696353,0.03706069237022459,-0.0016702201183667362,653.8286640887912,666.0918729864308,650.8749833835248,659.7879748909511,0.0,0.0,0.0
17.94,8.495911847622152,-3.0456585484076206,1.9870828016207138,-0.028975857623284296,2.3498306588616416,110.62178565795702,8.456385813598985,-2.755096987581605,1.9999999999999991,109.89461396388769,1.5287250841087086,0.003720050690346227,0.1180087604766635,0.029522611005608303,0.12675886846930234,-0.02858181571966887,-0.08727156358536359,0.004461710534373296,0.025640676873334253,-0.0017335657242477012,652.420297463177,661.0372409443764,648.8391561276603,654.9467033674259,0.0,0.0,0.0
17.992,8.46773671717002,-2.9713736302879714,1.9897696814457941,0.05933838289222959,2.749696854856932,110.53550457614186,8.428594129214027,-2.6776660997312995,1.9999999999999991,109.79237608800557,1.5213589859283,0.006062041989823462,0.12025650611711473,0.03147742369109442,0.13718470462231708,-0.029653167192428265,-0.1950287406811474,0.0032755539936979404,0.015969386924282035,-0.001663198198050989,651.5696677944983,657.098778583409,647.8381825784136,651.5113027780251,0.0,0.0,0.0
18.044,8.439678863472972,-2.8973096520701733,1.991922617174776,0.1479108860473234,3.1550051063809934,110.44667576870185,8.401041325570922,-2.600747435306402,1.9999999999999991,109.6774131394136,1.5177602996137103,0.007654778992463129,0.11929482255746864,0.0307935875334098,0.13335022286413914,-0.030801691924445894,-0.25420181061570335,0.002447484695587688,0.00745422000500523,-0.0017746065064517917,651.863721954624,654.713056058434,647.5793135340502,649.0311358114282,0.0,0.0,0.0
18.096,8.41171293902409,-2.8232822842514413,1.9934081142831592,0.22990052593226207,3.526580047262335,110.35462036339341,8.373624985275798,-2.5240570744833395,1.9999999999999991,109.56743517557152,1.5178279802043284,0.008536848553536296,0.11579459868590827,0.02808320069157493,0.11722461960167671,-0.03197767937350518,-0.267073494793175,0.001805069401253058,0.0013484248042569674,-0.001706090606972915,652.575592933021,653.4834084083822,648.3027850041076,648.1703559915819,0.0,0.0,0.0
18.148,8.383816655904202,-2.749124179643766,1.9941770036539703,0.30035507717801274,3.8331918034115064,110.25921386332062,8.346505157294539,-2.448023997016968,1.9999999999999991,109.44411811362052,1.5211173208163586,0.00878583999600666,0.11051506220011512,0.02394019269907447,0.09189842903168946,-0.03325304284644359,-0.2394976142127757,0.0015572010965137356,-0.0027970709566706026,-0.0018072660601527635,654.0811537458353,653.7247016549131,649.4618414538477,648.2002396917175,0.0,0.0,0.0
18.2,8.355973296886303,-2.674697196729298,1.9942555120155583,0.3562978050220433,4.052607934393955,110.1596736169816,8.319715285040648,-2.372701620086053,1.9999999999999991,109.32641239674511,1.52692008160064,0.00853891816664443,0.10420307185573385,0.0191108360686984,0.06030518465851108,-0.034468722132885786,-0.1796259639736777,0.001574313113165613,-0.004807301576868296,-0.0017285055328324231,655.6848383859635,654.7572513667101,651.3029245326392,649.4583282533619,0.0,0.0,0.0
18.252,8.32817370881354,-2.5999011482760728,1.993732630232216,0.39701299473420315,4.171644219993957,110.05567968119703,8.293116873863859,-2.2976319946991914,1.9999999999999991,109.1946084179214,1.534353454356426,0.007939786657434162,0.0975065771184945,0.014139174075399472,0.025590069187120756,-0.035858432169118236,-0.09665515464203922,0.0015989465524959695,-0.0038402539206071106,-0.0017850249162090466,657.5242148432955,656.8830941501925,653.0035413936163,651.435781591693,0.0,0.0,0.0
18.304,8.300417807501287,-2.5246792296962246,1.992743771399511,0.42245268342544146,4.188087818432029,109.94704023902858,8.266741868015533,-2.222842274202017,1.9999999999999991,109.0688655516499,1.5424523280247089,0.007138111667614707,0.09100924077049463,0.009322848670507583,-0.008126791392635228,-0.037072793955385805,-0.0006454825583277479,0.0020511500321800397,-0.0005900324181350811,-0.0016838428986084585,659.0013900011825,659.4180673705915,654.9032625490432,654.144665417043,0.0,0.0,0.0
18.356,8.272714897342434,-2.449019384937824,1.9914527549181966,0.43473722006165183,4.11138715498156,109.83329403329667,8.240462993304499,-2.147884477057286,1.9999999999999991,108.92804876802631,1.5502823943778683,0.006282183958358734,0.08522736774600018,0.005324547460991068,-0.03736013772348297,-0.03855343466984142,0.09808561909152269,0.002353767288533438,0.004821218057072306,-0.001690922406328059,660.3599674788577,662.3993961243339,656.337288161924,657.0436482127661,0.0,0.0,0.0
18.408,8.245083006004386,-2.3729509188460183,1.9900331358195196,0.43644358855144766,3.9602378933240536,109.71507325860493,8.21438128974315,-2.07298642741895,1.9999999999999991,108.7936018779185,1.557043272523384,0.0054761275203711445,0.08060819484185161,0.0022426462991499076,-0.059166454280602444,-0.03973666508632433,0.18957874672544617,0.0029170242620265973,0.010863391389453808,-0.0015819510817837077,661.2380530390938,665.1443199664151,657.6847736179622,659.9522416894745,0.0,0.0,0.0
18.46,8.217547084398616,-2.296536951094133,1.9886512030323913,0.4311379580312383,3.759584803880211,109.59216389334316,8.18835424010935,-1.9976502871836375,1.9999999999999991,108.642824180937,1.562147386748658,0.004811946143014561,0.07749981666520281,0.00025553567255641105,-0.07218278553606891,-0.04119075688591238,0.2650740668722755,0.003209593627136006,0.017437121652236473,-0.001614215625004375,661.9010904711395,667.7393727220024,658.3453512718759,662.395585613867,0.0,0.0,0.0
18.512,8.190136512334856,-2.2198638135191384,1.9874498783414851,0.42167564745964514,3.5367600668480073,109.46508322726243,8.162538839479751,-1.9222890031407949,1.9999999999999991,108.49865600332065,1.5652598905188995,0.004336094565304869,0.07606730862799314,-0.0007442408279992908,-0.07586883365631139,-0.04240221046929272,0.3183540796311136,0.0036753353828922358,0.022885654316666136,-0.0015118195998865863,662.0164875575459,669.5164773410867,658.8784602470106,664.3369483341961,0.0,0.0,0.0
18.564,8.162882052809199,-2.143028964885425,1.986536112752239,0.41130103017409003,3.3179730451727023,109.33318249331106,8.136770486703027,-1.8463408209314578,1.9999999999999991,108.33668295133774,1.5663041220338463,0.0040892816599313615,0.07627047957563585,-0.0008228177456780249,-0.07129479176148508,-0.04400861445250252,0.3463686136925225,0.0038066052826283337,0.027680240636580564,-0.0015331628641307733,661.8898606679325,670.7732180488198,658.7294682815372,665.5077731768889,0.0,0.0,0.0
18.616,8.135813005521918,-2.0661289575925923,1.9859729516194,0.40209045855741715,3.1254418801938035,109.19732029754556,8.111257590902504,-1.7704028258293418,1.9999999999999991,108.18146275794126,1.5654293573159495,0.004052269020663975,0.07789921287877473,-0.0001795371524424199,-0.059859756092762964,-0.045310817431256104,0.3491440011268714,0.057058147204395705,0.035464149118811794,-0.0014247153286628509,653.0108318072394,679.1244124576535,665.3327072121489,659.2030283835954,0.0,0.0,0.0
18.668,8.108957547591974,-1.989247894135933,1.9857779920757659,0.5736344246977704,2.98004977201545,109.05937934683435,8.086021351065723,-1.6945003146046598,1.9999999999999991,107.83882786753392,1.562967527013705,0.004130528134555325,0.0806526869579168,0.13890366480152094,-0.04070408012824252,-0.04539903654195014,0.32905562505599373,0.022154716834925862,0.02964318894165325,-0.0056239237454585814,664.1670742312414,678.6700527021553,654.895347638431,657.0414411774093,0.0,0.0,0.0
18.72,8.082423523178537,-1.9124190124234317,1.985924953388966,1.1079726605277949,2.894545628531896,108.91762703439797,8.06090896911877,-1.6181173994138824,1.9999999999999991,107.65064997099644,1.5594314389057338,0.0016193355239653515,0.08421674534727666,0.14858953400803115,-0.022952011388457046,-0.048108230268630967,0.29001877696582345,-0.08449868045742112,0.028626787703814195,-0.005580193743892859,678.3526055745574,662.6879878461725,638.7427195655395,671.2119841405886,0.0,0.0,0.0
18.772000000000002,8.056423833767285,-1.8356113347965952,1.9863548823485162,1.221580246904703,2.854154266863122,108.76406936413908,8.03588583222428,-1.5410873803582361,1.9999999999999991,107.47433811754372,1.555355415417465,-0.004630484942321899,0.0878597536860958,-0.027457545946304583,-0.00899494285016018,-0.051816248783144746,0.24110666417752713,-0.02797055226364378,0.02899233801891753,-0.004682390645281848,668.1281970703487,668.4156355974637,647.1175145011723,663.4592394995163,0.0,0.0,0.0
18.824,8.031013646565427,-1.7588256574169485,1.9869910109856164,0.9563137629293064,2.855602831800732,108.60371693137208,8.01116929542369,-1.4640112919901251,1.9999999999999991,107.28213550057458,1.5511356198548452,-0.010629424902930385,0.09096683452343796,-0.1108660573259933,0.0051600058142299565,-0.053996503120714315,0.19081934012871815,0.14658995635104372,0.03300776416908867,-0.00452843807390765,641.1181253248997,691.7789827323273,670.5168601565811,637.8776319784763,0.0,0.0,0.0
18.876,8.006086179939947,-1.6820971455972522,1.987743582351001,0.86958042858775,2.9037998296091723,108.44202516782104,7.986723713157763,-1.386611596287199,1.9999999999999991,107.1018884545186,1.5471418986105214,-0.01390970515047946,0.0935035250009664,0.06615770764632825,0.022617326948252862,-0.05362736624645378,0.14236855533605386,-0.05920787547265215,0.023912456868160587,-0.005028760888977465,671.5162773821155,661.5615083817356,640.5380111847497,664.4853536457741,0.0,0.0,0.0
18.928,7.981597775622484,-1.6054170087119588,1.988521939155018,1.109592525578626,2.9934933750021933,108.27829080813052,7.962719195910409,-1.3093175337577856,1.9999999999999991,106.90139382777991,1.5437899374885293,-0.017472224814659806,0.09563716530489205,0.04277318507267689,0.03202157907017946,-0.05672028676306692,0.09701454185053704,-0.06545544265772271,0.02052870990181232,-0.004643359261019227,671.400325413041,658.700769739879,639.6821013900302,664.471053034962,0.0,0.0,0.0
18.98,7.95760827673281,-1.5287230911354188,1.98924621621192,0.9599849187004805,3.0977260459736775,108.10500005138836,7.939107952516027,-1.2318522529901663,1.9999999999999991,106.71239706116697,1.5413767170370287,-0.022235517958364474,0.09677720408487954,-0.09916589542624712,0.03469962076717846,-0.059544865489531563,0.06313116376187677,-0.009982261917864901,0.018569987745563617,-0.0039199127846963455,662.1365331806752,664.5702584951105,648.3373484720977,656.5641485644366,0.0,0.0,0.0
19.032,7.934040633252847,-1.451991543082661,1.9898535294930306,0.5529122310236364,3.203475924371936,107.9252582793256,7.916003273798193,-1.154525116540607,1.9999999999999991,106.50268975603475,1.5399695905378652,-0.024781771762734578,0.09676436936966831,-0.1427938577943002,0.03426998449459792,-0.06156353938358914,0.04430832089833381,0.02075437454161566,0.01643641640656837,-0.003783980003046683,657.4581361789784,668.0077172022762,652.8561291025458,651.6115759857098,0.0,0.0,0.0
19.084,7.910709170041601,-1.3752330249514169,1.9903016135569176,0.15749056283585533,3.301245806734417,107.74083190075062,7.893359562584358,-1.0770960643269623,1.9999999999999991,106.30066197500005,1.539526943873169,-0.02348562237291202,0.09594063492984854,-0.11435904409143482,0.030866362708560108,-0.06264908028934286,0.03854599547297477,0.027561504354822193,0.01493361227361604,-0.0037322458895496604,656.5166375355653,668.574260396553,654.0126251502032,650.3726928929049,0.0,0.0,0.0
19.136,7.8874320418924775,-1.2984597712459904,1.9905720997989258,-0.1073759182251856,3.383399418272881,107.55090817054592,7.871237806310183,-0.9997674819478107,1.9999999999999991,105.91784004946,1.539925157362997,-0.01881946779447991,0.09464997716878207,-0.06488835415953076,0.02501934347586235,-0.0663652076482916,0.04305895560023665,0.026872044569104903,0.014100604457122124,-0.006443895142406363,660.624266070548,672.1825980447115,650.3617774023369,646.6595670637945,0.0,0.0,0.0
19.188,7.864086187567569,-1.2216717851708956,1.9906661868744933,-0.21788669685528705,3.4447272547297167,107.34303090919266,7.849580203257999,-0.9223686000795278,1.9999999999999991,105.23333754479783,1.540985904337617,-0.011728272868629068,0.09308112134878595,-0.002392081791579691,0.01803131735251225,-0.07544709724129753,0.055961522516818185,0.1713436517314185,0.018644455833082156,-0.013264207166362195,649.0651119452405,701.9386297654747,661.2238017935946,616.2828869868447,0.0,0.0,0.0
19.240000000000002,7.840634121914052,-1.1448510162495067,1.9905972170604251,0.20548079213877488,3.491641990080036,107.09493583265653,7.828389692512819,-0.845008666016409,1.9999999999999991,104.45979123952776,1.5425111677768655,-0.0033939826437744056,0.09153448288145906,0.23406067501540853,0.014426850959327215,-0.09215044487432889,0.07387908262633691,-0.06848638796501635,0.013340088520582131,-0.018341307758114583,690.7931532555086,675.6190518056735,619.9950058372592,644.3284727110355,0.0,0.0,0.0
19.292,7.817243636148247,-1.067922959252475,1.9903911088800161,0.7606518487216849,3.5244825467927274,106.79104199020573,7.807615869357911,-0.7676044224275714,1.9999999999999991,103.7145745547937,1.5443778917655988,0.001575786097110748,0.09018954462884482,0.13685597182744855,0.006671820424821856,-0.11224038850283505,0.09422194481832213,-0.04150585076308408,0.013906342574414653,-0.020418329121282466,690.2607491538226,682.7026825589153,621.4576714488134,637.9997542621242,0.0,0.0,0.0
19.344,7.7941448221711545,-0.9908028508678909,1.990086949970851,0.9149430248704924,3.5352415008427145,106.42229880147478,7.787250359776053,-0.6901636544325093,1.9999999999999991,102.88140878758492,1.5464306856403538,0.004078948483277717,0.08904222976929269,0.019685354456379915,-0.0014720999239168776,-0.13467919902326655,0.11578168508099629,0.007971638887273945,0.015238748880486515,-0.022136335566634042,686.0774704647204,692.4081234087809,626.7169146129352,628.8929970281881,0.0,0.0,0.0
19.396,7.771419160309467,-0.9134637173390378,1.9897247334735924,0.8909097281677382,3.5262819910888688,105.98637717011619,7.767191018586415,-0.6121727361874423,1.9999999999999991,102.09326091988443,1.5484611378354487,0.007515485935869435,0.08810729632938492,-0.000653981012145943,-0.00756009811514983,-0.1558562431849984,0.13713342405793771,0.027401557081254538,0.01733509819552268,-0.021961564689499176,683.3408337257005,695.5393030038995,630.0561358626848,627.0453857367206,0.0,0.0,0.0
19.448,7.749070229959499,-0.8359122076953922,1.9893438220347683,0.9051138147526051,3.5049013216886724,105.49132300326157,7.747627583548316,-0.5342360005953508,1.9999999999999991,101.21699912421586,1.5502866043046002,0.012709313434828845,0.08750138556813544,0.02866550141528887,-0.01092905273108405,-0.1759623187317659,0.15586819355398385,0.02840697920042823,0.01884693701303415,-0.022792830976560704,684.5010091316818,697.358090291964,629.2032836375715,626.3404487204273,0.0,0.0,0.0
19.5,7.72711578330464,-0.7581576232880292,1.9889788934661878,1.020912395535015,3.4786187517322857,104.94061034732447,7.728661280553991,-0.456536651263983,1.9999999999999991,100.47593737667411,1.5517983546730547,0.019020072975058318,0.08731142794166803,0.06374497411126254,-0.012394440118125623,-0.19249446094735448,0.17001773603166948,0.02085431171949357,0.019298596179566814,-0.02088656508155908,683.2344829049484,694.194622567152,631.1051403649221,630.641558590098,0.0,0.0,0.0
19.552,7.705617838237346,-0.6802009310743652,1.988658123077455,1.2207834506005528,3.4298043952655575,104.33773326725566,7.710292898364904,-0.3787129513502046,1.9999999999999991,99.66521430225586,1.5529697129499735,0.025411524698220233,0.08705385764612397,0.0889424035439936,-0.03559593753032254,-0.2092206112989652,0.18343294181886194,0.0149490647662879,-0.023195537673807293,-0.019266660631559383,688.0025343730333,685.7455451811305,639.166297461307,627.8469792720981,0.0,0.0,0.0
19.604,7.684679966739238,-0.6020500463822676,1.9884048528668257,1.4760691165497442,3.2055371205950647,103.68128696820241,7.692517041043859,-0.30031034271925094,1.9999999999999991,98.8583887841682,1.5533641283973467,0.031137813936083482,0.08287878990202176,0.10421706023774135,-0.11958400709462058,-0.22406182060829907,0.23323370968967239,0.009175535457831799,-0.03809464231046456,-0.017136501296779034,689.0181277149735,681.0821422229013,644.6306517197712,630.6947664863396,0.0,0.0,0.0
19.656,7.66444942244037,-0.5237843058661247,1.988276194959811,1.7575639603641928,2.6828950900121367,102.9738354786894,7.675539023501136,-0.221904388946376,1.9999999999999991,97.91670897108601,1.5510422741179641,0.035498252859004174,0.07221756881367963,0.10777120022444212,-0.22791496345984336,-0.23883706858677423,0.3428503585222088,0.006397821540967158,-0.03251106288436284,-0.016792595251871725,690.4026982535278,683.2552582630125,646.2750585409818,634.8561787851141,0.0,0.0,0.0
19.708000000000002,7.645115115995522,-0.4456111604383543,1.9884104492370507,2.0411441569512823,1.847672971372074,102.21096580794263,7.659504226379807,-0.1437569149631751,1.9999999999999991,96.9825835609332,1.5431447557132407,0.038284942816702784,0.05628223801397418,0.10335847295993986,-0.3285216935690554,-0.25221734359309905,0.4959106332973048,0.003617887790091104,-0.0059540479877787655,-0.01564282025660832,688.7552503096562,688.1173141564352,646.9601749596986,644.1727887435928,0.0,0.0,0.0
19.76,7.62689450926339,-0.36787943851328125,1.9890253562333047,2.312274999701504,0.767554518028186,101.3874081305772,7.644466665670819,-0.06532733953249352,1.9999999999999991,95.89974167401837,1.5269291888217165,0.0395252080537137,0.03831557659096836,0.09279098667302751,-0.4003484991931144,-0.26786260917362387,0.6535060365487239,0.0009982318371977439,0.02533944727620152,-0.015514666743213109,687.9393612937664,695.0993363834864,645.6917156455626,652.7401302558173,0.0,0.0,0.0
19.812,7.610015036646591,-0.2910569132119535,1.9903665216258823,2.6494421598460742,-0.4458105180187345,100.5097658967063,7.630622652263527,0.012906875010571096,1.9999999999999991,94.83652856341976,1.5005391254921046,0.039123096888327005,0.021876512951690165,0.16023358883560238,-0.4287524372215528,-0.2809232097209845,0.7727112038195035,0.06736327942023183,0.05885911321789755,-0.014785217850646258,675.8162716532687,710.0599420776696,654.2199143497523,651.7716420927343,0.0,0.0,0.0
19.864,7.594744030831539,-0.21567220441956958,1.9926366143800316,3.279565031370474,-1.6460224405952684,99.58020417188712,7.6181599551170605,0.09067406903157188,1.9999999999999991,93.62064672290389,1.4635031458214247,0.035128517365450515,0.010064501315181284,0.18738078340501504,-0.4072248259838294,-0.2967685873354963,0.8164869247823839,-0.07596781792812872,0.08783972458020148,-0.015144517337539569,693.2503285361798,696.4622419445299,629.8162364928871,676.9470893442854,0.0,0.0,0.0
19.916,7.5814211025167415,-0.14223524817535924,1.9959338564659752,3.585828648646279,-2.6972440145267305,98.59502620109528,7.6072406633299,0.16777267170870924,1.9999999999999991,91.16161123521765,1.416880850591152,0.026988649813094522,0.005117244800481166,0.024204001729240764,-0.34494914382604236,-0.31253260299373053,0.759615898133888,-0.020559485086808285,0.052577621023809376,-0.04032262485177696,722.2367818996571,730.5232697190108,605.380548294653,627.6813882849538,0.0,0.0,0.0
19.968,7.5702217193411645,-0.07120686085898727,2.000212976000628,3.508825296303938,-3.513553363946303,97.56554894086486,7.598170911157624,0.23824239246374393,1.9999999999999991,89.97551839842043,1.3627493372992365,0.018296099845585168,0.006001918409245286,-0.0793179597121475,-0.2599250871616391,-0.3292725428986603,0.6136582413205123,0.010783515326694637,0.057777240550667255,-0.03759225636986041,711.1920155387336,729.0896854967813,610.2620477473965,624.570743867818,0.0,0.0,0.0
20.02,7.561100410116638,-0.0029513047116422548,2.005271784596751,3.274697457700938,-4.063103810698306,96.51232722268989,7.591010568173207,0.29730166908801,1.9999999999999991,88.70774024094061,1.303590214471813,0.011147416600642666,0.009872167444213802,-0.11055021131723138,-0.16979046469373432,-0.34219751746888927,0.413057680103445,0.01891466758450273,0.03733236356925285,-0.037421644164491376,708.5781887399878,723.3470698885183,610.2373545320488,615.8850311265439,0.0,0.0,0.0
20.072,7.553896500140942,0.06230077930955413,2.0107929536318276,3.0169244767258125,-4.389578040562157,95.43026312943942,7.585556419848988,0.3442076281863017,1.9999999999999991,87.55557648322464,1.241780857707542,0.006173807057983526,0.013238483399495255,-0.11391033568979221,-0.10743255143628308,-0.35838700455576306,0.20229459200271097,0.016853126185385873,0.010664510344352316,-0.03300253254133519,702.3482911090997,709.675481267185,615.6134039854271,613.7206596716148,0.0,0.0,0.0
20.124,7.548414824239628,0.12443598534837498,2.0164118764327528,2.7644631498409735,-4.615046944233511,94.31760519866017,7.581513299388522,0.3800936449418636,1.9999999999999991,86.32417356328673,1.1788996992648517,0.003221785380176699,0.012584194533784093,-0.11411772006869762,-0.08943085105723758,-0.3683742733347517,0.027652357972836897,0.014306975272830681,-0.017491535480129224,-0.03177491518666509,701.2341147015462,700.3798560467021,617.2087205606172,607.446212947801,0.0,0.0,0.0
20.176000000000002,7.5444587614812395,0.1833965475292362,2.0217941893884186,2.514767774840152,-4.859978766313518,93.1778530101461,7.578580865339987,0.4067868774810031,1.9999999999999991,86.32417356328673,1.1153655935918299,0.001934131692777491,0.006299057401146392,-0.11581737581195736,-0.1096903321935008,-0.3736944309214836,-0.08429177780568864,0.017042537506669665,-0.1478094938793406,-0.006116456503534123,682.3420166045328,645.3095846837132,670.5504907823961,622.62057505797,0.0,0.0,0.0
20.228,7.541839503303629,0.23911353638481503,2.0266894908968203,2.292666674191764,-5.491246157256581,92.07172204866266,7.576492618060639,0.4262016333508606,1.9999999999999991,86.32417356328673,1.050225459391011,0.0008813369653462016,-0.009306160015063333,-0.0995229358639955,-0.3756023342808426,-0.35142756815785103,-0.0891889337165872,0.011935129204863046,-0.27463312012343877,0.00521617995969172,685.4873814347974,609.1986057851879,702.4596246227953,621.0512871793302,0.0,0.0,0.0
20.28,7.540395985067622,0.2913159916332969,2.030988116382852,2.1491587488759416,-7.297959829456548,90.99490759753408,7.575029090996077,0.44006048601039893,1.9999999999999991,86.32417356328673,0.9760641166082611,-0.0008674139157345877,-0.042671236737511956,-0.08072188299791586,-0.7549149027971364,-0.32300779919998157,0.09953414574843156,0.003024623754649732,-0.039254202677598216,0.01779712670130399,641.3821451605509,630.6737240506345,691.0647649361127,679.4662497093034,0.0,0.0,0.0
20.332,7.540016732954578,0.33922896735741304,2.0348355271931404,2.076413249970983,-9.746484399234756,89.99367233523382,7.574018028925826,0.44979395115506954,1.9999999999999991,86.32417356328673,0.8827947165110158,-0.004454710937964535,-0.07523737974319106,-0.07100230151947144,-0.8466153635831641,-0.28703939881043833,0.2946701688648916,-0.00575218975263558,0.13102945183931053,0.02607579164030332,611.9301869663271,649.277050960725,683.829648798821,720.451647369529,0.0,0.0,0.0
20.384,7.540606820574078,0.38175909458375656,2.038519592735537,2.033655263933117,-12.004807026397176,89.1089562483854,7.5733287872698565,0.45653123419144975,1.9999999999999991,86.32417356328673,0.7692681200265701,-0.01052262278133677,-0.0886544312668614,-0.07126728727906961,-0.6886168523541256,-0.24858119697809516,0.3064805376397387,-0.013089888519292013,0.21887171344141554,0.03092979486568925,595.1313954192932,656.9260759544783,679.950066672836,741.313522561966,0.0,0.0,0.0
20.436,7.542054347947671,0.4179105078178445,2.0421816829951465,1.9743726316715424,-13.527373179157687,88.36432746761818,7.572864848324488,0.4611323843823617,1.9999999999999991,86.32417356328673,0.6415846226089549,-0.019007835142999478,-0.0807001524799302,-0.07894870160492704,-0.39315303590717465,-0.21015361501396973,0.10857036536200282,-0.018409180973448454,0.24095029152032207,0.032855087624051496,586.7306284190594,654.1594073216008,676.3445969238262,744.9542241294952,0.0,0.0,0.0
20.488,7.544223217265916,0.44710359932570676,2.0456626531610005,1.8608497497595125,-14.081720087730764,87.76662915696866,7.572556404653257,0.464234900822895,1.9999999999999991,86.32417356328673,0.5081227705573306,-0.029257133336126527,-0.060590050226863076,-0.09164525081851593,-0.0562900746753345,-0.17391172715245265,-0.2032930746781738,-0.020966867778165477,0.2183020203936362,0.03241552824130163,584.3108420685962,644.6811967574165,672.3390271901166,736.2070559811681,0.0,0.0,0.0
20.54,7.546963523802232,0.46929358892975886,2.0485669130724493,1.672971172912983,-13.670301980372248,87.30592526208602,7.572353864413136,0.46630112576329796,1.9999999999999991,86.32417356328673,0.3769366654530663,-0.040236042279811056,-0.04036602052210135,-0.1063134432933309,0.25513897066113067,-0.14128708988130062,-0.49793373361560556,-0.02056766456872392,0.17018103472249252,0.030399712091091876,586.8419244723898,632.9577752184921,669.1672288244923,720.7656139075438,0.0,0.0,0.0
20.592,7.550125063149206,0.48491236839322294,2.0504390377821324,1.4107991662258432,-12.444901103946915,86.9599364230866,7.572222545896319,0.467660284836196,1.9999999999999991,86.32417356328673,0.2551040327375853,-0.05076675169543574,-0.02888243683592683,-0.1194654371578524,0.5014587156184241,-0.1129039853171947,-0.6735881049291168,-0.017730388079667918,0.11186064399861642,0.02745833109234707,593.9339114994849,623.0159532663275,668.1860335498211,703.702078504547,0.0,0.0,0.0
20.644000000000002,7.553566263775073,0.49472366258745293,2.050942875066072,1.0903840748925808,-10.631736400302291,86.70142853896796,7.572138536479756,0.46854310138748145,1.9999999999999991,86.32417356328673,0.14846994056447496,-0.05973665895250526,-0.029028041777167557,-0.1279887608999355,0.6663011511156034,-0.08876147155807264,-0.6909850186664314,-0.013382919095587045,0.05334825327394471,0.024206553242662323,604.6537328152576,616.9541534234638,670.1253881283952,688.5911921019245,0.0,0.0,0.0
20.696,7.557157479543864,0.49967914094451904,2.049966241730098,0.7367450597664723,-8.478920416620412,86.50529976559736,7.572085564927328,0.46910896115999523,1.9999999999999991,86.32417356328673,0.06120306837430063,-0.06627271691611362,-0.038799872472711945,-0.1298889348286675,0.7479757563076752,-0.06846557256296756,-0.5661514136957955,-0.008485213281918126,0.0010884714958336872,0.021007699109954477,617.5562059232025,615.300428619947,674.5255654977824,677.1885131414386,0.0,0.0,0.0
20.748,7.5607811056085845,0.5008116213025359,2.0476354488598356,0.37733698692619383,-6.221420746203016,86.35281752471174,7.5720526983047804,0.46946651301943065,1.9999999999999991,86.32417356328673,-0.0046506475748459815,-0.0698581491861784,-0.053408876499140376,-0.12442430169419905,0.7540436376403562,-0.05145556406199649,-0.3501776692987746,-0.0038635662602215584,-0.04086120377140512,0.018079754402964016,630.8343022926781,617.3622588192156,680.1431831522899,669.8389825961922,0.0,0.0,0.0
20.8,7.564331307453036,0.4991604972725884,2.044258775024692,0.03766459314480233,-4.059613620202108,86.23276236490271,7.572032680799639,0.4696888872362523,1.9999999999999991,86.32417356328673,-0.049268906741530644,-0.07036867276536293,-0.06771243950192204,-0.11221942967970086,0.6989504964125577,-0.037171335964536104,-0.10348508871830653,-5.8044176453900254e-05,-0.07061728111838714,0.015443416028306544,642.9935754571554,621.9871454876525,685.475404027349,665.843410915547,0.0,0.0,0.0
20.852,7.567714891583505,0.4957125481318713,2.0402337039799585,-0.26174126874947795,-2.14446335883108,86.13985787888306,7.572020756387168,0.46982470158523126,1.9999999999999991,86.32417356328673,-0.07469144559451925,-0.06802292871558283,-0.07787799776705542,-0.09481232033855788,0.6002083153752052,-0.025221840995588128,0.12350989722814676,0.0026499777201178867,-0.08787339518389814,0.013083532148865694,652.9635210191715,627.9480821292385,689.3389030292859,664.1933931801601,0.0,0.0,0.0
20.904,7.570853264515714,0.4913490903599384,2.035958876084073,-0.5065810572346487,-0.5740301142682664,86.07208815244424,7.5720138472036345,0.46990587976247866,1.9999999999999991,86.32417356328673,-0.08417513644969196,-0.06328011115112517,-0.08196572169630835,-0.07427097933609975,0.47547103211729735,-0.015394151924690454,0.29895179597343347,0.004219356121267399,-0.09343108917452343,0.01095632331997348,660.1974716969316,634.2858948343828,691.0144234375323,663.9171746819524,0.0,0.0,0.0
20.956,7.573684564903064,0.4868016032964305,2.0317729244626905,-0.6896823219694052,0.604608361051712,86.02846160805836,7.572009988141229,0.4699531188808822,1.9999999999999991,86.32417356328673,-0.0815251763638533,-0.05672308814982818,-0.07995100688841741,-0.05278142560932878,0.3415178373416846,-0.0074462302604362445,0.41173229440917614,0.00482248644376467,-0.08926712761268647,0.009002909874279243,664.7186268213975,640.3913597545255,690.3452877634235,664.2292602678193,0.0,0.0,0.0
21.008,7.576164974591496,0.4826230306381176,2.0279164635516826,-0.8103119685788619,1.3903014355991063,86.00737223032496,7.572007942824527,0.4699796590785628,1.9999999999999991,86.32417356328673,-0.07054680327426635,-0.04895848926276174,-0.07317427396274276,-0.032186115822054516,0.21260056409986278,-0.0012586680120066397,0.467302268289272,0.0047182741341901206,-0.07813400105177336,0.007207899784175736,666.9349223283513,645.9095269126675,687.6966072222077,664.6619946346129,0.0,0.0,0.0
21.06,7.578268627078637,0.47917974735941005,2.0245294360500323,-0.8729592587477302,1.817446332327883,86.00587963952286,7.572006946035815,0.4699938484264505,1.9999999999999991,86.32417356328673,-0.05468812020070242,-0.04055063132452255,-0.06349529813439043,-0.013812967472990902,0.0990426276857311,0.0033491957177674155,0.4794432400825822,0.00418764741848145,-0.06287943856944318,0.0055710957423138205,667.4438177474389,650.702794993919,683.6829623308305,664.9859405332372,0.0,0.0,0.0
21.112000000000002,7.579986210592323,0.4766639900500641,2.0216671122245966,-0.8854934312469261,1.9436477610648912,86.01991435335448,7.572006533072963,0.47000086626695464,1.9999999999999991,86.32417356328673,-0.036852579699333546,-0.031985833428220395,-0.05270824560113028,0.0016107783758603697,0.006993000413187285,0.006546658715946575,0.46400429932400733,0.0034524425956887865,-0.0459997152719232,0.00411503872713209,666.8504728776869,654.7461317794156,678.992826594725,665.1601929084713,0.0,0.0,0.0
21.164,7.581322701537815,0.4751212746397608,2.0193249386345533,-0.8573707882998126,1.8382453476048373,86.04487585388745,7.572006428098165,0.4700038668894308,1.9999999999999991,86.32417356328673,-0.0193232042201115,-0.02365907652572847,-0.0421643209134234,0.013845440764699757,-0.06101236914133499,0.008562122259102028,0.43439616197879827,0.002658029157906705,-0.029462675982340446,0.002854307093414608,665.685984462217,658.0727431762742,674.2194755929202,665.2030205193867,0.0,0.0,0.0
21.216,7.582294776768391,0.47448555636197237,2.017462786199856,-0.7982593627028353,1.5728998651582142,86.07629415228857,7.572006472018366,0.47000472915408004,1.9999999999999991,86.32417356328673,-0.0037520049596929915,-0.015873687105195777,-0.03268035326064066,0.022970444361701085,-0.10522688779220515,0.009612252886947444,0.39991602820844885,0.0018867786890912584,-0.014674921846162765,0.0018062411189889607,664.335771717092,660.7071149073819,669.8168563558348,665.1523895384153,0.0,0.0,0.0
21.268,7.58292828811401,0.4746158022975837,2.016023671531224,-0.7171967716865909,1.2147010709437318,86.11035573076032,7.5720065765321465,0.4700045415911099,1.9999999999999991,86.32417356328673,0.00881009783509286,-0.008847581177362628,-0.024607801082516603,0.029247365531871832,-0.12793616323221063,0.009911362572357758,0.36582678344850506,0.0011775749754217042,-0.002499800546014029,0.0009540470730250975,663.0772709764793,662.7022957538517,666.0345295944668,664.9957620241993,0.0,0.0,0.0
21.32,7.583255964848681,0.47532963775115467,2.01494598573746,-0.6221718130227388,0.8214118969766957,86.1441890188993,7.572006695281912,0.47000391210560843,1.9999999999999991,86.32417356328673,0.017850813988972376,-0.00272263154226265,-0.017967815210209785,0.033037664366151055,-0.1328437619236369,0.00968597728392398,0.33429363278394586,0.0005391274564921049,0.006719947194548187,0.00031411771457871856,661.9994622046208,664.057661242885,663.019105057377,664.7692964681572,0.0,0.0,0.0
21.372,7.583315361601455,0.4764315524297718,2.014170583033331,-0.5199472857386307,0.4385021088211515,86.17589046420774,7.572006806044578,0.47000316282313126,1.9999999999999991,86.32417356328673,0.023306156202846984,0.0024245166066444975,-0.01261335659290994,0.03471449576101244,-0.12421803450911069,0.00909909854749023,0.3057513734083832,-2.6802140272954092e-05,0.013003224693909528,-0.00014736367780867664,661.1634234079772,664.8428297125517,660.7482631265452,664.4451349033544,0.0,0.0,0.0
21.424,7.583147029749651,0.4777344952369447,2.013643045408335,-0.41616716052043656,0.09878204055277133,86.2043855382339,7.5720068999486,0.4700024506768014,1.9999999999999991,86.32417356328673,0.025454391409291816,0.006571701342571322,-0.008353567874615529,0.03462221253446433,-0.10625823855577662,0.008292363014711299,0.2800549638615307,-0.0005096140788793287,0.016566647743150944,-0.00046190467762471883,660.577529805393,665.1314504754486,659.152826128664,664.0051462890864,0.0,0.0,0.0
21.476,7.582792835538082,0.4790749724319946,2.0133140097103945,-0.31544551977422103,-0.1769700704763038,86.22923917429448,7.572006975096951,0.4700018406327183,1.9999999999999991,86.32417356328673,0.024808856730326338,0.009741489462088377,-0.005012521447811107,0.033094154509800675,-0.08287214185994461,0.007374880317592117,0.2570466807175596,-0.000897669504743917,0.017786619305515283,-0.000657350747280719,660.2175164241797,665.0091194420945,658.1386902891326,663.4542280789392,0.0,0.0,0.0
21.528,7.5822944041914475,0.4803222060586193,2.0131393246197975,-0.22137568706730576,-0.37880895684108373,86.25046828774737,7.5720070329066305,0.47000134915155806,1.9999999999999991,86.32417356328673,0.022016670093341635,0.01199195747495761,-0.002442635383404398,0.030476809023048945,-0.057484842312165975,0.006420283860854563,0.23668278838847293,-0.0011925119694465441,0.01715237997174968,-0.0007631410585685114,660.0483033875764,664.5783653448113,657.5906997302923,662.8143767150781,0.0,0.0,0.0
21.580000000000002,7.581691734405526,0.48138209793954173,2.0130799205530137,-0.13660052532060335,-0.505766658682899,86.2683298802639,7.572007076090432,0.47000096925299106,1.9999999999999991,86.32417356328673,0.01776941808842273,0.013407634113763403,-0.0005330018858118271,0.027077890795822644,-0.03281423492948206,0.005485622888211084,0.21911937246843802,-0.0013917790295784986,0.015174658272994128,-0.0008035088556459045,660.0292474995676,663.9433239520282,657.4023703873352,662.1227811253481,0.0,0.0,0.0
21.632,7.581022016381839,0.48219697998674727,2.013102046216438,-0.06289100024459028,-0.5636531884458473,86.28319374531785,7.572007107608105,0.47000068442517107,1.9999999999999991,86.32417356328673,0.012731910727637009,0.01409135781701496,0.0008102729697829445,0.023186606047870435,-0.010841737844682906,0.004600276545894963,0.20451107466314178,-0.0014993376188607976,0.012344397207648568,-0.000798714216566073,660.1197116647669,663.2010200612013,657.4757719190466,661.4222563520514,0.0,0.0,0.0
21.684,7.580318684296927,0.48274225664058373,2.0131772930377343,-0.001233673757348177,-0.5629076516498757,86.29543996969628,7.572007130172611,0.4700004759255075,1.9999999999999991,86.32417356328673,0.007490458191665781,0.01415684898700241,0.0016724867056307675,0.01905944098440949,0.007169761465037039,0.00378551437946933,0.19292722545447283,-0.001521710733826855,0.009098795000786617,-0.0007631634194605295,660.2789580580223,662.4327574903026,657.7280692642428,660.7566450081539,0.0,0.0,0.0
21.736,7.579610723356384,0.483020997285899,2.013282706224114,0.04808522326406632,-0.5166118447128,86.30541916327878,7.5720071460613445,0.470000326279184,1.9999999999999991,86.32417356328673,0.002520208319382193,0.01372210493363116,0.002137817389678917,0.014921329932322447,0.02056761898515044,0.003051193231952798,0.18427444306652557,-0.0014703687665315636,0.005814881367422312,-0.0007091099035027127,660.4702656276648,661.7057013183663,658.0849439777443,660.1628015315199,0.0,0.0,0.0
21.788,7.578922241806156,0.48305742893214476,2.0134005940487247,0.08537362236827065,-0.4387983422514055,86.31343096764093,7.57200715708502,0.47000022067453257,1.9999999999999991,86.32417356328673,-0.0018309672090965601,0.012903620430571413,0.002293744655368545,0.010958149960536675,0.029263369393396854,0.002401843227111949,0.1782589852787628,-0.0013594556304562587,0.002778525844536474,-0.0006436049751452246,660.6592659852791,661.062941156956,658.4881624022265,659.6684555038569,0.0,0.0,0.0
21.84,7.578272300004754,0.48289012841113516,2.0135182158691025,0.11141884695880265,-0.3429767491702785,86.31973233296718,7.572007164630039,0.4700001472600238,1.9999999999999991,86.32417356328673,-0.005343712828776788,0.011811598868783907,0.0022248861825937267,0.007316244392524374,0.03357463153810436,0.0018374592908605076,0.17445712644241615,-0.0012053578144826744,0.00019277697164318645,-0.0005729286056444625,660.8197874664338,660.5316632896129,658.8892932057411,659.2880825349654,0.0,0.0,0.0
21.892,7.577674977155726,0.4825655734921147,2.013627045203689,0.12736624469745167,-0.24117740803975435,86.32454596819574,7.572007169728289,0.47000009691956185,1.9999999999999991,86.32417356328673,-0.007917296728871532,0.010546201415612945,0.002008144347123466,0.004097928042818141,0.03412468636814181,0.0013551004593766033,0.17238631621528322,-0.0010238219582294158,-0.0018241786142316248,-0.0005001091103536375,660.9315221782225,660.1209562521883,659.2550736438963,659.0268063872151,0.0,0.0,0.0
21.944,7.577139641647318,0.48213249154167387,2.013722043090311,0.13458342210403268,-0.14314405904434385,86.32807341476808,7.572007173130664,0.47000006284399076,1.9999999999999991,86.32417356328673,-0.009551605644033168,0.009194972334383465,0.001708705362496674,0.0013622656544941614,0.03174107039341027,0.0009509413171273372,0.1715676601378819,-0.0008276283805161364,-0.0032430104784920873,-0.00042855366025558304,660.9865452426739,659.8277968647299,659.5645108894337,658.875709933789,0.0,0.0,0.0
21.996,7.57667138253533,0.48163733079815685,2.0138007592761635,0.13456759589481138,-0.056132540448536904,86.3305070602215,7.5720071753734075,0.47000004006398477,1.9999999999999991,86.32417356328673,-0.010324137302318672,0.007831378880706268,0.001375346754195931,-0.0008595936569583112,0.027265849078787447,0.0006196806216254801,0.1716007736909686,-0.000630881123684676,-0.004073115773032179,-0.0003600387070870465,660.9817393747006,659.6425065008088,659.8056073916,658.8241172277093,0.0,0.0,0.0
22.048000000000002,7.576271561893175,0.4811209456015165,2.0138625758917184,0.12884911005571364,0.01513410538871167,86.33203188070854,7.572007176833279,0.4700000250220474,1.9999999999999991,86.32417356328673,-0.010366376529026538,0.00651418656378037,0.001042578210855543,-0.002569784586733103,0.021541724047361488,0.00035416687361371354,0.1721668856750809,-0.00044447301638995095,-0.004375820264031195,-0.00029617919026556284,660.9222773847114,659.5497766375943,659.97604400914,658.8552636834183,0.0,0.0,0.0
22.1,7.57593844418125,0.480616488281847,2.0139080880159397,0.11889977459964453,0.06832187689524513,86.33282250103673,7.572007177771152,0.4700000152133023,1.9999999999999991,86.32417356328673,-0.009840694598000566,0.005287719374304719,0.0007319718597926186,-0.003799123686140192,0.015334245272538138,0.00014735695849157974,0.17303555678192534,-0.0002747884115074865,-0.0042462081886853725,-0.00023793278557761042,660.8184762971815,659.5310760176864,660.0817484879841,658.949715767359,0.0,0.0,0.0
22.152,7.575667856720896,0.4801484243022388,2.01393862672957,0.10607245689123403,0.10314252798421629,86.3330426898739,7.5720071783652445,0.4700000088999336,1.9999999999999991,86.32417356328673,-0.008919671203117995,0.004182862568366583,0.00045525052910507625,-0.004593157865989192,0.009273027731503925,-8.218383994700828e-06,0.1740495594925493,-0.00012663397605664644,-0.0037930819477531405,-0.00018618729192626646,660.6839613894006,659.5676992060362,660.1325823085529,659.08762975614,0.0,0.0,0.0
22.204,7.57545384353444,0.4797325005737839,2.013955914713393,0.09156889939424524,0.12090976080950996,86.3328391313529,7.572007178735766,0.4700000048925642,1.9999999999999991,86.32417356328673,-0.00776928844048214,0.003218475051096616,0.0002167620844434913,-0.005006672735651527,0.003829892835138781,-0.00012094726254169152,0.17511156372825085,-3.6788166111263905e-06,-0.0031266672974149647,-0.00014095226174525328,660.5326255451863,659.6411085795041,660.1414066996263,659.2514587800288,0.0,0.0,0.0
22.256,7.575289284725465,0.47937645082749725,2.013961835603363,0.07641288448683393,0.12406822882830944,86.33234039355804,7.572007178962795,0.47000000238755235,1.9999999999999991,86.32417356328673,-0.0065365408008751695,0.0024030406378172716,1.7128634471988104e-05,-0.005102580275433909,-0.0006762077391818025,-0.00019735992435836479,0.17615562886488148,9.28989554111173e-05,-0.0023525254844260946,-0.00010260615592124968,660.378667896071,659.7351010762235,660.1210560883941,659.424271917505,0.0,0.0,0.0
22.308,7.5751664566215435,0.47908121256706276,2.0139582991676686,0.0614333085683221,0.11573911005127294,86.33165280422867,7.572007179099027,0.4700000008485993,1.9999999999999991,86.32417356328673,-0.005341384728218776,0.0017365079908103237,-0.000145487236858366,-0.004946653597024286,-0.004077530916653206,-0.0002444313773692436,0.17713907055858896,0.0001640513912456133,-0.0015617403518898684,-7.089850019755415e-05,660.2336564064392,659.8355655791819,660.084064964481,659.5923773554067,0.0,0.0,0.0
22.36,7.575077513323679,0.47884244039040014,2.013947142113611,0.04726789152927029,0.09930748899796424,86.33086070848272,7.572007179178698,0.46999999992220703,1.9999999999999991,86.32417356328673,-0.004272749562432127,0.001212172239023369,-0.0002741743395297449,-0.004602387730840846,-0.0063399930417603655,-0.00026905083683241663,0.17803376163806836,0.00021183379524858056,-0.0008257602965540405,-4.507957188974459e-05,660.1058814187011,659.9310181265047,660.0413774575289,659.7457859643675,0.0,0.0,0.0
22.412,7.575014879770915,0.47865211989222983,2.013930049725149,0.034371005979246916,0.07804671225765397,86.33002797836674,7.572007179223759,0.46999999937828235,1.9999999999999991,86.32417356328673,-0.003388171297774487,0.0008184718924676265,-0.0003727064722967995,-0.004128650569174637,-0.007539926738816231,-0.00027614856935172954,0.17882308169734382,0.00023934367620048833,-0.00019184252176295295,-2.4781150230055533e-05,660.0008273293299,660.0143571979255,660.000368946544,659.8775403663213,0.0,0.0,0.0
22.464,7.574971551756143,0.4785001138473381,2.013908527217434,0.023037703965363844,0.054888181140475466,86.32920089058821,7.572007179248086,0.4699999990690114,1.9999999999999991,86.32417356328673,-0.002716262002470575,0.0005406239930649145,-0.0004448787881961199,-0.0035759001974252622,-0.007819915351786227,-0.0002706262621323619,0.17949631709392394,0.0002493885424294205,0.0003098130661679825,-9.141322884574554e-06,659.9210180122867,660.0802984310646,659.9667395398043,659.9839512438399,0.0,0.0,0.0
22.516000000000002,7.574941307274614,0.478375529503094,2.013883873106562,0.013424613865535472,0.03224753427857447,86.32841144066963,7.572007179260313,0.46999999890076627,1.9999999999999991,86.32417356328673,-0.0022609535311573603,0.0003620194577118092,-0.0004944887731578917,-0.002987295152000817,-0.007364875186444733,-0.0002562220859334835,0.18004933886791724,0.00024507606352115036,0.0006661895899372282,2.4412427415184553e-06,659.8669654661368,660.1265277293982,659.9435439514126,660.0634914751745,0.0,0.0,0.0
22.568,7.57491883600632,0.47826783339856993,2.0138571709938162,0.0055735408878255155,0.011943154524290154,86.32767979259437,7.572007179265716,0.4699999988151567,1.9999999999999991,86.32417356328673,-0.0020068161112201085,0.00026539716419305163,-0.000525537756725442,-0.002398434729579031,-0.006385228006823604,-0.00023590268945977694,0.18048685972052234,0.00022966019275899932,0.0008816661458082994,1.1079377957610845e-05,659.836145245603,660.1526933298461,659.9322621390816,660.117969639479,0.0,0.0,0.0
22.62,7.574899796367182,0.4781676780730576,2.0138292944156793,-0.0005658804961169403,-0.00481911159912383,86.32701802893166,7.57200717926745,0.4699999987764075,1.9999999999999991,86.32417356328673,-0.0019248337834436892,0.0002337922652671721,-0.0005416749192444621,-0.001837014256367486,-0.005081518217984414,-0.000212137250992464,0.18081682020296028,0.00020627523297318167,0.0009690859051022271,1.6547126615641592e-05,659.826754349706,660.1615421221538,659.9313557409362,660.148618284096,0.0,0.0,0.0
