Time_s,X,Y,Z,Roll_deg,Pitch_deg,Yaw_deg,Ref_X,Ref_Y,Ref_Z,Ref_Yaw,vx,vy,vz,p,q,r,T_pert,tau_x,tau_y,tau_z,RPM_0,RPM_1,RPM_2,RPM_3,Wind_X,Wind_Y,Wind_Z
0.052000000000000046,-0.9999999999945471,-17.99999999999569,0.010054993663446213,5.6814311772146415e-09,4.494930392021022e-09,89.99999999877318,-1.0,-18.0,0.014464867854085735,89.99999999971945,7.311233179632874e-11,-9.133381764693545e-11,0.0009999500186602325,0.0,0.0,0.0,0.13171123677429475,-3.459428389376179e-10,-2.744951897451016e-10,1.964517282254875e-11,658.9282770007968,658.9282768237865,658.9282769565959,658.9282769769799,0.0,0.0,0.0
0.10400000000000009,-0.9999999999930965,-17.999999999994532,0.010106992930425163,7.192890672685653e-09,5.704293745654833e-09,89.99999999914318,-1.0,-18.0,0.027872386655924238,89.99999999971945,6.6510186354127395e-12,-7.879694444004785e-12,0.0009999974806728512,0.0,0.0,0.0,0.560395623573875,-3.360375661161652e-10,-2.6686129351038e-10,1.1963535199921594e-11,668.3735389404346,668.3735387708589,668.3735388786364,668.3735388980934,0.0,0.0,0.0
0.15600000000000014,-0.9999999676353019,-18.000000002140517,0.010352853563602594,0.0004841130600928993,0.0003993186780231773,90.00027874474334,-1.0,-18.0,0.04988052804296929,89.99999999971945,4.7063071020565484e-07,-1.3103753983726997e-06,0.010615224326233404,0.0,0.0,0.0,1.164333456938629,-2.2608385912132424e-05,-1.8021344076224814e-05,-5.786872915699409e-06,681.4714503090833,681.4602420493366,681.4496912644048,681.4509566906695,0.0,0.0,0.0
0.20799999999999996,-0.9999996975236042,-17.999999809588427,0.011827360035762464,0.0012277007007098404,0.001047500729983147,90.0007253991087,-1.0,-18.0,0.07930197671112212,89.99999999971945,5.954244879249491e-06,-7.888367932693418e-06,0.04317451619286735,0.0,0.0,0.0,1.7410810398310432,-6.203390263182914e-05,-5.2077422919994194e-05,-1.5059619792032558e-05,693.7585076029098,693.7275855404832,693.7020171717331,693.7047153482408,0.0,0.0,0.0
0.26,-0.9999988338507694,-17.999999105165955,0.015613603512582558,0.001648529037924713,0.0015532661504164197,90.00111610588999,-1.0,-18.0,0.11471958995594747,89.99999999971945,1.638277914928952e-05,-1.9863755724723614e-05,0.09538602605783315,0.0,0.0,0.0,2.2427685194979414,-9.33811446047483e-05,-8.542556474481416e-05,-2.317086948871213e-05,704.2723315197283,704.2246009908681,704.187261872851,704.1893857107455,0.0,0.0,0.0
0.31200000000000006,-0.9999971603757785,-17.99999762593111,0.022653188343615356,0.0014557753180595798,0.0017499154733608363,90.00141857273037,-1.0,-18.0,0.15478502333384972,89.99999999971945,3.0232754960018185e-05,-3.424709760153163e-05,0.16450080502487863,0.0,0.0,0.0,2.622935169489571,-0.00010139203629904643,-0.00010973961019991062,-2.945021805636868e-05,712.1340478413487,712.0783104131667,712.0316826553815,712.0294787143433,0.0,0.0,0.0
0.3640000000000001,-0.9999947762673828,-17.99999526510014,0.03370287559108265,0.0004961012450896711,0.0015153130230451208,90.00162334100368,-1.0,-18.0,0.19834257833568275,89.99999999971945,4.534052603615573e-05,-4.6954556528298446e-05,0.24641221682808828,0.0,0.0,0.0,2.8605927297941207,-7.528123884218011e-05,-0.00011778006782665927,-3.3701300132112056e-05,717.000335488713,716.9497146240756,716.8946731084213,716.8835285380347,0.0,0.0,0.0
0.41600000000000015,-0.9999921977701279,-17.999992147999244,0.04928093521033512,-0.0012224885545528692,0.0008185352495756794,90.00172631381764,-1.0,-18.0,0.2444608221996299,89.99999999971945,5.912063343668526e-05,-5.3427371465931605e-05,0.33634716150580607,0.0,0.0,0.0,2.956162621680941,-1.0197000723076347e-05,-0.00010552323467815505,-3.5839062377588135e-05,718.9393261231359,718.9090664276423,718.845533678061,718.82060365195,0.0,0.0,0.0
0.4680000000000002,-0.9999903461758229,-17.99998866073718,0.06965500414008709,-0.0033327259874575983,-0.000354688515448533,90.00172479630236,-1.0,-18.0,0.2924195984772765,89.99999999971945,6.903447401058877e-05,-4.836306173367423e-05,0.42950173994572294,0.0,0.0,0.0,2.925195588151806,8.429901889285263e-05,-6.927263368592406e-05,-3.580755807264545e-05,718.2920710184279,718.2960037164714,718.2230085501226,718.1828107540197,0.0,0.0,0.0
0.5200000000000002,-0.9999903435405754,-17.999985446198774,0.0948550345426522,-0.005261216287249552,-0.0019011631312609272,90.00162708753533,-1.0,-18.0,0.34167886329040315,89.99999999971945,7.199371716796703e-05,-2.717073276151552e-05,0.5215468315051675,0.0,0.0,0.0,2.791982324140972,0.0001892440079560991,-9.539740528216045e-06,-3.377907982541971e-05,715.5508809798094,715.5980918372755,715.514309565222,715.4620799593198,0.0,0.0,0.0
0.5720000000000001,-0.9999931787696686,-17.999983334604174,0.12471063826607805,-0.00630857540982358,-0.003605412183318408,90.00144529192372,-1.0,-18.0,0.39184322955345763,89.99999999971945,6.462166860236021e-05,1.3161773231956035e-05,0.6089553169918166,0.0,0.0,0.0,2.5839977816592086,0.00027840508170641026,6.881714902302702e-05,-3.0004920608840787e-05,711.2610242732666,711.3527917608902,711.2574984472355,711.2021003721189,0.0,0.0,0.0
0.6240000000000001,-0.9999993229775538,-17.999983210165507,0.15889677368897953,-0.005764044245729644,-0.0051824056130991185,90.0011898295715,-1.0,-18.0,0.44262887758017755,89.99999999971945,4.389665850906632e-05,7.262175453751458e-05,0.689163435385413,0.0,0.0,0.0,2.3323207353123863,0.000321278956281584,0.00015748248927769152,-2.4701406500031718e-05,706.043640508661,706.1711042815039,706.0652342692053,706.0216217211827,0.0,0.0,0.0
0.6759999999999999,-1.0000083740573507,-17.999985848078087,0.19698936299221056,-0.0031564890526838783,-0.006278759405930253,90.00088657195654,-1.0,-18.0,0.49383549335215265,89.99999999971945,7.482933474028082e-06,0.00014530594040840778,0.7607279288440314,0.0,0.0,0.0,2.064475201809949,0.0002909904083640329,0.0002442935300335974,-1.8405641094276537e-05,700.4587397309158,700.6023863702997,700.4888055562061,700.4762733110988,0.0,0.0,0.0
0.728,-1.000018866535189,-17.999991728419015,0.23851541395386264,0.0014948611996069055,-0.006478275115849799,90.00055562700047,-1.0,-18.0,0.5453238070757378,89.99999999971945,-4.5612258334041804e-05,0.000217404432461785,0.8229362700966799,0.0,0.0,0.0,1.788097956467082,0.00017295287205950206,0.00031312975498891225,-1.1535073950024e-05,694.6629312628561,694.7944638026108,694.6793834744835,694.7173165867699,0.0,0.0,0.0
0.78,-1.000028350367488,-18.000000839831504,0.28297908976479025,0.007315260489713984,-0.005473178340220206,90.0002608819815,-1.0,-18.0,0.5969983116619322,89.99999999971945,-0.00011261125543121157,0.0002654754657694158,0.8755636288992136,0.0,0.0,0.0,1.51809678171543,-2.072503872942388e-05,0.00034789060532001726,-5.416033891524441e-06,688.9696643725005,689.0589286514335,688.9496399399424,689.0502156093586,0.0,0.0,0.0
0.8320000000000001,-1.000033987682054,-18.00001256286617,0.3298881235720006,0.01171747538056507,-0.0032117869853845967,89.99999462893246,-1.0,-18.0,0.6487943519941035,89.99999999971945,-0.00018531796551507013,0.00024986473511149986,0.9188339301632571,0.0,0.0,0.0,1.265862507047288,-0.00021863144007050925,0.0003375639236372551,1.1149997004704873e-07,683.6166681444431,683.6493732685668,683.5568409822627,683.7097885205419,0.0,0.0,0.0
0.8840000000000001,-1.0000336270100174,-18.00002565646049,0.3787718953041603,0.014837266264318815,0.0005063869811798925,89.9997337549635,-1.0,-18.0,0.7006687011803814,89.99999999971945,-0.0002566333580088439,0.00018243413435630826,0.9533404517048144,0.0,0.0,0.0,1.039168017836845,-0.0004193850207253454,0.0002645230337477029,5.5273616929461055e-06,678.7810622735103,678.7381711742485,678.6797887012256,678.869202035221,0.0,0.0,0.0
0.9360000000000002,-1.000025929255866,-18.000038224461445,0.42920260303345886,0.01565246395430164,0.005524111041265825,89.99950628614178,-1.0,-18.0,0.7525928132735092,89.99999999971945,-0.0003131469337756403,6.072892381907768e-05,0.9799833537795598,0.0,0.0,0.0,0.8418858204564987,-0.000582819171477965,0.00011974080555589035,1.0249717433115289e-05,674.5543719901988,674.4253043330923,674.4197070360071,674.6155141462937,0.0,0.0,0.0
0.9880000000000002,-1.0000107460997774,-18.000047821324877,0.4808017038032604,0.013102862853856525,0.01112631694791537,89.999349521978,-1.0,-18.0,0.8045480718714193,89.99999999971945,-0.0003352476964708131,-0.00011103498448907538,0.999774205265969,-0.0012890460531543885,0.001756768164867428,-3.475963906095619e-05,0.6755498890837242,-0.00016286273436567813,-0.0007639444349043432,2.6170139538309542e-05,670.982299838713,670.7225826306613,671.0079620498232,670.8395401020872,0.0,0.0,0.0
1.0399999999999998,-0.9999894847808322,-18.000051894663578,0.5332460897117905,0.008293367924071201,0.014722801890861292,89.99928405021141,-1.0,-18.0,0.8565224933733967,89.99999999971945,-0.0002829012807908063,-0.0002904028946978947,1.0137866963516573,0.0,0.0,0.0,0.5395341082138554,-0.0006534207329975079,-0.0002874690454966283,1.4863435978747194e-05,668.0290640211329,667.7642336240909,667.8858379653059,667.9888353931269,0.0,0.0,0.0
1.0920000000000003,-0.99996463649708,-18.00004883475032,0.586268376392235,0.0019171060606106049,0.01591860051135721,89.99925768549919,-1.0,-18.0,0.9085084704357089,89.99999999971945,-0.00016625360814652673,-0.00044733394628155236,1.023070119515011,-0.00219460180795292,0.00010193265380697836,-2.24719136079877e-06,0.4318190410143572,0.0002794721196714596,-0.0004934700524554253,1.6229624494241848e-05,665.5626153951889,665.5021678420029,665.6861149400754,665.4677981831696,0.0,0.0,0.0
1.144,-0.9999392632376491,-18.000038238228633,0.6396532119405234,-0.003962198832959863,0.014908896203674048,89.99927146636628,-1.0,-18.0,0.9605012471176991,89.99999999971945,-1.0022232669161681e-05,-0.0005402001844808499,1.028598005759536,-0.001361653782278058,-0.00045769148595023007,6.931480990477079e-06,0.34956410473856714,8.477067992547759e-05,-0.0003985496907311228,1.2598947422041914e-05,663.7721548034408,663.6832813041436,663.8308555059302,663.6939689521388,0.0,0.0,0.0
1.196,-0.9999162593120157,-18.000020758647214,0.6932327040616261,-0.009737206572547159,0.011907495163354733,89.9993106044176,-1.0,-18.0,1.0124979011985416,89.99999999971945,0.0001633446846928747,-0.00057827395654464,1.0312462276589192,-0.0017296283576910827,-0.0012045596979935187,1.5078633698877288e-05,0.2894346094425888,0.0004026750778157184,-0.0001724326737560743,8.817715076123291e-06,662.374251568074,662.4395945265874,662.5128555207501,662.3496455246363,0.0,0.0,0.0
1.248,-0.9998982281395535,-17.999997946880132,0.7468815737444341,-0.013769067520244848,0.007541565779698938,89.99937413587355,-1.0,-18.0,1.064496673314947,89.99999999971945,0.00032689562230174026,-0.0005406865426308249,1.0317852627059838,-0.0012549938716109388,-0.001713629409225772,2.5395573719592264e-05,0.24780961703521598,0.00039925637034418193,2.1755797179034845e-05,3.7394244077765863e-06,661.4346241107777,661.5542724815413,661.5584222961581,661.4511412566562,0.0,0.0,0.0
1.3,-0.999887036942417,-17.999972002835342,0.8005108271428676,-0.01659798043485521,0.0019152192449963634,89.99944365712858,-1.0,-18.0,1.1164965302517904,89.99999999971945,0.00046761389309828264,-0.000451125935371988,1.0308655233134667,-0.0004024878032283474,-0.0011440649059905445,1.358845376429509e-05,0.221113351842245,0.00025806830471918464,-0.00012804063614427783,6.59848130771784e-06,660.881622156116,660.9186082351667,660.9732750837601,660.8634502927246,0.0,0.0,0.0
1.352,-0.9998838422481537,-17.99994560734828,0.8540612397388914,-0.017290281820301765,-0.004047069139430295,89.9995306566342,-1.0,-18.0,1.1684968843679677,89.99999999971945,0.0005609267695857983,-0.00030777353791407126,1.0290084924084355,-1.1315667955288065e-05,-0.0021471987455443818,2.839382882780015e-05,0.20610085460241123,0.00026478052727551334,0.0003852489374013376,-6.025397504354835e-07,660.4853463670095,660.6703359983989,660.5590382582327,660.5933220315561,0.0,0.0,0.0
1.4040000000000001,-0.9998888441282587,-17.99992159455751,0.9074971808832705,-0.01630768448045241,-0.010018975886072,89.9996080830116,-1.0,-18.0,1.220497415856103,89.99999999971945,0.0006007919402851702,-0.00013681870900457893,1.0266210858770612,0.0,0.0,0.0,0.19990784952655538,0.0003841853091204101,-0.0002590105231156006,8.136368320500308e-06,660.4108407375119,660.4464718427486,660.5427090385524,660.3596290595829,0.0,0.0,0.0
1.4560000000000002,-0.9999014155116503,-17.999902729991057,0.9608009520304736,-0.013392977757863687,-0.01540833349568761,89.99969728569636,-1.0,-18.0,1.2724979618824201,89.99999999971945,0.0005784468966009545,4.9691516418018885e-05,1.0240102406693863,0.0012196326979913076,-0.0017408461737303828,2.5252282639866828e-05,0.20008435182922746,-1.8244677986029565e-05,0.0006338939003086355,-2.917098971377383e-06,660.3602373611467,660.5354773210588,660.3469687571226,660.5325974094812,0.0,0.0,0.0
1.5080000000000002,-0.9999200800807901,-17.999891430924755,1.0139681718926343,-0.009290949544732433,-0.01946315673492032,89.99977503948679,-1.0,-18.0,1.3244984486536717,89.99999999971945,0.0004907358443016495,0.00022431928792787333,1.0213988973137191,0.0,0.0,0.0,0.20458259294197134,0.0004651676597084047,0.00020313098492996654,4.670276295103187e-06,660.4418438963128,660.6320444657773,660.5871614118278,660.5125861458073,0.0,0.0,0.0
1.5600000000000003,-0.9999427433370531,-17.99988950049753,1.0670037696576609,-0.003688168164757731,-0.02201422858033001,89.99984868392582,-1.0,-18.0,1.3764988506491467,89.99999999971945,0.00034740874662947987,0.00038070049237408463,1.018938269558228,0.00019002149565532696,-6.350798556573302e-05,2.057067996982905e-06,0.21176304554978742,0.00033048738811846545,0.0004688897947980736,2.391817540853966e-06,660.5853041956068,660.8127544487531,660.6859660515111,660.7253458929399,0.0,0.0,0.0
1.6119999999999999,-0.9999667723620953,-17.999897937807816,1.119918743494114,0.002089172835537719,-0.022219716240415355,89.99992003139211,-1.0,-18.0,1.4284991667760276,89.99999999971945,0.00015157120625988916,0.00048739522220359445,1.0167234200622688,0.002134548337651233,0.0002523921229492688,2.3329800357753067e-05,0.2203440923908495,-0.0005307748041733527,0.0005531145458166426,-6.840874780263044e-06,660.8985144473662,660.9048689216755,660.7285943207493,661.0369123178576,0.0,0.0,0.0
1.664,-0.9999893933576366,-17.999916665658695,1.1727274757157355,0.007609347996894033,-0.020026881975683246,89.99997215834223,-1.0,-18.0,1.4804994068808615,89.99999999971945,-7.622614826741938e-05,0.0005386679448863152,1.014800519973129,0.0,0.0,0.0,0.22941611771358517,0.00013429744272070094,0.0007987865747318767,5.779995981120962e-07,660.9594380021623,661.2247745806018,660.9992324427783,661.1881895371321,0.0,0.0,0.0
1.716,-1.0000080392454973,-17.999944455810503,1.2254459471691919,0.011768989529802173,-0.015216174711529735,90.0000189300341,-1.0,-18.0,1.532499584465665,89.99999999971945,-0.00031721302333130493,0.0005208978140352866,1.013193025594163,0.0011525393882193197,0.0019005138112008356,1.1854388784544958e-05,0.2382409634072502,-0.0004768222140608847,0.00012982607227752564,-4.7125756392604235e-06,661.3439096996595,661.2452663019233,661.1953279413239,661.3677881508731,0.0,0.0,0.0
1.768,-1.0000208648526066,-17.999978925304802,1.2780903854260044,0.013446589580701641,-0.009007138958788078,90.00004811945499,-1.0,-18.0,1.5844997130254859,89.99999999971945,-0.0005319922599281833,0.0004329989144089059,1.0118909826402096,0.00018775148310534249,0.002164153919675471,7.88813503071093e-06,0.24640036835810086,-0.00024008887339694213,1.6663672209973435e-05,-3.873313752467338e-06,661.5055661593583,661.4420684812832,661.4266283902224,661.4995989155453,0.0,0.0,0.0
1.82,-1.000027148538548,-18.000017042380748,1.3306760003512588,0.01286288641892619,-0.0024402718087496397,90.00006779630111,-1.0,-18.0,1.6364998044288213,89.99999999971945,-0.0006933857769555819,0.0002994271443774895,1.0108715523872989,-0.00039844767175941195,0.002211043052692001,4.96511371353461e-06,0.2536346112333856,-0.000103673099367904,-7.199965312072645e-05,-3.2167058374733368e-06,661.657761593325,661.6078472086499,661.6194182438,661.6284178284919,0.0,0.0,0.0
1.872,-1.0000272384709878,-18.000055638361964,1.383216282784141,0.011236917718780867,0.004020027709724304,90.00404885534829,-1.0000001637001972,-18.00000028103038,1.6884998683967287,95.83039728115193,-0.0007925711868515912,0.0001572951684316386,1.0100791076754843,-0.0005112762050761339,0.002122290592109241,0.006930131833100072,0.26006087136009093,-0.00012245896267764906,-0.00016116964487230873,0.08,540.1503878846596,540.0516660141897,764.3155082866616,764.3059869218869,0.0,0.0,0.0
1.9240000000000002,-1.0000198546202614,-18.000091624824893,1.4356434449633213,0.08626319959615415,0.009629621515646045,90.28580020842045,-1.0000028157568235,-18.00000509574594,1.7404999125307017,95.8303998681884,-0.0008211329661040294,0.0010101014165959168,1.0072791810463997,0.04949809502195513,0.0017692738565675413,0.135919267918091,0.28983990184853603,-0.02187280758963667,-0.00018939331466787644,0.06883984523390334,563.1407400121079,555.7269815756744,748.7098886894379,754.1346663924631,0.0,0.0,0.0
1.9760000000000002,-0.9999673525916635,-18.000122092327857,1.4880152652497336,0.29282088136005296,0.01273329351347284,90.76379266519247,-1.0000062557691356,-18.00001605265476,1.7922370210453977,95.83046455751413,-0.0007729848043855766,0.003066507463826584,1.0072190265438787,0.07292220230418664,0.0015100317632832211,0.1718343291545308,0.285981228986536,-0.03812712866177524,-0.0002340940685803214,0.045591544563369085,602.1455068419558,590.0474891135867,717.5767332245073,727.436257847965,0.0,0.0,0.0
2.0280000000000005,-0.9997794061278739,-18.000144123645775,1.540392288830257,0.4607756609626912,0.013457530536962834,91.30527827565962,-1.0000055147236577,-18.00003218808134,1.8400654457389554,95.83078805016936,-0.0006916205653545282,0.002843627591378025,1.00705207377106,0.040712901438953286,0.0014189957552518569,0.18676156704268382,0.15742456380876035,-0.033666319701734775,-0.00028627818865272755,0.028612992728396992,623.7259286718229,613.4072306348395,693.5262484649472,702.5161843561219,0.0,0.0,0.0
2.08,-0.9993823024858723,-18.00015466430029,1.592647396220283,0.5016729933053669,0.012293593417373088,91.87090182312633,-0.9999859081659502,-18.000051856192492,1.8804669274779402,95.83149952556624,-0.0006192491617913221,-0.0006013018519246965,1.0025058127590556,-0.00419315067204028,0.0010909101263410967,0.19057595993025422,-0.16296503624425895,-0.02211288553075801,-0.0001641601159738062,0.01519629133688372,634.0314706670457,627.3915147582379,670.2507125379259,676.3788640989569,0.0,0.0,0.0
2.1319999999999997,-0.9987630800269728,-18.00015197076322,1.644364299741016,0.4232414688044805,0.01016174873474136,92.43235675088485,-0.9999231884643308,-18.000072498552324,1.9127221006331416,95.83279835734515,-0.0005852300574772823,-0.0060114015409049705,0.9874622559744008,-0.039523974457700076,0.0006637424744856027,0.1859476531235907,-0.6251323152926833,-0.011172307862005628,7.663547096370578e-05,0.004927279370479991,636.5088415360382,633.2232780700381,647.2680422323491,650.5269642721976,0.0,0.0,0.0
2.184,-0.9979654854924769,-18.00013682258643,1.6948350566025077,0.26418562305947174,0.008287747503541502,92.96863699710364,-0.9997826246520904,-18.00009128171221,1.9374926951942517,95.83443458619432,-0.0006011922440131866,-0.011708967195072244,0.9570300345647829,-0.06103512007740165,0.0003653511010763864,0.17532579454021652,-1.1373601447895556,-0.002462872129447874,0.00031262204648042674,-0.0025937276449924792,634.2101016362867,633.5724073018173,625.9507780791962,626.7837869015722,0.0,0.0,0.0
2.2359999999999998,-0.9970669885642407,-18.000112446867764,1.7431982438140081,0.06306935336525021,0.007744504168920331,93.46616120190713,-0.9995391137515427,-18.00010575010833,1.9559718875095369,95.83652993579774,-0.0006583790916314555,-0.016355999615688475,0.9095743114554894,-0.07041374469513416,0.000295285318098875,0.1608799883399231,-1.6178875471710743,0.004408454796807116,0.0004516850574491454,-0.00791272209546331,629.7382338998692,631.1874315565501,607.7011076529823,606.4758508237887,0.0,0.0,0.0
2.2880000000000003,-0.9961569262573359,-18.00008362004602,1.7885886085594576,-0.14727039296159897,0.009133793271070908,93.91637040188782,-0.9991729923682682,-18.00011395261047,1.969444447485329,95.83858448799224,-0.0007309576555956281,-0.01908452771787645,0.8460072082063764,-0.0694749365949954,0.00042280152399022664,0.14424733522403138,-2.006833655751721,0.009705693551325958,0.0004504544821271751,-0.011407996349180214,624.9720126580506,628.0195512684796,593.7458669879923,590.808209958219,0.0,0.0,0.0
2.34,-0.9953211084758113,-18.00005557214802,1.8302547906843811,-0.33908403692585193,0.012461616472681722,94.31528390663875,-0.9986908715891355,-18.000115275569264,1.9790811110268332,95.84073758600512,-0.0007842294473663113,-0.01947586992084363,0.7693525248487006,-0.05995495418613449,0.0006338893002717849,0.1267973420325929,-2.272299593897867,0.013412773033160665,0.00031220828049091924,-0.013531857075945699,621.3235704623074,625.4625012210506,584.4797386541362,580.2507852290498,0.0,0.0,0.0
2.3920000000000003,-0.9946321673037525,-18.00003303455296,1.8676437019883008,-0.4906161231278959,0.01717299429462253,94.66215634740314,-0.9981133303893323,-18.000110080374874,1.9858613204030369,95.84249235364422,-0.0007844516581947084,-0.017540280158890705,0.6838275948738001,-0.04404534511371132,0.0007838149554683285,0.10943744214337876,-2.406541854076788,0.015501758798611962,7.655152728762562e-05,-0.014571007286572091,619.4150345779237,624.1251210271649,579.8578251554496,574.83517630823,0.0,0.0,0.0
2.444,-0.9941440418301116,-18.00001956813491,1.90042910355028,-0.5872380609726046,0.02230230926545898,94.95844816508483,-0.997473524152365,-18.000099632855854,1.9905620541967308,95.84399170648574,-0.0007080721160310624,-0.013655229811468467,0.593854171222525,-0.02428951780516815,0.0007454521672554832,0.09279574330289835,-2.4175398883647863,0.015993293254964586,-0.000194911186744878,-0.014815282212314618,619.4870386898231,624.2628580972879,579.3238287400133,574.0466941118709,0.0,0.0,0.0
2.4960000000000004,-0.9938891968314085,-18.00001719016606,1.9285095031920767,-0.6224555426168584,0.02670613463915541,95.20709619458076,-0.9968140108941509,-18.000086030763583,1.993777241743015,95.844910970954,-0.0005482329465384675,-0.008459748016464937,0.5036109028983897,-0.0034750639672772184,0.000448748862552148,0.07729379074891468,-2.3239250975694175,0.01505936259665262,-0.0004365559769617215,-0.014458096105505356,621.347350954323,625.7559100116578,582.1332209688865,577.1073411656157,0.0,0.0,0.0
2.548,-0.9938777782643655,-18.000026279693454,1.9519825760581464,-0.597842678250248,0.02931729324348768,95.4120218408923,-0.9961834012283522,-18.000071851677962,1.995948373820355,95.84534656575661,-0.00031669365473984264,-0.0027148488853045,0.4166454485263319,0.015776293950096408,-0.00010454612373225671,0.06319055909034772,-2.1493813669189987,0.012998085044111273,-0.0005926945256682322,-0.013699827426528168,624.6650714944451,628.3873557843826,587.3755699431948,583.0095681325233,0.0,0.0,0.0
2.6000000000000005,-0.9940984848386548,-18.00004573251308,1.9711093041939527,-0.5221239249957182,0.029359498096417896,95.57755601981813,-0.9956277110872913,-18.000059758498956,1.9973963845320741,95.8452248919662,-4.092078111006626e-05,0.0028366802945225854,0.3357552284739263,0.031274109980955075,-0.0008415100882340884,0.05057988303284068,-1.9193141070402633,0.01023971625552983,-0.0006299254586043016,-0.01264727185204081,628.9131997149321,631.779179658389,594.2610747770339,590.8125110805136,0.0,0.0,0.0
2.652,-0.9945211100535103,-18.000073321709817,1.9862680095346683,-0.4090533509336958,0.02651537962072526,95.70821633779249,-0.9951876656072065,-18.000051854635434,1.9983502602015535,95.84456414339124,0.0002422316618306948,0.00758644447970223,0.26279019358900635,0.04170275170574935,-0.001632526786070195,0.039473306877348735,-1.6565290774416115,0.007201218052254994,-0.0005444456513085036,-0.011417662696351598,633.6549575176839,635.6268081248624,602.0679070353177,599.6444996147663,0.0,0.0,0.0
2.7040000000000006,-0.9951007057198991,-18.00010618800038,1.9979083903714152,-0.2747829613522851,0.020977847053569445,95.80850333149388,-0.9948910227473362,-18.000049532669507,1.9989707584948548,95.84353564892588,0.00049466412539102,0.011128506935749568,0.19885311612046022,0.04656390110796642,-0.002330479790565338,0.029899229052071617,-1.380974924212035,0.0042771360767588675,-0.00035848675177458603,-0.010099349598369852,638.4957613655305,639.6484841378481,610.2163911695505,608.7866031237596,0.0,0.0,0.0
2.7560000000000002,-0.9957830544463628,-18.000141361180486,2.0065202129218283,-0.13564416803262816,0.013398864158359752,95.88283206297545,-0.9947572502373984,-18.000053697753184,1.9993691106817555,95.84207630621806,0.0006845789277651175,0.013276772675734799,0.1444537730061773,0.04611650239457179,-0.0028033453644082224,0.02176339352167316,-1.109660512964404,0.001782878492210694,-0.00011301350936912427,-0.0087645061092567,643.1102165697671,643.5981601073497,618.23947040261,617.6627068101695,0.0,0.0,0.0
2.808,-0.9965107170505446,-18.00017621198586,2.012598274199636,-0.005891621179923538,0.004748640953025811,95.93533472687817,-0.994791700051949,-18.000064559618828,1.9996212543378067,95.84052291940343,0.0007917057296132266,0.014044840636422473,0.09947491036331674,0.041299949300231384,-0.002963815626947543,0.014970760014830341,-0.8547419270767019,-0.00011356174543934727,0.00014338658085816486,-0.007450682808643464,647.2645675683914,647.273229837299,625.8360185188577,625.9131971028729,0.0,0.0,0.0
2.8600000000000003,-0.9972289275531624,-18.00020875644646,2.0166148132241792,0.10379953267509523,-0.0038779404861148665,95.96995975219906,-0.9949792393229195,-18.00008122356168,1.999778376327457,95.83874889211799,0.0008094980065384696,0.013598246347084498,0.06331004004349619,0.03346383061952101,-0.0027881896892509696,0.00950930770591218,-0.6236550453451268,-0.0013771922666978784,0.0003667623740136451,-0.006189055806776121,650.845289861383,650.5533696451398,632.815937296083,633.3338045560145,0.0,0.0,0.0
2.912,-0.9978889020589538,-18.000239240635295,2.0189369581452734,0.4248844976281285,-0.1893639815988842,95.78251392540786,-0.9953370450506963,-17.949145970022254,1.9998745549770067,-28.49110810788097,0.000643716247884113,0.01214662080878213,0.03230730211864249,0.26192832200016497,-0.17517784675382803,-0.11783479486971844,-0.39107353969169223,0.5414065553960177,-0.37577351938054177,-0.08,730.7564045167546,772.1917815532139,667.1602869690266,316.6364277471874,0.0,0.0,0.0
2.9640000000000004,-0.9982759162072721,-18.000368014319175,2.019889374531442,2.7620519964399253,-1.5325403324786464,95.25429513300121,-0.9958218058450781,-17.84854467592313,1.999932199452256,-28.4152349110563,-0.004461458654673187,0.0027782381499332582,0.010172234185844193,1.1172433913060977,-0.6088967934325236,-0.19079461822541224,-0.20307314922074848,0.10948155659121589,-0.031541712008332196,-0.08,746.0699305402126,765.4569921108023,552.5592825328341,502.29412992678573,0.0,0.0,0.0
3.016,-0.9973372531487785,-18.00106941989452,2.019912786603228,6.715275940581378,-3.4581588613816625,94.40924690875497,-0.996355631630078,-17.738081648996797,1.9999658601688621,-28.4152349110563,-0.024271285728572317,-0.03476564302623312,-0.00028887715658403,1.337150214777477,-0.6543583047703647,-0.256603583354119,-0.1008824743663199,-0.14915340440549524,0.26424191383055073,-0.08,745.4642406345896,773.9433249852742,455.16587674243107,602.1674473499659,0.0,0.0,0.0
3.0680000000000005,-0.9933307612976792,-18.00304062693946,2.0192212360346193,10.21178786527634,-4.660309300341428,93.33355659788542,-0.9968045578634386,-17.63659938040537,1.9999848600861982,-28.17362841299683,-0.05835330824832837,-0.10645326686993954,0.004800977168288349,0.977528871155757,-0.25563262652661967,-0.326323773507523,-0.12917061088349574,-0.16474232885793405,0.4562462657268153,-0.08,725.4592860086461,797.4281997448425,414.5950368415158,636.6869485668525,0.0,0.0,0.0
3.12,-0.9847175840080917,-18.0067305039385,2.017887321464666,12.389480366141242,-4.0946382021729315,92.34453377119887,-0.9968813860831098,-17.55148013782395,1.9999950877655612,90.47245018756284,-0.09494861014562292,-0.20319820451803464,0.0197559266907678,0.5315660602260658,0.3803900296075068,-0.3849881888881797,-0.23411161103581485,-0.19471486020022635,0.46945048337341533,0.08,486.63774636966696,583.1914363865034,675.3285080456664,840.1092478020956,0.0,0.0,0.0
3.1720000000000006,-0.9706821375792178,-18.011875737882974,2.0155712779127426,13.113115910042419,-1.6270818561284803,92.12249985337836,-0.996088688459008,-17.484212270150216,2.000000203852635,90.88640588457454,-0.11949209035325432,-0.31273787860584196,0.022469479160552457,-0.05703932118940436,1.083489652336652,-0.21452687024669942,-0.18717600427429087,-0.6869232350916622,0.3156957348776975,0.05280967410883191,640.0543103771724,519.7059250090493,586.9055591090324,849.3679640561102,0.0,0.0,0.0
3.224,-0.9510821435961266,-18.01737759380767,2.0123977864012934,10.638686955244857,2.5699140768691278,92.46006752389,-0.9938336419337813,-17.43348235017716,2.0000024428942704,91.52094714069625,-0.11573255665841861,-0.41808865494540076,0.010413892316873577,-1.401778954863319,1.5498870131327798,-0.17159731381341187,0.032624541794604556,-0.37106265101012914,-0.04849396265161532,0.043547768747505454,662.2283368415026,529.9058102858291,676.9296955942109,761.2582957759332,0.0,0.0,0.0
3.276,-0.9271380978774696,-18.021412769554335,2.008892285596002,4.803018094499277,7.28789500638556,92.66535087225508,-0.9895004457655505,-17.396810850034132,2.00000313965557,92.2544302278602,-0.07023331395806617,-0.4846696182297972,-0.03106023951556583,-2.19501861150439,1.541704631513441,-0.1385417650390729,0.5526059318870125,0.09092535723478545,-0.253053001376691,0.04271788120474037,635.6990709279027,585.795230585676,771.0165767636121,682.0091693154411,0.0,0.0,0.0
3.3280000000000003,-0.9015564309527937,-18.021918664871055,2.005690677163289,-1.650030847168662,11.373922059459607,92.44861527223544,-0.9826203538670681,-17.371317712921584,2.0000030702283746,-151.0673449044076,0.016329706638372972,-0.4894470457450564,-0.06329126366588192,-2.0301551032025307,1.224014610343429,-0.08478626171447726,0.9720599983198003,0.19275158653392754,-0.3871399968350054,0.08,598.7143320691238,534.2022945331686,850.524538414517,710.8885614635667,0.0,0.0,0.0
3.380000000000001,-0.8774257741775353,-18.017053806188635,2.0034177981328583,-6.864022261523407,14.12767108489337,92.17628436396966,-0.9729055175812684,-17.354095838560678,2.0000026701603293,-149.86287095481575,0.12988967628585787,-0.4414631273891795,-0.05355567239944466,-1.506495640670121,0.70835530652473,0.012793031307571898,0.9490026143476396,0.22084762047998574,-0.4103199666609476,0.08,604.2959953124182,542.1579540221072,860.6221141249271,709.4801393236401,0.0,0.0,0.0
3.4320000000000004,-0.8573267685412052,-18.00560092478205,2.0022928388424646,-10.316124612076534,15.220809582483772,92.19408638592952,-0.9607036589366033,-17.342293983053388,2.0000021719317744,-148.61732025451244,0.25525275225298105,-0.360375749838862,-0.008074026225984982,-0.9343517099896956,0.1271678195896752,0.08898096015739484,0.5375414712181895,0.15272581757124867,-0.36622077678166326,0.08,603.1339956809364,532.4472903847316,844.7808843059996,720.0969279553656,0.0,0.0,0.0
3.484,-0.8429104300451606,-17.98727726011914,2.0019653364483063,-12.145185918601,14.72099786689274,92.7218500411243,-0.9465984956588576,-17.333193906444322,2.000001690210258,-147.6126375067851,0.3806316896386248,-0.2619879529940407,0.0437919284412938,-0.4997963410463762,-0.40632628262390086,0.16312035338592734,0.03771423631399934,0.06607959209236536,-0.28124616109108336,0.08,592.0403869773288,519.2425474185559,817.2015833526802,732.9596232967654,0.0,0.0,0.0
3.5360000000000005,-0.8349090024796774,-17.96269761454438,2.0017694606548173,-12.899555177804332,12.9129642908202,93.7867469714162,-0.9317474872319819,-17.324559704363203,2.0000012737435635,-146.75799421117986,0.4965434527242813,-0.15672982305918046,0.07668853490668115,-0.2528638440382681,-0.8265202199214858,0.2346457467709282,-0.2797202598494724,0.004297502471909423,-0.18338417336958507,0.08,575.9831179595527,514.2207579173531,791.0967941512555,745.1637381720868,0.0,0.0,0.0
3.588,-0.8334736356673397,-17.93309265731289,2.001130107299913,-13.135617448337143,10.177060529008674,95.29408527866312,-0.9173219739308431,-17.314425732249372,2.0000009362494953,-146.21825938614492,0.5941829302742283,-0.05099433083750121,0.0823781033034188,-0.14537856439873995,-1.1088533485097123,0.3027832375143854,-0.3152557253263114,-0.02665864122823719,-0.08282047266877873,0.08,560.0824379177002,522.0440968356422,772.0951596030737,758.2974582429821,0.0,0.0,0.0
3.6400000000000006,-0.8385152350633045,-17.900027877660744,1.9998221204998559,-13.22237579140834,6.916573565135763,97.12409523425518,-0.9044619729347099,-17.30161690638793,2.000000674296906,-145.88250826033314,0.6662222580290764,0.05211102639831229,0.0676390856775165,-0.10890056790356342,-1.2494569342317645,0.36783281595659567,-0.12831489701896748,-0.03687192162548787,0.005957387751513055,0.08,548.6274106951093,537.9300075611475,761.3084874155749,771.8119655364596,0.0,0.0,0.0
3.692,-0.8498828444369708,-17.865228189435772,1.9979927341731487,-13.334743466716493,3.518284066526048,99.17544969849781,-0.8941023364515672,-17.285435147466053,2.0000004772800226,-145.74233754622983,0.7087727865727594,0.15184623036458572,0.04567614243587782,-0.0947980297290154,-1.2633834390380947,0.4306132640731656,0.14651134670771332,-0.03735011699394718,0.08241573354616782,0.08,541.1120307826375,556.5484172368452,755.7916470289124,785.0165292676064,0.0,0.0,0.0
3.7440000000000007,-0.8674023304218921,-17.83046429402538,1.9960103496598534,-13.514748793648625,0.3208811025328667,101.37105193677952,-0.8870058188444369,-17.26560204693715,2.0000003326946088,-145.68834871848762,0.7223242951023804,0.24866491728355453,0.02879587590688203,-0.07204437030575908,-1.1695037448049306,0.49200641132977363,0.37635262949883763,0.04210015793298586,0.13396375026766294,0.08,524.0109401525814,583.7675239061197,763.4646102346119,785.7591047145897,0.0,0.0,0.0
3.7960000000000003,-0.8908456153837162,-17.797432228935136,1.9942596823116543,-13.477503947208966,-2.4192411950526136,103.65241654548416,-0.8837999161082754,-17.242127610713787,2.0000002287007392,-145.65371953380827,0.7111663122961698,0.34291130912130885,0.022922492967332175,0.1328466473616737,-1.0007630442087154,0.553852706863106,0.4905792762970992,0.13049586836903623,0.16511464525000297,0.08,505.8446628543368,605.8245493103352,772.919700320355,781.2943995047374,0.0,0.0,0.0
3.848,-0.9197804036374126,-17.76758973087802,1.993007333114852,-12.549534368854161,-4.554490906178405,105.9616472452227,-0.884743899622485,-17.215933993027253,2.0000001551767568,-145.5597473915453,0.6814606228627895,0.4310329724998909,0.02328752825315237,0.5236518089941207,-0.7840457354600792,0.6152759053221704,0.5275217026586643,0.10919641092492738,0.16659219373583675,0.08,509.94330156067025,603.103663849491,770.4284357831626,784.3084978804405,0.0,0.0,0.0
3.9000000000000004,-0.9533246100537249,-17.741971790565124,1.9923963521290806,-10.533183470988194,-6.052305722705673,108.26151166830633,-0.8901489109580348,-17.187815529153333,2.000000103978881,-145.36101104388163,0.6393980508986248,0.5050425070698953,0.021555806773515825,0.887354253188464,-0.555972967160567,0.674595648583198,0.5645522860455032,0.03845368000777932,0.15238683852254703,0.08,524.350805843672,588.8094599539598,762.7997765747507,790.3799358113664,0.0,0.0,0.0
3.952,-0.9901229334242874,-17.72109412924329,1.992514130200777,-7.729412047765678,-6.967319404992602,110.56564746702047,-0.8999024091714547,-17.159054568553138,2.0000000688181236,-144.95616245885716,0.5903641110815837,0.5569013533431053,0.014423735508936197,1.1059416422218207,-0.3430820903860806,0.731452216747566,0.6313277809245833,-0.026969770216737854,0.12117257734783221,0.08,540.6864036490291,572.5036697846589,758.0655684460639,793.9536682325082,0.0,0.0,0.0
4.0040000000000004,-1.0285429241624684,-17.70498281497417,1.9934486651758156,-4.576536733772679,-7.420488055498835,112.92531088180748,-0.9139998291109919,-17.13063957659909,2.0000000449827042,-144.34534868379436,0.5386238218929398,0.5817012365267507,0.004275093259428172,1.177100445828637,-0.1703614206829331,0.7860125588523365,0.7015332621438379,-0.07813307904966066,0.09097089009576842,0.08,554.4983347213154,558.8337886975281,755.3499069800406,796.3251339619243,0.0,0.0,0.0
4.056,-1.0669049342208787,-17.693277310720074,1.9952805853549156,-1.5860181713204542,-7.446602265552085,115.38845867961116,-0.9318945271793106,-17.10371802758328,2.0000000290254922,-143.3628358939118,0.4869615564367672,0.5785898744224938,-0.0028904330796035447,1.001034479776727,0.075344280953656,0.8375205584065373,0.713515409744072,-0.2341339237312068,0.4364266781457588,0.08,520.5315024371077,589.0769940239481,689.4812835293128,852.9383939863312,0.0,0.0,0.0
4.1080000000000005,-1.1037815736386767,-17.685312200315106,1.9980172273824084,0.34444529024660875,-6.230505967276846,117.99035211758822,-0.9531769633165255,-17.07903635694939,2.0000000184735853,-142.1113173677117,0.4404361390464606,0.5536380459897055,0.008178223326630318,0.5993390759492337,0.6152773022237589,0.8906750820071373,0.5169633814546322,-0.11924208562032809,0.22812555898912903,0.08,530.4788730490674,567.7553894005251,727.3490367013013,812.1828550947912,0.0,0.0,0.0
4.16,-1.1384936395557785,-17.680019609908562,2.0014676070053916,1.5976376642961767,-3.9003762946367386,120.78911001796557,-0.9769257084547659,-17.05724531069761,2.000000011582606,-140.3472852179687,0.40958270870602587,0.5165005346324751,0.027241104886395796,0.5351103965208128,0.8199920158210636,0.9427822055006354,0.2186964380330973,0.11687243223193833,-0.46025169113982944,0.08,596.855047882658,476.5827786875629,832.2498461629096,689.6744746921325,0.0,0.0,0.0
4.212000000000001,-1.1709576050169348,-17.67602824915554,2.0051454840306127,3.6072580155551637,-2.4568350905771226,123.75122259461601,-1.0024747343325722,-17.038592030023157,2.0000000071403607,-138.3404349110685,0.3977669973519239,0.46751605373604654,0.02548912728028353,0.8500432409553127,0.28218028135625695,0.9921815616047185,0.11769828656207754,-0.04874100869469217,-0.3656845911730508,0.08,605.5702203987094,459.23661008211025,800.5318811611321,722.2782410356525,0.0,0.0,0.0
4.264,-1.2007759027400748,-17.672169181047053,2.008719308516642,6.190061728296809,-2.878917080955988,126.76154754946256,-1.0286711890283453,-17.023111369536792,2.00000000431594,-133.0457213128093,0.3912178358459687,0.3982786065694913,0.007130068663257857,0.9201690357222813,-0.2637877007111035,1.038161758031109,0.18321707658377645,-0.09801292574684795,-0.26607146070585375,0.08,600.8457110943266,473.4194619544253,785.2554747521305,743.9348017299351,0.0,0.0,0.0
4.316000000000001,-1.2269620857852133,-17.66777183254904,2.0121364365794587,8.52996887717729,-4.733993346654435,129.7198081702913,-1.0552992521425488,-17.010418965549434,2.0000000025470905,-129.68907576614234,0.3721082133557364,0.3070434932651898,-0.009217379726014168,0.7826444078792247,-0.6139671045505434,1.0812655624396137,0.23379471158310433,-0.1486652931578506,-0.10721628880905296,0.08,587.7479576632699,499.2399298828465,762.8983018501068,773.0445942612139,0.0,0.0,0.0
4.368,-1.2482485870162914,-17.662631898996892,2.0154438041688225,10.140316608787492,-7.3553462708172495,132.63931428118397,-1.0815567884344164,-17.000020837798576,2.000000001458063,81.27586089860792,0.3285751004087733,0.20031453779434702,-0.01287226988717316,0.5498723796425576,-0.7488478362970395,1.117941969621935,0.16286085934977476,-0.07682154851681353,0.16722137601519005,-0.08,758.2252317294088,780.3168015172796,503.547514914194,587.6360426569541,0.0,0.0,0.0
4.42,-1.2634833572830548,-17.656896888943557,2.01827876752458,10.987134895643571,-9.717092630523839,135.16596140313322,-1.1067663543305633,-16.991336411288337,2.000000000800828,80.70173322265764,0.25562007848735757,0.09019969497896316,-0.010769403568126754,0.3540990014174744,-0.42634143111416495,0.8986361034067978,0.05028756888956881,0.04095153826859718,0.8,-0.08,659.0976649423335,866.3678840362688,396.66739424759453,665.3829171291178,0.0,0.0,0.0
4.472,-1.2718148680144914,-17.65073778139516,2.020526571301777,11.528905638127096,-9.71676579289564,137.7339782629925,-1.1301600432689132,-16.98381724785655,2.0000000004136993,80.38292094556103,0.1645201897542758,-0.016959722074196822,0.015003995508297377,0.318201449717079,0.6141552531182157,0.7902143504443067,-0.27642116738464184,0.030909835136301175,0.8,-0.08,653.6395728790507,860.0306732735339,382.62837079994864,659.9768069472788,0.0,0.0,0.0
4.524,-1.2732626661239261,-17.643674771133345,2.022137999805463,11.942571245968015,-6.416836135049602,140.68656478595815,-1.151005591790713,-16.97701876383928,2.000000000192649,80.27247671499767,0.08041021985777555,-0.12179544373443249,0.04071486978691653,0.2510190712325303,1.6935093462522819,0.6971486178576918,-0.5821895169222006,0.03854290074680723,0.29189290186562644,-0.08,713.6018099966668,795.9056636692311,480.89211463690754,571.412765359538,0.0,0.0,0.0
4.5760000000000005,-1.2691341227646153,-17.634386167714787,2.0226788859357225,12.337566366517573,-0.9025706852210107,143.84243516391842,-1.1685917213562376,-16.97057436104052,2.000000000071672,80.3559920049346,0.029861549410670866,-0.2261708729903122,0.04866840410226515,0.17131111849281894,2.163980392693528,0.6073989069198039,-0.678969337413085,0.05181640623508067,-0.13185603371636256,-0.08,762.5693792482375,742.5755919352259,555.4568883281274,489.3614397951072,0.0,0.0,0.0
4.628,-1.261541321189624,-17.621139919875965,2.021809269575074,12.852035798155544,4.904625609856616,146.83422476395663,-1.1824277358531234,-16.964074824296183,2.000000000009525,80.58171344493951,0.02836983166866725,-0.3319264205076887,0.048497943581635214,0.11853590403632235,2.0285426401132143,0.5192228685819225,-0.6505470489616636,0.0494693217901968,-0.3354131787140198,-0.08,789.5663343060212,718.2652256320775,591.229928854955,452.5964068487778,0.0,0.0,0.0
4.680000000000001,-1.2527192052567784,-17.602275304807062,2.0194287356613247,13.465382295612748,9.72924598446125,149.4170964234636,-1.1922777567583447,-16.956830447520318,1.9999999999808822,80.84747521198639,0.07431752171291482,-0.44037099496083315,0.05762991748829943,0.07911468880968846,1.5747685745796152,0.43531133990135873,-0.6650493785821806,0.03763205531200513,-0.37325166243921626,-0.08,798.7425050718429,715.4035813521182,599.7306141880833,452.9806504366127,0.0,0.0,0.0
4.732,-1.244594747374369,-17.576484294444217,2.015514886190088,14.028398320909517,13.094569328322592,151.46898681014113,-1.1983579003364373,-16.9481491228197,1.9999999999705094,81.128702159896,0.15620774924002584,-0.55176034172514,0.08177673782435431,0.0286226453875561,1.0443983401256314,0.3553016041897074,-0.7778719559589176,-0.04762652193176935,-0.3173794405330849,-0.08,803.8534509194855,713.40331647153,579.4927137812724,484.1376486358738,0.0,0.0,0.0
4.784000000000001,-1.2385811352234826,-17.542945712089367,2.009986843500519,14.15647790066206,15.05983389968404,152.95810910533393,-1.201199275818994,-16.93714544824281,1.999999999969468,81.33312680974915,0.2614263472905919,-0.6650669752583451,0.11246346945757801,-0.17683116464401807,0.5781056804890813,0.27722029214661636,-0.9029671006182491,-0.11855832204947872,-0.22452043130090177,-0.08,801.3249401037245,716.3308184116075,552.3440370572018,515.0184185156355,0.0,0.0,0.0
4.836,-1.2356028398280974,-17.50140139486063,2.002744331897853,13.296144627418636,15.93610989540789,153.91674932902004,-1.20156563311407,-16.922812481117873,1.9999999999726799,81.45682209544609,0.38011447593438547,-0.7759875744141007,0.13306014291231485,-0.4981209989479159,0.2221304735095669,0.19809034149220653,-0.8734364551116334,0.2671402813777839,-0.41809748201338676,-0.08,779.2140859802573,741.901094034073,644.3236994172117,396.8818478248074,0.0,0.0,0.0
4.888,-1.2362659485350838,-17.45217496187881,1.9938295193904638,12.271425419568958,15.612394984744585,154.32254490103074,-1.2003114111314785,-16.904093129670454,1.9999999999773872,81.45733567216463,0.505424338980785,-0.8758710792609612,0.1419232957712202,-0.22297094243234622,-0.3061805364159139,0.12167418965298264,-0.6743770583079987,0.2064051585280817,-0.35917702233661697,-0.08,781.8328616733601,744.192839537989,629.6075609301618,428.6680894072427,0.0,0.0,0.0
4.94,-1.2406622747067675,-17.39580518937583,1.9835725135072144,12.235995982056767,13.74816994093697,154.16679950971385,-1.198344598516388,-16.880169091762607,1.9999999999821905,81.31899756965679,0.6270642542774043,-0.9653737607092137,0.15157354877148793,0.09928148420907998,-0.8012798758754458,0.0561972209947633,-0.43947320774019394,-0.28580858899904177,0.21412226120077105,-0.08,774.270105627314,756.6646203376766,446.73615907927143,622.5261070465278,0.0,0.0,0.0
4.992,-1.2480659543653287,-17.332778793146037,1.9723437013377652,11.520248251943634,11.583524686655442,153.70341295267428,-1.1964760533057308,-16.8503935985916,1.9999999999864582,81.06990666795849,0.7328138347919297,-1.0526849444008148,0.14219911257283177,-0.5804816712049146,-0.5925233511975031,-0.03343167472708862,0.014338223317264864,-0.4035746007810028,0.378853286510657,-0.08,774.3566518774301,768.3315869930776,394.24509098760956,670.5287956194041,0.0,0.0,0.0
5.0440000000000005,-1.2577801267565862,-17.263865589747745,1.9607428898067611,7.9937412141950785,10.737193935601812,153.4634421414706,-1.1953654999232517,-16.814365107795613,1.9999999999899754,-69.46673201175508,0.8207266583253441,-1.1272991759002766,0.09302320232973468,-1.4407257533107711,-0.11268664065249563,0.04564906579027204,0.8722253641270757,0.35728783385537366,-0.1911116582080358,0.08,539.4881468266241,594.5812784245131,847.2564253598466,715.300287474635,0.0,0.0,0.0
5.096,-1.2701273115689153,-17.19060994999958,1.9496032046790022,4.369722382512098,10.219985618818662,153.78164915746393,-1.1954734892329106,-16.771507553348286,1.9999999999927374,-65.71476408912766,0.8918741461380355,-1.1709095735036306,0.05149396623838722,-1.02244187846185,-0.337283554356029,0.16142406772094162,1.6406891425889563,-0.14904613860254767,-0.7687234465253555,0.08,716.7610079881524,410.7072868870615,866.1231484864948,719.1530463577637,0.0,0.0,0.0
5.148000000000001,-1.2857360443897878,-17.11456328349654,1.9406083992760168,1.3778344698849627,7.498489618400922,154.30154766795204,-1.1970065211633802,-16.72248188799481,1.999999999994833,-61.650425469366425,0.9460620374026159,-1.188397874565572,0.013390507626218132,-1.1228334035402265,-1.3303168796503617,0.24360074661959774,2.307134864530243,0.2854369510321907,-0.47922918083445654,0.08,626.454582245008,565.3164931930427,890.0711289861795,710.4400472894263,0.0,0.0,0.0
5.2,-1.3041274892003194,-17.037694096826673,1.9350195363860274,-1.0837520226532138,2.1108242441451437,155.1628045785553,-1.2002054302386318,-16.667363077467968,1.999999999996382,-57.89023813517575,0.9573363094030295,-1.1798617233821878,-0.051420557176307766,-0.47165821819837167,-2.037904509240714,0.31420788274998207,3.1273641487287045,0.44780203654529493,0.03016296809604313,0.08,534.936119907262,682.5418840480759,864.2826238958785,768.08802636708,0.0,0.0,0.0
5.252000000000001,-1.3233543270293386,-16.962283568145278,1.9340395205618695,-0.6977535946347951,-4.121430787299515,156.34447281559505,-1.2051383724533378,-16.607337531966767,1.9999999999975027,-53.77832463028714,0.9080003602954914,-1.1633352915965793,-0.05209133748439694,0.40543949550531355,-2.0607585454438193,0.3827299999793602,3.1688655757247717,-0.43874279453314224,0.3133266044104753,0.08,633.8360181351436,595.4777309909495,727.4957131704125,901.1189753110872,0.0,0.0,0.0
5.304,-1.340347368202088,-16.889621684587105,1.9381229137731153,-0.5927149624053494,-9.5937249146621,157.6281939084609,-1.2118396297497644,-16.54300203026633,1.999999999998299,-49.89122783309741,0.8058583264786099,-1.154810221690218,-0.02229828098998176,-0.33432364763976496,-1.6540489446419915,0.43476951563159955,2.7480710173360845,-0.5061680423726183,0.39778389474913844,0.08,626.1923612246968,592.7615573425257,703.0419854951933,913.3119391017294,0.0,0.0,0.0
5.356,-1.3524363094397491,-16.820787264015877,1.9467163295812138,-3.6916539467229694,-13.513212877162465,159.18175083850522,-1.219885617485625,-16.47600928459475,1.9999999999988558,-45.636987096968426,0.6623689872835823,-1.1344548712497988,-0.020458695981729266,-1.1442867115850903,-1.1112395420076002,0.4927471460531132,2.457154006287403,0.5229703763454188,0.3615232492607937,0.08,452.8326495363879,733.220346591036,833.1549895354625,795.8931102282985,0.0,0.0,0.0
5.408,-1.3582855373746383,-16.757686600231686,1.9590440107795373,-6.075017754175609,-15.74441802531777,161.03767776369878,-1.2285882778928428,-16.407794922152124,1.9999999999992397,-41.51384557245903,0.492355702217809,-1.0849825740002914,0.02133849790150887,-0.0756518697070726,-0.601116241988842,0.5613442092851273,1.652746396124444,0.8,0.2635108679944494,0.08,392.3954343628196,744.2017908012665,864.4203061816,738.5875783933778,0.0,0.0,0.0
5.46,-1.357289217287661,-16.70135142475163,1.9741384707383085,-3.995274301821808,-16.619388096455232,162.9824766394904,-1.237070344210529,-16.339201206622704,1.9999999999995013,-36.71737185107381,0.311722488497979,-1.0243403553090284,0.14735020944853264,1.3501885039396053,-0.19871837271585427,0.6159492551230596,-0.069632179229423,-0.43759508459498053,0.1472319716747831,0.08,597.0040581430113,497.2345702869981,695.9506302837185,839.1855443767498,0.0,0.0,0.0
5.5120000000000005,-1.3492092981656185,-16.650360056518064,1.9898028363990128,-0.8215255093962841,-16.64775511575914,165.01170105370434,-1.2443669484753093,-16.27138637719604,1.9999999999996767,-32.00673646997999,0.12816058948960846,-0.9762822110339087,0.24920557610085545,1.1285273823379343,0.053325812229429635,0.6749604190349925,-1.5734899296854397,0.1947354916107666,0.07900139133644243,0.08,451.0902758293723,553.5367040854813,754.4279228513893,725.0154641766354,0.0,0.0,0.0
5.564,-1.3343296659785426,-16.60259671702835,2.003404324263633,1.9266874483252219,-16.26911871703509,167.22827089182962,-1.2495757726504224,-16.205908669938246,1.9999999999997933,-26.592224568913924,-0.05450396324478897,-0.9461061666538253,0.2893998304400088,1.0747647443942838,0.17272091247189097,0.7371608223377788,-2.4053322042735457,-0.5923533034477444,-0.011077971452871954,0.08,585.1747414678399,339.9257387849106,642.0096847214469,794.1826899522403,0.0,0.0,0.0
5.6160000000000005,-1.3131372023382704,-16.556437680238197,2.013035651091352,3.1633185845033984,-15.651123755320473,169.6589579588638,-1.252013015296958,-16.143635650380887,1.9999999999998697,-15.565334035757344,-0.23417976869608373,-0.9354067594900236,0.2720339954876728,0.40611151313803723,0.3536951042879346,0.7974794545295238,-2.544115888673279,0.19155314560450287,0.4151537709614056,0.08,331.53534128003616,581.4010996177026,688.7657279399521,747.3073581366498,0.0,0.0,0.0
5.668,-1.2861481962125478,-16.510958304274922,2.0179085757829225,3.756865582251379,-13.961924050339166,172.32591603490462,-1.2509861360723908,-16.08429751213939,1.999999999999919,-10.109762493892873,-0.408566890382271,-0.928723762695736,0.22236617574493173,0.39425618907073673,0.7139826721736566,0.8516251581681423,-2.2127739129655333,-0.30548137284496935,-0.21521102466046868,0.08,573.7768076995417,365.3057290942749,711.916978465581,735.3678745300895,0.0,0.0,0.0
5.720000000000001,-1.254024985841775,-16.465566510053637,2.018311306942303,3.616106328185472,-12.205824493148004,175.14710294104572,-1.2461889628411347,-16.02778559399501,1.9999999999999507,79.12659516804642,-0.5657895345191167,-0.9205768584270835,0.15866134553762568,0.13483266105899744,0.6484489306258772,0.8953916893991064,-1.5999891251175207,0.2759780435237166,0.4194699787682313,-0.08,639.2884250984159,818.6369182395191,469.03195801871016,523.3942322677598,0.0,0.0,0.0
5.772,-1.2175415259239928,-16.41992369952819,2.0147910744010553,3.9739804119378612,-9.539377817213404,177.56198400683246,-1.237486596837272,-15.973767220638628,1.9999999999999707,80.40975176730062,-0.6961526226370426,-0.9101402555723086,0.08874427427629328,0.24579833348298483,1.2471890445063631,0.657838588992673,-0.8000825469533815,-0.26756981459146406,0.6010568203342819,-0.08,705.1065589136214,789.0251849652095,322.66349342836804,656.2778966150737,0.0,0.0,0.0
5.824,-1.1777333022775982,-16.373645810268634,2.0087661051440207,3.4187927613905735,-4.451299610457292,179.70437795557567,-1.2249528388683597,-15.921789474445761,1.9999999999999831,81.97783405704182,-0.7838677374474339,-0.9042203684486078,-0.0028042418568832326,-0.320448585755509,2.0314205822261533,0.5646173491274796,0.2932771611880186,-0.023500305726776152,0.07536959061074022,-0.08,759.9369125945684,772.6616894894771,525.5536088788864,559.8035435466526,0.0,0.0,0.0
5.876,-1.136689035693234,-16.326743163011763,2.0022009926874498,1.9096879830679208,1.9641333295560754,-178.45528359321872,-1.2088531189607414,-15.871440304285537,1.9999999999999905,83.53098184124453,-0.8042926446059763,-0.8894027199631568,-0.10920448405990073,-0.5396060662513661,2.193636502375339,0.48189747825648704,1.5504122228490185,0.13483658239476423,-0.269469683382048,-0.08,804.8358613310795,772.7489832097503,637.1775613696509,503.9671771730585,0.0,0.0,0.0
5.928,-1.0973782367963143,-16.279839609924586,1.9970763409920023,0.6243340020380818,7.947746825468553,-177.03338354332564,-1.1896377889820458,-15.82230830744649,1.999999999999995,85.21750120182548,-0.7547799676866818,-0.8629352843413833,-0.16792971088412814,-0.3934042913889514,1.8520415921503979,0.3980027246441201,2.292633994330882,0.38895437377756237,-0.4014866145628588,-0.08,806.7356524936353,803.8099912798971,710.3526537596856,455.42115456663254,0.0,0.0,0.0
5.98,-1.062845789754205,-16.233692546490104,1.9948957690822757,0.7635538888138137,12.494619530326794,-175.95058171314602,-1.1676921440135777,-15.773572911774094,1.9999999999999978,86.6611237875439,-0.655400234537987,-0.8364179890556412,-0.14793246078136285,0.3652084913351243,1.2963584509544948,0.30958582188281675,2.166137767989759,0.22261883627516282,-0.3878938490071163,-0.08,826.4408438774933,787.9491445404946,688.6534648681638,494.6727542331655,0.0,0.0,0.0
6.032,-1.0354549069513919,-16.188410717180982,1.9959693924241826,3.0199371820754357,15.351417508815508,-175.04018867410872,-1.144127352770459,-15.725336583817887,1.9999999999999991,87.98398017670397,-0.5285280990142185,-0.8288529459879307,-0.05821025255649921,0.6595787925231245,0.7571622440045583,0.2382428358612449,1.249311171564384,-0.33465374435942497,-0.30623877837977453,-0.08,866.9088714744994,714.5391694230876,577.2737973943696,586.4542476335414,0.0,0.0,0.0
6.0840000000000005,-1.0164589042591692,-16.143207605871815,1.9993157409374895,3.9609862433368312,16.769186320715757,-174.3470368745584,-1.1201086564916716,-15.677490699255058,1.9999999999999991,88.90889481970896,-0.3870429567420367,-0.8387823638651882,0.020506987410798528,-0.030824237311710207,0.32409063127425464,0.16211550579240205,0.3676666785324816,-0.12363116869448242,-0.20205639656948043,-0.08,818.0695287506369,739.4489358346688,574.7109924382831,548.4579868982032,0.0,0.0,0.0
6.136,-1.0061155358594092,-16.09778129674035,2.0035239165571688,3.1643468310095613,17.14874777678084,-173.95843062309862,-1.096972164729107,-15.630246587998808,1.9999999999999991,89.55184800368232,-0.23779973069962232,-0.8530369031100407,0.06097479549738749,-0.4290570473588807,0.02649897070974223,0.08493956119863422,-0.1655785743335546,0.04445861693506374,-0.10428543630580471,-0.08,776.8182373452086,762.2025321333865,572.4512782402552,521.3206437004712,0.0,0.0,0.0
6.188000000000001,-1.0041115980666815,-16.052563513593544,2.0074990505255963,1.8009986501688544,16.90655652819566,-173.84414822971587,-1.0758759018738924,-15.583351911742206,1.9999999999999991,89.80790339104624,-0.08672310996911506,-0.8604744498358642,0.07678803029486544,-0.4605436751095329,-0.13424947331565146,0.00962566720416277,-0.44902889277826924,0.10473776725005907,-0.031784539684209544,-0.08,754.1754833725788,772.1462565072056,561.8705317827711,514.1676889080185,0.0,0.0,0.0
6.24,-1.0099235170408438,-16.00817033330814,2.0106014424173018,0.601703377571203,16.39216397823067,-173.96102251291447,-1.0578058349078894,-15.536954124962799,1.9999999999999991,89.72751004089866,0.062067461859281095,-0.8570454823966462,0.08183310758244552,-0.3348063926143602,-0.18820179633095463,-0.06350435482539747,-0.5987227380132356,0.10965492472254394,0.011616329262654747,-0.08,744.1593368327768,774.1892936330504,550.0361093076565,515.440457350457,0.0,0.0,0.0
6.292,-1.023004230347444,-15.965084021527819,2.012489462523369,-0.21773323659480492,15.841201901200733,-174.29168300796968,-1.043481045557428,-15.49082452202961,1.9999999999999991,89.33415866000728,0.2067388931411843,-0.8435935904654306,0.0833809781709448,-0.1835965339506107,-0.17690377770003493,-0.13471741318100533,-0.6751640612206342,0.10108823134167555,0.031525905855197864,-0.08,740.3393386736507,773.2806817233069,541.8929850771055,517.1979770677154,0.0,0.0,0.0
6.344,-1.0428734943707143,-15.92357811980585,2.0129898441427967,-0.6633013157988964,15.37955516671196,-174.83292826296292,-1.0333063001055454,-15.445283746609906,1.9999999999999991,88.57438952952782,0.3471240292827151,-0.8224193094028548,0.08489824076047062,-0.04673407686050241,-0.13544055486785841,-0.20408322514771235,-0.706824059592565,0.09389668942770732,0.03589912395212162,-0.08,739.4170291379929,771.711459777158,538.1257432421809,517.4680765372977,0.0,0.0,0.0
6.396000000000001,-1.0691539422812257,-15.883735869863692,2.0120308940359597,-0.7788954387840048,15.04178259408403,-175.58324152311982,-1.0275477305678915,-15.400271051760905,1.9999999999999991,87.5738541097118,0.48390550264529175,-0.7957458118665959,0.08850303835808457,0.07608821632928794,-0.10054439008966036,-0.27160627864140996,-0.7121632121628236,0.08644510240662592,-0.08217015697502891,-0.08,754.6541926191958,755.7183719717951,556.3659336280223,496.1315971757519,0.0,0.0,0.0
6.448,-1.1015603558664928,-15.845477662873058,2.009605417588729,-0.6023089691744968,14.567460090911329,-176.53446632049133,-1.0261584967633883,-15.356224065156551,1.9999999999999991,86.17276187432027,0.6177144708415823,-0.7654803011747345,0.09301310279132517,0.18398096220899604,-0.21911466093185564,-0.3365041983689315,-0.6792436615066266,0.08171600341177424,-0.18744227146827847,-0.08,768.2671536655114,741.9455019379885,573.1461067617778,476.757268634312,0.0,0.0,0.0
6.5,-1.1397735715626238,-15.80857508279972,2.0057816620208344,-0.15535163706664273,13.452969685312153,-177.6740719029325,-1.0291448335397484,-15.313136515666423,1.9999999999999991,84.59219192876259,0.7461250698029072,-0.7333667156708982,0.09156801934272844,0.28251898271939485,-0.48702462006505237,-0.3980855992574756,-0.5426935731336601,0.07297239831224565,-0.20146334193590174,-0.08,772.3630418330885,740.4284186959283,575.7770929853709,477.84522226348787,0.0,0.0,0.0
6.5520000000000005,-1.1832346321590421,-15.77266135083902,2.0007763100992504,0.5458290204041164,11.46744672641283,-179.00398615681712,-1.0362179070942357,-15.271406859531949,1.9999999999999991,82.58178160200211,0.8624765336052811,-0.7013656059481064,0.07805848774081901,0.36544757398006766,-0.7874457148632522,-0.45708600901786456,-0.2493018283343933,0.06519501939439434,-0.15208661523332234,-0.08,770.873630583293,749.3840013608263,571.2237596572812,494.5729045062452,0.0,0.0,0.0
6.604,-1.231034934423393,-15.737255025342725,1.9950258961004053,1.4811308965465053,8.699664998304733,179.45874674996836,-1.0472762474577288,-15.230963933316259,1.9999999999999991,80.47665133338569,0.9582805728398693,-0.6717883068352013,0.05250483300230078,0.4298670006460642,-1.0269789178763737,-0.5144989118752578,0.18677029150581126,0.05185937394285295,-0.06915848228161647,-0.08,768.4395134347913,764.1957296239498,563.5030945475067,521.5698103449586,0.0,0.0,0.0
6.656000000000001,-1.2819182661018704,-15.70179358625061,1.9891868486688946,2.6110939545491965,5.443695720197302,177.6943014041795,-1.0618766093351883,-15.19206184023775,1.9999999999999991,77.97375669367544,1.0263601770311843,-0.6471253961642403,0.021450421754888933,0.46667815059799667,-1.1545062965086241,-0.5712210531332723,0.6801056705191648,0.04089657553798537,0.02313479199262891,-0.08,766.1118720805027,781.6662417789029,556.6345526562218,550.6032096829506,0.0,0.0,0.0
6.708,-1.3343543916924496,-15.665675213644771,1.9840358158016809,3.8974304454489497,2.084166417694935,175.6945293270001,-1.0797938915122454,-15.154490638146173,1.9999999999999991,75.51659890330524,1.063400585524082,-0.6295609351219728,-0.004699973729895936,0.4801018056119428,-1.15305007535336,-0.6276482031089107,1.1034046846552528,0.02220341563739936,0.10721619854870262,-0.08,765.4303684169611,796.5822233282054,549.3359273545899,577.696574318575,0.0,0.0,0.0
6.76,-1.3866709719969015,-15.62830359233842,1.9802922342494487,5.269533400884944,-0.9932268602151476,173.47201201367963,-1.1003949467794814,-15.118307473204576,1.9999999999999991,72.87607529376176,1.0709629546245356,-0.620684530871201,-0.016637679066650434,0.4564003702196121,-1.0314062045318195,-0.6840332388126457,1.3419467759755015,0.006830063553233762,0.16924351473985974,-0.08,764.7050351342693,806.8298972640201,543.0285279332818,596.6110101011371,0.0,0.0,0.0
6.812000000000001,-1.4372382193808328,-15.589141624972907,1.978438546910277,6.613638322993508,-3.468215972567412,171.06332844140718,-1.1232525242820577,-15.083128615320987,1.9999999999999991,71.31344343008564,1.0546655440560095,-0.6210866521774642,-0.010127844299721547,0.3860122413953431,-0.8180873310889837,-0.7405483852908074,1.3384989274534582,-0.022103922075685928,0.20342274600733354,-0.08,765.2681495980919,808.5840444508527,533.7254370417528,607.9942937469799,0.0,0.0,0.0
6.864000000000001,-1.484674522528028,-15.547773613222333,1.9785935421932126,7.744644561482953,-5.134871210959146,168.52169493757057,-1.1475363681130688,-15.048812900705709,1.9999999999999991,69.61145180113313,1.0222698826964176,-0.6301144476783962,0.012173289597231882,0.2645037774273821,-0.5517032274593803,-0.7968726585925843,1.115274441887192,-0.02990060196721546,0.20619559466369167,-0.08,763.009564021276,805.274819688469,527.7117358512797,606.0097849883083,0.0,0.0,0.0
6.916,-1.5280140704615028,-15.503963662905216,1.9805117401401486,8.547001840938801,-5.921611818113992,165.89866817722583,-1.1724323647753467,-15.01509024250957,1.9999999999999991,66.41670375163007,0.9818767457183707,-0.645990629042484,0.043304546146137525,0.13153285496177186,-0.2753472113845292,-0.8524183160182703,0.7485316355168112,0.013042166262342288,0.1799866764890539,-0.08,754.784887315498,801.4211200227707,531.1704653255155,587.2907117848956,0.0,0.0,0.0
6.968,-1.5667805749712393,-15.457657807917062,1.9836703787600207,8.997007986782675,-5.882769798759036,163.22272966205585,-1.197379638109147,-14.98118529691636,1.9999999999999991,64.94426416936031,0.9409375529311786,-0.6664721751083438,0.07510288904886861,0.010105621387861112,-0.02702406370607962,-0.9068140711208941,0.33527309905857994,0.014205802799997365,0.13876328597298687,-0.08,751.967743545007,789.2840311075053,527.5744801789364,570.2335859995625,0.0,0.0,0.0
7.02,-1.6009515293918322,-15.408930907909927,1.9874098180806938,9.10170307013387,-5.165978697533364,160.49284800883106,-1.2215813480563293,-14.946747289530594,1.9999999999999991,63.39294667122922,0.90584731452398,-0.6890469537044184,0.10064823419907139,-0.09577743674798463,0.16693308811863466,-0.959779933366636,-0.03530040800129164,0.021865436200323773,0.08841945206682006,-0.08,749.698623113607,776.8611724617527,527.0742482085706,550.3003264554459,0.0,0.0,0.0
7.072000000000001,-1.6308500944648945,-15.357927128499067,1.9910778044002162,8.88728225125993,-3.9751211727708,157.68489739921824,-1.2442880447474307,-14.911464495285207,1.9999999999999991,61.99060915626218,0.8816741717080697,-0.7108365185478024,0.11598179039555642,-0.17967510104393816,0.29244371704923905,-1.0109413810117283,-0.30332114144798905,0.028450517508536576,0.03732149829255221,-0.08,749.3201422748479,765.6434176370591,528.8816433049271,532.0254990217544,0.0,0.0,0.0
7.1240000000000006,-1.6570128820370558,-15.304814559871414,1.9941505384922338,8.416274184061795,-2.535195032517178,154.764098893557,-1.26492728098425,-14.875107961165499,1.9999999999999991,60.48548300283184,0.8718049786174404,-0.728745866400631,0.1207270672056959,-0.2373677289353445,0.3466227566003144,-1.0600612365008846,-0.4482533930552297,0.0410464408176301,-0.008555008093991151,-0.08,749.8691392345766,757.97094670478,534.1111283797693,516.3578121906818,0.0,0.0,0.0
7.176,-1.6800703724406125,-15.24975664414125,1.9962972886698431,7.745256878121164,-1.0603940575532789,151.69747685008917,-1.283057012544312,-14.83759170386236,1.9999999999999991,59.08977185704486,0.8776221819335784,-0.7398321695484411,0.11669283897698665,-0.26911168237626193,0.3363947211113868,-1.1070125818832337,-0.47723329389691316,0.057822223227113986,-0.04487382587265505,-0.08,751.0528433373173,754.2869163992125,541.6260295511736,504.72445501802804,0.0,0.0,0.0
7.228,-1.7006560637179253,-15.192906610299364,1.9973887981909602,6.966759143686777,0.266217537104805,148.4626847164957,-1.2984213956455868,-14.79889336790648,1.9999999999999991,57.5477969817029,0.8984169523730776,-0.7415767759508584,0.10695287413292091,-0.2649149014357458,0.27361687315790956,-1.1517548030449682,-0.4162963572481817,0.06832222894351578,-0.06835864132019859,-0.08,753.3344951786272,753.3254085634196,548.396816986156,499.3489457055511,0.0,0.0,0.0
7.280000000000001,-1.7193360200334846,-15.134406509622899,1.997467670701998,6.192155509813341,1.3091437816837643,145.05199034577274,-1.3109313208903393,-14.758759461917476,1.9999999999999991,56.076282889740256,0.9316418057755941,-0.7324711495005523,0.09473653365339543,-0.23030173447072028,0.17458385814022295,-1.1944093191733596,-0.2985233154590605,0.08315355044438164,-0.07780565236848166,-0.08,754.595834719527,755.9269760704512,555.1733130127842,497.69414813718487,0.0,0.0,0.0
7.332000000000001,-1.736554035376958,-15.074389697288431,1.9966991619510666,5.512961134973201,1.9921840831660609,141.47022694369474,-1.3205852083262368,-14.717411861860539,1.9999999999999991,54.36981928946065,0.9734740392638104,-0.7122100502322886,0.08225040091939757,-0.16703544709789703,0.05814930015682164,-1.2352504344261817,-0.15087643162253195,0.08931494403813268,-0.07390293206544517,-0.08,755.9721731331041,759.7950926498557,559.1180914713481,501.2443264520214,0.0,0.0,0.0
7.384,-1.7525946975443638,-15.012989417687882,1.9953213359725013,5.023558206971988,2.3005032994290886,137.72998326953604,-1.3274421631031132,-14.67462576313149,1.9999999999999991,52.713526329968374,1.019533755101782,-0.681650624542569,0.0710743505438367,-0.08362692547769064,-0.0578235562991002,-1.2745609179838842,0.0034991993548879607,0.09129468105932784,-0.05870858439215107,-0.08,756.6705101161729,764.723533700862,560.7260670146289,507.9517962269858,0.0,0.0,0.0
7.436,-1.767562282049253,-14.950343355210839,1.9935990391133664,4.783986694654501,2.275028846523689,133.84537392240932,-1.3316640372619777,-14.63094166511431,1.9999999999999991,50.833143818738876,1.0656009455552418,-0.6427010651381599,0.06193636816424264,0.005704160803228412,-0.15812478648068456,-1.3127191465575643,0.14896563908860405,0.09445044470068492,-0.0360041184608492,-0.08,756.1734720240145,770.5667729453623,561.1134421717132,515.5575448182353,0.0,0.0,0.0
7.4879999999999995,-1.7813812892580378,-14.886598492696486,1.991791390187065,4.817917073658994,1.9984556793455015,129.82813102542084,-1.3334235550880447,-14.586740533365731,1.9999999999999991,49.01300734294663,1.1081856871429898,-0.5978990087790909,0.055231135938829355,0.09608068096017805,-0.23321195427759484,-1.3500085566180853,0.2733337762386382,0.09269756580324753,-0.020759244897300258,-0.08,756.873337305822,774.5352430169318,561.4696528309192,522.1018348887405,0.0,0.0,0.0
7.540000000000001,-1.793816120625694,-14.821914298705156,1.9901272567253434,5.137346950682328,1.5526725416802847,125.68499301518371,-1.3328679636287426,-14.542292531987119,1.9999999999999991,46.94911522508871,1.144861204016506,-0.550096561223094,0.05102211204427579,0.1832150826754936,-0.2924503358777417,-1.386486544042725,0.3686310204860648,0.07715301967462854,-0.01715540147806248,-0.08,760.2688844040719,774.9624945434977,560.85221943992,528.2961651724545,0.0,0.0,0.0
7.5920000000000005,-1.8044938762719474,-14.75646710232736,1.988786891330459,5.7122762419990485,0.9787158698540307,121.4162719711402,-1.3300470438337908,-14.497554946676756,1.9999999999999991,44.96245870699718,1.1741090962341256,-0.5022471475165246,0.04827790526735031,0.24866939839771818,-0.3486161134813256,-1.422232507590695,0.43920481952398277,0.06045259574944012,0.0010951103576105903,-0.08,761.6535542849902,776.6962308338195,557.120718346276,536.7178798775593,0.0,0.0,0.0
7.644,-1.8129306294793595,-14.690471718597433,1.987899841503677,6.468214781541788,0.3304077334633839,117.02242695166761,-1.3251344321042062,-14.453166546164375,1.9999999999999991,42.72987331228871,1.194980343439421,-0.4569649714601998,0.0462108278891407,0.28071889111667053,-0.3852717599575117,-1.4574972032268285,0.48862483200912016,0.05147603430757908,0.022196840282693003,-0.08,761.4861286922416,779.4619176317441,553.8532718305526,543.824387239077,0.0,0.0,0.0
7.696,-1.8185788797198308,-14.624202844292409,1.9875531461203326,7.331663960697073,-0.3046036132042505,112.50933182559902,-1.3182144788431958,-14.40952872252027,1.9999999999999991,40.60540567026711,1.20731651762417,-0.4161432092782701,0.04538554632319873,0.2943555140973585,-0.39542664807670724,-1.4922221988101634,0.5085162312459628,0.03422932798038186,0.04380929052486644,-0.08,761.8678450417837,780.8865577986467,548.4983732650649,551.7720268637406,0.0,0.0,0.0
7.748000000000001,-1.8208852307886296,-14.557991826108882,1.987787511920556,8.22944727285312,-0.8343764056200584,107.8877786118931,-1.3092337325311247,-14.366828865447273,1.9999999999999991,38.249509434247955,1.2119366425816467,-0.3810575085104666,0.046726513170146276,0.2770593216057866,-0.3769794755015129,-1.5266188922741424,0.4884487726864265,0.025694020564968195,0.056623215889914424,-0.08,761.6092767415938,781.6639823885974,545.2040087149414,555.7663774538057,0.0,0.0,0.0
7.800000000000001,-1.8193469768719945,-14.492205279974026,1.9885840666182526,9.074462923200786,-1.1845885378517427,103.17184625533501,-1.2981754073175416,-14.325362701987224,1.9999999999999991,36.038905499548676,1.210530818916706,-0.3521328446696522,0.050554248765243594,0.23970092594720774,-0.33727879283182927,-1.560585627889861,0.425845072781199,0.019779897504522886,0.06251528409124722,-0.08,761.0889227780756,781.1516799352218,542.4310635161751,557.0450990883364,0.0,0.0,0.0
7.852,-1.8135625844837908,-14.427216947956882,1.9898565542943305,9.814713987360316,-1.3167337272806554,98.37491358753167,-1.2848888572384631,-14.285317803772141,1.9999999999999991,33.62020151032585,1.2053386375472226,-0.32901069615670675,0.05648133108318021,0.19514865720860175,-0.289287436496326,-1.5939743153152497,0.3272576638160454,0.006379239218679639,0.056779576733302896,-0.08,762.1775792015419,777.5997110155269,539.3063612546933,556.5977247201864,0.0,0.0,0.0
7.904,-1.8032539705977517,-14.363378825063629,1.9914575738005529,10.394056180314504,-1.2402202955090307,93.50379940550972,-1.269353643845703,-14.247039092299564,1.9999999999999991,31.3765990983573,1.198716018164299,-0.3108012114904776,0.06314249738158101,0.13420240931340036,-0.24486574484418672,-1.626840024861768,0.2108272232800793,0.0052526644384225454,0.04752490803919994,-0.08,761.7057996550119,774.6219731633197,538.2460786533089,552.813251464149,0.0,0.0,0.0
7.9559999999999995,-1.788274022678367,-14.30100665642133,1.9932010953798118,10.78025901414553,-0.9937195143269438,88.55956372195303,-1.2513445007626662,-14.210691089561204,1.9999999999999991,28.942640560096123,1.1926928177549658,-0.29599923461933325,0.06893568644435333,0.0747193800916512,-0.21333032639591726,-1.6589519052299502,0.09827266942239776,-0.0006221962054468594,0.031046837365138878,-0.08,762.6066849315731,770.070196310108,537.4692767567138,548.4343582732026,0.0,0.0,0.0
8.008000000000001,-1.7685995021884449,-14.24037683770176,1.9948957449721192,10.96346941488947,-0.6475482314510871,83.53548890759069,-1.2309090484153278,-14.176641536910456,1.9999999999999991,25.656700770772403,1.1886997635913261,-0.2828045114829449,0.07234464478014377,0.021048479440101433,-0.20249518917572185,-1.690184546031817,0.010650393702083094,0.018167586537848612,0.013369188053907605,-0.08,760.9089041568661,768.6609494176012,541.6191180323137,539.9510646449194,0.0,0.0,0.0
8.06,-1.744310892195952,-14.181737864989833,1.996378122162699,11.039331968217692,-0.2902661358895736,78.42031706925972,-1.2077954339783328,-14.14506113828761,1.9999999999999991,21.315526529543057,1.1873017597562314,-0.26942638057775087,0.07254885118723457,0.015841094893148593,-0.2204286209664137,-1.7200141950145469,-0.03871581737035501,0.02563255232292448,-0.0018595522678079845,-0.08,760.9608995797875,766.811409208661,544.2766763036765,534.6966740668838,0.0,0.0,0.0
8.112,-1.7155419148699178,-14.125338339051087,1.9975394339929198,11.118042957715005,-0.002572630034669454,73.20256476620803,-1.182203085636477,-14.11633935596555,1.9999999999999991,17.11556706754056,1.1881726965955655,-0.25510740210745736,0.06951121583061501,0.033569097237634946,-0.2587160543230088,-1.748641834536866,-0.04595464127823923,0.026548551022720548,-0.0034204083141021607,-0.08,760.9724079109342,766.6647225035671,544.6090481480733,534.1640128771303,0.0,0.0,0.0
8.164,-1.6824365223038038,-14.071464271582181,1.9983375599335922,11.24732474090856,0.1801662211528023,67.87772456677811,-1.1546480077569987,-14.09007170116672,1.9999999999999991,101.62072346485489,1.1903562935107748,-0.23993730087566406,0.06402901600055534,0.0580055751437402,-0.3065812538169651,-1.7762506294195632,-0.017538801101105395,-0.027137050438507677,0.0508136622867906,0.08,536.2449192426569,544.4819736948546,754.8624628681113,774.0319693658555,0.0,0.0,0.0
8.216000000000001,-1.6451912309781749,-14.0204385920751,1.9985284537768992,11.350419660191443,0.37677024373905066,62.95426737093073,-1.1852455005332785,-14.01740182639566,1.9999999999999991,101.723756110696,1.1910934664507355,-0.232977391069842,0.05137349293428768,0.0019463544358127674,-0.15058105753448806,-1.5505745536207702,0.1009065339068701,-0.17431617807557384,0.4070255532523649,0.08,501.9563463836931,582.6276421029768,692.0130282737211,835.1387346257278,0.0,0.0,0.0
8.268,-1.603947759777506,-13.972516014598083,1.9982243565835296,10.729961253584115,1.6564454641735218,58.72240508844081,-1.2632822075676835,-13.904077977933987,1.9999999999999991,101.82752585101107,1.1934034730156227,-0.23624519409765599,0.06933706531363941,-0.347386595853835,0.3452010657790614,-1.4299784988592414,-0.06595920324776483,-0.26305438570611755,0.19779418729852513,0.08,549.77190869218,526.9842682021736,704.1355988208754,817.9720186829605,0.0,0.0,0.0
8.32,-1.5588751619512176,-13.927345694417953,1.9976473461468358,8.595969953030764,3.9724388777133726,54.985100800184306,-1.3483151613269853,-13.780466732648248,1.9999999999999991,101.9490523699731,1.2081042207988475,-0.23770378667383799,0.10245212465353433,-0.8801346519694269,0.6545973463767467,-1.3235924848615408,-0.3730902998551987,-0.25212853371795646,-0.02477826296233185,0.08,575.3568564814715,476.3646003220372,727.1184484661514,783.697072213415,0.0,0.0,0.0
8.372,-1.51044740987023,-13.883748280573446,1.9964474402736316,4.724435743644769,6.475363292950007,51.48115364788248,-1.4211596358679337,-13.661645685362995,1.9999999999999991,102.0689659497311,1.2410423980814735,-0.22324588833564823,0.1266543959295912,-1.3833404917423229,0.6877863615727986,-1.2213588716882158,-0.5725051447027572,-0.14954116479842006,-0.19270108875736688,0.08,579.4603063084795,455.07904605598736,756.3141482665571,745.5090128453606,0.0,0.0,0.0
8.424,-1.4594933755808213,-13.840013214606275,1.9942235459759259,-0.3908946003533761,8.362053955201493,48.066512209430336,-1.474424872563225,-13.553957438906044,1.9999999999999991,102.20585038691303,1.2908711390877192,-0.17760098624286874,0.13466132039113293,-1.6591223105957955,0.49293589239265306,-1.1221915750176163,-0.5796451147733305,-0.0054143878146323265,-0.30288259728709516,0.08,574.074156071611,462.2192942744483,787.3926691639084,712.842332897903,0.0,0.0,0.0
8.476,-1.4071458161583956,-13.794249563249013,1.9907939822486898,-5.78314078830326,9.057311388529158,44.824739635060745,-1.5067815791771457,-13.458872618010895,1.9999999999999991,102.33681441733489,1.3495458486609047,-0.09043578794425701,0.130956135251841,-1.5654230666283717,0.1394763435004395,-1.0245419152120177,-0.43272125721441046,0.19593123463446754,-0.31745090957304267,0.08,549.3004276575072,506.00554736119557,817.2267695328111,689.0838666660802,0.0,0.0,0.0
8.528,-1.354726185869681,-13.744737808292728,1.9862589177999521,-10.088372321096886,8.352821135087718,41.99648675218547,-1.5200770939980748,-13.37548099641253,1.9999999999999991,102.48115249722595,1.4046091874817148,0.03779791422374095,0.12178366505948364,-1.0906338237181004,-0.2678446686774151,-0.9239154850564086,-0.19631891987440597,0.20281952789207677,-0.25316461677247526,0.08,546.9172599230801,529.3293737186996,817.2129490965754,704.5528122629034,0.0,0.0,0.0
8.58,-1.3035489642954878,-13.690315528094423,1.9809711781819002,-12.701207389803571,6.4170339669951275,39.749082222337535,-1.5173973373593896,-13.301651552858726,1.9999999999999991,102.61421641625945,1.443411163872655,0.1940815161546615,0.10630992419691279,-0.5817463233140764,-0.6228571865135157,-0.8237713563945256,0.1264897892392225,0.12208361291907054,-0.13675712285956493,0.08,551.5920161499321,546.56816620739,801.6339105107994,738.4424015902032,0.0,0.0,0.0
8.632,-1.254839651263964,-13.63057192675404,1.9754705707681597,-13.931424429149507,3.6712974230888786,38.051691756067754,-1.5021266537917963,-13.234775161770092,1.9999999999999991,102.75549464368805,1.4561544484292808,0.36188158687817157,0.0844926360967709,-0.236251864755379,-0.8389836414731127,-0.7273279881852679,0.5188189036860585,0.1066382420129105,-0.0048666058112652455,0.08,542.761495338229,576.9354015618495,791.9255118780801,764.9980891409147,0.0,0.0,0.0
8.684000000000001,-1.2097712568843504,-13.565728728440577,1.9704218213848412,-14.158494461144606,0.647923558022964,36.75053397424412,-1.477274108249481,-13.172009812486536,1.9999999999999991,102.88080083979908,1.438004737337076,0.5282460289979122,0.0637171833001711,0.06716486229323693,-0.8807026912251843,-0.6326013281947483,0.8866733619316898,0.14058957787672147,0.11349115108968039,0.08,525.9215639068539,610.0193072437485,788.6156198843272,782.12917412811,0.0,0.0,0.0
8.736,-1.1694043819972462,-13.496451837046264,1.966487518335429,-13.300970507099391,-2.1413409505451275,35.669323147826795,-1.4458904744031842,-13.111188747549631,1.9999999999999991,103.00826511618408,1.3901832868404402,0.6828286924240634,0.04894439822249356,0.4311440275379498,-0.7637479684363268,-0.5381429674063577,1.15994219179761,0.11144028983713361,0.19993661859878734,0.08,522.1301667398906,624.2534508173768,779.0900945709935,800.1590471737956,0.0,0.0,0.0
8.788,-1.1344599729571905,-13.423781127680401,1.9642127057095682,-11.360383635331813,-4.287383440758386,34.669105238374115,-1.410255338076307,-13.049983297923651,1.9999999999999991,103.11612740062367,1.318908541288597,0.8154099931130077,0.03998147043627803,0.7545834035503552,-0.5288311350847285,-0.44576283587540333,1.3229530172802972,0.04345502656487121,0.24682401942267035,0.08,528.146205101719,622.9594158265076,766.6410942367271,814.98581258403,0.0,0.0,0.0
8.84,-1.1051278883230946,-13.349039154964286,1.9639557142821908,-8.678929619980982,-5.539643996925533,33.7030051308801,-1.3728870899734547,-12.987647274059595,1.9999999999999991,103.22086901716028,1.2334391880514024,0.9179102895464288,0.03644665274095622,0.9033466728851465,-0.24977649383394876,-0.35738135861004916,1.367861728685444,-0.4505031261721594,-0.14794223061005113,0.08,666.5504659543266,468.2778817364446,753.2395052982017,825.3045136197361,0.0,0.0,0.0
8.892,-1.081076980739809,-13.2736018142816,1.9657891147982316,-7.043162000969624,-6.577281892173815,32.90895028625072,-1.3356525125668874,-12.923480929300709,1.9999999999999991,103.31273333621564,1.1430565512044484,0.9889256928606361,0.04405125921700222,0.14917591803125888,-0.4156829240170284,-0.2802131770590216,1.2360466116966802,-0.038382741673765916,0.1584034780986947,0.08,551.6787814833882,591.1643157638239,763.1382655565545,810.1656053982585,0.0,0.0,0.0
8.944,-1.062154395252195,-13.198378000977733,1.9694599082608202,-6.93392104544648,-7.7267226862308105,32.353137288213325,-1.2998791368517406,-12.856890007307571,1.9999999999999991,103.38652443027686,1.0472788758084415,1.0448953637795173,0.06938543540679813,0.15837815164268373,-0.19950054917037324,-0.1907135600928438,0.8706961221177154,0.3841360458159074,0.5224310332908698,0.08,383.02122573533904,698.2543758037602,763.9343711761916,797.2404302241729,0.0,0.0,0.0
8.996,-1.0484780098330213,-13.123756730009347,1.9744594276054577,-4.904386636030191,-7.1962389046979425,31.893552655108046,-1.2667844520957399,-12.788654281989903,1.9999999999999991,103.44928497516769,0.9514056902298513,1.0902369617055467,0.08180665228497055,0.9716766168485286,0.4572517482251464,-0.09975398507004102,0.5894924546694383,0.05329088516509306,0.3541454780289411,0.08,479.54138846482124,618.9904167850938,736.517626001474,809.6755277684962,0.0,0.0,0.0
9.048,-1.0391690425882933,-13.05036615399698,1.9803859399348314,-1.4011752795635786,-4.968457650444747,31.62051624862254,-1.2370742489128346,-12.718883364444533,1.9999999999999991,103.50484944946467,0.8707232962200907,1.1082298298623598,0.07325735195205434,1.1590315853502133,0.8839254972817482,-0.018890891706157716,0.4845360112882656,-0.6339522924588064,-0.351727711682711,0.08,696.6945448225528,338.7982450710781,734.4996450363464,803.493251649144,0.0,0.0,0.0
9.1,-1.0324295029593915,-12.978950233032984,1.986786319595102,0.38658107044403145,-2.8361804665684827,31.679830595279277,-1.2111335463098998,-12.647520208939817,1.9999999999999991,103.54709268912276,0.8174382448559783,1.0930314660682499,0.07632393509299099,0.16238568563439743,0.534518205111475,0.04586772790888384,0.2497767444352611,0.04054953716715715,0.058619615487964793,0.08,522.7925906945952,557.3132151396385,762.2465685991742,766.6902084080108,0.0,0.0,0.0
9.152000000000001,-1.0269049090787612,-12.90966392521188,1.993271653347277,0.5347764060113528,-1.3683607317675097,31.948713308396638,-1.1891591072101675,-12.575655949002217,1.9999999999999991,103.58721764474151,0.7843882753389061,1.066130222666977,0.09294962995671224,0.1655570966848189,0.573931559105236,0.11857422008636712,-0.1214320829722032,0.16430463315679528,0.2936266772078767,0.08,441.14125995830267,605.6236880816843,740.8395076716747,772.9593010188427,0.0,0.0,0.0
9.204,-1.0218398724029507,-12.842211230064994,1.999353038364954,1.8093262242762427,0.9800838275311095,32.48389628594947,-1.1709452693127909,-12.504039981894467,1.9999999999999991,103.62146640147344,0.770106664467166,1.033913844619034,0.09195835769941083,0.5632946346641163,0.9244614065957407,0.19389494523886813,-0.3067028455543659,-0.06423841224848628,0.09831013032270924,0.08,518.653057105412,530.8591002563116,733.0144831519989,773.5798212302501,0.0,0.0,0.0
9.256,-1.016057028340077,-12.776442784445008,2.0046518486528284,3.5902496035339886,3.9999965352970714,33.33149606458,-1.1560047485018317,-12.432775038090936,1.9999999999999991,103.65750078274047,0.7821415693197574,0.9863030506825963,0.08652680993477124,0.5451681234212987,1.059457365031814,0.2632648050224367,-0.42347200545490493,-0.17240069605816366,-0.06960936893038727,0.08,564.8537685490192,477.56474100731685,739.3928768689412,765.0814529763302,0.0,0.0,0.0
9.308,-1.008060536552058,-12.712221730839868,2.0088931988240737,4.852898929877552,6.946835897090301,34.45981125348349,-1.1437324586008195,-12.362468109070724,1.9999999999999991,103.69258358775579,0.8233791599412348,0.921404221605113,0.09313442364997314,0.2606132671404836,0.9568674995272163,0.3277107963171125,-0.6249787148770342,-0.17712352725825625,-0.17405799315383524,0.08,579.9882919181808,452.0487771686947,749.8351555498651,750.6033237062557,0.0,0.0,0.0
9.36,-0.9965409815465283,-12.649203493736447,2.0117899980740748,5.227602033973312,9.253814641254538,35.768175435492815,-1.133307211927323,-12.293013123823277,1.9999999999999991,103.73633034299407,0.88995024211143,0.8448983253282061,0.10995802684189249,-0.06732150246389353,0.6950983214511048,0.3881322926160336,-0.884010087873726,-0.14148003176713977,-0.21813569329962113,0.08,576.9758091442206,444.6252849087916,756.4183885408313,737.121119050751,0.0,0.0,0.0
9.412,-0.9806956348936281,-12.5868415784576,2.012977042449622,4.783390917773012,10.621171810568795,37.17655029911981,-1.1237870248035453,-12.224410536296103,1.9999999999999991,103.78500877649245,0.9745314530882909,0.7637502600970076,0.12525411944231535,-0.3327204376018752,0.3600100407874187,0.4461939285051663,-1.0732403181463614,-0.10342930562680103,-0.21568100809019825,0.08,566.6393334614905,448.44179620584725,758.0595352190311,729.6913828660736,0.0,0.0,0.0
9.464,-0.9603026576872383,-12.524517730130523,2.0121444496123257,3.7313400638074885,10.975456758398579,38.666117347408886,-1.1142288228062975,-12.157091154997879,1.9999999999999991,103.9190174487953,1.068430310953755,0.6837788983176815,0.12872585730475353,-0.5167575711715564,0.019396589201581712,0.5029683351613378,-1.0813320102074426,-0.10043533938952506,-0.1839026261025924,0.08,560.5580060842029,455.32296705755573,754.2712268452933,733.1730990864139,0.0,0.0,0.0
9.516,-0.9356445520122,-12.461662892136713,2.009217759839854,2.270423516999731,10.405591799794003,40.26616632501953,-1.1036587098178319,-12.090830640341828,1.9999999999999991,104.0065956674145,1.1625071273353502,0.6094623425935651,0.11662104357813012,-0.6316822309915592,-0.27877174100907093,0.5588305810643617,-0.868875071094014,-0.07638163435468523,-0.12942413765314084,0.08,551.7950746056106,476.54832829830616,753.8046144435982,740.4581765109674,0.0,0.0,0.0
9.568,-0.9073962889336583,-12.39782090051455,2.004460172265307,0.5867089357276398,9.112647572931508,42.024884727085734,-1.0912976461364527,-12.025569937765239,1.9999999999999991,104.09696680296604,1.2481984055717281,0.5441277161888308,0.09147135084403811,-0.6820616147830102,-0.5034245526280856,0.6141858994815337,-0.46911863274133014,-0.05527450327314898,-0.06487474347799435,0.08,546.1859287496469,503.1351515824515,754.9825071120174,752.5882392333477,0.0,0.0,0.0
9.620000000000001,-0.876524865852138,-12.332675714988357,1.9984572061242074,-1.1788005497313048,7.3598413894768955,43.98265546504074,-1.076609807040802,-11.961077244648138,1.9999999999999991,104.20305615630183,1.3188468774809987,0.48975280709221086,0.06029430644995617,-0.6827547505556476,-0.6391317409912421,0.6690997236212121,0.030190990000162454,-0.053301958144606254,-0.04511607926468422,0.08,554.2225954585659,519.7683763776326,761.304043243508,763.3227354767076,0.0,0.0,0.0
9.672,-0.8442040238632622,-12.266059683036447,1.9919932852935014,-3.139173662269364,5.235023230096108,46.16961941776135,-1.059388640528013,-11.897268664531826,1.9999999999999991,104.3060907357407,1.370700770729318,0.4470288076135967,0.029105475221825133,-0.8584932059031504,-0.8694375682730296,0.7239125601048167,0.5447425695174761,-0.03392976042929585,-0.23220596893793632,0.08,593.80846989837,502.53950939039294,795.1812869390932,746.8365100065444,0.0,0.0,0.0
9.724,-0.8118961359621724,-12.197947235535265,1.9858828112127815,-5.687146643367785,2.241259317625176,48.656225309276614,-1.0392928044540717,-11.83308238036591,1.9999999999999991,104.4198643054172,1.3981875987207335,0.4212235755400632,-0.009811706546341283,-0.8199052318435509,-1.0911192518430146,0.7745073727929345,1.1243059513716536,0.14421949216961735,0.3417623626416133,0.08,477.7769638427201,641.0864205184126,758.2590046966327,805.7477905050923,0.0,0.0,0.0
9.776,-0.7814829452834456,-12.128527988428592,1.9810000292549415,-7.334513275445835,-0.11303115638636468,51.35501195523288,-1.0166193892979667,-11.768279804354774,1.9999999999999991,104.52268049045972,1.3986050119061713,0.41244783522613904,-0.02728420682875645,-0.40021873329910046,-0.7213164883314408,0.8330907175691877,1.453796405721921,0.057459920140734685,0.3218989345081628,0.08,509.1218272164186,633.906585118939,757.1464797931365,820.1800997937515,0.0,0.0,0.0
9.828,-0.7544521123553454,-12.058200120891536,1.9781208824199232,-8.03620066530885,-1.1302889474697992,54.09656931348037,-0.9920160074120858,-11.702835606282077,1.9999999999999991,104.62727172518873,1.3840239771507297,0.4105483836446944,-0.007434063104037589,-0.12479037935724205,-0.29495524538204154,0.8882069128147064,1.3520251624230406,-0.005477766405944044,0.24069421988461728,0.08,533.0823514523225,610.4213366240958,758.0099227144134,816.783663559612,0.0,0.0,0.0
9.88,-0.7314701237813201,-11.987305730573945,1.9773916416146329,-8.21978167183893,-1.0047265344928227,56.84747837222691,-0.966252711145235,-11.636454000208923,1.9999999999999991,104.71527481015474,1.3665616165206742,0.4093589527843563,0.035016781308527645,0.0006636032594695068,0.03411826265319703,0.9411343971819823,0.9590080005172203,-0.020803054009900127,0.15452831937920525,0.08,540.2216278376047,584.9084107389702,759.2625417615006,801.4993719087073,0.0,0.0,0.0
9.932,-0.7125576398920306,-11.915952355648171,1.9783643400307926,-8.135897041308013,-0.09711988328856686,59.642714287239976,-0.9403335411080231,-11.569320388776989,1.9999999999999991,104.80066728354295,1.3542169815832685,0.4060203012624421,0.08228595799575537,0.06308254867379466,0.24264276246460378,0.9927045782702735,0.4639505365582982,-0.022069117670741097,0.07829253347944354,0.08,540.0149333173014,559.2451905854604,758.8018910004579,783.271725500336,0.0,0.0,0.0
9.984,-0.697377839768865,-11.844016678150458,1.9802677958680268,-7.845088226766238,1.2398431523534632,62.53197696793294,-0.915110818937804,-11.50120494517841,1.9999999999999991,104.87077923679432,1.3518498393367928,0.39852744132576634,0.12200553218698056,0.10665709769441911,0.3411294152319204,1.0428538595647612,0.01320389712075376,-0.01798732499212607,0.018342719981155997,0.08,537.2096382841397,537.3339910895761,757.8212600408323,766.7806372302585,0.0,0.0,0.0
10.036,-0.6854505754329384,-11.771241061890157,1.9822927035421491,-7.356295848743991,2.7077647385718135,65.55957804874396,-0.8914027549944589,-11.432444598562382,1.9999999999999991,104.93842732030893,1.361867562953972,0.38477106590959165,0.14881774979851115,0.14668933571862025,0.3523430653974259,1.0914074410190218,-0.31457509591154587,-0.025509218775711856,-0.02629177611657081,0.08,537.2261789807878,518.7828717152245,755.9647670590284,755.7701374679134,0.0,0.0,0.0
10.088000000000001,-0.6762768181039482,-11.697331389314378,1.9837866469284542,-6.689036792315781,4.075797392837999,68.7565094897571,-0.8697179875544291,-11.362744372614001,1.9999999999999991,104.99440172695847,1.3844401377903428,0.3624225118448097,0.1620796497802727,0.16731115256309365,0.2985985584345043,1.1379943807806954,-0.49210735926213567,-0.03216133124581921,-0.05467690634855334,0.08,538.469775329307,507.247462200715,755.1949275720513,749.5691446272263,0.0,0.0,0.0
10.14,-0.6694020276046835,-11.62202578392251,1.9843385021116002,-5.913875625218794,5.178490091000399,72.1365910901386,-0.8504396382674745,-11.292433321980193,1.9999999999999991,105.04933408621093,1.4176957039192455,0.32939216543530125,0.1638953339080636,0.16767478453803925,0.2021963348784172,1.182527289155113,-0.5268546541738699,-0.04696939766832833,-0.0691083543885109,0.08,542.630101828304,500.8035070365222,754.4862650594285,748.94969808555,0.0,0.0,0.0
10.192,-0.6644530906672462,-11.54513553616895,1.9837934290780956,-5.119690958616839,5.9158136116168,75.69749290858134,-0.8336853815355524,-11.221065121206454,1.9999999999999991,105.09579537715564,1.4581290977947106,0.28435724570695986,0.15714519045434044,0.13459304273377035,0.08279164575541001,1.2248875296467285,-0.4421272029625287,-0.05364481551355465,-0.06911175692478906,0.08,546.0465105125248,502.00835969545983,755.2873916619817,751.4277977284036,0.0,0.0,0.0
10.244,-0.6611587970684837,-11.46657148699493,1.9822240692987498,-4.408557059061996,6.250828530160899,79.4249801331884,-0.8194832946221142,-11.148930363360895,1.9999999999999991,105.14241987766002,1.501226062387308,0.2271934543029876,0.1448001660305401,0.08408760604830746,-0.04037875589942451,1.2654032905102477,-0.2694262460619097,-0.06544954657850241,-0.05816555425547188,0.0762712896314572,556.8361209535221,513.4094613265854,751.1917343212514,753.0124035051847,0.0,0.0,0.0
10.296,-0.6593611056773152,-11.386363330862482,1.9798707526606523,-3.8951726321437197,6.198057186834898,83.2098914403691,-0.8077149540518258,-11.075477910117419,1.9999999999999991,105.18255940030312,1.5418687094225145,0.16089564400303535,0.12902761932352566,-0.010268083049622961,-0.15243434109848789,1.2375190864401773,-0.03773931311240308,-0.05686772558353573,-0.03704378209492738,0.008684506308006157,659.1924346646794,631.8429589452098,667.0097003541206,672.573719663737,0.0,0.0,0.0
10.348,-0.6590288540679167,-11.304674828960337,1.977065756185243,-3.814250402497562,5.798393013021769,86.80748202410103,-0.7982356568052533,-11.001025816619412,1.9999999999999991,105.22315575462584,1.5754746100835764,0.09454851638064811,0.11201928553978784,-0.1927754426756468,-0.2608843241780286,1.1531676250461715,0.22073969909835145,-0.2962392770393919,-0.05833228997057441,-0.03442809982797315,754.7172611495288,660.5189037235781,576.5031473247011,649.4650790076108,0.0,0.0,0.0
10.4,-0.6603466766750455,-11.221788050088959,1.9742346734072285,-4.967626045859627,5.0426760952024585,90.13536127708922,-0.7908652772127802,-10.925608687570866,1.9999999999999991,105.25781976344825,1.5996988978761055,0.03673065351723092,0.09387343140858788,-0.6392592985874975,-0.37388803976672164,1.0458229211904508,0.4913953321310689,0.20210817670556533,0.053096713742998555,-0.06368549276600032,718.7140669047519,782.6254784569807,599.7662051729314,551.0841196377204,0.0,0.0,0.0
10.452,-0.6639578205269125,-11.138127457715967,1.9718203136070922,-6.293389390096492,4.199384094106042,93.16451589581824,-0.7854619574905739,-10.848792704050911,1.9999999999999991,105.29139733244828,1.6135771325581838,0.0003166191969944908,0.07976261193991095,-0.40470032159545105,-0.37499098192715674,0.9354322726940831,0.709119770134896,0.17874522312229166,0.07603240654902167,-0.08,743.8843171950714,805.7021559449031,572.8064820637895,538.0418024775219,0.0,0.0,0.0
10.504,-0.6705575673814844,-11.054219088273078,1.97024818715334,-6.760693422819371,3.4901970345808393,95.88048211611384,-0.781938613726554,-10.770774811713574,1.9999999999999991,105.31673550295318,1.6184700867605977,-0.016900710898987224,0.07658619205888155,-0.11123128087439353,-0.3133010797197379,0.8377076556276426,0.7923505284003883,0.10621078805162781,0.0747239802042248,-0.08,754.8161788554859,798.6087161833734,563.2220961364902,552.6125419262428,0.0,0.0,0.0
10.556000000000001,-0.6804085245006125,-10.970562365558418,1.969771389139636,-6.662046755127944,2.970351054467897,98.29218454683473,-0.7803808211242629,-10.691310780690346,1.9999999999999991,105.33604949720338,1.6168801169804525,-0.02324519206148335,0.08254692482036818,0.03559920890519443,-0.23792108626517267,0.7445718281453958,0.7505914518427935,0.07852257888065532,0.06555187507845515,-0.08,758.3659000727363,793.2770010040821,558.7308878043772,554.3495642399361,0.0,0.0,0.0
10.608,-0.6934364395577951,-10.887537628173586,1.970407385423937,-6.322272020279926,2.6217000400233457,100.40297031309846,-0.7809737477440855,-10.610303548009558,1.9999999999999991,105.3455939712855,1.6111537722634666,-0.023017924658768892,0.09281543140313145,0.1015927744517989,-0.17003205793912562,0.6528836741855949,0.6307307742159258,0.07583313214180014,0.056176853509404524,-0.08,757.2406677987028,789.3332341458447,556.2945343974072,549.6118449773883,0.0,0.0,0.0
10.66,-0.7094099505586609,-10.805393856717698,1.9719981842160046,-5.820341393133035,2.4118732013234867,102.2233660944335,-0.783838503616656,-10.528667121067055,1.9999999999999991,105.34693742977842,1.6030559469935333,-0.018175808958463005,0.10352609344145405,0.17219844080110097,-0.1122935024844615,0.563634512791874,0.47581225719198894,0.08651417521674855,0.048036238799260216,-0.08,753.5808846156091,786.4304377285301,554.9326279219633,541.7408671644293,0.0,0.0,0.0
10.712,-0.7280111817165149,-10.724261930301806,1.9742934128732736,-5.129860872427185,2.3101725272583917,103.76573818300166,-0.7890551728410203,-10.44704846875505,1.9999999999999991,105.34024218721015,1.5938402657586563,-0.010550045211092996,0.11229822529676974,0.22217175214657398,-0.06618523825257064,0.4764404773460125,0.3172485074531166,0.052125076311475727,0.03741991399496485,-0.08,755.7357767777329,777.6914353720339,546.1436767579235,541.05824356968,0.0,0.0,0.0
10.764000000000001,-0.7488562239112695,-10.644171995190646,1.9770125253901165,-4.405336056821926,2.2794305287818215,105.04112369748921,-0.7968777567188676,-10.364979590051869,1.9999999999999991,105.30463621022233,1.5843587248440891,-0.001815224702929449,0.11764178746947915,0.22674685236660036,-0.03378160594132317,0.39105901004181715,0.1786733446290507,0.03396414886320244,0.029972567423051967,-0.08,755.915184169036,771.6520533127072,540.1073179958996,538.7162033304859,0.0,0.0,0.0
10.816,-0.7715605959851913,-10.565087339782524,1.9798923707516727,-3.6717661005462063,2.294905438917595,106.06064788969273,-0.8073173573432438,-10.282731482602696,1.9999999999999991,105.27646226176766,1.5751144106014094,0.0075170808564688244,0.11936276746878763,0.2368854528321656,-0.009827742502822675,0.30810353908930244,0.07042731429110072,0.03663565327919571,0.0272843166093061,-0.08,753.5555224764641,769.336567970353,537.7346141928139,534.4553962816699,0.0,0.0,0.0
10.868,-0.795757487846451,-10.486927546578727,1.9827143422603142,-2.910936488062707,2.345184345490596,106.83391158714163,-0.8202395038789688,-10.200836249004526,1.9999999999999991,105.245771043899,1.5663945967101351,0.016990302186952484,0.11806986503836825,0.24858392423141282,0.009157761429431642,0.22743750904247273,-0.006462667427842517,0.03520273774558773,0.02554543603661985,-0.08,752.2454183233109,767.2766495673029,535.394253975045,531.9925044722496,0.0,0.0,0.0
10.92,-0.8210901491886097,-10.409578565798206,1.985316749795416,-2.143250289650812,2.424187618841138,107.36894793468808,-0.835505750630785,-10.11943793737669,1.9999999999999991,105.20842673469755,1.5583921646304346,0.02608124190301152,0.11465713708183471,0.25000107547202255,0.02444021645869454,0.14881207958436712,-0.0555938699077041,0.14295409077197374,0.029398813205343582,-0.08,737.0367755071616,779.7595719783305,551.8240077783904,511.67848169112085,0.0,0.0,0.0
10.972,-0.8472106908595604,-10.332900263578042,1.9875884064666738,-1.1398682180910225,2.535997474577711,107.67623645226163,-0.852909144220277,-10.038705377119747,1.9999999999999991,105.17105346448605,1.5512781554247694,0.0344742724688841,0.10996865234775074,0.427028616249146,0.04166715338273397,0.07476482049525499,-0.08168589069049936,-0.05296967189868343,0.020729981473053986,-0.07579413024151835,757.0032431671543,748.9541581076426,525.4066174146641,551.146023155604,0.0,0.0,0.0
11.024000000000001,-0.873681670749352,-10.256700251222943,1.9894597153498574,0.1522032164206591,2.681548381527977,107.79712040160074,-0.8721893006408007,-9.95874493009896,1.9999999999999991,105.12860469334784,1.5452250490782116,0.03795135471585409,0.10468527925570874,0.37147917713960743,0.05123384893277037,0.02054575324389254,-0.0891832363098074,-0.07216073858686417,0.018357155546631223,-0.05942383715104769,739.5481859240576,725.7425718374963,550.0547904121931,580.1667624189115,0.0,0.0,0.0
11.076,-0.8999917175796291,-10.18074755102365,1.9909018145750694,0.8709927776716428,2.8382859751495206,107.78686403117506,-0.8931040310483419,-9.879469528994184,1.9999999999999991,105.08902858862058,1.5404115354551606,0.034370946731992945,0.09992570798997408,0.16232581752753789,0.05288201196320198,-0.01873229163693989,-0.08814233628066981,-0.01692059099374759,0.017946361419914805,-0.045715978761635585,715.3338997165179,715.6034240019405,581.5612738370102,592.7249788821362,0.0,0.0,0.0
11.128,-0.9258451088344841,-10.104873382274052,1.9919154372523966,1.1388668893975828,2.9967279293827738,107.68262387426942,-0.915289544837627,-9.800979202596093,1.9999999999999991,105.04685341596783,1.53694866221504,0.028097662712538024,0.09579519061201505,0.06055240084595912,0.05222309173401539,-0.04597557100338381,-0.07959962915770924,0.1820899004447749,0.02223076083692582,-0.03449596009851975,673.2916688229474,728.1090508331887,629.0270408609349,579.2846286004071,0.0,0.0,0.0
11.18,-0.951132274433054,-10.02896752258206,1.9925122455269073,1.612425464692431,3.161246877395092,107.5188175118112,-0.938473286868189,-9.722993190754314,1.9999999999999991,105.00900058488523,1.5348884878314897,0.021487420941929493,0.09219194595788903,0.25745403322102073,0.05496875855377836,-0.061990841274358076,-0.06290609609200626,-0.09004018261520906,0.013532953091465492,-0.02604137369888639,700.928939103287,680.0999567926242,601.8691323409179,633.3941921214157,0.0,0.0,0.0
11.232000000000001,-0.9756777591853982,-9.952897490161265,1.9927165037938144,2.2538246922246126,3.322479573331642,107.31461360093017,-0.9622532531292035,-9.645636657827827,1.9999999999999991,104.96957855152498,1.5343083426736954,0.010868068632826114,0.08941531426329175,0.14339011816259384,0.04840299771940192,-0.0754322644024173,-0.04176407740768351,-0.08473289706289945,0.011827805823128534,-0.017718403232740394,690.1168602922168,669.9628329896825,616.1401558562898,644.9293647170635,0.0,0.0,0.0
11.284,-0.9992588430264064,-9.876519571175503,1.9925705402355887,2.2829585713670792,3.458065986499496,107.07989096350002,-0.9864161785409089,-9.56851350254513,1.9999999999999991,104.9353902684275,1.535127605893295,-0.00325383985085091,0.0873878694172717,-0.05998866701305894,0.03798277291008005,-0.08299517233686801,-0.01675114773178399,-0.02444200354558516,0.011278273488167973,-0.010795797216429419,673.1857529022391,669.4996024526562,636.0206750513041,646.4924749020802,0.0,0.0,0.0
11.336,-1.0218788431256818,-9.799774134111445,1.9921270447181663,1.9138357751324269,3.557688215450947,106.83200227017127,-1.0089502464346234,-9.50198262328695,1.9999999999999991,104.9353902684275,1.537087937623978,-0.0159949319767956,0.0854041771347212,-0.13884152895009824,0.02156943343394706,-0.08430388381188866,0.01739778646461465,0.12427679626829016,-0.2516325034674881,-0.005149214894011411,682.1072071111137,646.0546776724489,702.2619603094421,593.1579145461944,0.0,0.0,0.0
11.388,-1.0436967150307677,-9.722678744665345,1.9914324099769645,1.7580287384058888,3.0683952267825987,106.57137628979824,-1.0210604953865214,-9.501412563758805,1.9999999999999991,104.9353902684275,1.5396526613762305,-0.02527182300751457,0.07118865722105358,0.02861099172029797,-0.3961497100819299,-0.08006758149010765,0.17996507111884152,0.03509581735866256,-0.643562615435519,-0.001262096595064651,743.7217538224087,569.5162905992444,749.4688411450885,553.6600333770963,0.0,0.0,0.0
11.44,-1.0647024804271845,-9.6455184733091,1.9906600556277114,2.0079509806370135,0.403410748970944,106.25789456569275,-1.0281217228087014,-9.531381733128782,1.9999999999999991,104.9353902684275,1.532219072374628,-0.03477606151732156,0.0074880474575076015,0.10103917855460609,-1.2123007467982208,-0.0725518358799802,0.8318616380140145,-0.041190704241442416,-0.21227170723389183,0.0025275867852921443,705.6779602389561,634.5737125623657,701.2379456839362,653.7668453806003,0.0,0.0,0.0
11.492,-1.0844483014191855,-9.569426957419735,1.9905447552712077,2.1932354311878655,-3.978880532011892,105.89300962432092,-1.0347362022753448,-9.561709262803909,1.9999999999999991,104.9353902684275,1.4892176580400283,-0.047374947121959755,-0.08273048764373242,0.015892719892601326,-1.5766969564759452,-0.06422892354022271,1.7235566450233641,-0.05647273130390308,0.12083655568707319,0.007087195431670141,676.1654813073679,693.8295678828978,679.6146986485452,727.0085533083114,0.0,0.0,0.0
11.544,-1.1022487608576352,-9.496404223498663,1.9923323690310673,2.0505330145602687,-8.563227971965864,105.54581717007478,-1.0427146283493725,-9.57962939455179,1.9999999999999991,104.9353902684275,1.3998093090884232,-0.060722808752004344,-0.14372889636863,-0.11100969044491851,-1.4690587906310555,-0.053348535604564415,2.2666860468481222,-0.038503331077838245,0.28125265942212796,0.010346599624550597,661.8128657517295,727.5066445085812,679.2234396320918,762.6056216386476,0.0,0.0,0.0
11.596,-1.1175207066355657,-9.428745654271165,1.9970745278226534,1.593865865580357,-12.330666932573507,105.28203946685811,-1.0526351640387621,-9.58070387343779,1.9999999999999991,104.9353902684275,1.2732687048850018,-0.07143436142977697,-0.15052217831293924,-0.20144412723787256,-1.1103138178149623,-0.04114767880826693,2.181580695646124,-0.014542780526467167,0.30910614232353884,0.011388956817581793,655.5950784676937,735.2249704114164,682.6217852734383,766.5892197056229,0.0,0.0,0.0
11.648,-1.1299965212924479,-9.368379420995652,2.005006016005875,0.9578008255206615,-14.889389796006558,105.11687372007285,-1.0641090348829505,-9.566089857548846,1.9999999999999991,104.9353902684275,1.124485141185094,-0.07791130435380485,-0.11278034705341107,-0.2364759815771516,-0.6918378201218195,-0.02975150225843895,1.5556650756135193,0.0031819160681202246,0.26076849521481615,0.01067479131659072,650.6129367393892,722.8679624784245,680.8216714588884,748.576216978588,0.0,0.0,0.0
11.700000000000001,-1.1397495736132763,-9.316439277183996,2.0154400072604783,0.2839444202895959,-16.285716539474766,105.02605318932953,-1.0765714893337077,-9.538451395451094,1.9999999999999991,104.9353902684275,0.9650004481855632,-0.07990092364764112,-0.056556694063370806,-0.22845022829335923,-0.3303005871244319,-0.020295251747454085,0.6671252639514786,0.01327328427855047,0.18316080010301547,0.009120236923502119,644.2483481166983,699.2223057824581,673.3409061027986,719.2098533507797,0.0,0.0,0.0
11.752,-1.147081643958225,-9.273237158857624,2.02707909087404,-0.32837446990729263,-16.786422029556977,104.97675797316307,-1.0892238070395548,-9.501972894802357,1.9999999999999991,104.9353902684275,0.8022491693971109,-0.07758382251322184,-0.005839165512348596,-0.19557069700260513,-0.07328051055711061,-0.012884647044814072,-0.20651637793595828,0.01824441671614971,0.10633068556506459,0.0074466658435997,637.304077226237,673.0487514305464,663.5053846161117,688.0104251585589,0.0,0.0,0.0
11.804,-1.1523776436523043,-9.238517311611563,2.038455731893385,-0.8242368405831212,-16.715662947938032,104.94652699524164,-1.101412431291329,-9.4605016932841,1.9999999999999991,104.9353902684275,0.641145701583856,-0.07134156092625338,0.025818626479698126,-0.15058151515109555,0.07619522230763329,-0.007185750609283029,-0.8848469992992225,0.02023149507715047,0.04571351902343955,0.005998815662472374,631.6517299119776,650.9824265618947,654.6150880876714,661.8925322745326,0.0,0.0,0.0
11.856,-1.1559984345813206,-9.211770472429965,2.048295842112861,-1.1793873708286087,-16.359122328163338,104.92600737646808,-1.1126784286518094,-9.417134303642118,1.9999999999999991,104.9353902684275,0.4848465088532271,-0.06183606146850392,0.03599989333397023,-0.10097704083720585,0.13963744672898237,-0.0027632205812391877,-1.3031455419447597,0.020276464155923775,0.0056113179303310945,0.004813092227894124,628.6460948359413,636.3405389337281,648.3942402081508,644.1282817744035,0.0,0.0,0.0
11.908,-1.1582270661948506,-9.192463838389774,2.055720242491852,-1.3883233388692475,-15.922087903336084,104.9136280110317,-1.1226904458810993,-9.374606825560686,1.9999999999999991,104.9353902684275,0.33489360606810525,-0.050027481565345325,0.029221474529788277,-0.051444750787010864,0.14573739248735168,0.0006183149558393315,-1.4775182561582352,0.018657752151081647,-0.01597549906290125,0.0038368756372475204,628.6255544506688,629.4271757547161,645.1448145790066,634.9726876954717,0.0,0.0,0.0
11.96,-1.1592544381226233,-9.180151342173726,2.0602752703842158,-1.4579283162619208,-15.49239020480922,104.90920948445208,-1.1312874866850542,-9.334809271731629,1.9999999999999991,104.9353902684275,0.19146815503045536,-0.03706599233730308,0.012747350949572123,-0.005775764738235402,0.15692060241206773,0.003141620714847702,-1.4647198777217039,0.015648718079224872,0.12970411663941234,0.0030075178269428236,607.7971995421849,651.2047660143385,621.5270632825312,655.1173897678943,0.0,0.0,0.0
12.012,-1.159189915080084,-9.174480030672346,2.061875333881323,-1.4029069364151905,-14.755713404917577,104.9033143384877,-1.1384042222545097,-9.2992255237866,1.9999999999999991,104.9353902684275,0.055082022631361895,-0.024115863629678862,-0.00649047025381998,0.03291251827233917,0.3315532335434568,0.004993909668871062,-1.3300407756989712,0.011563127702475825,0.20810002456264037,0.0024531960828087706,599.2746930060115,664.6200371801979,610.2835612526711,668.0872545886543,0.0,0.0,0.0
12.064,-1.1581107300724163,-9.175036337743618,2.060717207838842,-1.2459254247799993,-13.265874385953552,104.88612010836184,-1.1440565559840605,-9.268744287150444,1.9999999999999991,104.9353902684275,-0.06979761283144557,-0.012191502654229719,-0.02686777484571152,0.0624023521012543,0.6214246653950944,0.00660004910129991,-1.0956247771219538,0.0068723423142882205,0.20071797873293168,0.0022228332036054775,605.162381454479,666.5372933217496,613.9475262713862,670.6819299343069,0.0,0.0,0.0
12.116,-1.1561252567786333,-9.181125366980721,2.057115762517917,-0.748420076657834,-11.102062516132502,104.63629924942113,-1.156015955662357,-9.19357638005802,1.9999999999999991,-23.99299557723001,-0.1757108680906765,-0.0029497209038781176,-0.053760157733303615,0.3080033566715441,0.7066255735539364,-0.12538058986389286,-0.718562722251224,0.5753360264540667,-0.2996631973471227,-0.08,715.2405729459791,784.3579578718251,659.8665858780879,326.2498701165427,0.0,0.0,0.0
12.168000000000001,-1.1532131568730568,-9.191806489943591,2.051551767450435,1.8557896273652592,-9.579208377732156,104.11402439486136,-1.1741557646183187,-9.075307590152981,1.9999999999999991,-24.35467065408306,-0.2621906243495832,-0.007813276960292413,-0.07503412867155414,1.1957089254303004,0.4019236345158953,-0.20124161005688515,-0.3335292625223375,0.11919428164830359,-0.034692405427565756,-0.08,746.3893612183589,767.3775844706882,556.2825888114393,501.58899780375367,0.0,0.0,0.0
12.22,-1.1484841291290881,-9.206188819331693,2.0447989083370564,6.156208299863094,-8.424524170819794,103.46979903179047,-1.1925474179477797,-8.953266234500393,1.9999999999999991,-24.81211568403299,-0.3357090864216676,-0.04752874444904556,-0.08305583058990641,1.4367724003545974,0.39460195022142786,-0.26683282334829145,-0.040373735548791756,-0.1628645346852562,0.29805837274714936,-0.08,746.4362401681303,779.7420476932973,451.0775415106971,613.8160789409553,0.0,0.0,0.0
12.272,-1.1402957899339945,-9.223322522516831,2.0374125337730313,9.926030101622958,-6.524254778322447,102.81923338374374,-1.2083565437766768,-8.845814148981699,1.9999999999999991,-25.197751015839923,-0.3942418481917836,-0.12519137666843283,-0.07929227392142078,1.0559620780402046,0.7954294936486294,-0.33367220449634416,0.15755536598583142,-0.18233457007978796,0.38443688368574647,-0.08,743.4160220558281,792.8773166006289,437.77947087542924,636.1975805940062,0.0,0.0,0.0
12.324,-1.1272155089514795,-9.241983197646352,2.0298364743796364,12.242665626268819,-3.028411448356755,102.39173887275038,-1.2203311380630153,-8.759667965602084,1.9999999999999991,-25.472578120590892,-0.4258200647318275,-0.2294504627510991,-0.07392314170141115,0.5797943258923038,1.334320452571594,-0.3940943444023338,0.346171812527891,-0.10114562637056963,0.17403043044464528,-0.08,764.1123376706809,781.8382954427561,503.36549323061803,597.3594986861734,0.0,0.0,0.0
12.376000000000001,-1.1085504396991837,-9.260407943409723,2.0224401819218,13.352416480513078,1.7169999445202155,102.18492069297646,-1.2278939391394599,-8.695452664533253,1.9999999999999991,104.85985945051104,-0.41670549781836125,-0.34734059782559173,-0.07085206376971317,0.24813975481193404,1.6307592547676006,-0.42149532934571726,0.5520169029131952,-0.23668185333023503,-0.04205570656689217,0.08,604.3659503145357,510.35045408329563,754.1429696689157,801.191464967678,0.0,0.0,0.0
12.428,-1.084333802444463,-9.276416804642317,2.015230117116954,13.233668039028451,6.632974188924839,102.4846211558177,-1.230743517688207,-8.650846244820784,1.9999999999999991,104.9240275312507,-0.36408971051669353,-0.4642841288201211,-0.07131005648566138,-0.3584672266510727,1.5791619491731754,-0.22718428607123076,0.7869815632616006,-0.6848796368434835,-0.23862995186261216,0.08,704.4404453449348,386.0211516805289,728.8312282363277,836.0486263881696,0.0,0.0,0.0
12.48,-1.0551616490470463,-9.287764922668261,2.0087006549210904,9.906121065059866,10.849014099201941,102.87381968546704,-1.22847077632679,-8.622454611511323,1.9999999999999991,104.99988468788175,-0.27393898635952335,-0.5612168378140874,-0.07014759699295411,-1.7241980954744007,1.2754599139104084,-0.1316621286871735,0.9845207867644741,-0.4337012121544932,-0.3074074117589787,0.08,683.8483214611706,434.7461306495687,772.6875121329693,802.8264618392209,0.0,0.0,0.0
12.532,-1.0230702456093241,-9.292769254684186,2.003455432652709,2.9464597552913885,13.958816742357044,102.98086398593549,-1.2211306733809921,-8.606230962631606,1.9999999999999991,105.0967692090345,-0.15504179721955702,-0.6056217786920115,-0.09131337020269994,-2.5778979943736577,0.8765133586890513,-0.06353364671496418,1.3607928818805255,0.20110540302430313,-0.2908435831879791,0.07054362826028972,610.7387135809657,582.4617891270946,840.53879494473,722.1779238966012,0.0,0.0,0.0
12.584,-0.9916804998609593,-9.290638076317103,1.9999531211330632,-4.292885010168664,15.854896512424679,102.85860540219224,-1.2087871224150541,-8.598262056956296,1.9999999999999991,105.19180457494926,-0.018538830266272736,-0.5817724165421515,-0.0969862392156107,-2.1902078442693047,0.4808757084977979,-0.016240080264118304,1.5289415361585428,0.37067282617827474,-0.22211912470511894,0.05781159695709143,601.3523064378143,646.125591366121,844.0008083093207,699.612464471703,0.0,0.0,0.0
12.636000000000001,-0.9647200256893783,-9.281239881295376,1.9985200594828687,-9.367775975168431,16.69967229665817,102.783656713453,-1.1922075330576123,-8.595021526056856,1.9999999999999991,105.28234208159229,0.12435136392919388,-0.508219953754256,-0.055376379551777224,-1.356114477436168,0.1649521695790278,0.024534846433788133,1.165667368861569,0.282935101008982,-0.13777687407227537,0.046379780963606385,615.9240053813119,658.7407856459596,809.5030123902301,705.0634924194543,0.0,0.0,0.0
12.688,-0.9447366839149169,-9.264902635489978,1.9988932095163325,-12.06465602961278,16.822384124352755,102.89994455116263,-1.172517883298886,-8.593499809593316,1.9999999999999991,105.36597861381493,0.26690855860043405,-0.408505849294746,0.01523203795270629,-0.6435585361890757,-0.04103948322653221,0.055377270103354984,0.45917440927709674,0.21884639390539737,-0.06393597658366766,0.03445452819985279,618.0392554543711,663.4879218688837,768.2532040627098,695.6231660546309,0.0,0.0,0.0
12.74,-0.9328061685139168,-9.24222702651022,2.000185535438536,-12.906376216760789,16.545000749328093,103.18059987278255,-1.1511536561717743,-8.591291953839876,1.9999999999999991,105.4287481925206,0.4062068745330505,-0.29763910675917427,0.08455041279819052,-0.11387838548348572,-0.14566792738163362,0.07453946100565419,-0.2641818984052755,0.10555043706395087,-0.011474647435631147,0.022942041318709222,626.6319344983743,654.2465053195609,718.4870537050039,687.1857031321517,0.0,0.0,0.0
12.792,-0.9288966342998702,-9.213860438777134,2.0012728750270035,-12.576555811114757,16.109242462528965,103.53945418619685,-1.1298629783567224,-8.586537993121256,1.9999999999999991,105.46644980082091,0.5408037286116568,-0.185793849793023,0.13410566114777484,0.19139480094564973,-0.17562482652650502,0.08313888104632977,-0.7866114295344704,0.10772756802933886,0.019233553775907172,0.013137263768987212,621.7075182148883,658.9806341691746,689.2393139582402,664.664258709763,0.0,0.0,0.0
12.844,-0.9324052751826427,-9.180337757852959,2.001187198937343,-11.441115374716995,15.668107005688515,103.90454346971661,-1.1104152388915258,-8.578183560357846,1.9999999999999991,105.48603945424615,0.6699800955888596,-0.07980609049359405,0.16097370794367993,0.45042525101376024,-0.16104199872539954,0.08432817851652415,-1.0482384218564258,0.09363772226865821,0.03304443086548684,0.005529096087391487,624.1775404310195,661.2321471871903,667.0958864128995,649.7960197211587,0.0,0.0,0.0
12.896,-0.9424858387210693,-9.142000465441035,1.9993403032276462,-9.611340966733218,15.30025063030344,104.23568577968393,-1.0942401539209443,-8.565324832275728,1.9999999999999991,105.48615602460943,0.7936847190595785,0.01441283823966806,0.17004191144992067,0.6662158221724482,-0.1260691219070018,0.08076901532585398,-1.0781809199506898,0.05862827027834483,0.035785356207193864,-4.6251146085126826e-05,633.7823341552297,661.194356018506,650.810420231409,644.1782774229158,0.0,0.0,0.0
12.948,-0.9581425895752645,-9.098977896852784,1.995550454166977,-7.2932635424067795,15.031315491579191,104.51783472215644,-1.0823367511194515,-8.547765723791068,1.9999999999999991,105.46929023217707,0.9123844748008821,0.09122097280398703,0.1679053477769628,0.7992697371478197,-0.08731067217746884,0.07400717860033117,-0.9353838890491103,0.017427537220937594,0.03271504653507327,-0.003788226606531967,646.6512959158309,661.0678205166095,640.9847609068997,645.4527938437917,0.0,0.0,0.0
13.0,-0.9782859779457049,-9.051220198381783,1.9899621800485463,-4.764147015252059,14.854863291771066,104.75139141518926,-1.0753984499669236,-8.525110833490444,1.9999999999999991,105.44068593595551,1.0267719945828526,0.14666251752884987,0.1618004309882876,0.8358129302349271,-0.05419462610720564,0.06532396817867651,-0.6955737245986355,-0.017753857274747764,0.027743806463821095,-0.006063736821706968,659.4282723239277,662.2701099631336,637.1835321791434,650.4684519622605,0.0,0.0,0.0
13.052,-1.0017971669889203,-8.998555979941486,1.9829317096449282,-2.2915465097720698,14.749171217527012,104.94233363362498,-1.0735820188129166,-8.497565799941107,1.9999999999999991,105.39883036731469,1.1375185506689711,0.17947070734749204,0.15830453617988746,0.7882134148214115,-0.030433919082415366,0.05551227689999969,-0.43480293434715,-0.04390747323152694,0.023256306324048646,-0.007317048805099158,670.4111836603482,664.5951136771766,637.3328966041706,656.8452390915016,0.0,0.0,0.0
13.104000000000001,-1.0275968758475293,-8.940757858666359,1.9749020639102486,-0.0874700727088961,14.689389230782794,105.09627714303097,-1.076751708023551,-8.465261362267167,1.9999999999999991,105.35318840961818,1.2451485583623452,0.19097036994391262,0.16186467189890758,0.6779777854910555,-0.01592004918241006,0.04532658055312348,-0.21097463798057592,-0.05977999906217313,0.0203048167487744,-0.007744176837395366,678.2876519504127,667.2571744044147,639.7553595775398,662.8706197940952,0.0,0.0,0.0
13.156,-1.0547141765392198,-8.877602871132247,1.9662960261500324,1.7045965481936327,14.654463091231142,105.2167161039594,-1.0847192575722582,-8.427860329860083,1.9999999999999991,105.29940776640929,1.3500261985339326,0.18431124209541155,0.1742094357337856,0.5286471567068267,-0.009005520362133318,0.03515290001727929,-0.05462379765782699,-0.06608197908255292,-0.026809314549208117,-0.007648217712186228,689.0518013427805,663.2245675772454,649.6049052348658,660.8724473253063,0.0,0.0,0.0
13.208,-1.0823472416942441,-8.808920061161455,1.9574494211454097,3.0085605254983996,14.533119272096247,105.30192948388579,-1.0968643716559134,-8.385578525600712,1.9999999999999991,105.24840255800055,1.4525232342570846,0.1635629026651821,0.1926480951536675,0.3628244571129007,-0.082078127272853,0.025747767330748617,0.049959765412110224,-0.06520917995496658,-0.14165905929165495,-0.007043684750300538,706.0091032635347,648.5906945017889,669.4633631147467,647.6398156473449,0.0,0.0,0.0
13.26,-1.1098899485261602,-8.734665894440392,1.9486084178038938,3.9125776932171115,13.926187351010531,105.32735993946379,-1.1127016700575918,-8.337961781223363,1.9999999999999991,105.1941007476739,1.5521277859321168,0.1331532170194965,0.20468521843169446,0.2979600558014809,-0.29834984802236203,0.01827544096793545,0.2177999593854909,0.018111405281062073,-0.16973925977513993,-0.005970412108108647,700.2843267072413,658.3225844859159,689.4789718408275,636.2016775281367,0.0,0.0,0.0
13.312000000000001,-1.1368406100601027,-8.655052320199026,1.9400572536713905,4.6885679331282235,12.556795030856724,105.26607154535346,-1.1316011953744551,-8.284752064192787,1.9999999999999991,105.1464918148446,1.6446762849538583,0.09578617112276769,0.19939705858675064,0.18906338399510922,-0.5711356956106429,0.012812932331622196,0.5472246246695238,-0.13103998306685266,-0.14583567280352866,-0.003690929078302865,719.4496414402535,643.0452667790518,674.422544632589,670.2856400068207,0.0,0.0,0.0
13.364,-1.1626968986801545,-8.570627475076968,1.9322809175657505,4.714875568272331,10.414598691805912,105.11386105522107,-1.1526935834415724,-8.226315160284855,1.9999999999999991,105.06040488635998,1.7229501232527276,0.05238650515620709,0.17665256163818127,-0.09105675198007787,-0.8125268291852036,0.008728784692046123,1.0239281371065312,-0.07026243802045154,-0.07764528955542543,-0.0008208793936031866,706.3170844077091,665.7875153860226,685.1754411523416,683.1468053382158,0.0,0.0,0.0
13.416,-1.1871612924611579,-8.482351991046398,1.9260069790521859,4.0643781329352064,7.709154123375852,104.92818198938433,-1.1753589746922524,-8.162494135167062,1.9999999999999991,105.0245496841495,1.7792644043421029,0.009925171081320771,0.1423084976220682,-0.2707762829681635,-0.9613334928222901,0.009355394235609217,1.5668827090605875,0.030822613687107744,0.010633850921135446,0.002064987099294101,685.6703651582382,696.9438860758603,699.4867796656139,694.0397114164236,0.0,0.0,0.0
13.468,-1.2101735243415457,-8.391550536312481,1.9220874545248006,3.2586884078792107,4.768078548119095,104.77572477414397,-1.1988995497027368,-8.09361092530692,1.9999999999999991,104.99673763480226,1.80835773357604,-0.02563162922937619,0.10724413933100105,-0.21563419516981921,-0.9894859207190109,0.014196217290658921,2.041616482425489,-0.03836525012374174,0.08120258292040283,0.0028916823454115882,692.2430043096292,703.7801438092705,689.4541489309369,721.3199773664194,0.0,0.0,0.0
13.52,-1.2317260617747217,-8.299730504720287,1.9213098118730496,2.6551920078098443,1.9439359179486093,104.67644223254666,-1.2224679230074733,-8.02198226821537,1.9999999999999991,104.99673763480226,1.8092322364362965,-0.05423642247653291,0.0837978363941257,-0.23552944712018542,-0.9075609751523597,0.01685624644645129,2.3013326187051106,0.050157759917130035,0.040951926817053175,0.004000692611268789,688.4891186341149,712.9326547879567,712.3912963806857,709.9578306898339,0.0,0.0,0.0
13.572000000000001,-1.2517786785389298,-8.208381115522247,1.9241749925648242,1.9188836711698998,-0.7521818123052402,104.62626280044698,-1.2364876258582942,-8.005903532448288,1.9999999999999991,104.99673763480226,1.7848936070140986,-0.07661380562898054,0.0715009632200386,-0.2173397937685873,-0.9763697502633504,0.020619030783844906,2.334381850374773,0.041573752589971015,-0.2521579603781757,0.0036842714084558705,729.2318695744988,672.7577671647937,748.9185580246192,671.1488972390495,0.0,0.0,0.0
13.624,-1.2703381525116206,-8.118994162555852,1.930795564879814,1.4307847998949998,-4.273116558081083,104.5934740349988,-1.2434979919811666,-8.027852098234833,1.9999999999999991,104.99673763480226,1.7346415337770644,-0.09270922201629425,0.039762123041636725,-0.14011605618505923,-1.2962435799995395,0.02426879981310469,2.437889582063652,-0.009532501803241951,0.025902137443884032,0.003046439780582993,703.2347342026773,707.5972003771527,708.5845908124255,717.9240547331304,0.0,0.0,0.0
13.676,-1.2872263739436327,-8.03337558942857,1.9411594662629144,1.0032371422336586,-8.24559926173535,104.5841028084262,-1.2489980581742046,-8.052519402852763,1.9999999999999991,104.99673763480226,1.6500408917196907,-0.1043323176208237,0.0033130185403588584,-0.1564616984923652,-1.3124846669779178,0.02586079132194503,2.467128475010741,-0.023192217266134893,0.20703649187969903,0.002669203573303809,684.3765682318221,733.1395706883144,685.1345896897785,745.6349731044493,0.0,0.0,0.0
13.728,-1.302173654331208,-7.9535260485742745,1.9552106022828544,0.43837706858682085,-11.760629377454368,104.61693804025711,-1.2552557957310648,-8.065063142549038,1.9999999999999991,104.99673763480226,1.531715442073862,-0.11126621185083274,-0.006666029277544431,-0.20842075728033388,-1.0652765670297026,0.026275686241268047,2.1169772877387647,-0.00995634993681871,0.2666850819891159,0.0018430106272419866,671.7014487354729,740.0733102259933,673.9265867122641,747.1208412774143,0.0,0.0,0.0
13.780000000000001,-1.3150492381437504,-7.881152122521278,1.9725014926706232,-0.2593415737157098,-14.32301188681979,104.69099184439831,-1.2630057284057716,-8.060730272857938,1.9999999999999991,104.99673763480226,1.3888522395833693,-0.11252717501735585,0.014307297918608783,-0.23682261721000816,-0.7168672875680474,0.025670417276628187,1.3575231610280716,0.00930072003986901,0.2454626150892246,0.0005303151160863107,660.4969364298777,729.4127194203814,664.5989979834168,728.3438150783987,0.0,0.0,0.0
13.832,-1.325946673503642,-7.817290880986387,1.9919742759844083,-0.9763512373784554,-15.857141211580451,104.78364636090457,-1.2721011978908914,-8.040555109781513,1.9999999999999991,104.99673763480226,1.2315768400577634,-0.10776303169776816,0.05046732577143638,-0.22431106576076001,-0.38634922882487005,0.02402831117868472,0.37766915448617216,0.023777591482037883,0.18585441966585886,-0.0007921017950805196,648.8031968378939,706.9396612803168,653.4445785203565,698.5184091039615,0.0,0.0,0.0
13.884,-1.335122660944217,-7.762245413964313,2.0121171248906244,-1.5944534517812612,-16.53484647640715,104.86931205052595,-1.2821234921729139,-8.007578053336042,1.9999999999999991,104.99673763480226,1.0678769200810874,-0.0973341964541205,0.08238083307330987,-0.17909412175883688,-0.1331341086612346,0.021681407092126598,-0.5829625715063604,0.03140622607371161,0.11828036506406064,-0.0017138200212542024,637.39617354394,680.1128676867971,641.7295043094209,666.6933073415543,0.0,0.0,0.0
13.936,-1.3428848641128643,-7.71577389665903,2.031293450630961,-2.036894927644393,-16.623711533052766,104.93473132763539,-1.2925073942728769,-7.966033256588914,1.9999999999999991,104.99673763480226,0.9036033461125174,-0.08216136232957182,0.0968584863148515,-0.11623007127178786,0.027059383335747016,0.019154450500413263,-1.3420835621631566,0.02934145022312855,0.060567540596352915,-0.002149898571267707,628.8324857786928,655.1599480786182,631.3498594381653,640.5803054471984,0.0,0.0,0.0
13.988,-1.3495014641098966,-7.677373976054954,2.0480883097642666,-2.285034888992522,-16.38299844634953,104.98018136390583,-1.3028230353004626,-7.919578216229877,1.9999999999999991,104.99673763480226,0.7427375108270259,-0.06365661240916978,0.09065090128765105,-0.053563257772856,0.10666920830952084,0.01677052986978711,-1.8222203049007382,0.03027837443139337,0.019345050825329703,-0.002223544278443338,622.936256011826,637.7359555783822,625.5437351852468,622.2493226734342,0.0,0.0,0.0
14.040000000000001,-1.3551608026024033,-7.646505621880069,2.061506816906677,-2.3404488640850785,-16.0143910396792,105.01268768740469,-1.3126933198041735,-7.87168322855435,1.9999999999999991,104.99673763480226,0.5874860115986359,-0.04347320613686405,0.06733104665778124,0.010027631166876766,0.12826129601412584,0.01467289874339448,-2.026432467350569,0.02718041502771421,-0.00518899546944613,-0.0021322642722790934,621.4015158979645,628.0193041456025,623.3491381589362,613.5094100892915,0.0,0.0,0.0
14.092,-1.3599603180847555,-7.622711737492227,2.0710309093643375,-2.212924951216792,-15.648244562289365,105.03939622850199,-1.3219231810440892,-7.8247494107808295,1.9999999999999991,104.99673763480226,0.43849524226414854,-0.02341224596567526,0.03385185343278148,0.06771152024003999,0.11527321426103403,0.012780815219773556,-2.0062955624615335,0.020656880859711943,-0.016312005700959097,-0.0019951231510825394,623.7667373636858,625.0748293891896,624.1457079598706,612.9096080611079,0.0,0.0,0.0
14.144,-1.363908085789225,-7.605653528531297,2.076564998408952,-1.935455760547958,-15.351966153890963,105.06439404005746,-1.3303570486546021,-7.780798809593393,1.9999999999999991,104.99673763480226,0.29534479665350905,-0.00518651250689293,-0.0024200289079031262,0.11195759473830982,0.08737597907810976,0.010996771675707775,-1.831000648159586,0.012664938873904526,0.030065643433261985,-0.0018610886363099309,621.5478678752946,634.3403892890467,619.9030880975599,625.157747875491,0.0,0.0,0.0
14.196,-1.3669351104312801,-7.5951011803334305,2.078335749007893,-1.5551187641384898,-15.039570461858956,105.0854793825111,-1.3379531559794227,-7.7410276664320135,1.9999999999999991,104.99673763480226,0.15730364226429336,0.00990548627611949,-0.03524506234894476,0.1389828202984908,0.14111643236265942,0.009327603141122433,-1.5689994362261912,0.004854895795020825,0.17224402173827352,-0.0016875385862162463,606.6495857769951,659.2495146177827,603.0587215758169,653.1579491862847,0.0,0.0,0.0
14.248000000000001,-1.3689282988540215,-7.590853598310276,2.076778767578341,-1.121231297519863,-14.239804525133582,105.0927139501843,-1.3446569593669484,-7.7063785266235705,1.9999999999999991,104.99673763480226,0.026181101004366325,0.021142504498064325,-0.061275795106331396,0.1490282671480017,0.37345938829900505,0.00795667508217165,-1.2670183683909797,-0.0019424341604647732,0.2206263465149481,-0.0013347405673212152,605.9328421826613,670.3551802649171,601.2859377837699,667.2532370396863,0.0,0.0,0.0
14.3,-1.3697993173340879,-7.5925362241048635,2.0724577814391716,-0.6817519937274863,-12.579516423283142,105.0892096523798,-1.350455803736072,-7.677338712717286,1.9999999999999991,104.99673763480226,-0.09162776385816646,0.028331589830097842,-0.0831291740549786,0.14421815768258844,0.6837709666383526,0.007102494083379031,-0.9172500243017736,-0.007173286030424636,0.19007098432191422,-0.0009477684487504434,617.1005460330869,670.5069202960296,612.0875947877643,669.9341301877237,0.0,0.0,0.0
14.352,-1.3695475954123772,-7.599430782779798,2.066019375919866,-0.2785760212148887,-10.03347529370767,105.0886959292294,-1.3553061921255138,-7.654214008615947,1.9999999999999991,104.99673763480226,-0.18785480566015741,0.031677724802748025,-0.10498103944661932,0.12794878991170747,0.9597508395943839,0.006563593113514332,-0.4992433100312339,-0.010563080594991857,0.11311889477844106,-0.0007380768232162251,635.8190543265138,665.451068282392,630.5522095560252,666.4071002716937,0.0,0.0,0.0
14.404,-1.3682846555043249,-7.61044849649206,2.058186949482645,0.059908650771777074,-6.839621028369177,105.10188212949969,-1.3591762574131034,-7.6370936726249985,1.9999999999999991,104.99673763480226,-0.2554459372671817,0.03168061727476544,-0.12711860255457025,0.1042210793726294,1.130984294092975,0.005982665600369186,-0.03330182630545142,-0.01224091352914769,0.018593519412735404,-0.0007984217047900992,657.8021333672013,659.61512960829,652.0601366323624,660.8900422296977,0.0,0.0,0.0
14.456,-1.366225204557243,-7.624210531905518,2.0497438068016054,0.3194922366215478,-3.370687684650673,105.13018000755325,-1.3620433644975931,-7.625794358044279,1.9999999999999991,104.99673763480226,-0.2907239854883465,0.029048751156899737,-0.14523815889826577,0.07659533289413269,1.1683189640397447,0.005052132017010215,0.4131465382367041,-0.01240867430319496,-0.07153393788500623,-0.0010458553165397298,678.8834446223467,655.2264697087581,672.6023121443068,655.8687136545392,0.0,0.0,0.0
14.508000000000001,-1.3636586636472514,-7.639184247471103,2.041455468486578,0.49597701197932204,-0.02502012594659213,105.16717151150672,-1.3639223302695342,-7.619891266052728,1.9999999999999991,104.99673763480226,-0.29435837380623225,0.024600545775277753,-0.15361745447333103,0.04819452578462906,1.0760046357564388,0.0037645449312132956,0.7592492557006429,-0.011341261331043599,-0.14280630862882387,-0.001344551122315519,695.695130137988,652.7134368476466,689.066193024292,652.2143669296499,0.0,0.0,0.0
14.56,-1.3609090317764447,-7.653851701456747,2.033958705680279,0.5928902035292971,2.850509013926314,105.20324437196498,-1.3648445124278663,-7.618883963732404,1.9999999999999991,104.99673763480226,-0.27086364000626745,0.019142132642864407,-0.14849357927712864,0.02179317652820087,0.8784464343391513,0.0022217156892302514,0.9475240104936585,-0.009489646381473267,-0.1870352993644825,-0.0015319043039677097,705.9616071123804,651.5302982404386,699.4380246605324,649.9687552143366,0.0,0.0,0.0
14.612,-1.3582887509765318,-7.666887648086825,2.02766528547244,0.6184263212081291,5.008808489448532,105.23017201724078,-1.364899763620335,-7.622003121290821,1.9999999999999991,104.99673763480226,-0.22709790304765437,0.013369580950067564,-0.1304626100601619,-0.0008057402327992458,0.613978362561964,0.0006909757423736264,0.970563546918636,-0.0071714347157264624,-0.20279033771285176,-0.0015342483057095317,709.0691918232228,651.0276781024033,703.18839418925,648.7869552523931,0.0,0.0,0.0
14.664000000000001,-1.3560559654942446,-7.67730912662281,2.022722154814052,0.5849219253928652,6.323887557648221,105.24386568541829,-1.3642512475294362,-7.628173481411285,1.9999999999999991,104.99673763480226,-0.17062569122815283,0.007825332322019148,-0.10394772369934613,-0.018340367445425797,0.32368911885076923,-0.0006062689002607003,0.867094662600928,-0.0047423940153802245,-0.19323258423544926,-0.0013487110902022652,705.8251220216154,650.9637885074746,701.0531092135612,648.5416973132709,0.0,0.0,0.0
14.716000000000001,-1.3543852216761498,-7.684558537478646,2.0190473151187325,0.5077364341945478,6.785687478556995,105.24484558510866,-1.3630769338359598,-7.636356057300811,1.9999999999999991,104.99673763480226,-0.10867473301703849,0.002898100988908773,-0.07512798611671279,-0.0303651676283611,0.044263817692612895,-0.001530496716629653,0.7004649087771633,-0.0024933750022902382,-0.16455367230040396,-0.0010336412278937343,698.0761734479327,651.5393117931083,694.6899451533984,649.3552067794969,0.0,0.0,0.0
14.768,-1.3533569713326834,-7.688506504446367,2.0164145392769632,0.40308908435305696,6.47887025010134,105.23688565136109,-1.3615910740969894,-7.6454311145022,1.9999999999999991,104.99673763480226,-0.047696706892418284,-0.0011555017198987547,-0.049576173502903255,-0.03715244331242382,-0.1959275589524602,-0.002045855890296825,0.532695849347628,-0.0005694289935712984,-0.12372131031927404,-0.0006815833701223524,688.0420069709496,653.2002633787704,686.0728780189315,651.4545003664617,0.0,0.0,0.0
14.82,-1.3529641652446929,-7.689390628759944,2.014548776346894,0.28618827111889866,5.555614285265766,105.22486620037841,-1.3599956388048406,-7.654427378575243,1.9999999999999991,104.99673763480226,0.006833775216397835,-0.004191627857867589,-0.0305971338794896,-0.039383991418870876,-0.37861170648175246,-0.002225026895642328,0.4050797583387999,0.0009635406278180447,-0.07728505954633727,-0.00036745946952365313,677.7115257115853,656.1991387459715,676.9873254928755,654.8982260428801,0.0,0.0,0.0
14.872,-1.3531298064679753,-7.687719645704847,2.013208808205467,0.1695883747308352,4.2044378672298395,105.21292730343238,-1.3584622643312214,-7.662573202618011,1.9999999999999991,104.99673763480226,0.05064644684314179,-0.006166958476322133,-0.018801339668263604,-0.037956735898489434,-0.49506472140978086,-0.0021789491713899625,0.33133153646262736,0.0021113103205601374,-0.030684884638766563,-0.00013667574475661895,668.4572042593346,660.3725103756,668.677198304285,659.3924324750448,0.0,0.0,0.0
14.924,-1.3537284030780516,-7.684172228087231,2.0122257535684582,0.06281279051427079,2.6264308821418196,105.20352834338645,-1.357133507637789,-7.669289759916917,1.9999999999999991,104.99673763480226,0.08095394547100095,-0.007127406375489477,-0.012758514024182686,-0.03377261259619467,-0.5442657895515086,-0.0020246519220244426,0.3027796339623394,0.00288472875553796,0.011655605464755914,2.2690105843051894e-06,660.9945527094312,665.117071543434,661.820748390485,664.3074623566599,0.0,0.0,0.0
14.975999999999999,-1.3546074887460413,-7.679503013532492,2.0115074966108764,-0.027604530674520147,1.0130775089337314,105.19735341114752,-1.356109802204053,-7.674207862451997,1.9999999999999991,104.99673763480226,0.09664182759144754,-0.007192690650478559,-0.010051717804785481,-0.02771645764334722,-0.5319187004209434,-0.0018454402379598292,0.2985891137454821,0.003312397536440672,0.046546427750581515,6.545424722938491e-05,655.471408800367,669.6184317764406,656.6029691768755,668.8667464204132,0.0,0.0,0.0
15.027999999999999,-1.3556073436754772,-7.674460661577346,2.0110156977049227,-0.09776085429498746,-0.46935100469402635,105.19378746265937,-1.3554353549872071,-7.677237008462125,1.9999999999999991,104.99673763480226,0.09823300591566288,-0.006534526195277337,-0.00839243089516111,-0.02061260481787331,-0.46826723916231144,-0.0016871079851495025,0.2974653833742547,0.003419393000215958,0.07163821949557153,8.228753662507847e-05,651.7581238586461,673.0594676057784,652.9740504464717,672.3274778069184,0.0,0.0,0.0
15.080000000000002,-1.356578323941362,-7.66971850386919,2.0107337582522686,-0.14587628440765682,-1.692226341536226,105.19161529578547,-1.3551135043384288,-7.678466073366076,1.9999999999999991,104.99673763480226,0.08762350343657095,-0.005352406305660608,-0.006329021953193149,-0.013151201663243895,-0.36728462650401356,-0.0015572261359593736,0.2856499020694996,0.003217589043595283,0.08594774568069449,8.05861112700857e-05,649.5933716695374,674.9045923520816,650.7502686542829,674.2262632933741,0.0,0.0,0.0
15.132000000000001,-1.3573949415177926,-7.665820247348134,2.0106407820128718,-0.1721737375378317,-2.5717292473141837,105.18963103748219,-1.3551022943232323,-7.678177215809653,1.9999999999999991,104.99673763480226,0.0676625145147994,-0.00385137909748687,-0.0034482632703920677,-0.006024311772597407,-0.2444636711659905,-0.0014438419365642133,0.25973795582376563,0.0027733539733942143,0.08959075070894865,8.101772521735412e-05,648.73900624791,674.9738083659732,649.7701246296567,674.4205587646031,0.0,0.0,0.0
15.184000000000001,-1.357965703772387,-7.663144581242176,2.010698980446283,-0.17862617982081025,-3.0702133908911273,105.18706646207748,-1.35533696346485,-7.676735607704656,1.9999999999999991,104.99673763480226,0.04169877805841556,-0.0022227684467174182,-0.00015887967556054043,0.00023150922100627914,-0.11515542717781535,-0.0013269082556688142,0.22495429154515195,0.0021654491711802534,0.08375310133522496,9.206566938157242e-05,649.0171307374108,673.4442517454507,649.9030538884293,673.089562409229,0.0,0.0,0.0
15.236,-1.358238028391951,-7.661891137408299,2.0108557706022543,-0.1684855053085812,-3.1934302021594103,105.18372376858683,-1.3557304466968918,-7.674587298129354,1.9999999999999991,104.99673763480226,0.013172008840608946,-0.0006308833878146985,0.002778328757437463,0.005264549065377483,0.00681666289525216,-0.0011916982140490382,0.19046438630846083,0.0014664971751797906,0.07039333886629194,0.00011247749959987334,650.2844613144453,670.7368825359698,651.0241554261885,670.6323728873991,0.0,0.0,0.0
15.288,-1.3581981878369656,-7.662087146391413,2.0110543046897402,-0.1458533351165068,-2.9839162062062003,105.17987430415259,-1.3561931646169403,-7.6721694072787985,1.9999999999999991,104.99673763480226,-0.014724886974545118,0.0007947236562329815,0.004678654306360183,0.008858630783002605,0.11025693610090899,-0.0010343351293714198,0.16482499727439623,0.000760679498609312,0.052010665063279435,0.00013513193197378735,652.3645469291814,667.3984091817382,652.962109416162,667.5542266567232,0.0,0.0,0.0
15.34,-1.3578670254102725,-7.663611068923649,2.011246901476796,-0.1151500685226826,-2.5109224618272554,105.17602075060744,-1.3566405520690938,-7.669879354371965,1.9999999999999991,104.99673763480226,-0.03931070341151645,0.0019633935263434583,0.0052556487579463965,0.010985391855377995,0.18775250668545634,-0.0008618322428019553,0.15238366735435788,0.00010957310145809276,0.031100079865153382,0.0001521537620755029,655.0301433479349,663.926796583266,655.4860226306694,664.3145588643665,0.0,0.0,0.0
15.392,-1.3572927421188001,-7.666227321956481,2.011404223007203,-0.08064885975159834,-1.8596109975083774,105.1726546650297,-1.3570026505599015,-7.6680356628871555,1.9999999999999991,104.99673763480226,-0.0586015908670315,0.002823709934034384,0.0046531845069642756,0.011737405854305943,0.23538820658592408,-0.0006856918042565307,0.15266800919134926,-0.00043630856073402675,0.010090556766996148,0.00015756149473999123,657.971100223536,660.7236964410702,658.284082332062,661.2834919036605,0.0,0.0,0.0
15.443999999999999,-1.3565420632296414,-7.669626431186771,2.011517306657713,-0.046101568751031274,-1.120570588912166,105.17008667509411,-1.3572257882421441,-7.666874643011891,1.9999999999999991,104.99673763480226,-0.07141669591685548,0.0033608526127629256,0.0033297403139399525,0.011312216161463374,0.25265985617636194,-0.0005249700435196972,0.16145773966554605,-0.0008478862227349619,-0.008906171559532522,0.00015183695130798836,660.8297044215064,658.049038614285,661.0084634017278,658.7126911406255,0.0,0.0,0.0
15.495999999999999,-1.3556908774345582,-7.6734660814997335,2.0115935233773463,-0.014604112493547263,-0.38002081362961826,105.16838706018449,-1.3572798060937403,-7.6665220110594126,1.9999999999999991,104.99673763480226,-0.07739398857393247,0.0035914329282592103,0.0018466403498267835,0.009953278465540925,0.24232871398953454,-0.0003855969146657216,0.17299657156736295,-0.0011018916338471551,-0.0243318008926528,0.0001357973028673458,663.2771191593754,656.028884935214,663.3390446766709,656.722646600796,0.0,0.0,0.0
15.548000000000002,-1.3548153072782443,-7.677409327262012,2.0116485582374155,0.011660159178191316,0.2879813234868212,105.16742892065926,-1.3571542244697024,-7.6670133793347715,1.9999999999999991,104.99673763480226,-0.07691391723667433,0.003556472380383143,0.0006573144196666866,0.00798302517967962,0.20931793897400525,-0.00027336362860111164,0.18232207143769943,-0.0012121051718171003,-0.03513708035475451,0.00011415216250182814,665.0539556634035,654.6984679662335,665.0250726087867,655.3648826169106,0.0,0.0,0.0
15.600000000000001,-1.3539839276562848,-7.681157015421634,2.0116980125264337,0.03143388695904384,0.8275169255509531,105.16697563294146,-1.3568551564802143,-7.6683108854794755,1.9999999999999991,104.99673763480226,-0.07095281807306611,0.003312459058189427,-1.0954733294363245e-05,0.005704910790160717,0.16026374871376306,-0.00018816484488732438,0.18669829789524567,-0.0012015070881513325,-0.040980038422752704,9.192257324217154e-05,666.0344005813641,654.0200867705765,665.9475387691933,654.6220805080695,0.0,0.0,0.0
15.652000000000001,-1.3532517540710376,-7.684472064193351,2.0117518558715375,0.044270081672541005,1.2031087339691908,105.16678167023075,-1.3564167879263378,-7.670252942249532,1.9999999999999991,104.99673763480226,-0.06089300504367841,0.0029229206582052714,-0.00016256553443964883,0.003373058435103536,0.10217792204255176,-0.00012441586820543404,0.18584849408259768,-0.001088807860980616,-0.041855272074039586,7.212116115612975e-05,666.1885706063574,653.9579211848529,666.079197086116,654.4723023980677,0.0,0.0,0.0
15.704,-1.3526563804624336,-7.687194358058162,2.0118122717440596,0.05041406030293354,1.4007373120934743,105.166662614956,-1.3558791922292985,-7.672654715240862,1.9999999999999991,104.99673763480226,-0.04832550348628764,0.002451459249282786,2.4237871833008814e-05,0.0012119874376523084,0.04226504105283025,-7.663579381801196e-05,0.18145567260848014,-0.000905361110671532,-0.03840196385232682,5.6706560295193605e-05,665.625579048771,654.4299206325895,665.5255947561378,654.848247910209,0.0,0.0,0.0
15.756,-1.352216444953657,-7.689245797263595,2.011874802279898,0.05068037518301138,1.4264815286512758,105.1665235451178,-1.3552825883829236,-7.675334159073065,1.9999999999999991,104.99673763480226,-0.03485881690417081,0.0019560128181376883,0.0003126366560295947,-0.0006191070701333741,-0.01317002040647718,-4.2285713693480636e-05,0.1759923143224942,-0.0006837343034254522,-0.03163854124350714,4.667148382761933e-05,664.5356531694397,655.3281655043885,664.470602890648,655.6544039215701,0.0,0.0,0.0
15.808,-1.351932310706575,-7.690626174331705,2.0119317168483146,0.04621280831784177,1.302658725110775,105.16635538237948,-1.354672184162391,-7.678088625677801,1.9999999999999991,104.99673763480226,-0.021956558693344,0.001484936573765044,0.0005068207142230465,-0.0020272542027974056,-0.059275314852636,-8.766091012588701e-06,0.17163287963527835,-0.0004486378410924535,-0.022697280234863258,3.7687168538452515e-05,663.1357345658097,656.5413376859492,663.1124323358341,656.7746828679358,0.0,0.0,0.0
15.86,-1.3517885529260936,-7.691401786733998,2.011975506188702,0.038413906164338624,1.0633983805675336,105.1661996516979,-1.3540862371664388,-7.680748986796178,1.9999999999999991,104.99673763480226,-0.01081500734025025,0.0010746688581696681,0.0005065463155454321,-0.002952250675562555,-0.09268465796667742,1.701054176655796e-05,0.169605029809441,-0.00023438139761252242,-0.01284597786811082,3.136577333220968e-05,661.6429616252636,657.9159630620654,661.6630194826231,658.0700601229615,0.0,0.0,0.0
15.911999999999999,-1.351757711169718,-7.691689016728519,2.01200138923826,0.028666782977056826,0.7496942824895793,105.16610531296224,-1.3535578230669172,-7.683168205303986,1.9999999999999991,104.99673763480226,-0.0022806451451773437,0.0007485510801527655,0.00031740514045062817,-0.003430432533811682,-0.11191461235640181,3.79892670950533e-05,0.17000805695149326,-4.816794422394144e-05,-0.0032040185182768133,2.56311408097158e-05,660.2335223636323,659.3068609208989,660.2907657523381,659.3916505460716,0.0,0.0,0.0
15.963999999999999,-1.3518047680833383,-7.6916352878205,2.0120083693910313,0.018207605585725397,0.40364005794785207,105.16610628840839,-1.3531089864496892,-7.68524994659122,1.9999999999999991,104.99673763480226,0.0031842314982178863,0.0005178117699931431,1.808225441271689e-05,-0.0035158302757214237,-0.11720677524445544,5.370926550277331e-05,0.17210088992228734,0.00010179817162369177,0.005334348085843439,2.0003767926280065e-05,659.0295637910763,660.5784322484147,659.1140793278929,660.6048137745628,0.0,0.0,0.0
16.016000000000002,-1.351891745841383,-7.691399888929915,2.0119986232376075,0.008087484356521254,0.06437146380127362,105.16620811142681,-1.3527512955970378,-7.686942065890703,1.9999999999999991,104.99673763480226,0.005490484186180889,0.00038316732613432903,-0.00029133124113107787,-0.0032781000610400844,-0.11009109669283972,6.39562159849425e-05,0.17482998677726108,0.00020968402889905298,0.012097268612802758,1.4279261770242056e-05,658.1094444248023,661.6156340551223,658.2089943379522,661.5955042954098,0.0,0.0,0.0
16.068,-1.3519819474065469,-7.69113647767592,2.01197608630972,-0.0008757662487194092,-0.2353565046711968,105.16638987091962,-1.3524856619200765,-7.688237735750193,1.9999999999999991,104.99673763480226,0.0048766287471883425,0.0003368122824957058,-0.0005304575197241563,-0.002799020082558125,-0.09303608887476297,6.893945376625015e-05,0.17727910046751455,0.0002736181015060491,0.01666015002210604,8.804027672510394e-06,657.5129393455346,662.3368299341761,657.6156375229791,662.2834634982152,0.0,0.0,0.0
16.12,-1.3520434793951646,-7.690978668823965,2.011944958857181,-0.00811911673915358,-0.4713504582758839,105.16661545718023,-1.3523034924338777,-7.689171528188307,1.9999999999999991,104.99673763480226,0.0018378472089431292,0.0003647269138161537,-0.0006622303974378006,-0.0021664398596111453,-0.06914697464530739,6.939501448981088e-05,0.17894933309167463,0.00029563815533608013,0.018872453922796815,4.052132731570141e-06,657.245640503235,662.7055989806681,657.3414642255566,662.6329071523402,0.0,0.0,0.0
16.172,-1.3520518156028798,-7.691029629417531,2.011908648749939,-0.01333918321177238,-0.6292146797105828,105.16684716254208,-1.3521887647058262,-7.689809461562425,1.9999999999999991,104.99673763480226,-0.0029601543437085603,0.0004490936098704131,-0.0006944244752304121,-0.0014664726389877116,-0.041797459258622396,6.648394431548912e-05,0.17980812748985406,0.00028173495828362423,0.01884905632005525,3.499592213501018e-07,657.2840043368251,662.7330660575099,657.3655522731887,662.6541093437627,0.0,0.0,0.0
16.224,-1.351991266782191,-7.691356177640559,2.011869376386321,-0.016470995126742032,-0.7044716808470839,105.16705654936872,-1.3521212427183111,-7.690235784331387,1.9999999999999991,104.99673763480226,-0.008772543156479035,0.0005706174199046792,-0.0006640614631933844,-0.0007742148096321706,-0.014227367730779239,6.162042896206725e-05,0.18014860649894437,0.00023986806358672368,0.01691849949822097,-2.2333492266067567e-06,657.5822436756777,662.469368102624,657.6446068527923,662.3951333728614,0.0,0.0,0.0
16.276,-1.3518553474916555,-7.6919873772052325,2.011828363281919,-0.017677467434290044,-0.7015803703126469,105.16723727938168,-1.352078301484755,-7.690545131810429,1.9999999999999991,104.99673763480226,-0.014861437518007328,0.0007105434291057855,-0.0006156163933170296,-0.00018132106989369968,0.010762026702347407,6.11803599149691e-05,0.18036918867085,0.00019244440180952386,0.013553817990652021,-5.8935974545783025e-06,658.0795764847393,661.9947821050321,658.1181802538313,661.9238551657004,0.0,0.0,0.0
16.328,-1.3516461707729681,-7.692917131686156,2.011786352011361,-0.017305878004141576,-0.6321138674071238,105.16737641928515,-1.3520388252541544,-7.690826102725566,1.9999999999999991,104.99673763480226,-0.020568563143139523,0.0008528557987443798,-0.0005823627550084732,0.0003294380563113663,0.0310722658969149,5.067517662666787e-05,0.18077342587510373,0.00012928581717750262,0.009291932821563533,-5.0938315253232745e-06,658.7002450855574,661.3835740344416,658.7230072427672,661.3327459224515,0.0,0.0,0.0
16.38,-1.3513730605967178,-7.694109908347121,2.0117441107831624,-0.015556508186210617,-0.5126721786473678,105.16748176775246,-1.3519832318718565,-7.691161441294111,1.9999999999999991,104.99673763480226,-0.025369014913481897,0.0009841979209023726,-0.0005771516360427512,0.0007421246101813269,0.04532435722588911,4.4397733135751437e-05,0.18146311035284823,4.7734262371566057e-05,0.004695391087161587,-5.176371616448516e-06,659.3759924008502,660.7268984961178,659.3752520336365,660.6989961267071,0.0,0.0,0.0
16.432,-1.3510505600582783,-7.695508563522584,2.0117027125140443,-0.012859656351280177,-0.36244907030547746,105.1675664578245,-1.351897927481841,-7.6916090379866935,1.9999999999999991,104.99673763480226,-0.02890481494759963,0.0010940015818173788,-0.0005935054937488464,0.0009939663110588432,0.052979991863132195,3.864857352669494e-05,0.18234006614125184,-2.4001033954206962e-05,0.0002775543196535876,-5.083587060198541e-06,660.02837042987,660.1005844008739,660.0074555269919,660.0933426965291,0.0,0.0,0.0
16.484,-1.3506962350452174,-7.697043204366003,2.0116635103893135,-0.009688106642697527,-0.20091420590837528,105.16764016944585,-1.351772280487381,-7.692215317253884,1.9999999999999991,104.99673763480226,-0.03099647126777138,0.0011759832239197215,-0.0006136916464983768,0.0010936754028869713,0.05423069759163538,3.325575867217941e-05,0.18318633757296332,-7.985143000699033e-05,-0.0035535612721319526,-4.903709088413533e-06,660.5955974397524,659.5607944174143,660.5593037137289,659.5699640502338,0.0,0.0,0.0
16.536,-1.3503285056866676,-7.698640033491947,2.011627884291581,-0.00644594382363594,-0.045837358708318274,105.16770839658261,-1.3516037579103182,-7.692992830283334,1.9999999999999991,104.99673763480226,-0.031635013602567826,0.0012279461702754924,-0.0006191363687914366,0.0010699988062231516,0.04989204260069051,2.81832983754414e-05,0.18377476562436817,-0.00011923209900333227,-0.0064934666534963124,-4.763689685470269e-06,661.0302819357235,659.1470022410574,660.9831990410194,659.1677971910714,0.0,0.0,0.0
16.588,-1.349964688154717,-7.7002292932935825,2.011596904818404,-0.003445682888979673,0.0882310239431416,105.16777211705902,-1.3513917630181278,-7.693946840033414,1.9999999999999991,104.99673763480226,-0.03095804269561902,0.0012509850499271397,-0.0005983162722960733,0.0009539745527137128,0.04119432952837008,2.331105126653289e-05,0.18395740942485128,-0.000143369708778937,-0.008382355363343138,-4.581303978610108e-06,661.3063205649153,658.8782292294678,661.2528992938541,658.9064253270434,0.0,0.0,0.0
16.64,-1.349619412155262,-7.701751653370178,2.0115710631403427,-0.0009076149355354818,0.19096973330855818,105.16782953596446,-1.3511433218092204,-7.695050351683126,1.9999999999999991,104.99673763480226,-0.029214784879074883,0.0012486095264809247,-0.0005505266652528347,0.0007763076242041115,0.029659653229113615,1.8735783129954666e-05,0.18371131159206214,-0.00015308772846893285,-0.009179147753486154,-4.3857476945429776e-06,661.4166728460273,658.7588725446835,661.3610386332856,658.790389472733,0.0,0.0,0.0
16.692,-1.3493035277678158,-7.703162621621645,2.0115501654958963,0.0010362257640276645,0.2567034423174462,105.1678778979135,-1.3508670736988349,-7.69626980970476,1.9999999999999991,104.99673763480226,-0.02672461566792313,0.0012258948376187057,-0.0004842961955264989,0.0005658634960852684,0.01684839923549005,1.452826289142213e-05,0.18312632341738033,-0.00015025132062678845,-0.008958144086852745,-4.092477178775904e-06,661.3729991238334,658.7789015261903,661.3189781377627,658.8104218135655,0.0,0.0,0.0
16.744,-1.3490235468072524,-7.704434821881429,2.0115334092154065,0.002336086433258403,0.2842965133896502,105.16791521798272,-1.3505724433916197,-7.697568543712011,1.9999999999999991,104.99673763480226,-0.02383491997301756,0.0011886933244661907,-0.0004132575673580569,0.00034916537824768184,0.004240302569844477,1.0757980228213503e-05,0.18236207839227128,-0.00013812246423256492,-0.007899854190648058,-3.7176952842254626e-06,661.2041816282917,658.914885478565,661.1546317166606,658.9439786290424,0.0,0.0,0.0
16.796,-1.348781599735023,-7.70555821883046,2.0115195962707513,0.0030835627545118174,0.27664826717215196,105.16794478876898,-1.3502696455794967,-7.698906020769374,1.9999999999999991,104.99673763480226,-0.020881969878340147,0.00114285669974926,-0.00035056184374124223,0.00020455806095639987,-0.006933002473242707,8.740064777365607e-06,0.18158621646866804,-0.00014517107692951369,-0.006239340894995355,-3.7712117257164557e-06,660.9517802001493,659.1333605982633,660.9000583931826,659.1643059474803,0.0,0.0,0.0
16.848,-1.3485758114632824,-7.7065385535027415,2.0115074014850958,0.0033583282167766264,0.2395969855555902,105.16796170209442,-1.349968588326407,-7.700242698444498,1.9999999999999991,104.99673763480226,-0.018159175062381856,0.0010927406429693076,-0.0003053004098208875,7.278545279127118e-06,-0.01579245952936126,5.177913691042695e-06,0.180930590246173,-0.0001220876283477254,-0.004218323803539643,-2.9786881485492633e-06,660.6444510386449,659.4081962483443,660.6014671458745,659.434744883932,0.0,0.0,0.0
16.9,-1.3484010456378859,-7.707394482031792,2.0114956081972113,0.0030364608566256033,0.18121359047956015,105.16796975368285,-1.3496781313060298,-7.701542392134442,1.9999999999999991,104.99673763480226,-0.01589455756903042,0.0010432687508823211,-0.00028043096174389397,-0.00017730176789810067,-0.021766493504202313,2.934602789202751e-06,0.18046329810504785,-8.256432340689141e-05,-0.002102043815655588,-2.4417701670878186e-06,660.3253291660338,659.703088188922,660.2950635818978,659.7198502404829,0.0,0.0,0.0
16.952,-1.3482499526326135,-7.708153831691154,2.0114832745579894,0.0022941439566808246,0.11041560536721509,105.16797202400353,-1.34940451578782,-7.702779679831872,1.9999999999999991,104.99673763480226,-0.014236932316863815,0.0009991904229460983,-0.0002738057787645793,-0.0002877211705739834,-0.024707227128065216,1.2094510798632806e-06,0.18019345079988683,-5.2178705240167765e-05,-0.00010602474208359913,-1.9568512145103426e-06,660.0291245532585,659.9840630149193,660.0088432313943,659.9935059854784,0.0,0.0,0.0
17.004,-1.3481140066333228,-7.708849492841338,2.0114697808555393,0.001342617516710134,0.03607077565600931,105.1679709018657,-1.3491510878845003,-7.703940810840369,1.9999999999999991,104.99673763480226,-0.013253242616778318,0.0009633495735153822,-0.0002802054049606671,-0.00033355539155447594,-0.02475107988709028,-7.071174505527372e-08,0.1800896421062331,-3.262985464613999e-05,0.0015779537618371524,-1.5389722081812947e-06,659.783050737437,660.2232120548608,659.7694897718437,660.2282422603511,0.0,0.0,0.0
17.056,-1.3479844926355937,-7.709515404411357,2.0114548133143404,0.0003372980000893309,-0.03389484978521396,105.167967915082,-1.3489206168681902,-7.705012198952539,1.9999999999999991,104.99673763480226,-0.012933618928450871,0.0009368516369689581,-0.0002935375823750972,-0.00033511510780303135,-0.022328847138754,-1.015477314119511e-06,0.18010208353844145,-1.9593147062802135e-05,0.0028429351541430416,-1.1996308339522546e-06,659.6007510476705,660.4049361595938,659.5918423637632,660.4071931914759,0.0,0.0,0.0
17.108,-1.3478533864922457,-7.7101830262322135,2.011438301118278,-0.0006155090063626094,-0.09316967822353503,105.16796374720711,-1.3487116549028901,-7.70599900950447,1.9999999999999991,104.99673763480226,-0.013203752994101686,0.0009195977044818206,-0.00030885303408744597,-0.00030599533169069475,-0.01803899208639318,-1.6994378126178412e-06,0.18018444105952622,-1.1692569573020702e-05,0.0036200390876689604,-9.226851132217856e-07,659.4906963501487,660.5184750896148,659.4848059181107,660.519249542816,0.0,0.0,0.0
17.16,-1.347714050359686,-7.710878583347963,2.0114203377868076,-0.001442281733292834,-0.13739795955098788,105.16795855317748,-1.348523295613511,-7.70690152810259,1.9999999999999991,104.99673763480226,-0.013941671883647918,0.0009106749213130934,-0.0003232381609270017,-0.00025591781711725237,-0.012569978263133072,-2.189117095475728e-06,0.1803051299085148,-7.090775132184243e-06,0.003915879092589674,-7.037852617782468e-07,659.4507594396769,660.5641093272797,659.44678726571,660.5641798222789,0.0,0.0,0.0
17.212,-1.347561697452036,-7.711621223458707,2.011401116114449,-0.0020929892768784,-0.16432365609073132,105.16795220490188,-1.3483487978985786,-7.707748375250231,1.9999999999999991,104.99673763480226,-0.014996552054313666,0.0009086275821241264,-0.00033569154028492666,-0.00019173640741096339,-0.006627527462618174,-2.523018436892972e-06,0.18044818133987423,-7.719561722460442e-06,0.003746512263440877,-5.213914427123004e-07,659.47831741085,660.5432416274906,659.4746717059774,660.5439958065876,0.0,0.0,0.0
17.264,-1.3473936089334746,-7.712422133693425,2.0113808876410766,-0.002543410699598902,-0.17374615034031046,105.16794447792465,-1.3481839857776965,-7.708554430871134,1.9999999999999991,104.99673763480226,-0.016207711403482216,0.0009116642488217746,-0.00034638923758500593,0.0,0.0,0.0,0.18060731231370444,-5.9186321966978346e-05,0.002865981374145409,-1.46890907288047e-06,659.6161429294272,660.4155991182827,659.5952038622474,660.428381142945,0.0,0.0,0.0
17.316,-1.3472091122095227,-7.713284597862459,2.0113599390951857,-0.0029032305304591546,-0.16750100921899438,105.16793278215158,-1.34802350249855,-7.7093405644452435,1.9999999999999991,104.99673763480226,-0.017423233139997198,0.0009181409521853347,-0.0003557214087410377,-0.00011902641263153741,0.004096135892087358,-3.587011014471424e-06,0.1807772021488491,1.0299012360027265e-05,0.0024199941404792367,-4.142275534342252e-08,659.6714735580679,660.3636893524543,659.6742937608287,660.3606427765606,0.0,0.0,0.0
17.368,-1.347009384004924,-7.714204876410068,2.011338574456507,-0.003172348288612829,-0.14786933951115794,105.16784122693173,-1.3481870122811639,-7.7080424168148465,1.9999999999999991,104.88501919255212,-0.01851207829249914,0.0009273190232539695,-0.0003642059938605133,-0.0001416573488215465,0.008127292639923352,-0.0001443396084443808,0.1809532178957888,-0.10561746085019737,0.10685182212545077,-0.0023308840212749836,663.0660073270171,663.4158794220718,625.6396459354031,686.5200866172105,0.0,0.0,0.0
17.42,-1.346802836201908,-7.715170399217129,2.0113083614667895,-0.20980959371812447,0.17376911130291314,105.15927686135602,-1.357626810672591,-7.647159732025393,1.9999999999999991,104.8852306578918,-0.01904835868218918,0.0012569580654852321,-0.0008420924528873485,-0.1437189190719088,0.2618828840352766,-0.0035332615262112176,0.18603210210646595,-0.042317682745970094,0.5524792632202121,-0.0009138402517275775,584.4179320741424,730.3125764275757,567.7083697994628,738.8683248176878,0.0,0.0,0.0
17.472,-1.3467413128632204,-7.716016727780288,2.0112544286108296,-0.8525223702610811,2.1517715952482095,105.13017761792713,-1.37346839707652,-7.5451505076051095,1.9999999999999991,104.88515976999632,-0.011821802909668947,0.005135084354985215,-0.0014130881691558877,-0.23684473324955396,0.9239788877017745,-0.0029240305936212617,0.19279059636803694,0.045494283096806205,0.21069604201267428,-0.0005331862230072578,623.8121785731305,696.7530914839327,635.843934371625,682.9425896267618,0.0,0.0,0.0
17.524,-1.3473185562418426,-7.715962882686313,2.0111866758680397,-1.4431706308521708,5.584377886853691,105.05139857721865,-1.390222577720173,-7.437320885139904,1.9999999999999991,104.88366820164782,0.01858470884235352,0.014797547957751183,0.0005212640954788335,-0.1517349276339666,1.2465849269582017,-0.002188192343057457,0.17535021375684734,0.06953766829028514,-0.06452649775628255,0.0008033646468165981,659.7481110070532,661.1744743124685,681.4319316232225,643.3844999173621,0.0,0.0,0.0
17.576,-1.349171406922434,-7.713617163743954,2.0110563193270736,-1.644263090683772,9.256992293550638,104.9462095541595,-1.4054001128166103,-7.33992935527887,1.9999999999999991,104.87965972149645,0.0798728396137062,0.028153684178731337,0.009922767312642005,-0.002139654710538186,1.1831821043917976,9.950551359623472e-06,0.08646842521983936,0.052646360856307126,-0.20182097208321004,0.002103368221823423,680.4076350697509,637.8615954248951,700.3128788013457,628.3014466171483,0.0,0.0,0.0
17.628,-1.3527932675568175,-7.707442511533221,2.0107358674621505,-1.4364263773082255,12.32117087368093,104.86589959031946,-1.4182048304652835,-7.2587032958242155,1.9999999999999991,104.87140937203766,0.16964292260380892,0.041490264328465865,0.02864397598467387,0.11987224307672531,0.9074270246629558,0.003000239259946229,-0.08798006054250113,0.026234451247322113,-0.23063927221431774,0.0025106080585156547,686.8927193879404,628.4654697982572,700.6165359503588,627.9198578241367,0.0,0.0,0.0
17.68,-1.358415571278576,-7.696147099342163,2.0099937290536922,-0.9561598198485683,14.433774550622479,104.83299423027863,-1.428778674346987,-7.193800636699809,1.9999999999999991,104.85987960862285,0.2805221202181522,0.05184882963609716,0.05285269386012111,0.18572018258590692,0.5752776368921464,0.00532137238768103,-0.3028475522514934,0.004752046133266852,-0.19587056008282,0.002109801009057527,683.6283476889167,628.8802617652718,690.5413523494293,633.5744999344323,0.0,0.0,0.0
17.732,-1.3660275000908073,-7.678868569375259,2.008530780683005,-0.3632870542312199,15.612186075528303,104.8369212677643,-1.437643519366525,-7.142828804948208,1.9999999999999991,104.8434411412816,0.4042953352271533,0.05762764249466379,0.07638267692305942,0.20165460602090102,0.2830871973145005,0.006395711959263306,-0.48784392148521016,-0.008975118534972945,-0.13534637461925375,0.0012972607308662527,675.851469662891,634.4389368178712,676.8627675419737,640.8039853421886,0.0,0.0,0.0
17.784,-1.375458287784651,-7.655173397968158,2.0060662712231228,0.21680161743582788,16.06041788424202,104.85595436994768,-1.44546444287636,-7.102388030341582,1.9999999999999991,104.82523848084729,0.533814068432638,0.05836378218480069,0.09486545402296288,0.1836160185444721,0.07241352979421001,0.0064033108457296345,-0.5909382659098207,-0.01646789772110955,-0.07403519916991157,0.0005233771357467929,667.7492695858865,641.7643265136801,664.5380224475352,648.0481849234804,0.0,0.0,0.0
17.836,-1.3864660996243967,-7.624950371864223,2.0024232794411163,0.7050949726297685,16.034932829635867,104.8742193742046,-1.4528829904280571,-7.06895394447756,1.9999999999999991,104.803070778685,0.6636860616180311,0.0544052827839042,0.10750464467723093,0.14582682500447347,-0.05253904905507101,0.005667127273697977,-0.5985597109511388,-0.019538248712275233,-0.024845046057783995,-4.543548705904102e-05,661.8166129175073,649.0869431218496,656.116663198771,654.5943855035391,0.0,0.0,0.0
17.888,-1.398805899392825,-7.588282134778226,1.9975700033486719,1.0604491762176826,15.766843869829223,104.88571166971374,-1.4604495392619248,-7.039301079084258,1.9999999999999991,104.78107002736127,0.7904504249475299,0.046635964256461285,0.11634643417523574,0.09889635553954317,-0.10730989813073011,0.0046797221024463325,-0.5297530570519033,-0.01957787890831472,0.008027311521920287,-0.0003786540694718406,658.78530310594,655.4809358688075,652.1141392264217,660.024193537749,0.0,0.0,0.0
17.94,-1.4122712870183243,-7.545346215531728,1.9915945248494258,1.2696643136824728,15.409319459230158,104.82209431284994,-1.4685415194449283,-7.01080389015802,1.9999999999999991,5.3170862391572085,0.9124265322458551,0.03699705861138781,0.12318987686024925,0.07773611110552739,-0.13940477676900204,-0.0676068521845464,-0.40498220180595146,0.3464162254452347,-0.333691995125463,-0.08,760.2902899916202,763.4300366121448,644.8458569742011,400.14618859222367,0.0,0.0,0.0
17.992,-1.4266696964429757,-7.496388965252537,1.9845595168528845,2.3338060321971055,14.27179405470127,104.36988389462685,-1.477500105368251,-6.9811032920061455,1.9999999999999991,6.297474549373624,1.0291770796375568,0.03209561508971063,0.11728756109295613,0.7203562395320671,-0.6500863045899831,-0.1703585158130385,-0.12047724654637904,0.2810139557644974,-0.6276191504589976,-0.08,807.5634608962121,722.3856606749459,682.1681966507149,351.7424387904739,0.0,0.0,0.0
18.044,-1.4412931480998254,-7.441827191675567,1.9769528717678375,5.413263922556814,10.867245984621414,103.51106511486277,-1.4873581085385725,-6.948993953260026,1.9999999999999991,7.458754759453054,1.130140840729725,0.018532581294527638,0.07362453442093146,1.250126255637022,-1.4755247580392425,-0.22283502345000156,0.554222659238432,-0.058355610581644124,-0.2536782443138357,-0.08,813.4030316578852,737.7703106636195,589.2554374069239,523.243689247964,0.0,0.0,0.0
18.096,-1.4543384183059196,-7.38279911172654,1.9697301726948269,8.787257076329137,5.776584663054933,102.07320183085142,-1.498186635020553,-6.9131673006634635,1.9999999999999991,8.619225757092812,1.1906431251546812,-0.022931072394810535,0.002867706479154592,1.1013875831414777,-1.8626597994029783,-0.2862036046251754,1.4835175666763836,-0.1496754645893374,0.16564741916952808,-0.08,790.582572871819,794.371443191022,525.6268257999337,628.3626659263032,0.0,0.0,0.0
18.148,-1.4635406035134029,-7.321252565887415,1.964229769798839,11.25351627854225,0.6694476634770042,100.17124704303671,-1.509694935192686,-6.873328633156183,1.9999999999999991,9.986977753622046,1.1990065793525644,-0.08984455233151682,-0.046880773498449456,0.694257345006883,-1.7061063005831039,-0.3547112999415671,2.1512023319047002,-0.10163176791802875,0.3219913933651644,-0.08,779.5861755617635,831.027137599707,526.3848205530192,660.5725810916297,0.0,0.0,0.0
18.2,-1.4669838507664066,-7.259514707365939,1.9616853145548125,12.734982284668318,-3.366455608274085,98.10866379395665,-1.5213777597059912,-6.829422919536868,1.9999999999999991,11.35559285812623,1.1650779316769577,-0.16984247401416006,-0.04886204487709566,0.3526412157587362,-1.2880892559672694,-0.4210636844139385,2.254320325991549,-0.035435763823147295,0.3726119443230922,-0.08,769.7410777009794,848.1001575297588,535.4589439660897,663.4269582052718,0.0,0.0,0.0
18.252,-1.4635125844961492,-7.1997106303244784,1.9626072161709043,13.562477432010203,-5.918077388791403,96.0989234622787,-1.5324474474250471,-6.781481956195135,1.9999999999999991,12.936394137304342,1.1057720277415064,-0.2544424682281562,-0.007977976050506803,0.15048325857924824,-0.7789955222949155,-0.4856151000710541,1.8245363499125284,0.005902613629424819,0.3600583091175015,-0.08,760.0438722954017,845.7315267610144,536.1195516790209,648.5219619436982,0.0,0.0,0.0
18.304,-1.4527348148027268,-7.143284001405148,1.9666250233360925,14.027439611129605,-6.9262282565906785,94.23339931287944,-1.5418938690229445,-6.729924852261327,1.9999999999999991,14.465396908614174,1.0359371955099141,-0.3402459605758609,0.056518350097136474,0.050167484554758876,-0.27979014656527446,-0.5492044161959431,1.0629631219602627,0.024023506925049332,0.30052127376763166,-0.08,751.2115278852941,828.4576736856475,529.9899955720722,620.361094004468,0.0,0.0,0.0
18.356,-1.4348018862072502,-7.090809713663657,1.9726967309471592,14.260801452669496,-6.515700627540124,92.52102771155734,-1.548648839769673,-6.676279669787759,1.9999999999999991,16.19548952565835,0.9670565046368595,-0.42620422352752085,0.12412377759971904,-0.028518222745957267,0.18379151231668373,-0.6132450911168466,0.20460573193957288,-0.08204523731015856,0.29329885309803494,-0.08,748.0874940657862,799.4139673566003,486.1331893017885,614.3683893937183,0.0,0.0,0.0
18.408,-1.410174899805686,-7.042076321796084,1.9794597820880586,13.940758018508255,-4.8265439311335605,90.93737652004809,-1.5516823911477096,-6.621484937686107,1.9999999999999991,17.89688045405462,0.9091172035095083,-0.5115122664889564,0.1787970398713024,-0.26984246506643167,0.5406284285127874,-0.6768681093974082,-0.5490690922983761,-0.11000665939424435,0.08048199733580039,-0.08,761.6759927003721,754.3537256876668,496.3142897966342,563.8691272832167,0.0,0.0,0.0
18.46,-1.3796238680271016,-6.996298422958022,1.9853913381480885,12.584375967678518,-2.485930103270547,89.67587180701172,-1.5503092654564887,-6.566970784817677,1.9999999999999991,105.05304548409114,0.8684961612839889,-0.5965883056899031,0.19526841725558042,-0.675702500702392,0.7833211113355241,-0.5105602897527834,-0.9005928883065553,-0.5400546509900088,0.46897836153516403,0.08,530.5302478977646,504.7166128169924,608.9931948694424,866.170933561106,0.0,0.0,0.0
18.512,-1.344210914291434,-6.952415526469853,1.9894697199554225,8.853719954809028,1.0044055880875704,88.97926206345483,-1.543901502064573,-6.513362958862577,1.9999999999999991,105.18675637356293,0.8464664605445517,-0.6770985624176473,0.18570406745185453,-1.7317859541310832,1.318115261324429,-0.4148807481609495,-0.9367733798119355,-0.38445079986375985,0.10958736597737351,0.08,559.7338060436406,458.21165816167576,679.1293850775356,804.342420852629,0.0,0.0,0.0
18.564,-1.3056745753419963,-6.9089381269700665,1.991740061428828,2.1128220874056542,5.522893060618618,88.31799076289339,-1.5323352165476547,-6.4614092127667115,1.9999999999999991,105.51029791294981,0.8564838966365315,-0.7230552642471649,0.14202762505372907,-2.436667123314808,1.5415133650189932,-0.33638239672461745,-0.5795140604979184,0.18347557492222866,-0.17527610234302227,0.08,517.5182411799401,520.4882257958433,793.2658099513143,703.1259291647948,0.0,0.0,0.0
18.616,-1.2668193356154689,-6.863901513244049,1.9924596950947153,-4.766049216552313,9.854834866237665,87.34514424593596,-1.5156128906037791,-6.411150405533278,1.9999999999999991,105.6885712619739,0.9066573647318122,-0.7046807987463903,0.1043935263719683,-2.037570593188478,1.3638024894498029,-0.2564199913263566,-0.23199304546842314,0.33278539908502425,-0.2976238043133615,0.08,527.7726614107111,540.1519675497739,834.3425376548089,677.5723241069237,0.0,0.0,0.0
18.668,-1.2305171283538936,-6.815271319242826,1.992089807640473,-9.643183941378387,13.140204118119787,86.28455453517537,-1.4943093625084842,-6.362442847669175,1.9999999999999991,105.84828101111299,0.9894907402573997,-0.6306862619797008,0.1116592785870322,-1.2420859060508869,0.9707199549110939,-0.17267147777182218,-0.291194459172601,0.24148265238180672,-0.2910450456526241,0.08,549.9590820080792,532.747941240393,828.0761974703846,696.7702392593432,0.0,0.0,0.0
18.72,-1.1988262531974285,-6.76142302536176,1.9907828444876534,-12.332991759161935,15.167072214979786,85.49355097109964,-1.469323676807152,-6.314626082261427,1.9999999999999991,106.00938635238799,1.0924403574944221,-0.5255891533637997,0.15157559960214223,-0.6012471157309885,0.551044663105138,-0.08911476292489942,-0.6414623801117595,0.113374893247982,-0.21883140252684036,0.08,556.8630106507613,520.0447536713913,803.2342468332035,721.3052734605171,0.0,0.0,0.0
18.772000000000002,-1.172781843721941,-6.70143022875815,1.9882416914250505,-13.519195627351142,16.131503665470955,85.13317111469807,-1.4419901387971845,-6.266747730588784,1.9999999999999991,106.143965526766,1.20603981125494,-0.4079768347641811,0.19495853571917415,-0.24037005434744413,0.21440756217914014,-0.00923031768366069,-0.98611597614622,0.02677060689446839,-0.13178860242886975,0.08,550.7945732057934,513.701926049028,778.3969136691718,739.1117438149852,0.0,0.0,0.0
18.824,-1.1527065785478479,-6.634997299819849,1.984007483540583,-13.905955961997918,16.361133824886434,85.1904690057581,-1.4137663030002239,-6.217753085942332,1.9999999999999991,106.27322724235697,1.3237961913334235,-0.2890696349119237,0.22544889029063114,-0.08453100369232977,-0.018453397153452282,0.06631277806110522,-1.1494205016135899,-0.016152411934520106,-0.15605553276525067,0.08,558.6501191334921,497.33557705706824,773.6140631081622,738.8352370666411,0.0,0.0,0.0
18.876,-1.138616557542355,-6.562213578552949,1.9777819831999006,-13.92976732093615,15.966892385209029,85.64214738546531,-1.3861313602083012,-6.166657222432933,1.9999999999999991,106.37708410824702,1.441408559180708,-0.17507502486985044,0.23790218985161427,-0.03634990780492979,-0.26992685405910166,0.13812469737129204,-1.0710978555367792,-0.03363898361888582,-0.184571553339764,0.08,567.7920349211922,490.24924028822426,776.0166894248079,738.5484443235785,0.0,0.0,0.0
18.928,-1.1304826685810352,-6.48341674857946,1.9696138159457983,-13.79559598135614,14.817241285771672,86.50635452836985,-1.3603401582535652,-6.112582457942797,1.9999999999999991,106.4727138112534,1.5545191427106597,-0.06896626233754186,0.2286170961563347,-0.03136705601917626,-0.5589322138104906,0.20623333964355933,-0.7161935571697167,0.0115375501458348,-0.16304443754250048,0.08,564.182404511739,511.212044223426,784.2840727546876,741.2567890404436,0.0,0.0,0.0
18.98,-1.1283457314342635,-6.399212806725593,1.959988894776297,-13.43840138861875,12.901441956230515,87.76152858739417,-1.3373260252298178,-6.054336062532084,1.9999999999999991,106.54490289091753,1.656424241966088,0.028361395406442176,0.199581292304241,0.07983660048470931,-0.8259638794688657,0.2727727644089544,-0.11976780355043037,-0.09996707516399675,-0.16172845866347874,0.08,594.2882989998935,504.7627962239279,779.778460353803,764.7438851692281,0.0,0.0,0.0
19.032,-1.1322634170459496,-6.310520362265707,1.9498176250381805,-12.904437023487509,10.276475174403279,89.35741098560422,-1.317910395368506,-5.991605650744206,1.9999999999999991,106.60463426980151,1.73953006829596,0.1145875650885542,0.15508343381673023,0.03780027578590257,-1.069850505196484,0.33524490439143284,0.6468210885344203,-0.001269959794200061,-0.05546257875817856,0.08,576.9222601439062,558.1297498856434,790.4578470661797,777.46260252436,0.0,0.0,0.0
19.084,-1.1422745850030471,-6.218614771669578,1.9403117729399848,-12.428355276071528,7.170729919393914,91.21484398003413,-1.302729128311348,-5.92339163755122,1.9999999999999991,106.64160607270867,1.7964716689573574,0.18920343968272874,0.105292249252056,0.13567058131556267,-1.1846701502906511,0.3980157475634136,1.4446414995685142,0.3122503424780697,0.08706247031672787,0.08,516.1776680692532,645.4256425445082,822.3758498887644,769.1782634361316,0.0,0.0,0.0
19.136,-1.1583453101615504,-6.125081482652576,1.9327864319844386,-10.815094684702892,4.072706448739261,93.2090171262116,-1.292209639762753,-5.850323009538098,1.9999999999999991,106.6603435984693,1.8238009991681459,0.2507149523370117,0.06354713232589197,0.7313465769315804,-1.1148545286389298,0.4675182929773566,2.100187621596983,-0.03628334890377824,0.11472935738688222,0.08,583.897048041317,608.6297210177047,787.245599137519,822.5167846381916,0.0,0.0,0.0
19.188,-1.1797761392063975,-6.031587400407007,1.9284435381728668,-8.136831574825086,1.288029670719126,95.19491278672,-1.2867588183012577,-5.772431398429566,1.9999999999999991,106.65747152743656,1.8234096508833162,0.28683415916682103,0.036043085276596235,0.908600347656942,-0.9637594305317799,0.518669107032592,2.5137998822950736,0.04464737214395348,0.18272871131931254,0.05227185375048882,608.9421231876897,675.4998722654218,760.717536967034,794.1079416652028,0.0,0.0,0.0
19.240000000000002,-1.205137765732256,-5.939627470754638,1.928095694489159,-5.207556927254011,-0.9788130012728401,97.01459554574792,-1.2864612537924776,-5.690837979945554,1.9999999999999991,106.63513034037926,1.7992965270230736,0.2960187856194059,0.029355457928649565,1.0160513595078828,-0.7261712892706298,0.5109730842862313,2.5945209737337276,-0.06304701760720288,0.19664404627972687,0.01683731876506132,672.6744076984734,709.0282686251028,700.2425658652235,766.7979564882788,0.0,0.0,0.0
19.292,-1.2327107645093571,-5.850322265529634,1.9320063021237002,-2.3595737264228673,-2.5629039922573007,98.59910496991854,-1.2912389010141574,-5.606510828914771,1.9999999999999991,106.60099411370793,1.7571302029584461,0.2821422919764406,0.04521146144683895,0.91483083955809,-0.45477104453462636,0.48111275192569336,2.316686637356908,-0.11615764750062049,0.19694090167677045,-0.00588215429650869,703.2584218375875,724.5312604680324,655.2825925409315,739.6722542943479,0.0,0.0,0.0
19.344,-1.2608157608308066,-5.764291223710295,1.9398588793410736,-0.1423757619113698,-3.4054431669456178,99.98329480797098,-1.300830871101588,-5.520251813647411,1.9999999999999991,106.55518839719377,1.7034063809259536,0.25053507902643574,0.07985223064742382,0.6602288893716398,-0.18447221258294394,0.4395655082088261,1.727215739797197,-0.10373411901207438,0.1837954501911174,-0.020425370802168163,709.9175125704788,730.8109080379334,624.7480206779916,705.9860850610432,0.0,0.0,0.0
19.396,-1.2881883668358858,-5.681674015666191,1.9507865122813923,1.2661605261000533,-3.5220295241047053,101.21307611499914,-1.314845169667153,-5.432444118213948,1.9999999999999991,106.50980552798308,1.644223756494079,0.2083011712737579,0.12310117270470591,0.39245351668890827,0.062560571541629,0.3925430292546496,0.9538597963132123,-0.06838139816618231,0.1612836446376868,-0.029759165807060863,704.3725377559712,728.7457361270073,601.3631863968436,669.3189524088114,0.0,0.0,0.0
19.448,-1.3141184137092392,-5.602231248340926,1.9635500088910522,1.982552286545154,-3.000632509443988,102.31396001830436,-1.3322667661397456,-5.344733111011636,1.9999999999999991,106.46149687160654,1.5851671820445723,0.1617437329106965,0.1633553751925291,0.18153236625632654,0.2576703356768563,0.34333457535388706,0.15040748447065444,-0.03874029926636983,0.1051721446255064,-0.035680883418377815,698.8009772031282,716.449619906747,585.9316651665241,630.4161840594237,0.0,0.0,0.0
19.5,-1.3383671999571332,-5.525475278051772,1.9767737078038954,2.219295122627459,-2.024198416073786,103.28793063368998,-1.3521285247449266,-5.258146059208715,1.9999999999999991,106.41993584564901,1.5312210192867615,0.11560183720427253,0.19071285475580543,0.05203670279267011,0.3892434358384143,0.2944474404107164,-0.5416348542675515,0.012591695115034784,0.07884607157207901,-0.03894554750656709,684.8820023532483,709.5367597632612,575.6922456455226,596.93558154152,0.0,0.0,0.0
19.552,-1.3609955862779184,-5.4508026059384225,1.9891822763327742,2.241379340629928,-0.7286914617105774,104.13262562515094,-1.3736428886815044,-5.172967571920889,1.9999999999999991,106.37925838114573,1.486274633115969,0.07290936229633495,0.2023769949129079,-0.021924412594542694,0.4771135379223148,0.24699713148431607,-1.0538080775518717,-0.026642468330773755,0.04354213431001938,-0.04003170340893829,685.456813054892,690.0761056676038,559.8992099497377,582.988293877143,0.0,0.0,0.0
19.604,-1.3822068041269977,-5.377570076416116,1.9997598836506363,2.026726110266584,0.74910817415509,104.84474646032913,-1.3961547378603225,-5.089161739026678,1.9999999999999991,106.34586851451772,1.4533051374376444,0.03482899947721109,0.20005046817674024,-0.08082198415189393,0.5176491547512213,0.2029817880534983,-1.3701830834634474,0.04938174928799022,0.015215213148554702,-0.03946669946936441,671.2218409824025,689.0762852835536,569.9334965750426,558.5500423835159,0.0,0.0,0.0
19.656,-1.4022915190080647,-5.305146420035215,2.0078200669938084,1.810030556602734,2.275768309650104,105.42975460865752,-1.4188706848013881,-5.007455199981339,1.9999999999999991,106.31389170817701,1.4340854294244978,0.002710321552796939,0.18719550058720272,-0.101816245316906,0.5121597635106797,0.1628692053501697,-1.5026678919959706,-0.03334908877848185,-0.020568161937950136,-0.037655706322477216,682.5350109757503,667.519337064091,561.8315162283469,566.0919230195593,0.0,0.0,0.0
19.708000000000002,-1.4215521110723677,-5.232934267820725,2.0130145989459516,1.317243057277594,3.702287284152764,105.88990880722217,-1.4412802347933953,-4.92805423374716,1.9999999999999991,106.28767180768124,1.4289956944603488,-0.023931773046191877,0.16736807904673162,-0.2180419761983396,0.45728076217118757,0.12660584332607308,-1.4749232473844827,0.008650477870703221,-0.0450406852701275,-0.03453639053600048,676.8183106074873,666.6340240760637,578.8594593107147,561.1517645799113,0.0,0.0,0.0
19.76,-1.4403632116082687,-5.16042206110208,2.015299183897076,0.5998194602494915,4.903739828714846,106.23300377933468,-1.4632393913054087,-4.8502520631430315,1.9999999999999991,106.26211312040205,1.4368534210491704,-0.04281088109956519,0.14351587343486055,-0.2593988883165996,0.36575659848156306,0.09603342069227315,-1.3143718978155579,0.03648832425100791,-0.06075619521148683,-0.031046915212873352,674.2922046656067,667.4920730354819,595.7251995007489,564.2040553011412,0.0,0.0,0.0
19.812,-1.4591565071422323,-5.0872121384360405,2.01488408443029,-0.11163914034352498,5.792717836505766,106.47795267207064,-1.484673978254666,-4.773513636541601,1.9999999999999991,106.24012205407766,1.4551622866803817,-0.052621822593768554,0.11853124196867197,-0.2314030339144498,0.2512043029710239,0.0707319755622867,-1.0560683570596456,0.04594142160511536,-0.06663017543840935,-0.027366869362581304,674.8437961014051,669.0556980056517,610.4427085794857,574.7306158451969,0.0,0.0,0.0
19.864,-1.478333009754197,-5.013021634935817,2.012177032822226,-0.6805193381860581,6.323330185218952,106.6478986247257,-1.5054510495553495,-4.69796043787216,1.9999999999999991,106.21656250258133,1.4805792758777112,-0.05422166721693119,0.09477077981860269,-0.17195490286729437,0.12751907881499805,0.04981974266600753,-0.7361519154957069,0.0446422771758747,-0.0638946526094429,-0.023761491756034855,677.0450995472087,671.6781213815055,623.1438051945588,589.4914325469638,0.0,0.0,0.0
19.916,-1.4982042470297443,-4.937684688681771,2.007720781007638,-1.0632051394400757,6.489037413085246,106.76308179748347,-1.525597834968582,-4.623476047038446,1.9999999999999991,106.16660895714105,1.5094439294711832,-0.04954322873222926,0.07369470430995775,-0.10665233384792298,0.007099375962805204,0.03253351379833847,-0.3863032657401313,0.09196337901176524,-0.048274639822280474,-0.02088561606340572,672.1422812174526,684.252493186625,640.3115364833596,597.7221232746306,0.0,0.0,0.0
19.968,-1.5189648218677088,-4.861155200419776,2.002129072085829,-1.0892826748827962,6.324334776739681,106.83908365329913,-1.5454752065804394,-4.548938329473374,1.9999999999999991,106.13854291352858,1.5382465053706345,-0.04081473893049137,0.05631096379738887,0.08792491589668641,-0.09463161924388301,0.01952232152974015,-0.03606335152531548,0.10174900827281413,-0.03304172210861877,-0.01830202340788668,672.6991493371077,691.6335192601927,651.0545455873927,610.895230548258,0.0,0.0,0.0
20.02,-1.5406065830211508,-4.783476104005155,1.9960357038344225,-0.4340268644809653,5.901052923724332,106.88326220985758,-1.5652597612330073,-4.47413309445358,1.9999999999999991,106.1046390246546,1.5640616538066345,-0.032939623247414784,0.04374613114026357,0.2826403383362229,-0.17128292988903224,0.008461921832344867,0.283183384205229,-0.09857299143887285,-0.020846436732947185,-0.015889181100757325,701.7542110217856,668.9987175945205,630.3252823728687,653.0955777841647,0.0,0.0,0.0
20.072,-1.562817605750615,-4.7047293743956775,1.9900288035264213,0.2514981235723859,5.286302279404358,106.88692422822788,-1.5851320913332059,-4.398904350951533,1.9999999999999991,106.0710453757515,1.5848053956939814,-0.03097360514594418,0.035572181223700754,0.14114184695291987,-0.22738378564744685,-0.003787373847103251,0.5567791705177791,-0.09324681214317232,0.0011546132928747371,-0.012195573493199453,698.6659513716152,673.4307684202329,639.132727205517,666.3212325448203,0.0,0.0,0.0
20.124,-1.5852382267773135,-4.625086154236392,1.9846208528760767,0.25262953252660797,4.550958342700821,106.85399298874859,-1.6052267380918315,-4.323139721185785,1.9999999999999991,106.0336673412645,1.5990940424856888,-0.03229364406020981,0.03171896153752535,-0.0744637864170295,-0.255691695863589,-0.0129166745144516,0.7689452066769709,-0.010265645295371793,0.023365970521743384,-0.0089573194968404,684.2287332228378,687.8186246738047,656.9347974512265,666.4894956149571,0.0,0.0,0.0
20.176000000000002,-1.6077535502229412,-4.544862631930788,1.9802216623488984,-0.10802890889685748,3.7875036721575515,106.80401220620607,-1.6256492467307746,-4.246617408551126,1.9999999999999991,105.99871112234102,1.606329403521992,-0.031626956460789786,0.03269056127762562,-0.1311088312940782,-0.25262852320138446,-0.018178859336920494,0.9015252137940571,0.028944665607985098,0.04186759237561243,-0.006724213537990157,675.7801853774787,695.200023198304,665.5669536380833,669.2071219215136,0.0,0.0,0.0
20.228,-1.630410223386918,-4.4644478580908675,1.977107168595876,-0.4429435922373949,3.0820252485722435,106.74780091565985,-1.6463686423580222,-4.169442366890553,1.9999999999999991,105.95992770565437,1.6067724206670533,-0.027385228200935023,0.0387228467959438,-0.0911504641860213,-0.22271063505559502,-0.021019537305160353,0.9432808010806288,0.033260187816096146,0.05477677592040004,-0.005323170911600448,672.1439361667703,696.3317332624697,666.9501017979221,672.9876017420693,0.0,0.0,0.0
20.28,-1.6532590561885476,-4.384208406668616,1.9753992236013955,-0.6105550602779785,2.501477357125541,106.68695737016064,-1.6674213825289335,-4.09143391500661,1.9999999999999991,105.92274045795995,1.601367518765364,-0.020557252408257398,0.04909208924951715,-0.031551254122006746,-0.17360435432049287,-0.022942632367243337,0.8973489567095442,0.025251359151806443,0.062078342333567293,-0.004127349109156642,669.4518480915118,693.5418300807129,665.2602591080464,675.5868087708952,0.0,0.0,0.0
20.332,-1.6762933863026253,-4.304431072501759,1.9750643028671067,-0.6200454977032126,2.0886940004957615,106.62087862248039,-1.688711044979855,-4.01294360413025,1.9999999999999991,105.88059230777813,1.5915052027362933,-0.012729120857011242,0.06230845626949877,0.014982411697991655,-0.11341607777447063,-0.024173930787623896,0.7793882959144903,0.016664575945970067,0.0635563419174994,-0.0031773874994682526,666.4701053250543,688.7264419518214,662.4441068714885,675.6202387038339,0.0,0.0,0.0
20.384,-1.6994563848027342,-4.22530024077036,1.9759331370389195,-0.5122917283190269,1.8627108269369004,106.54998731643826,-1.7102927880939107,-3.933846137744174,1.9999999999999991,105.83993511532279,1.5788009712957431,-0.005173925372877851,0.07655012514957218,0.06063967941084171,-0.049680032090271206,-0.02465177159924547,0.6126861122248037,0.13380813457807014,0.06620503635875646,-0.0023712717587374994,644.3919212057542,700.3160165798246,675.9302606823927,656.85926489879,0.0,0.0,0.0
20.436,-1.7226497694926746,-4.146890359975876,1.9777356719984402,0.036529074233780275,1.8316292541514927,106.47988745161658,-1.7320487800143072,-3.8546568958748426,1.9999999999999991,105.79420247845711,1.564926214597395,0.0006815633063555538,0.09038659838183108,0.2609294007485558,0.015224705231157798,-0.023400319522151554,0.41992701498319196,-0.09043767878022248,0.05054564689833987,-0.002316547673082701,674.2220246562267,663.0057376359854,641.9529010707795,681.9903790257209,0.0,0.0,0.0
20.488,-1.7456342320546563,-4.0691368620435915,1.980129022969178,0.6638660254742418,1.9659686454531222,106.34371113770986,-1.7540447940840747,-3.775229553654743,1.9999999999999991,95.70240523568003,1.5515820045053141,0.002146504391374116,0.10115971630545921,0.16146991793194837,0.06192252228972415,-0.09433015494784443,0.2382261291483897,0.12010921518353071,0.045036281518509455,-0.08,743.4872766625083,784.1334381121405,552.693920894771,526.5400409988555,0.0,0.0,0.0
20.54,-1.768152267467043,-3.99188435681322,1.9826902857555344,1.2489780432314104,2.2184693300041736,105.91163215339179,-1.7761213920066325,-3.696112801021554,1.9999999999999991,101.02567270961504,1.5402187031734182,0.006743405379072026,0.10839999432530356,0.23323122440267316,0.09570165993322585,-0.15899700541872766,0.08575764650631945,-0.040420082053618814,0.03801506452840514,-0.04280187105846068,715.5132798931861,714.8811143986039,583.3421669208311,608.0940506296846,0.0,0.0,0.0
20.592,-1.7899832471678705,-3.914942989040566,1.985181176835864,1.7788319475277183,2.560820720876229,105.48307961258384,-1.7981744746998591,-3.6175177914947234,1.9999999999999991,104.90205635303712,1.531399700863325,0.006607459488424468,0.11309822451738946,0.12814662316989994,0.11849100054760911,-0.10789232882840942,-0.039578576980461966,-0.1035003430293933,0.021751813970713796,0.03021772210652997,624.4572005198075,599.3419130299399,679.3390393418389,713.1579253355214,0.0,0.0,0.0
20.644000000000002,-1.8109573067532274,-3.838113871110368,1.987297626403932,1.8396832815780362,2.9312937419975587,105.25459048823443,-1.8201439144569995,-3.539334760901044,1.9999999999999991,105.04080497785829,1.5258860680902866,-0.0029093851765756235,0.1149556241075684,-0.020982274015860763,0.1232358247094519,-0.06866862447957897,-0.12507061884530057,0.048992154911077876,0.01694387646191678,0.023658019658846723,609.7677687174221,629.7678669195054,690.4529611769615,681.6712404453118,0.0,0.0,0.0
20.696,-1.831083592587293,-3.7612258573652104,1.9889657320422076,1.8597153626861556,3.2990696624754743,105.10639215225089,-1.8419246302993506,-3.4615039297917978,1.9999999999999991,105.43493175482725,1.5238016602129367,-0.014576455086519401,0.11571767240393957,0.01667963447699125,0.11813011536653514,-0.041577266075097014,-0.18549493893147528,-0.10069883285823483,0.0014395940587984546,0.025297237690150676,631.0776290932685,600.7821370419964,672.962746451827,700.9145325794675,0.0,0.0,0.0
20.748,-1.8504210423498972,-3.684126886401134,1.990088641899178,1.642559144292396,3.614896085441358,105.0281066276139,-1.8634130853807083,-3.3838755418039788,1.9999999999999991,105.55151215896105,1.5250049783390325,-0.028181214250476143,0.11363845194954039,-0.13861465614024587,0.0947141154961774,-0.021804576506996666,-0.20054169351613904,-0.050764675202641545,-0.0028437757466136596,0.022229013376806262,628.4399313325475,612.1934946880059,676.1022863602167,689.298012946345,0.0,0.0,0.0
20.8,-1.8691160540157044,-3.6067132769201344,1.9906196536600138,1.0205066845989572,3.8445936523356323,104.99389721173483,-1.8846058759966149,-3.3059504844500704,1.9999999999999991,105.52261993921205,1.528848905521699,-0.04016852890348181,0.10874067891106229,-0.23936337113588008,0.06421697191069335,-0.008128245266398463,-0.16890515571563358,0.00018884005598437947,-0.002783845344776492,0.017358999558971508,628.6332282623724,627.8567173366687,677.2822815863277,676.4566574697743,0.0,0.0,0.0
20.852,-1.887464511936148,-3.5289600982716425,1.9905875063371727,0.29084855602187065,3.9801526899846285,104.99078350099107,-1.9052704129939473,-3.2282705229501647,1.9999999999999991,105.49398465037028,1.5344543918990081,-0.04699235744759822,0.10219984920188738,-0.23805449780850885,0.03285864924883406,0.0023616788895431742,-0.1030409190723931,0.02178422160801309,-0.0010364685437165774,0.013009812999735318,632.9921161726953,639.1242633120271,675.5963549050344,669.2161389276137,0.0,0.0,0.0
20.904,-1.9057995978647435,-3.450894023399636,1.9900865318846226,-0.3324342202124081,4.025413507461357,105.01212293537952,-1.9254604906976507,-3.1503967817604175,1.9999999999999991,105.46866863707506,1.5409214988453834,-0.048005814345485974,0.09547482291484746,-0.18725673767575787,0.0036839804023007876,0.00991755955971205,-0.020300917635861837,0.0260245512623093,0.0025760218045312814,0.00929064973706965,639.1025411652598,647.4607251902831,672.4591819960707,665.8716845709115,0.0,0.0,0.0
20.956,-1.924399783546544,-3.372567786925977,1.9892518435103703,-0.7052787325267772,3.994783153902026,105.05230535580756,-1.9450992262948938,-3.0727314163162758,1.9999999999999991,105.44081511286115,1.547433786590635,-0.0442364751010993,0.08966080487221237,-0.05255981012820007,-0.01814876700437982,0.015626132722134083,0.06422506096496239,0.1016564609308745,0.01145776735880866,0.00580101884834695,633.5852221372513,666.3026891471781,678.8656358075182,653.4105644549704,0.0,0.0,0.0
21.008,-1.9434119844852433,-3.294033671394231,1.9882301789588712,-0.5631498717190534,3.9142401041418213,105.10570413094241,-1.9643749544039395,-2.9947890418629974,1.9999999999999991,105.41345401064105,1.5533729985159535,-0.03872220957974639,0.08565897117690982,0.06279829062013584,-0.033986144429186134,0.018036001017664897,0.13697530747368725,-0.05273724163087462,0.00855397846007538,0.0032491824176848,661.6221959209441,648.9466613186472,655.5866757254164,672.9326513210884,0.0,0.0,0.0
21.06,-1.9627888177041781,-3.2153173190090834,1.9871602927805372,-0.5310175042440183,3.78498317652887,105.1591625485956,-1.983315641560947,-2.9169572524573404,1.9999999999999991,105.38130051916383,1.558327806170866,-0.034706966354763516,0.08273718572877334,-0.02875067959247827,-0.04936114078776943,0.01710605854713258,0.2007040585636971,-0.014456326367669027,0.013694620044215448,0.0018141025602512418,658.7895466411492,658.5721509810254,659.6971110583282,667.670995961796,0.0,0.0,0.0
21.112000000000002,-1.9824978366194934,-3.136470985866593,1.9861636866405006,-0.7086931754264179,3.6212661057983375,105.20987874913916,-2.0021517338058534,-2.8387902312111803,1.9999999999999991,105.34948952219685,1.5619173297543925,-0.030420713390892883,0.08075667915135873,-0.0718482025140312,-0.05797653901297769,0.016010637664590602,0.2528754654698021,0.015509431798897499,0.01919536325962577,0.0005033234427341696,656.6543564853388,666.5158368918493,662.469821461223,663.5149676816228,0.0,0.0,0.0
21.164,-2.002586464969632,-3.0575850550158155,1.9853373576569349,-0.765568069468893,3.4508372260052615,105.25893488692746,-2.0209008664853805,-2.7606768342304635,1.9999999999999991,105.31275694238123,1.5639267614479861,-0.02444874656430628,0.08013173828569822,0.05602616337362585,-0.05489932341540503,0.015800488942243528,0.28629402196035647,0.0923671262173602,0.027639811846107615,-0.0011972275125321412,647.4345009051491,681.389767537564,670.4648546990837,652.0634510014241,0.0,0.0,0.0
21.216,-2.0230378542367142,-2.978735288488913,1.9847507056323512,-0.23443203972247698,3.3070668642404004,105.30564652422674,-2.0395987719932243,-2.682846635950498,1.9999999999999991,105.23424446337573,1.564423459899934,-0.019244121077299087,0.08137926563434528,0.24006999373403537,-0.0437676592549364,0.014532483837122679,0.2936362877704295,-0.04574105141141196,0.020485154433049067,-0.0033265912834206306,671.1827390368805,664.0711395430267,648.9430987325192,667.8525889235092,0.0,0.0,0.0
21.268,-2.043610746193178,-2.8999252074821307,1.984432497208315,0.3869762238290901,3.190137673653437,105.34046385019694,-2.0585205337354058,-2.604511614264342,1.9999999999999991,105.19380343252675,1.5637155091301131,-0.019360968344742,0.08348163214407692,0.1329262760691991,-0.03739911199077754,0.009610931427438145,0.28397596689708493,-0.09450123061477297,0.022228843342814414,-0.003091369927511724,677.1761065895754,656.806122133622,641.6660091197878,674.9991140955476,0.0,0.0,0.0
21.32,-2.064037127739504,-2.82113818447381,1.9843747243607859,0.3923499413375704,3.086187271639311,105.35912911775782,-2.0776739804810327,-2.5258271136285693,1.9999999999999991,105.14984015373244,1.5620338861644876,-0.02334718342392511,0.08543609129559805,-0.0719412677366883,-0.032569333692929046,0.0049876866339719885,0.2674204249766985,0.08882498337576464,0.03190516247107489,-0.002702276768273395,648.8798977438901,682.9623839960641,666.7555073604391,650.5090430203176,0.0,0.0,0.0
21.372,-2.084286860606924,-2.7424149111243037,1.9845502690657457,0.24608032835159227,3.011849693793042,105.37034734525491,-2.0969609270632414,-2.4471754131318146,1.9999999999999991,105.10941101165372,1.559527463529197,-0.026135971668024262,0.08731158256965114,0.013964362759281876,-0.018250662117945692,0.0038103555086318026,0.24414898254332273,-0.028195370925874225,0.02526608862823718,-0.0033412273195803062,666.8897226219093,666.0634665383018,649.558428417632,664.8509291568802,0.0,0.0,0.0
21.424,-2.1044006745821178,-2.663800653277348,1.984919053558822,0.3843010657984656,2.9815122732160213,105.37633520769879,-2.1162837106953187,-2.368803574478201,1.9999999999999991,105.06543189445554,1.556531841739615,-0.028338498056817606,0.08967038545656428,0.019528106489542105,-0.0060575452940071555,0.0005884766464908576,0.20990569372066292,-0.05463017213468335,0.023948157977394555,-0.0031999146031159395,669.8445615668911,661.1775989979805,645.3321274326496,667.83057730959,0.0,0.0,0.0
21.476,-2.124340463417819,-2.585299159964739,1.9854286356562778,0.2254455203504454,2.977012317467658,105.37110119242587,-2.1357835079014373,-2.2899652177093563,1.9999999999999991,105.02484843070044,1.5534132371576514,-0.030984271738641274,0.09154487021038492,-0.09524557948152883,0.0014637760388073275,-0.00297848898586003,0.17588393705769934,-0.005350476870425683,0.02455166870875144,-0.0026297507047011084,661.2619601711045,666.6983604900184,652.4123855322246,660.9724825005228,0.0,0.0,0.0
21.528,-2.1441725409861725,-2.5069296324342556,1.986020151340267,-0.1321298602299949,2.995066162162317,105.35818515995568,-2.1553205867994745,-2.211052961517258,1.9999999999999991,104.9807261530398,1.5503853029443242,-0.031421951891386954,0.09274703969049672,-0.12239558201130132,0.009394431300003291,-0.0050116517258470715,0.14581677510847735,0.14739568546192655,0.03058204501625717,-0.0025320969210766257,637.467391079995,687.9544288096835,672.7006714592889,639.2231511946804,0.0,0.0,0.0
21.580000000000002,-2.1640425350191994,-2.4287217306568345,1.9866346817434057,-0.16903426046383924,3.04644076096919,105.3432268097968,-2.17487451435417,-2.132008197739651,1.9999999999999991,104.93911924780983,1.5476544409679192,-0.028762078253785933,0.09387061875231353,0.08053633804851697,0.022749909006632756,-0.004942935341616221,0.11575218299672585,-0.052465502133505273,0.020790131491759435,-0.003105985951044122,667.8080152534943,658.830889324343,644.1169338107504,665.1537459201998,0.0,0.0,0.0
21.632,-2.183974262872133,-2.350656703322615,1.987217264608923,0.06675621599982452,3.124594474970608,105.32371062224797,-2.1943524919300827,-2.0531567081150675,1.9999999999999991,104.89255086477714,1.5455160769282519,-0.02680007741409878,0.0949348997893226,0.04290126047066825,0.027437821721950827,-0.007912167413777727,0.08726491158275806,-0.045793342715896385,0.018687762466092887,-0.0025807478027614055,665.8411137087276,658.1437139564936,645.5170317880504,664.0301537471154,0.0,0.0,0.0
21.684,-2.203891146016401,-2.272676527882104,1.9877198743395585,0.005636824726749951,3.2069125871421926,105.29553370870971,-2.2138186646396134,-1.9742649865209818,1.9999999999999991,104.84857406259286,1.5441428656208467,-0.026184999560355898,0.09518642396413804,-0.04262556200444904,0.027872322219617364,-0.010274105565369254,0.06931147231762469,0.11961795465787745,0.023836183109535995,-0.002043471240772113,640.1615542004082,680.9868934064822,668.8128891790769,641.3254649136413,0.0,0.0,0.0
21.736,-2.2238089465307374,-2.1947458516173604,1.9881032121847606,0.1656262985045647,3.298301498836685,105.26617055679111,-2.2331984952425756,-1.8956689465556487,1.9999999999999991,104.80000259057618,1.5435445738612241,-0.024875205168754192,0.09512866672202411,0.13293398406913584,0.032542204353623976,-0.009820698436585168,0.058205830114332224,0.04759943950762889,0.019504178366346075,-0.0026023461234865766,651.8415221984654,670.9151938277269,658.240359046568,650.166922020275,0.0,0.0,0.0
21.788,-2.2436627300936487,-2.1168036245257444,1.988346548644255,0.7792507761766968,3.3980824961754363,105.23640798401406,-2.252580764423436,-1.8170249290136367,1.9999999999999991,104.75426946289859,1.5437912253214159,-0.0260012088083112,0.09528878714373071,0.23429427281795742,0.033168127795986276,-0.010919234256728236,0.04943447275844426,-0.018313427683085484,0.015652234991983975,-0.0025287982553018166,661.591606517623,660.8349947589862,649.286687993324,659.0475846600158,0.0,0.0,0.0
21.84,-2.2632102629950563,-2.0387379958595444,1.9884343166754703,1.4120049300239466,3.489010035793892,105.20198651756908,-2.2718748332891563,-1.7386902534566036,1.9999999999999991,104.70478811538268,1.5449179758041571,-0.0327038041491481,0.0952334669421981,0.1675219188472074,0.026952490566569474,-0.01343447557448201,0.04776747407608595,-0.15648377404486224,0.007022599806773069,-0.0019197246823676115,681.3744430783408,638.8084641609214,631.2034523846412,678.1544322603604,0.0,0.0,0.0
21.892,-2.282211042149407,-1.9604427149902948,1.9883585183627008,1.3879268099564166,3.5430294865586096,105.15653377012443,-2.2911562110237695,-1.6602429104019598,1.9999999999999991,104.66074591099674,1.5467953935741852,-0.04379594751588224,0.09412941910950859,-0.12457726906279687,0.011113657970649355,-0.017126234022869686,0.06166718682502792,-0.05470336139604392,0.009399676198349513,-0.00054058548640404,665.2800195839867,652.3527295840315,648.1155041555077,666.4498229083794,0.0,0.0,0.0
21.944,-2.3006849655824118,-1.8818990498139174,1.9881381591793343,0.7049195378228991,3.5507466977347333,105.10376218327283,-2.310274709814661,-1.582049891433209,1.9999999999999991,104.6158948952574,1.549019792473068,-0.05273999226075331,0.09167366810458408,-0.2697372599743634,-0.0032362292321810706,-0.018002985053690947,0.09351214810679653,0.020821251337646507,0.012267780083962,-5.196158746840953e-05,654.0716057780265,663.5138149103641,659.8849480564317,657.4436735638507,0.0,0.0,0.0
21.996,-2.3189217976017993,-1.8031820655134057,1.9878186153659914,-0.08994176153666501,3.5220810993879774,105.05143590391394,-2.3292594000758045,-1.5036313821193334,1.9999999999999991,104.57639350820584,1.5511721901170428,-0.0549757584895873,0.08889832866861808,-0.2478479285581225,-0.01353669240780436,-0.01715632913210672,0.13169914286364348,0.043235077802635524,0.01538033552556585,-9.00711152071877e-05,651.270863284746,667.9761545357375,663.3853458372008,655.4442800992201,0.0,0.0,0.0
22.048000000000002,-2.3372636232842354,-1.7243968127901828,1.9874614912932518,-0.6866887745197013,3.4697162969280844,105.00297113958152,-2.347963407799424,-1.4253811017150138,1.9999999999999991,104.53357306835737,1.552943273677375,-0.050513649437506546,0.08685522951728757,-0.16371217428325574,-0.019629504284802268,-0.01604151611870757,0.16390723309513722,0.03999379308912644,0.01771198309548355,-0.0003746183608024497,652.5296863898999,668.9479718770526,662.9196505013608,656.5705435833039,0.0,0.0,0.0
22.1,-2.3559661057730197,-1.6456358403125309,1.9871260008271918,-1.0251615709819404,3.404980386776385,104.95780577532919,-2.3663620381768893,-1.347388321665814,1.9999999999999991,104.49210597435174,1.5541539035049716,-0.041456969099593025,0.08585539311192616,-0.08017928561165817,-0.022399018537927386,-0.015269105874972901,0.18517644045385573,0.030989849006916786,0.01914491852638199,-0.0005749437138822008,654.3825708857895,668.6302230114135,661.6391355041367,658.2650315615859,0.0,0.0,0.0
22.152,-2.375167796213349,-1.5669661805747186,1.9868568158654567,-1.1465857193848317,3.335911340501769,104.91430966796979,-2.38459617438213,-1.2692705382642646,1.9999999999999991,104.44350947248745,1.5547317062060737,-0.03009144012981742,0.08568247477596783,-0.01533546625265354,-0.02301191433749203,-0.015017681771923651,0.19619864699708622,0.022909557099009683,0.020587843536106945,-0.0007673472378405921,655.8395411723794,668.1914335963164,660.252878444029,659.5914935754676,0.0,0.0,0.0
22.204,-2.394907716533248,-1.4884303929908065,1.9866805184683232,-1.1086324459450918,3.2684936505783804,104.87096388817321,-2.402719408835115,-1.1911939939889997,1.9999999999999991,104.39445098543544,1.5546719438481884,-0.018224652597192807,0.08599534386322416,0.030925464123423153,-0.021628102836717185,-0.015077887022582333,0.19947210219252332,0.016609038795415556,0.02166643304197422,-0.0008588633023025195,656.7610002831664,667.6270984657818,659.1205662226529,660.5614397299303,0.0,0.0,0.0
22.256,-2.415152148395386,-1.4100507860349678,1.9866074983278161,-0.8920196178282358,3.2108015196429274,104.82746004897415,-2.4207618418041594,-1.1134959950122878,1.9999999999999991,104.33641548647537,1.554021993169687,-0.007119837699917121,0.08657469124870706,0.1357094431003961,-0.016095465633118134,-0.01458102094497235,0.1968154881427634,0.11172821949622799,0.02717734694440977,-0.0013355157325765552,642.7729775433211,682.1900381570891,671.031059616187,646.9103358026848,0.0,0.0,0.0
22.308,-2.435771881590414,-1.3318190433388712,1.9866340124712245,-0.17333807792079683,3.177719078673658,104.78515060715613,-2.438976520067924,-1.035555324786346,1.9999999999999991,104.27841963457547,1.5529247269298971,0.0007902926522532477,0.0874997444460908,0.2582570696104846,-0.00898520949415878,-0.01492100806858743,0.18756422431549935,-0.08797907525899344,0.018925383233423552,-0.0015312113653557853,672.512760265352,652.9244906723044,643.1150796242453,673.6403171611969,0.0,0.0,0.0
22.36,-2.456467300363352,-1.2536719652913615,1.9867459388014044,0.32100048496649597,3.1518743970295184,104.73510787596042,-2.457518589590793,-0.9570807842870369,1.9999999999999991,104.21161956096323,1.551588262009255,0.0023465630005822654,0.08824601752134009,0.09806284539665924,-0.008634480060473688,-0.017806170653529033,0.1773262469405995,-0.043786216176997,0.02085428872122642,-0.0008207958212353415,664.8296427196608,658.3133268671814,650.0268710930699,668.4599251277372,0.0,0.0,0.0
22.412,-2.477014292851191,-1.1755620597701553,1.986928186510756,0.389447222438052,3.1298072668749044,104.67856581227323,-2.476422536367476,-0.8780784103491879,1.9999999999999991,104.1480909182059,1.550059065461174,0.0006611562183239314,0.0887681241302127,-0.012403238153890278,-0.006287342049882379,-0.01924544333241587,0.16702835992951526,-0.00367610567174883,0.023221853630022594,-0.00043474370601920406,658.027163396678,663.5876874699729,655.7654077780145,663.4315703612597,0.0,0.0,0.0
22.464,-2.4973684581030526,-1.0974871439670062,1.9871608062876958,0.44097335067640037,3.1264653617630316,104.6213682814493,-2.4955186086728562,-0.799143696557976,1.9999999999999991,104.01433966916517,1.548395665379355,-0.0010640696380978727,0.08931748941894686,0.08817533332240658,0.0037424290616760872,-0.01840441797152143,0.15483443995472912,0.036771719201502136,0.022163454042898455,-0.0023165135302073755,654.7356963380901,671.4443104630664,658.8138820598366,654.6321640142796,0.0,0.0,0.0
22.516000000000002,-2.5174900385234,-1.0194371312394288,1.9874198870261617,0.8644151679402341,3.155758196684658,104.5655666748981,-2.514779818914568,-0.7201667533090679,1.9999999999999991,103.9445437554388,1.546818199423822,-0.0042634662504531864,0.09032989320473392,0.1203926264488209,0.01201900157276129,-0.01939403164150338,0.13722315947138952,-0.07669239066029676,0.020459602261965637,-0.0022391536443792516,670.6124407219718,654.6590461670575,642.4174386718726,670.2444885225885,0.0,0.0,0.0
22.568,-2.537228205659522,-0.9413594382324937,1.9876788693643186,0.9380204813769596,3.197315646129066,104.50380738346496,-2.5340829622142884,-0.6413647297691263,1.9999999999999991,103.8810554757684,1.545578079320267,-0.01056423451712919,0.09129109246506616,-0.03470565502878699,0.014431030150065438,-0.021469852106509427,0.12010509985359963,-0.026056630449168835,0.02000670679047528,-0.0015120245966286018,662.1803589521237,660.4605655464094,650.5062311955669,663.6847096527929,0.0,0.0,0.0
22.62,-2.556555824207716,-0.8632275146109406,1.9879119037927915,0.6733314933199023,3.243840539810355,104.43826842402099,-2.5533701162064744,-0.5626580019588582,1.9999999999999991,103.81370410001597,1.5447551203279517,-0.016479884482261026,0.09181560391959843,-0.10994582442138605,0.01583311023588901,-0.02210887367616611,0.10810277701157289,0.008441584501499629,0.019268640442930956,-0.0013097786604299535,656.8154651548563,664.6992793335295,655.5853840177141,658.6827657925247,0.0,0.0,0.0
