Time_s,X,Y,Z,Roll_deg,Pitch_deg,Yaw_deg,Ref_X,Ref_Y,Ref_Z,Ref_Yaw,vx,vy,vz,p,q,r,T_pert,tau_x,tau_y,tau_z,RPM_0,RPM_1,RPM_2,RPM_3,Wind_X,Wind_Y,Wind_Z
0.052000000000000046,-1.99999999999513,-16.499999999995904,0.010054993638416625,5.075023233647398e-09,4.2640479135854015e-09,89.99999999860697,-2.0,-16.5,0.014464867854085735,89.99999999971945,6.920813531541896e-11,-8.116297605360607e-11,0.0009999495451582657,0.0,0.0,0.0,0.13171124223562425,-3.08617787627388e-10,-2.602691177563497e-10,2.3095623720018188e-11,658.9282771098499,658.928276947547,658.9282770858695,658.9282770996633,0.0,0.0,0.0
0.10400000000000009,-1.999999999993841,-16.499999999994802,0.010106992897434839,6.417038257852583e-09,5.413760191499433e-09,89.99999999903874,-2.0,-16.5,0.027872386655924238,89.99999999971945,6.300797238147828e-12,-7.016100175086206e-12,0.0009999974114984975,0.0,0.0,0.0,0.5603956253132785,-2.9977875708074234e-10,-2.5327317884951207e-10,1.4131952366809538e-11,668.373538968513,668.3735388129576,668.3735389228435,668.373538935924,0.0,0.0,0.0
0.15600000000000014,-1.9999999529826058,-16.500000008811618,0.010349896507691159,0.00041124167568507496,0.0003661500880599133,90.00031900730508,-2.0,-16.5,0.04988052804296929,89.99999999971945,2.8103679896377083e-07,-1.518291105012566e-06,0.01050019921197353,0.0,0.0,0.0,1.1655598968032912,-1.962225663784071e-05,-1.637023106612461e-05,-6.622741928354887e-06,681.4982468521799,681.4883182380803,681.4750704081895,681.4759675106304,0.0,0.0,0.0
0.20799999999999996,-1.9999997020982165,-16.499999839400797,0.01181615053373785,0.0010533560329859322,0.0009699710418295727,90.00085155376885,-2.0,-16.5,0.07930197671112212,89.99999999971945,5.3398456386171565e-06,-7.1260134828159126e-06,0.04299525178790915,0.0,0.0,0.0,1.7432043007288365,-5.3629347979654604e-05,-4.803149397436654e-05,-1.767864766100714e-05,693.8050212377167,693.7774749404028,693.7439114342196,693.7454283457542,0.0,0.0,0.0
0.26,-1.9999989419893764,-16.49999919579366,0.015591981476283498,0.0014235653575264766,0.00144427998818335,90.00132429920565,-2.0,-16.5,0.11471958995594747,89.99999999971945,1.50139954518458e-05,-1.7423816366869425e-05,0.09517997459349203,0.0,0.0,0.0,2.2454895109562942,-8.098223310949136e-05,-7.917609371148817e-05,-2.749305699491589e-05,704.3319430251498,704.289194251226,704.2389719779934,704.2394541138242,0.0,0.0,0.0
0.31200000000000006,-1.999997483582997,-16.499997831447477,0.022621403762691422,0.0012460233584698655,0.0016331881053721173,90.00168669030218,-2.0,-16.5,0.15478502333384972,89.99999999971945,2.7903502843968423e-05,-2.984240142580484e-05,0.16431825999749589,0.0,0.0,0.0,2.6257511204473474,-8.743273494428842e-05,-0.00010204232014375639,-3.5016460254607055e-05,712.1961504011467,712.1461347398217,712.0831912094279,712.0793342357696,0.0,0.0,0.0
0.3640000000000001,-1.9999954186447004,-16.499995643838595,0.033663944956502906,0.0003820042694513643,0.0014193241345865342,90.00192994042081,-2.0,-16.5,0.19834257833568275,89.99999999971945,4.2013304593632535e-05,-4.0724014512946134e-05,0.24630573847792475,0.0,0.0,0.0,2.862889771756895,-6.325470042109428e-05,-0.00010975256477868782,-4.0066442863981556e-05,717.0526633056618,717.0073041073783,716.9339338153036,716.9217412270493,0.0,0.0,0.0
0.41600000000000015,-1.9999932090156332,-16.499992749283816,0.049238736138367545,-0.0011133124389289182,0.0007400034425645846,90.00204943070817,-2.0,-16.5,0.2444608221996299,89.99999999971945,5.49791072296779e-05,-4.5916028108740486e-05,0.33631035457288827,0.0,0.0,0.0,2.9578792025156675,-6.1513785859434285e-06,-9.710964940968915e-05,-4.2547115336246424e-05,718.9811365453522,718.9541364406547,718.8713510224673,718.8475641934856,0.0,0.0,0.0
0.4680000000000002,-1.9999916578742962,-16.499989521389598,0.06961259730338766,-0.0029402265604683664,-0.00037951729258055826,90.00204742213509,-2.0,-16.5,0.2924195984772765,89.99999999971945,6.40995065014047e-05,-4.105707636305957e-05,0.42951947949409447,0.0,0.0,0.0,2.926382253464472,7.619594671733561e-05,-6.202483975021549e-05,-4.250541645015424e-05,718.3248613155206,718.3285700018455,718.2366355472728,718.200456669635,0.0,0.0,0.0
0.5200000000000002,-1.9999917371455687,-16.499986573584273,0.09481460623992269,-0.004619479239571439,-0.0018356634858973401,90.00193096795516,-2.0,-16.5,0.34167886329040315,89.99999999971945,6.650075646551224e-05,-2.2292255126340938e-05,0.5215929533475062,0.0,0.0,0.0,2.7928262804153086,0.00016801325954414207,-5.280184421920696e-06,-4.0087774942280476e-05,715.5784135638064,715.6211643369146,715.520149487979,715.4746179386824,0.0,0.0,0.0
0.5720000000000001,-1.999994309113136,-16.499984688171143,0.12467351551246217,-0.005586221731260057,-0.0034499359220936756,90.00170558432755,-2.0,-16.5,0.39184322955345763,89.99999999971945,5.925249641329041e-05,1.2776144173332924e-05,0.6090314357232611,0.0,0.0,0.0,2.5844405513375825,0.0002481906114731249,6.938893733486522e-05,-3.5408708776176785e-05,711.2809871070949,711.3649184264898,711.255588320117,711.2083277818557,0.0,0.0,0.0
0.6240000000000001,-1.9999998123280653,-16.499984701159224,0.1588641418227955,-0.005232828741023332,-0.0049229678335637106,90.00139654364514,-2.0,-16.5,0.44262887758017755,89.99999999971945,3.9184894833011464e-05,6.439207906202879e-05,0.689247435087832,0.0,0.0,0.0,2.332542362998047,0.00029095694804852405,0.00015310613554754592,-2.8992884271674838e-05,706.0584043905252,706.1766284944075,706.0608146059608,706.0241103136658,0.0,0.0,0.0
0.6759999999999999,-2.00000795819052,-16.49998733409144,0.19696142629570892,-0.0030989573971030105,-0.005889692408621382,90.00103375236597,-2.0,-16.5,0.49383549335215265,89.99999999971945,3.971174400702335e-06,0.00012829603294403532,0.7608297740153025,0.0,0.0,0.0,2.064372153613343,0.0002716531196244889,0.0002331105751525354,-2.146117303934392e-05,700.4646706236482,700.6001266185854,700.4815733568128,700.4712294352438,0.0,0.0,0.0
0.728,-2.0000175361395103,-16.49999300517072,0.2384931306565976,0.0008953118197656804,-0.00599258650048185,90.00063903796726,-2.0,-16.5,0.5453238070757378,89.99999999971945,-4.663303477732193e-05,0.0001935300861468309,0.8230421192875068,0.0,0.0,0.0,1.787775358156189,0.00017444313810185627,0.0002950160775138581,-1.32667233898165e-05,694.660667933084,694.7877030512898,694.6729670323663,694.7055955689744,0.0,0.0,0.0
0.78,-2.000026433331739,-16.50000165993206,0.2829615864142935,0.0063363027288065735,-0.004923981828633463,90.00023821403245,-2.0,-16.5,0.5969983116619322,89.99999999971945,-0.00011003238203697541,0.00024263651768838276,0.8756391185363158,0.0019557817946537813,0.0005363858192133219,-0.000131911453572964,1.5179204332840097,-0.000754986933584025,0.0001164750658802042,4.312125462890769e-05,689.0332781268074,688.859048489216,688.9416793334148,689.1794341965884,0.0,0.0,0.0
0.8320000000000001,-2.000031943081722,-16.500012652317935,0.329874046187484,0.01126930098266893,-0.0026841273906420484,89.99992812923125,-2.0,-16.5,0.6487943519941035,89.99999999971945,-0.00017776894941608695,0.0002422899630756147,0.9188981140203936,0.0,0.0,0.0,1.2656882268029506,-0.0002097271121259099,0.0003074893028585702,1.4920638789802464e-06,683.6140048101197,683.6408885558914,683.5603180157174,683.7025471682543,0.0,0.0,0.0
0.8840000000000001,-2.0000317010924578,-16.500024768867245,0.3787616754104692,0.014476915757593826,0.0007577326911249089,89.99962060125415,-2.0,-16.5,0.7006687011803814,89.99999999971945,-0.00024116149027857391,0.0001801525777403584,0.9534171560422464,0.0,0.0,0.0,1.038747383826573,-0.00040919326476672284,0.00023741832823237898,7.876483936130939e-06,678.7711794575783,678.7236032337388,678.6790544411831,678.8581398037652,0.0,0.0,0.0
0.9360000000000002,-2.0000242995767343,-16.50003625520102,0.429196310092399,0.015407683287059513,0.005363688707505072,89.99935328937464,-2.0,-16.5,0.7525928132735092,89.99999999971945,-0.0002903706055191309,6.316343713370383e-05,0.9800623370014957,0.0,0.0,0.0,0.8413171470839664,-0.0005727945187228008,0.00010194288865071829,1.3425999597701354e-05,674.5388238713234,674.4075864396362,674.4155590155029,674.6036140683887,0.0,0.0,0.0
0.9880000000000002,-2.0000095270743983,-16.500044870117758,0.4807990784382704,0.012934745068783267,0.010648748769178165,89.99915119777826,-2.0,-16.5,0.8045480718714193,89.99999999971945,-0.0003097040385736758,-0.0001052848679633769,0.9998408854245016,-0.001335366567233189,0.0017740152948602622,-5.006197026434529e-05,0.674984745348457,-0.000134589892527124,-0.0007788023553373681,3.58633955332114e-05,670.9549002775841,670.6989325653728,671.0148903663786,670.8343834995294,0.0,0.0,0.0
1.0399999999999998,-1.9999887659081297,-16.500048185475237,0.5332466626270749,0.007927683894379754,0.014543478911793811,89.99907071195267,-2.0,-16.5,0.8565224933733967,89.99999999971945,-0.00026606211065878526,-0.00028617571374880106,1.01384717754513,-0.0010713414771156694,0.0005717909704272218,-1.0841419290074657e-05,0.5389273332455726,-0.00022273877466761195,-0.0005219584469929441,2.3242896629305774e-05,667.9767102723579,667.7670940421317,667.9776270127206,667.8934111407336,0.0,0.0,0.0
1.0920000000000003,-1.9999645383460958,-16.500044490162818,0.5862722459501643,0.0018768814562999288,0.01575446402704454,89.99904284988304,-2.0,-16.5,0.9085084704357089,89.99999999971945,-0.00015179529394238398,-0.00043560145858497396,1.0231358524622336,-0.002263838008950211,0.0001125377303779212,-2.3037773306118077e-06,0.43105466714416707,0.0003184853131893427,-0.0005117086469889183,2.0710328303189396e-05,665.5367346420795,665.4821533649066,665.6835603392833,665.4490691218546,0.0,0.0,0.0
1.144,-1.9999398280079879,-16.500033347194055,0.6396600655977395,-0.004259565938035242,0.014796451470335911,89.99906200033006,-2.0,-16.5,0.9605012471176991,89.99999999971945,2.0365062131656317e-06,-0.0005324163026299521,1.0286498066404115,0.0,0.0,0.0,0.3488407104048594,-0.0004179301988367733,-0.0005898642378157852,1.9473292062598683e-05,663.8450282691663,663.5595737132843,663.7802925552855,663.7315967236343,0.0,0.0,0.0
1.196,-1.9999175728047007,-16.50001538669845,0.6932415195197116,-0.009780262874080934,0.011718824001155755,89.99911996839096,-2.0,-16.5,1.0124979011985416,89.99999999971945,0.00017510016840253668,-0.0005642777166203389,1.0312758703305298,-0.0018310834803799323,-0.0012925491075754785,2.1111742143915006e-05,0.2888658016017942,0.00045882222752366273,-0.00015116751356800378,1.0577024842697986e-05,662.3482812299902,662.4355958324447,662.5076771288293,662.3345653156932,0.0,0.0,0.0
1.248,-1.9999003135378002,-16.499992196887398,0.7468915919178143,-0.013842904013437385,0.0072650304096285425,89.99919544359162,-2.0,-16.5,1.064496673314947,89.99999999971945,0.00033832605219633765,-0.0005275137889162834,1.0318037317339939,0.0,0.0,0.0,0.24731162464653877,-6.445128213119332e-05,-0.0006466875543644545,1.6702949528249102e-05,661.5665780679525,661.3644691256902,661.594412616757,661.4289499248308,0.0,0.0,0.0
1.3,-1.9998899024789334,-16.499966016047914,0.8005213778186423,-0.01636855877803705,0.0014878517636656415,89.99929582453778,-2.0,-16.5,1.1164965302517904,89.99999999971945,0.00047810013995830636,-0.00043280913302717395,1.0308710491027384,-0.0006418355169809262,-0.002049982036012505,3.0634494567302346e-05,0.2207250508858003,0.00036215766652445807,0.00021818498993490993,3.456213600268714e-06,660.8133249868907,660.9784032173222,660.925904151264,660.884951775125,0.0,0.0,0.0
1.352,-1.9998873709745346,-16.49993958356304,0.8540717163419416,-0.016943966781891473,-0.004406247513886144,89.99939690102669,-2.0,-16.5,1.1684968843679677,89.99999999971945,0.0005668859289104866,-0.00029028962330415525,1.029001479317439,2.7717005330044866e-05,-0.0004008347736433178,8.219069509638709e-06,0.205837726228145,0.0002570852951717939,-0.00028779526384239995,9.525687797670588e-06,660.5623794217936,660.5536395159083,660.6618958170114,660.506831679191,0.0,0.0,0.0
1.4040000000000001,-1.999892854582296,-16.49991572803907,0.9075069295315041,-0.01566357451289466,-0.010493207366988885,89.99950375198524,-2.0,-16.5,1.220497415856103,89.99999999971945,0.0006045358021497437,-0.00011837984664933399,1.0266035302130931,0.0006302619280255048,-0.0019364175436720344,3.1308836899733426e-05,0.1997712670127001,0.00013778600227685165,0.000491937587254806,-1.1061752911745141e-06,660.3487918822552,660.5280405681968,660.3849545723032,660.4857630876015,0.0,0.0,0.0
1.4560000000000002,-1.9999056157256345,-16.499897211948984,0.9608096180357941,-0.012813829379280807,-0.01564430356284186,89.99961536432423,-2.0,-16.5,1.2724979618824201,89.99999999971945,0.000574881484560535,6.126972866924625e-05,1.0239876305947913,0.001250708351375808,-0.0016919408428352225,3.914873646541804e-05,0.200031760969809,-3.7323641286151536e-05,0.0006179654688442175,-6.280047910946622e-06,660.3687096985399,660.5339841913411,660.3407008990032,660.5272279810686,0.0,0.0,0.0
1.5080000000000002,-1.9999241683170523,-16.499886395238732,1.0139755854355141,-0.008568469982029356,-0.019769480124280762,89.99971016772281,-2.0,-16.5,1.3244984486536717,89.99999999971945,0.000486063511848849,0.00023277486953785718,1.0213739638926218,0.0,0.0,0.0,0.2045926405514802,0.00044870801274297944,0.0002108386863980909,6.017043490195675e-06,660.4414482023059,660.6291583980408,660.5858082653845,660.5181112062352,0.0,0.0,0.0
1.5600000000000003,-1.9999464030749734,-16.499885068151073,1.0670098616869823,-0.0030219157333769378,-0.02220322971552763,89.99981369548789,-2.0,-16.5,1.3764988506491467,89.99999999971945,0.0003384083431351169,0.00038152101023748296,1.0189126314542194,0.002046855814451607,-0.0005883426405814962,2.857172126103526e-05,0.21182209266284246,-0.00040565434099948644,0.0006783296894534424,-6.5433760352910756e-06,660.6739129129512,660.7514968053322,660.5403688853601,660.8488016325041,0.0,0.0,0.0
1.6119999999999999,-1.9999697015579718,-16.499894192149196,1.1199235365578692,0.00256291398810386,-0.02243059653388721,89.9998973476124,-2.0,-16.5,1.4284991667760276,89.99999999971945,0.00014146518381988235,0.00048027967025543667,1.016698926283342,0.0,0.0,0.0,0.22043329509928178,0.0002683368482687197,0.0006608234795758273,2.131104224363924e-06,660.7590949055902,661.0233960265315,660.8413292588187,660.9529717026974,0.0,0.0,0.0
1.664,-1.9999913424141336,-16.499913686802905,1.1727310803247961,0.008385476778185281,-0.020074151908593477,89.99997288342037,-2.0,-16.5,1.4804994068808615,89.99999999971945,-9.029564922974532e-05,0.000531035858518924,1.014779106822066,0.0017360655125069607,0.0011134099121296933,1.9504109065329642e-05,0.2295129463347152,-0.0005710054110338307,0.0003788559452202738,-6.544078335170016e-06,661.1314272490918,661.0767876289428,660.9509452615694,661.2210552253249,0.0,0.0,0.0
1.716,-2.0000087266664397,-16.49994227407512,1.2254485043081473,0.012047165436508868,-0.015345434032680435,90.00003170783872,-2.0,-16.5,1.532499584465665,89.99999999971945,-0.00033033554768420665,0.0005003979079041749,1.01317365055796,0.0010257979239419953,0.0019627393516970424,1.794655477546073e-05,0.23835120579654934,-0.00045791106510436913,0.00011829208011487793,-7.197748862957026e-06,661.3487335507983,661.2521881744535,661.1986594123521,661.3624648117351,0.0,0.0,0.0
1.768,-2.0000201491823746,-16.499977561833944,1.2780920222680774,0.013693591750822416,-0.008700739716999525,90.00007098468143,-2.0,-16.5,1.5844997130254859,89.99999999971945,-0.0005518958425859229,0.00040966463351055664,1.0118743274732762,0.0001984796058529822,0.0023193156406469437,1.0403608331009908e-05,0.24651328735109423,-0.0002777945176832088,-4.202473177102549e-05,-5.26460955064277e-06,661.5236812210003,661.4327888596663,661.4301841869504,661.4971912351638,0.0,0.0,0.0
1.82,-2.0000249424057674,-16.500016343156673,1.3306768814744634,0.013039743678506386,-0.0017839449912531859,90.00009631212457,-2.0,-16.5,1.6364998044288213,89.99999999971945,-0.0007152625778005432,0.0002734976176014082,1.010858673195023,-0.0004488349952638084,0.0022989940140015186,6.430576729939047e-06,0.2537345789083183,-0.00011985307442776417,-0.00011725331000527947,-4.3427015039311475e-06,661.6702534574463,661.6028841484434,661.6242027387201,661.6249414261615,0.0,0.0,0.0
1.872,-2.000023491590059,-16.500055287982256,1.3832164485192213,0.011282034845961068,0.004817716857677494,90.00598147844197,-2.0000000731674685,-16.500000137727003,1.6884998683967287,125.22011640082312,-0.0008103750601866543,0.00012765785456979024,1.0100557613016212,-0.00042529960767958696,0.002145258242784418,0.010248937785405463,0.260286740820451,-0.00019139505884103536,-0.00019066535946067164,0.08,540.17363123974,540.0406499706306,764.3149794123719,764.3151588898263,0.0,0.0,0.0
1.9240000000000002,-2.000014393044816,-16.50009124224539,1.4356477412742774,0.08946432320914541,0.010388204050992153,90.29531438127155,-2.0000022052273825,-16.500004444610347,1.7404999125307017,125.22006968756273,-0.0008312858867371931,0.0010219685736454387,1.0074200509927134,0.05069601200376077,0.0017414499402751468,0.13890969385787771,0.2883176778358596,-0.02247134963949705,-0.00020400239714199204,0.08,544.7924272035591,536.910829892391,762.1100562846129,767.583144981332,0.0,0.0,0.0
1.9760000000000002,-1.999958422890631,-16.500121292713203,1.4880275195568955,0.3132250491418785,0.012722190151436451,90.84283590064973,-2.0000049127542106,-16.500015206134258,1.7922370210453977,125.22009670296123,-0.0007677395811686693,0.003270362516496762,1.0073902246756146,0.08463645397720601,0.0012642560818059035,0.21247922400422836,0.2839047846257685,-0.04335164140167348,-0.00014565095329604252,0.08,548.2609850088164,533.1377497683328,759.4421766697217,770.063077001827,0.0,0.0,0.0
2.0280000000000005,-1.999755495768167,-16.50014250193934,1.5404155878652777,0.5556683917524022,0.010391194284940513,91.59681819472003,-2.0000030761684577,-16.500031338600742,1.8400654457389554,125.22038496975416,-0.0006612780410718098,0.003859624867870062,1.0072849849325605,0.07486159348317657,0.0011595308295388677,0.2802804534287119,0.15438558503636202,-0.050055814421329725,-8.041814289835435e-05,0.08,545.952676344202,528.4069908085132,756.1124129234266,768.4373013599132,0.0,0.0,0.0
2.08,-1.9992973429519774,-16.500151205458227,1.5926827586107595,0.7308196430803064,0.0032243410295768964,92.55002918000471,-1.9999809535730548,-16.500050889576706,1.8804669274779402,125.22111269737199,-0.000602317927829149,0.0013974810941436713,1.0027438893449157,0.04685526059536614,0.001333742543045742,0.34667777883337525,-0.16644359958801047,-0.05008521503295702,0.0001382030550340365,0.08,537.2712351241562,519.5008632958434,749.8606418047262,762.3477810583921,0.0,0.0,0.0
2.1319999999999997,-1.998511551851846,-16.500143382318992,1.6444105410081253,0.8166607053906981,-0.007749658786980915,93.69933306086469,-1.9999132231051981,-16.500071139760955,1.9127221006331416,125.2225870613203,-0.0007069213974975826,-0.0038113476248246604,0.9877454396205314,0.016855287774708055,0.0018046949958186898,0.4121332504185829,-0.6294059518147286,-0.04851748947637588,0.0005994544021243607,0.08,524.1631685130907,506.6859531846104,740.9231185481999,753.2822904705627,0.0,0.0,0.0
2.184,-1.9973736177949026,-16.500115684968186,1.6948907228772996,0.8177476638747989,-0.020118275940724434,95.04197504014707,-1.999756235208051,-16.50008919596025,1.9374926951942517,125.22467097592367,-0.0010941424084051216,-0.010845402216831512,0.9573736309673473,-0.010099443522231659,0.002763896804144595,0.47660494239724205,-1.142533289529947,-0.04659312716484959,0.0012757373348226324,0.08,509.1664913873881,492.1503251847565,730.8858214938164,743.0962042871711,0.0,0.0,0.0
2.2359999999999998,-1.995900945529904,-16.500066175664347,1.7432578287535154,0.7456147542548802,-0.03017848839445769,96.57466835517832,-1.9994569149027175,-16.500101773489217,1.9559718875095369,125.22771453800377,-0.0018579974870411443,-0.018684369180511022,0.9098945842361242,-0.0327411238339413,0.004411726165204788,0.539878321171062,-1.6229600870936345,-0.044223244446102816,0.0020554126138717494,0.08,494.57107213391225,478.2741396363831,721.411913809569,733.3724449457535,0.0,0.0,0.0
2.2880000000000003,-1.9941415622226293,-16.49999450837513,1.7886451443455835,0.6149594030308367,-0.03339686942195845,98.29352976648624,-1.9989600971926518,-16.500105158992692,1.969444447485329,125.23117933953542,-0.0030368366979682004,-0.026347019571374114,0.8462744361502287,-0.05002333559202231,0.006846478898590231,0.6017581588954846,-2.011289572024663,-0.04134843742462874,0.002766845505755098,0.08,482.2435083736729,466.96121281535557,713.7746733115118,725.3005485569884,0.0,0.0,0.0
2.34,-1.992163044899361,-16.49990163289381,1.8303026091148134,0.4439395944791888,-0.02522728842723619,100.19395073191299,-1.9982428669627095,-16.500096724493346,1.9790811110268332,125.23552144576846,-0.00458717576913114,-0.03295663757326618,0.7695450969833172,-0.060900135499670285,0.009954962997372276,0.6619996890926839,-2.275744022782284,-0.03817737877034785,0.003228484231940464,0.08,473.4252911569564,459.33790621705754,708.6884038198754,719.5881871193021,0.0,0.0,0.0
2.3920000000000003,-1.9900429828632917,-16.49978912051759,1.8676795264694237,0.25356274250736194,-0.0019480101711756854,102.27078688175563,-1.9972918519273897,-16.500074128855985,1.9858613204030369,125.23992966612825,-0.0063739972344419,-0.03783104750834551,0.6838848498335324,-0.06465708655536968,0.013492636331651245,0.7204834682973918,-2.4082723344929544,-0.035096580337480865,0.003238699211529197,0.08,468.6867298047083,455.72933340507325,706.3521262705194,716.4822008183228,0.0,0.0,0.0
2.444,-1.9878614279625189,-16.49965819418254,1.9004507298274063,0.06568871725758307,0.03828129316609807,104.51854804798599,-1.9961036907611445,-16.500035366912588,1.9905620541967308,125.24496975016514,-0.008179407259553965,-0.040570821850813434,0.593732599257618,-0.061464118296827464,0.016930243194473792,0.7771264123697657,-2.417056959615785,-0.03246963974981494,0.0026858232412042228,0.08,467.9927702629594,455.87171542423897,706.5911080067319,715.8832686852959,0.0,0.0,0.0
2.4960000000000004,-1.985694831550317,-16.49950858076949,1.928516838353467,-0.09965744303354206,0.09462064029689206,106.93165934017532,-1.994695041477202,-16.499979358967966,1.993777241743015,125.24971237886714,-0.009735267851774596,-0.04110614878710765,0.5033375036853333,-0.05230573570345174,0.019617614212032383,0.8319327274352721,-2.3214906204602865,-0.03062062166383354,0.0015543495705341633,0.08,470.82679209270447,459.07454802227267,708.9617963098889,717.4427325736206,0.0,0.0,0.0
2.548,-1.98361125303046,-16.499337442921792,1.9519753813013723,-0.23419906063046322,0.16307370367791585,109.45543952167189,-1.9930953854360447,-16.499905250061772,1.995948373820355,125.25479725378125,-0.010749673690740117,-0.039718636085487306,0.416082481851792,-0.046819301980958454,0.020795369754653296,0.8424343446136886,-2.1436319915714814,-0.026406920819317482,-4.4737919983049365e-05,0.03117448962349014,561.8173614498515,552.8954427269607,647.8248467433515,655.4302157295537,0.0,0.0,0.0
2.6000000000000005,-1.9816712553353557,-16.49914055218697,1.9710649826768967,-0.4029595655515507,0.23595868120011873,111.89201337878333,-1.991351333752463,-16.499812759883405,1.9973963845320741,125.25932103234409,-0.01089376721041713,-0.03706998133864368,0.33452797475535034,-0.07048023606560935,0.018991458244731887,0.7981133581522588,-1.9058370098608512,-0.007792783834870556,-0.0016512890055762775,-0.004506375496462295,620.1807257479479,617.3113644414095,604.3342568448487,606.2416946649437,0.0,0.0,0.0
2.652,-1.979948719083184,-16.498921589899858,1.9861723906368154,-0.6459647961738136,0.3043606752433871,114.16376690337147,-1.9895098741759618,-16.499700504381206,1.9983502602015535,125.26391396625426,-0.01002339661452451,-0.03291829716538968,0.2613624990886134,-0.09280236907596802,0.013670461774278931,0.7365303559218633,-1.6394299080039045,0.015506143974761206,-0.0029026987525634118,-0.030520215468724868,660.1802470649051,663.7594754152886,574.537242999332,568.4818638875857,0.0,0.0,0.0
2.7040000000000006,-1.9785429910053458,-16.49870209685168,1.997770817501775,-0.914849259545601,0.36003000449266215,116.23163828503586,-1.98763229881581,-16.499568311280367,1.9989707584948548,125.26771297643894,-0.008148490291964867,-0.026481529387065668,0.19768205272299325,-0.09182495620037252,0.006045432984011171,0.664416872857092,-1.365047398517822,0.03370227339615563,-0.003962886548097767,-0.048284538256481914,687.8515124385652,695.9319007319816,556.1419813802949,543.2609311437226,0.0,0.0,0.0
2.7560000000000002,-1.977561032824991,-16.498519552135573,2.0063590142736625,-1.1383786802143776,0.39604902724205393,118.07427670251786,-1.985776614221424,-16.499416206752677,1.9993691106817555,125.27108850282373,-0.005409323046082784,-0.01760898692538596,0.1437669961235633,-0.06806465110421253,-0.0025457216317869786,0.5870403023240793,-1.097730727787329,0.04408415435158711,-0.004956531878257241,-0.05944747794058019,706.8434070687082,717.1742657677929,546.6955705145916,529.5635720771761,0.0,0.0,0.0
2.808,-1.9770899633324521,-16.498416739148446,2.0124325347629153,-1.2661690381695363,0.4067940134628458,119.68452635310662,-1.984017158644817,-16.49925039870545,1.9996212543378067,125.27327321171104,-0.0020583309745438962,-0.006944298247437039,0.09937460657991995,-0.03122414002401957,-0.011370412347826655,0.5089475324923193,-0.8484270123588968,0.047593630173993956,-0.0056898476117381,-0.0653434400540835,719.1625556432672,730.0341746241721,544.2503411535394,525.5233067267064,0.0,0.0,0.0
2.8600000000000003,-1.9771763041524957,-16.498430270389974,2.0164581695646473,-1.2784986760785804,0.3884395987612499,121.06612246436342,-1.9824321907608724,-16.499082615949085,1.999778376327457,125.27439112756612,0.0015670866264536685,0.004425549536384426,0.06369830140934335,0.008561984773850418,-0.019969137546842465,0.4330352853753823,-0.6224297505943148,0.046203283195526634,-0.0058257196956869395,-0.06726129477552659,726.3603494945862,736.7364789401577,546.8811774554017,528.6936690563073,0.0,0.0,0.0
2.912,-1.9778169384857562,-16.498583013134525,2.018864208097568,-1.1810291120885221,0.3399239636141939,122.22916081812185,-1.9810941171587029,-16.498929132707406,1.9998745549770067,125.27413924665028,0.0050865982376570255,0.015347284588770455,0.03590720788050239,0.043939601234226,-0.027794432353100907,0.3615196554020435,-0.4241279790139428,0.04180012367892301,-0.005108574610634877,-0.06608512615410078,729.3323772056128,738.7293952032271,553.2175635395134,537.0407751050797,0.0,0.0,0.0
2.9640000000000004,-1.9789602559007826,-16.498881474653533,2.0200312525857047,-0.9956384763075603,0.26382397217535775,123.18558797659593,-1.9806637791827182,-16.49839879396873,1.999932199452256,142.88562342664818,0.00812818218655217,0.02484796378883752,0.014908494540777101,0.07024608342914178,-0.03405415569971452,0.2937927092468529,-0.25419736512129226,0.07362621745689167,0.04962227090883003,0.08,503.55584745525067,547.6384227093954,757.4381184210714,751.4568681250071,0.0,0.0,0.0
3.016,-1.9805100100352757,-16.499311561616118,2.0200511588126555,-0.5495511205754775,0.4003133757212922,124.38348325246679,-2.0264867566211446,-16.465494415492607,1.9999658601688621,142.88562342664818,0.010833419391012736,0.03190223705831745,-0.008273599993638168,0.22986059629428932,0.17140462778307447,0.4637273890742035,-0.026764689901558808,-0.007785562855701908,0.5773119761652132,0.08,419.8631846996091,624.8339047856169,682.509817418554,828.1343163512298,0.0,0.0,0.0
3.0680000000000005,-1.9823574105470674,-16.499674153464532,2.0192430457192017,0.3264979733370936,2.1117779941437713,125.89911264681984,-2.1099021277985983,-16.406363211309863,1.9999848600861982,142.56779539532752,0.019809334591129112,0.03273155602315482,-0.018236951859413604,0.2793372028696183,0.8462370652567526,0.5348922013953235,0.09676681353876276,-0.13093195511499875,0.24236335309969353,0.08,516.0299437441637,555.1425284693117,713.8070437716585,806.1471505707615,0.0,0.0,0.0
3.12,-1.984653783609417,-16.499146711403526,2.0181270984377626,0.976563108550162,5.381481232810997,127.64289365983893,-2.2001232919816176,-16.34278427595728,1.9999950877655612,142.4246407948537,0.05049935576426895,0.025504024556998912,-0.01898273441633105,0.09618085947691894,1.2178179964144915,0.5942817583868957,0.13927530557967266,-0.13986930450572302,-0.044527683203633206,0.08,569.9372329961501,505.4683924834576,751.4663997763647,774.9507014757485,0.0,0.0,0.0
3.1720000000000006,-1.988070496348915,-16.496436136388006,2.016835513859791,1.0979279200431062,8.993795951458532,129.56675617909426,-2.2827598783250473,-16.28486280277381,2.000000203852635,142.37210262157745,0.11099026609197153,0.013093490391605987,-0.009784006455286615,-0.12827682630680307,1.184670612928471,0.6212859593199337,0.08949504541196947,-0.2159290289373114,-0.19080650235027463,0.03809603857936282,667.2700168338914,540.6695696148062,709.4603973400613,716.0863782993441,0.0,0.0,0.0
3.224,-1.993650069611305,-16.490331225390904,2.015317222687884,0.3333691127248983,12.061230245089277,131.46107762096275,-2.352444098299793,-16.236199172599036,2.0000024428942704,142.44393142543404,0.19904218026734283,-0.00022502285038040679,0.009366223994827793,-0.6096825149669506,0.920192277005099,0.5982521809950729,-0.05092209315875486,-0.17033091034218273,-0.22410620034423068,0.008691821143871651,704.8379710797165,590.3345425261823,681.5646262127742,666.5671299148456,0.0,0.0,0.0
3.276,-2.0026607795633344,-16.480175120494767,2.0134001052759505,-1.886959835702323,14.213780404314853,133.20063568348613,-2.4085955579980474,-16.196912973502023,2.00000313965557,142.6420097658642,0.30779414538393224,-0.005012797157327183,0.03462958237212372,-0.9847313337035782,0.5754606958682086,0.5596293376300805,-0.2386335371509558,0.24910250271102458,-0.18625584996917183,-0.009127703695382058,664.7047257125392,682.247501001281,708.6056021259408,581.7512440651705,0.0,0.0,0.0
3.3280000000000003,-2.0165180098798983,-16.466103695574894,2.010820673142324,-3.853475814183082,15.449684031102711,134.7887970994743,-2.452908263473375,-16.165513835231234,2.0000030702283746,142.96320769854756,0.4298201106449168,0.006510444602122601,0.060603628810854224,-0.5611788859382096,0.2717305998976576,0.518997393380821,-0.41198420077393705,0.07447617591704919,-0.12382351835608404,-0.020446926460317056,693.9760240735428,680.477005109764,659.43551301802,600.2481646445077,0.0,0.0,0.0
3.380000000000001,-2.03622904681658,-16.448554198113293,2.0073286822807974,-4.430764327477292,15.978983018172402,136.28230446559968,-2.488115359351638,-16.139867936590594,2.0000026701603293,143.07960630408735,0.5583573136069419,0.027430832070907175,0.08384130384569957,-0.2530894030891845,0.06681665082578779,0.47435852213701074,-0.5289763673522422,0.20666012627258307,-0.06829699888159399,-0.032709975682457176,683.0892652300199,720.161887251751,651.7142270837342,566.8793500347759,0.0,0.0,0.0
3.4320000000000004,-2.0621397271181503,-16.42781951472721,2.002763904065381,-4.316842884818626,16.048762338554,137.6561383339082,-2.517013016301508,-16.118049191006524,2.0000021719317744,143.08736904431777,0.6883454517456771,0.049770539486105166,0.10174183494407078,0.055609095074680856,-0.05322542725098811,0.42218392657507764,-0.5588226546286054,0.12357148112471211,-0.0251898394019533,-0.04205946918772474,700.279650409054,726.2103172277552,618.9446904081932,571.9797069529405,0.0,0.0,0.0
3.484,-2.0941928121526723,-16.404052142339562,1.9970821007352142,-3.318786431090432,15.865496322308223,138.8781280510458,-2.542491968829754,-16.098193052071473,2.000001690210258,143.09146351593463,0.8162934626454762,0.06836902005991027,0.11424613363965552,0.3046836107222787,-0.10409294931605403,0.36686730034495896,-0.49946026690773015,0.024732289113311656,0.002446654413828242,-0.04718740855865365,716.9810509403409,724.0722693526213,592.3295717827824,585.2138918925191,0.0,0.0,0.0
3.5360000000000005,-2.132017084272535,-16.377169381848265,1.9903731494187709,-2.0264488621260046,15.579878947099415,139.92598306017558,-2.5670265088804656,-16.078828970580105,2.0000012737435635,143.09295614080125,0.9401156835603841,0.07766751448478872,0.12417063227520544,0.33935762040816647,-0.11273523406225598,0.3114467296377689,-0.38142189831782547,-0.01460254741467612,0.01834542819229114,-0.04871606603047596,723.730380978441,724.7019555123437,583.2670917425851,593.7915314293354,0.0,0.0,0.0
3.588,-2.175136386662892,-16.34696604009795,1.982831456834348,-0.9000313052325996,15.28386570648583,140.79874436616154,-2.5924935403123044,-16.058906482006197,2.0000009362494953,143.092722092446,1.0589501416833464,0.07686040119698265,0.1352859025604835,0.26804605848564284,-0.10047407402022535,0.25882531339950693,-0.2479904531702648,-0.019777843398349718,0.02666049860135488,-0.047665305244000616,724.2110089954012,725.995418504721,585.4843635454804,600.2099402847076,0.0,0.0,0.0
3.6400000000000006,-2.2231238345771547,-16.313251958045043,1.9746996365463416,-0.08245558031133136,15.026372129473971,141.51015210102855,-2.6202102014473194,-16.037681971468434,2.000000674296906,143.09204271463577,1.1727570216325465,0.06826583869522465,0.1499402788239863,0.1746719569647531,-0.07954634705341272,0.21069692337880047,-0.13001767185633128,-0.012587718186392323,0.02994580621126971,-0.044911161329969626,721.4312390079955,725.9403423251188,592.9125367023665,606.2484335281407,0.0,0.0,0.0
3.692,-2.2756502427512633,-16.275908748757306,1.9662140410121671,0.4343090833062287,14.8275562926476,142.07901298128093,-2.651131685247022,-16.01454372675276,2.0000004772800226,143.09200993094478,1.2819631322275327,0.05491059469833902,0.16870865436342525,0.0930944322499134,-0.05715911981736558,0.1678553190612305,-0.04072158872124554,-0.006213141313226325,0.030086398656724935,-0.041110763746851436,717.3540843772766,723.583322101607,601.6388019743696,612.8762208932234,0.0,0.0,0.0
3.7440000000000007,-2.3324824444882135,-16.234896574727454,1.9575712944968526,0.7052876984307358,14.682303675932229,142.52463147224998,-2.6858536508138537,-15.98902276133123,2.0000003326946088,143.09333043391453,1.3871995712843972,0.039441522461602846,0.1910192884927692,0.027896861047201217,-0.04636087496997766,0.13050398286338843,0.019223234192862426,-0.00013226020396565723,-0.06396076205846749,-0.036724447979925676,724.3293790333595,707.4992262884064,624.777637260099,605.2674260977485,0.0,0.0,0.0
3.7960000000000003,-2.3934591576269035,-16.190247896013044,1.9489195827001393,0.7829086220199728,14.377252235676258,142.86258997519408,-2.725059747696885,-15.960513157671489,2.0000002287007392,143.0961918306122,1.4892616648442236,0.023870497862924573,0.21140572824530954,-0.02096061502942285,-0.15979269183406358,0.09877532519600615,0.0988383901375447,0.004640945279438643,-0.15002508636567785,-0.03212007772938318,730.2850087892481,691.8484023890265,646.2487256430001,599.5711793438317,0.0,0.0,0.0
3.848,-2.4584031258805825,-16.14210567753777,1.9404135447277726,0.7184592992692903,13.498269551656252,143.10448029356525,-2.7684541350429384,-15.929077485149298,2.0000001551767568,143.1012024558269,1.587048958576632,0.00969322707965173,0.217908076943882,-0.053160932194360355,-0.3945890487828955,0.07246544540112551,0.3108082053759982,0.007391396524263077,-0.16042951704348907,-0.0274514545848605,728.6224559060223,688.005039262376,658.2654872836735,608.4534673878908,0.0,0.0,0.0
3.9000000000000004,-2.5269828432263477,-16.090796289760096,1.9323592703907162,0.5453141093230732,11.856813844658266,143.26738681387087,-2.8158946555237896,-15.894672516210187,2.000000103978881,143.10752630159357,1.6754375825775405,-0.0020615502394517463,0.20452069056580782,-0.08857075965091124,-0.6529646845050032,0.05112212022679722,0.704371005344091,-0.015674469064332,-0.11843611052020503,-0.0229257321442972,726.5691023531888,690.9988039685111,661.9653045965764,632.1087109644789,0.0,0.0,0.0
3.952,-2.5986403368922457,-16.036869823253213,1.9253220611913249,0.21362972848046283,9.526840336919307,143.37477682579052,-2.8676204121585656,-15.856993934259195,2.0000000688181236,143.11596295149496,1.7469327927162592,-0.010522543985512608,0.17445720391040673,-0.12370600555591896,-0.8582717618168569,0.034148290104322944,1.2297300695116222,0.03555096835108746,-0.04936367615632925,-0.018796035489103205,713.9857323751527,710.3395534067369,674.1128695216808,650.0012987222538,0.0,0.0,0.0
4.0040000000000004,-2.67259867767811,-15.981108983589953,1.9200956890084673,-0.07366579479207794,6.749922627052947,143.45118579919753,-2.9238729199204183,-15.81577310155224,2.0000000449827042,143.12485494742089,1.7946312199916128,-0.014442826049481794,0.13736490166936588,-0.08133978005315973,-0.9672037569622736,0.021374640223414974,1.7664297799422035,0.02669929697758082,0.03020467269148608,-0.01554424431691569,709.2767061844402,724.2018901405715,675.4892378206373,676.4640954922459,0.0,0.0,0.0
4.056,-2.747870963253802,-15.924431908517954,1.9175389234876172,-0.26246019169526386,3.8510974890264094,143.50443960603383,-2.983874040879927,-15.771551100254717,2.0000000290254922,143.135061071481,1.814716150130677,-0.014732845115204668,0.10515579065763803,-0.06516181507898508,-0.9606104376836779,0.010722976074336796,2.169605545857489,-0.0006527663177300046,0.11133248420516667,-0.0125578400595161,705.0206179155524,733.9398999486259,671.4909058705445,702.1428629159906,0.0,0.0,0.0
4.1080000000000005,-2.8233523806068037,-15.867789328724765,1.918357100302898,-0.45852241462401305,1.1794750109514212,143.53793913263408,-3.047600223889866,-15.724349794658915,2.0000000184735853,143.14452589222387,1.8076074357716263,-0.01233771040504417,0.08810224764367063,-0.055944506309254446,-0.8394210554245334,0.0025132902609650096,2.3154055373242786,0.03239438884612127,0.1705562980574713,-0.01006644768074436,691.6766560479007,744.7970380492039,673.6435982666169,711.1555683710999,0.0,0.0,0.0
4.16,-2.89799584446974,-15.812074030036722,1.9228915374942868,-0.5376092896773396,-0.9669490009112177,143.55336855664726,-3.114097462397613,-15.67492653681073,2.000000011582606,143.154363185602,1.7775320627120657,-0.007745556966925343,0.09101326105323986,-0.007239230316437065,-0.6305748208357207,-0.0035298200448854065,2.145379170403445,0.02040913344050325,0.20303396633788554,-0.007981699049038244,682.4599553749509,741.4596572122273,666.5176701646832,716.1771136468659,0.0,0.0,0.0
4.212000000000001,-2.9709478107675724,-15.757962549962855,1.9309923684334018,-0.4975339133365493,-2.3932490889259888,143.54752464884436,-3.1824874744121523,-15.62400188164537,2.0000000071403607,143.16269055464858,1.7308800311502377,-0.0023315895043825507,0.11171887663263065,0.024270979391823905,-0.3717587822570076,-0.008083845378911644,1.68549079943169,0.0109662544737086,0.20819524539339412,-0.006029074501622251,670.7331344106755,729.5779334034803,657.2405492342414,711.4210496227682,0.0,0.0,0.0
4.264,-3.041659258928383,-15.705825394687288,1.9420129975316385,-0.39789907436301936,-3.020179955565676,143.52272550742575,-3.252107298899345,-15.572146377092219,2.00000000431594,143.1771286708117,1.6746140443039095,0.002841114867513611,0.1428743601808516,0.03716329677653564,-0.10202570263189939,-0.011119654019051932,1.0285761533490794,0.006652442292520284,0.1907414715749575,-0.004110017500490217,656.8643021338667,711.1170719016804,647.260865944022,698.6851903179232,0.0,0.0,0.0
4.316000000000001,-3.109936916539407,-15.65573041687505,1.9549256610836123,-0.277341925180336,-2.8750565233344063,143.48561465184167,-3.3233292149935867,-15.519160993273012,2.0000000025470905,143.18326309090835,1.615406748907004,0.007224586983926931,0.17552467075684924,0.04081984022745756,0.14642715860415745,-0.01278145016859342,0.29559184906760727,0.004266366798699833,0.1591809576889279,-0.002607424964137575,643.0994122233745,689.2244105734641,636.9056315429957,681.0976830571087,0.0,0.0,0.0
4.368,-3.1759104270994563,-15.607497702552118,1.9685058768145678,-0.15418301568169637,-2.0620707219459056,143.44339585859487,-3.394804826002919,-15.466100284072096,2.000000001458063,143.18833382173554,1.5593487741327927,0.010571911970957033,0.20199980871022,0.04026135638803559,0.35159792464917494,-0.01333114240043395,-0.3987723499673501,0.0024244558221722164,0.11760038904841275,-0.0014259815054389045,631.6552599465552,666.4200495317185,628.2410826637426,661.8089331853452,0.0,0.0,0.0
4.42,-3.239948038778114,-15.56077612903226,1.9815228054982963,-0.038437810110131594,-0.7385619835084066,143.4018180502145,-3.4655729988893,-15.413706002805144,2.000000000800828,143.1934382564469,1.5117890693979117,0.01279393417649825,0.21770770821670263,0.036991994160119133,0.49833246488188543,-0.013110028158104133,-0.9698358762708974,0.0007323649950679231,0.07079979198998959,-0.0005380202057365725,624.1327029943592,645.3189243481781,622.7761302147777,643.5792707945537,0.0,0.0,0.0
4.472,-3.30256116363018,-15.515119457910501,1.992897543507819,0.06211780231602785,0.9046348033001808,143.3644004117553,-3.5357458618495747,-15.361911337235558,2.0000000004136993,143.1979926309873,1.4770172597348319,0.013907307987245427,0.22124853615279338,0.03101876234206773,0.5785393501136337,-0.012408076540759209,-1.3691369409292644,-0.030925421775112316,0.025821425774490286,7.701022522005351e-05,625.4297398301061,623.8936953928204,616.2925076021539,633.365859049914,0.0,0.0,0.0
4.524,-3.3643239339563458,-15.470049998773414,2.0018229233241476,0.07314257040779408,2.6706672638996825,143.33089745745843,-3.604792500574366,-15.311096048282753,2.000000000192649,143.20297776087946,1.457795900648391,0.01395536811256196,0.21409439335560002,-0.018981714907149554,0.593940172494915,-0.011864644261901083,-1.5851385686876887,0.018002669169701065,-0.01584217179796507,0.0006774244488164756,618.6689412495828,619.3250918521838,626.0962131643286,615.8501274009029,0.0,0.0,0.0
4.5760000000000005,-3.4258297761572343,-15.425120795957007,2.0078057707541954,0.010818412431703738,4.374032688962112,143.29914172736073,-3.672356416365009,-15.261496587872394,2.000000000071672,143.20773521778048,1.4550838160063244,0.01392722918456731,0.19888468534677897,-0.010394315279030513,0.549108316664705,-0.010359038778620043,-1.627831938526446,0.016866384799383682,-0.049254603669637353,0.0008862622863412134,623.150074224038,613.3013872472085,630.7911414697321,610.7676227289246,0.0,0.0,0.0
4.628,-3.4876444153849735,-15.379935749012333,2.010666628056071,0.03459337579499527,5.852652822281557,143.27156317619324,-3.73836264032814,-15.213136291401025,2.000000000009525,143.21305457929708,1.4679789263183325,0.014340037864577115,0.17852196725937214,0.01939115645109995,0.45465479549637305,-0.008719364809135568,-1.519849636916058,0.010343984204287608,-0.16756347466500618,0.0009711265168599506,644.7403390750918,597.1417177997286,650.4840396265757,596.8578434759503,0.0,0.0,0.0
4.680000000000001,-3.5502407301361942,-15.334131199382476,2.010512048290024,0.11995740243731842,6.859984315447203,143.24918750266218,-3.803340872839914,-15.165598826299288,1.9999999999808822,143.21816811546995,1.494029958264834,0.01436857209399032,0.15292629987668224,0.03448644592371085,0.24111824879317853,-0.007314332487250813,-1.2636640692891463,0.0005909010520549172,-0.14933736598614292,0.0010292262105385164,649.8449013529355,605.2869044080254,652.903654050745,608.2044760361066,0.0,0.0,0.0
4.732,-3.6139349364272007,-15.287427645017324,2.0077174592910354,0.22019639064798374,7.1432287631015345,143.2301806426963,-3.8671079220953057,-15.118991544397968,1.9999999999705094,143.22408944706274,1.527956714554535,0.013470549394248443,0.11937044706251168,0.03205328825881677,0.0020878878417240486,-0.006111509708338342,-0.8443490880730657,-0.004079116312760303,-0.10195980289624472,0.0011077448758646557,653.2439249369625,621.9797282529915,655.1668564772054,626.4520128698887,0.0,0.0,0.0
4.784000000000001,-3.678828263717681,-15.23969620537192,2.0029346276034454,0.2884791126857957,6.8145705598739355,143.21227453487123,-3.930398462887136,-15.072752423861093,1.999999999969468,143.23007178601918,1.562457785343377,0.011598438051391434,0.08358819044584306,0.014907977026267233,-0.17732987480586276,-0.005010748694698128,-0.33910862328832,-0.03708947910617755,-0.05437151685489834,0.0012018617356601552,662.1262329154981,635.6283176449442,654.8739294570654,649.8939214238977,0.0,0.0,0.0
4.836,-3.744833844451909,-15.19096612585702,1.9970070176223622,0.21696350482991436,6.071641305479291,143.19489998873118,-3.9938131572526343,-15.026414396483437,1.9999999999726799,143.23725169050527,1.5918065593751094,0.009284681018201516,0.05201225282323688,-0.046637827940046214,-0.28946964007229875,-0.004284932025512656,0.1617845933645291,0.020796821664162385,-0.008816330253550594,0.0014462833622697559,657.7442725893272,661.1595802819866,667.6331813191982,659.2420039016508,0.0,0.0,0.0
4.888,-3.8117436233897632,-15.141425185263035,1.9908183668687247,0.09908683290546631,5.11148323950337,143.18248326847666,-4.0576360722520555,-14.979739678093333,1.9999999999773872,143.24454270605233,1.6126317241181016,0.007872200339191043,0.029134845533245406,-0.026788854709375764,-0.3354046901527653,-0.0025868639205290254,0.5858084899538203,0.015702389345075545,0.03286451898522644,0.0012357980087349901,661.7133504128193,675.370191504935,669.541774424072,674.3432795347034,0.0,0.0,0.0
4.94,-3.8792652510621055,-15.091353407646011,1.9851657616647616,0.07351783242910043,4.12433670721524,143.17594853071444,-4.121912417353936,-14.932668051081496,1.9999999999821905,143.25295933834437,1.6238186688656202,0.007140294318188152,0.01774115674719074,0.0011971379475787052,-0.3216682504840926,-0.001176559212005318,0.8799703311968522,0.004060536102555284,0.06141160730749617,0.0010312932081878732,665.627708590852,683.8688959446185,669.5947377093859,685.5072188849758,0.0,0.0,0.0
4.992,-3.947052706798618,-15.041027663078209,1.9806454122210784,0.0912807578690352,3.2575838076734955,143.17292410026093,-4.186794777010941,-14.885071503507145,1.9999999999864582,143.2610508563496,1.6260862807226495,0.0063659747500374566,0.01819209928888397,0.006659068074526408,-0.26557186630814733,-0.00021726804248826628,1.0215368037980508,-0.0008297752740013102,0.07743202525404667,0.0009115399256965631,666.999050737765,688.2505984126112,669.2593927275335,690.893081647285,0.0,0.0,0.0
5.0440000000000005,-4.014777524347667,-14.990685931178001,1.977601145422005,0.10036707312853883,2.6055858113365353,143.17250004251443,-4.2522823247854244,-14.836945659911256,1.9999999999899754,143.27012683927992,1.6212668235155796,0.005382288736667555,0.028704956573244584,-0.00011245333232820371,-0.18506321615543225,0.0005531810855465147,1.016938682927637,-0.0008035084765180747,0.08266044762953864,0.0008269344778496358,666.0717018377433,688.7875862126112,668.1111364613661,691.1971707367069,0.0,0.0,0.0
5.096,-4.082188966369394,-14.940511964627413,1.9761158933875222,0.08546647504510821,2.212303984195839,143.17460097371543,-4.318297418861816,-14.788349530623154,1.9999999999927374,143.27878571258486,1.6116792405243991,0.004347135462473946,0.04606655922815532,-0.008099437468099479,-0.0957819202361692,0.0012033592523844046,0.8950420182158954,0.0007221619797879242,0.0793862581794483,0.0007251293144846958,663.6758669247142,685.9920332282866,665.8739256269977,687.7241138156729,0.0,0.0,0.0
5.148000000000001,-4.149142713761397,-14.890623983729883,1.97604815826963,0.05175025422534944,2.081025402044393,143.1790374190332,-4.384789224694254,-14.739323584146879,1.999999999994833,143.28843362812827,1.5997060788285755,0.00346064587027312,0.06664899270477428,-0.013126580919151717,-0.010240482811973322,0.0018012428339822836,0.695998744451949,0.0021182929261605123,0.07026201927443276,0.000614303712336062,660.4973169846844,680.7866633229412,662.7962754213708,681.8502718214445,0.0,0.0,0.0
5.2,-4.2156020849338,-14.841070744801565,1.9770964870723606,0.008822424892500473,2.184271434126762,143.18531857302116,-4.451971924105264,-14.689712891184925,1.999999999996382,143.29754057481975,1.5875421452197827,0.00285759793731643,0.0871594820048364,-0.015044903240306023,0.06301033890540551,0.0022979837310386515,0.46181039779700894,0.0030401833626832416,0.058312056669172954,0.0004908716552327176,657.0630605337769,674.3880721148423,659.2946520399498,674.8708982332349,0.0,0.0,0.0
5.252000000000001,-4.28162194707534,-14.791837331756616,1.9788700872623752,-0.035689424092251204,2.476571708229235,143.1927969269083,-4.519138446397481,-14.640048235646285,1.9999999999975027,143.307550045358,1.5770481777879912,0.0026014359320422143,0.1051973345001854,-0.014813328530352077,0.1193083369825261,0.002713028392009593,0.22858914563138533,0.003602779662452774,0.04398178628183306,0.00039097986000824784,654.039848074141,667.5770488698926,656.1646444253967,667.6330318863281,0.0,0.0,0.0
5.304,-4.347325186461764,-14.742857870676648,1.9809593074193415,-0.0769077894374741,2.9010552860396435,143.20102261281,-4.585946477963474,-14.590592563643582,1.999999999998299,143.31686737237922,1.5696732119211148,0.0026978715190329036,0.1192740681349366,-0.013254289859162702,0.155260511095659,0.0030405411224653177,0.02410009599493801,0.003940128958559303,0.028735408012600785,0.00029318486426094573,651.8545084530148,661.210821411027,653.8100177436787,660.9010103996314,0.0,0.0,0.0
5.356,-4.4128771732709815,-14.694031804595365,1.9829869173575334,-0.11189417334051532,3.3942603440279626,143.20977749358818,-4.652664646059221,-14.541158310606749,1.9999999999988558,143.32697976192694,1.5663806053384224,0.003115357730433934,0.1287358632268926,-0.01090858448833788,0.16961218966100522,0.0033228284440515337,-0.13312231808192387,0.004138024873989671,0.015167812123241337,0.00021729384863721835,650.5114927325427,656.0669713532587,652.3154195065416,655.486399774218,0.0,0.0,0.0
5.408,-4.478461092586897,-14.645240966541087,1.9846470807444032,-0.1389538866046435,3.8942986569342133,143.21895534620376,-4.719001030628357,-14.491976594241699,1.9999999999992397,143.3362980208966,1.567596681179158,0.0037999526420130344,0.13356390277910188,-0.008146415244854729,0.16414182663045923,0.0035272121143577625,-0.23306407628090575,0.00419184673128486,0.003897449877913961,0.0001446179288640602,650.1654340101074,652.5002149542356,651.7820536142494,651.6971360745415,0.0,0.0,0.0
5.46,-4.544256562081334,-14.596365041247672,1.9857288449256998,-0.1574231982420793,4.347813879489672,143.22859344266237,-4.784758948745392,-14.443209370584015,1.9999999999995013,143.34633845674344,1.5732170913458954,0.004682716644624425,0.1343290289476055,-0.005280112755236994,0.14206678297157546,0.003690495909591632,-0.2745439231064448,0.00414940840929618,-0.004702987494244637,9.226824756884493e-05,650.7392090427671,650.579266344301,652.1954748399968,649.638811970611,0.0,0.0,0.0
5.5120000000000005,-4.610422661770029,-14.54729424902879,1.9861244709897183,-0.167490698642406,4.7123402200299935,143.23885920297124,-4.851064812397927,-14.394038764844606,1.9999999999996767,143.3555520128175,1.5826741762812844,0.005685895548095934,0.13183085637297445,-0.002583730520449192,0.10782367894606779,0.0038059396386467396,-0.2619359156293568,0.004059663846623978,-0.007869059792266639,2.7255355262031282e-05,651.7485280332154,650.6488109888516,652.9947535990542,649.5514987753826,0.0,0.0,0.0
5.564,-4.67708528966857,-14.497939131389256,1.985825157091087,-0.16998032345507474,4.9637978940634,143.24968267246868,-4.917380199444459,-14.344879878850957,1.9999999999997933,143.3654540175328,1.5950383716797074,0.006739305898596955,0.12712976192353387,-0.00022928199433823668,0.06815619107977233,0.0038766134030465823,-0.205352144775234,0.0038917448667150165,-0.007702257476681754,-1.8815268348404413e-05,653.2068600157173,652.1092803912591,654.2733740476767,650.9335594946529,0.0,0.0,0.0
5.6160000000000005,-4.74432999960296,-14.448236432473127,1.984906439702722,-0.1662315103902561,5.095301903033,143.2609707707205,-4.983421680913361,-14.295956222307174,1.9999999999998697,143.38432101472674,1.6091986895325163,0.0077795015898092425,0.1213265648887949,0.0016292321692577018,0.02801982212123071,0.0038867716022085975,-0.11801163175389529,0.0035439779296294782,-0.005581535829282391,0.00013256366278819177,654.7667867186983,654.1815173365187,656.1529116281564,653.5331700480241,0.0,0.0,0.0
5.668,-4.812199842249393,-14.398151397525307,1.9835067878799841,-0.15785662178604803,5.111519135676702,143.27264155453088,-5.049764966281385,-14.24685543929831,1.999999999999919,143.3933169270148,1.6240215881854136,0.008754922169663644,0.11538857942391881,0.002954979413922224,-0.009231373380286593,0.0038808694058240943,-0.013845905041036444,0.0033527758584155592,-0.00083326195894015,7.810347933852107e-05,656.5299075506211,657.2509522180576,657.7063441744193,656.5087627983502,0.0,0.0,0.0
5.720000000000001,-4.880696566269307,-14.347677647701353,1.981801858351745,-0.14648862356011572,5.027134375399509,143.28446796918752,-5.116122180562183,-14.197798666152071,1.9999999999999507,143.4030432126302,1.6384618926947536,0.009631917915625714,0.11006235960497623,0.003710425543129671,-0.04026711965132629,0.0038274545715315613,0.09418312045035826,-0.03391994857143264,0.0054846190386539425,5.280274799320233e-05,663.333909759476,655.2256650005069,653.7978148932376,665.031604374805,0.0,0.0,0.0
5.772,-4.949786276547401,-14.296835942155148,1.979982390924525,-0.20423608956037773,4.865081365043349,143.29558201530685,-5.183178328926479,-14.148289108114517,1.9999999999999707,143.41201818553083,1.6516550288597451,0.010416554205610527,0.1059629275632463,-0.04337820013670492,-0.062640278756852,0.0032809524656492424,0.19391359535271135,0.024441249651535463,0.012166358792589019,0.00020645606409813852,655.9920532599787,666.4003425718404,663.5283170313153,660.0414197656908,0.0,0.0,0.0
5.824,-5.019424494029015,-14.245692879464661,1.9782301655478503,-0.3252379136903639,4.653705858138924,143.30694552564358,-5.250739665479738,-14.098472872190426,1.9999999999999831,143.42165251601395,1.662987038861297,0.011971748410958615,0.10349858867977943,-0.02618264296771835,-0.07521926822360737,0.0036438608024048163,0.27549496573453425,0.024507675192877693,0.019419842941411868,3.7164099785279986e-05,656.9037731387881,669.3568347654694,663.982607231869,662.5405373938536,0.0,0.0,0.0
5.876,-5.08956026770951,-14.19434627094123,1.9767003996587615,-0.3187947823631439,4.422763683225771,143.31996704318496,-5.318590112821117,-14.048512702610045,1.9999999999999905,143.43026775785478,1.6721258682388171,0.014334544847669068,0.10283380157276593,0.018067004064275638,-0.07778408573305241,0.003967853406398014,0.3323192277609859,0.009471907801618213,0.025333352409227777,-0.00017340362805470127,659.6576275275318,669.5030811673649,661.8727511709922,666.362644577064,0.0,0.0,0.0
5.928,-5.160104454119436,-14.1428601998176,1.975508439037367,-0.22754848796387472,4.199710606993985,143.33286067513208,-5.386612064572767,-13.998503920833135,1.999999999999995,143.43922727668723,1.6790162546204452,0.01639467612690681,0.10393404569971816,0.03488306910165205,-0.07196775303228417,0.0038828612610414446,0.36100853081833373,0.0011095637540147578,0.02929541119031307,-0.00022518057642194702,660.8921619271938,669.4850311057453,660.5849059598397,668.5580159475642,0.0,0.0,0.0
5.98,-5.230946111463667,-14.091265642976962,1.974721089783581,-0.12495595917213924,4.00488557353689,143.34463116415887,-5.455498168901436,-13.947954979751444,1.9999999999999978,143.44724698108595,1.6838366356937513,0.01758212590484067,0.1065046257974398,0.03206972319909986,-0.06021977886045334,0.0036328353655741023,0.36229775373877016,-0.001024280182233531,0.0328441372847759,-0.00021290299309061826,660.6190899770932,669.6128067925614,659.7379366758146,669.3191302913123,0.0,0.0,0.0
6.032,-5.301980260887695,-14.03958083611686,1.9743558552533975,-0.04445112613030933,3.8540281754672905,143.3551686631909,-5.524841831187776,-13.897171561238345,1.9999999999999991,143.4558494815962,1.6869250345652465,0.01790049697253504,0.11016355806059146,0.02295317144302142,-0.043567354068390594,0.0033534452688906,0.33936087610051646,-0.0006763027572420297,0.03466666704045086,-0.00015229992358832762,659.6556807027914,669.2723063984396,659.0406397175917,669.046279910374,0.0,0.0,0.0
6.0840000000000005,-5.373124086742351,-13.9878200161043,1.974385638735405,0.008226449945299428,3.758315383150393,143.36484087880973,-5.594775074758776,-13.846059501002852,1.9999999999999991,143.46386552860545,1.6887390995314864,0.017573760713844297,0.11450063348761988,0.013941525609612218,-0.024162290859400734,0.0031694732381274916,0.2970814697200892,0.00011645880837903369,0.03508235672686257,-0.00012060850916963714,658.462022595721,668.4357826259838,658.1603941893703,668.0731185150958,0.0,0.0,0.0
6.136,-5.444323194778274,-13.93599298402367,1.9747462219341148,0.03687824589440578,3.721880711342697,143.3739782727137,-5.664917463895652,-13.794886055430757,1.9999999999999991,143.47275769460094,1.6898063507610306,0.016846452017137623,0.11906627934643263,0.006589766651206733,-0.004222073369871973,0.0030350240840199315,0.2419243655291783,0.0007744966012440671,0.033560463778592085,-7.777415174188237e-05,657.2835582217251,667.0315144359467,657.288786569924,666.5999692498877,0.0,0.0,0.0
6.188000000000001,-5.515552123073484,-13.884102619927575,1.975347238079853,0.04646949835481765,3.7418606488172474,143.38283261747733,-5.735118009015847,-13.743744710070454,1.9999999999999991,143.4812200003457,1.6906645003699552,0.015921432604168017,0.12342210843033599,0.0008035718595219354,0.01368374198035932,0.0029439198808315194,0.1810878166645986,0.0013212012607323705,0.03044016562675891,-5.373125365743447e-05,656.2687118635863,665.3047120051937,656.4974808013001,664.7835596746655,0.0,0.0,0.0
6.24,-5.586811562467894,-13.832143803922412,1.9760841407554897,0.03464778473154804,3.8079012655216955,143.39144378012497,-5.805407365836404,-13.692593607133414,1.9999999999999991,143.49070593492206,1.6918006359151814,0.01495068018376878,0.12714149848310372,-0.013019938740066022,0.02725185319654086,0.002775433955368084,0.12211465731879434,-0.03143789992258478,0.027221717727747764,2.468641324399187e-05,660.0101763980897,658.8081812150226,651.0634080721549,667.7863333985912,0.0,0.0,0.0
6.292,-5.658127678844887,-13.780110664029953,1.9768514324523532,-0.10659464105165314,3.9057819719470275,143.398676760357,-5.875901522373565,-13.641328968113035,1.9999999999999991,143.49976749780964,1.6935909154468252,0.01423271465268392,0.12993174444949251,-0.06322908090946625,0.03590808987427523,0.0024130133980504558,0.07126642421023721,0.02993311309899935,0.022996278701793067,0.000193623727680667,650.4782910747601,665.5994025995446,659.6091240600916,657.6291233981606,0.0,0.0,0.0
6.344,-5.729566539197983,-13.728027127195656,1.9775542645816242,-0.23286270135226317,4.019123990304207,143.4066994443519,-5.946583471489444,-13.589946231129106,1.9999999999999991,143.50980356959872,1.6962766741472486,0.014891792052997111,0.13161454435994888,-0.022909162691581293,0.03873533302969957,0.00312082398628887,0.03334270930312644,0.020034740829772413,0.02015436974148968,-2.3695381562441808e-05,651.8164800158777,663.3062268549102,657.5034775220025,657.5376805965922,0.0,0.0,0.0
6.396000000000001,-5.801197247268615,-13.675909488487784,1.97811881532575,-0.22634675053599163,4.13282043329521,143.41623453280843,-6.017893266260132,-13.538117240062853,1.9999999999999991,143.51899536424042,1.699946020132923,0.016418899488311104,0.13215630819060437,0.014862339518685968,0.037335242729119276,0.003472227929682558,0.011049024143757524,0.006231238431529983,0.019002509516746143,-0.00015997077697874323,653.706795027804,660.9236241891207,655.0500725417656,658.7050780254808,0.0,0.0,0.0
6.448,-5.87305616265389,-13.623729295310984,1.9784967706850873,-0.15852952249186922,4.238237877917052,143.4261840099492,-6.089241610518969,-13.486274599886203,1.9999999999999991,143.52873180763217,1.7045583464688328,0.017728895051753832,0.1318094487872546,0.02465218718318595,0.033770258382456717,0.0034499330741382963,0.003461820381980063,0.0003978065978794097,0.017828735723398263,-0.00015743692503820202,654.5832020374656,659.7969691801707,654.2577346717438,659.2472361718237,0.0,0.0,0.0
6.5,-5.945159689692303,-13.571437043972997,1.978666438341432,-0.11263452872632902,4.33011596116945,143.4357255674132,-6.160946732787932,-13.434200198798441,1.9999999999999991,143.5375730247118,1.7100042019455088,0.018385220531039734,0.1309213019875477,-0.002858632515470296,0.028749049610905176,0.003020288151947259,0.007871040308362387,-0.028157624435809214,0.017838205037635807,-1.647707725428672e-05,658.6108557260094,655.6587007234109,650.47769485254,663.6376170193586,0.0,0.0,0.0
6.5520000000000005,-6.0175279175219405,-13.518997939251937,1.9786290753679447,-0.21335958002495442,4.405772563157767,143.44377683740134,-6.232567991206143,-13.382224601271492,1.9999999999999991,143.54712916554604,1.7161342011969896,0.018857193883978336,0.12985061611728033,-0.0390390677625491,0.022808638720621,0.002852693467235008,0.020718199119022174,0.02865740956164463,0.015270444793491596,7.468705837079532e-05,651.0193022411652,663.5828986548751,659.4496742621143,655.6222999382321,0.0,0.0,0.0
6.604,-6.090205928028677,-13.466423230262803,1.978403903927397,-0.2534335351560395,4.458019713915004,143.4531797719307,-6.304519830848654,-13.330055331909485,1.9999999999999991,143.55597404508484,1.7227819777089106,0.02022661862411165,0.12864023111869294,0.0058410749447197164,0.013156753385402412,0.003452928072466344,0.04097522847390933,0.01804739311873793,0.011362717434387958,-0.00015667317396552902,653.914549849975,662.3155920488217,658.6478513627189,656.7371368523808,0.0,0.0,0.0
6.656000000000001,-6.163218657935061,-13.413715003345171,1.978024158720299,-0.16832307018453502,4.472001207186995,143.46393217762335,-6.376411298575043,-13.277980567417824,1.9999999999999991,143.56538085008205,1.7297080095955075,0.02169994133738348,0.1270355517952921,0.039829942826397416,-0.0016343797253520046,0.003678171559406375,0.07008880179609833,0.0062935720130305635,0.010061728792581263,-0.00026781061104202324,656.5984158966438,661.2645436544553,657.6539378028365,658.7301915273995,0.0,0.0,0.0
6.708,-6.236545717347918,-13.360842537996088,1.9775364649813516,-0.05839550032697672,4.437430141595171,143.47439810225725,-6.448091744623332,-13.226116060892226,1.9999999999999991,143.57386966271787,1.7365420257707835,0.022262362703903887,0.12495089537904062,0.020111869104782482,-0.01835492493919353,0.0031967136045751555,0.10741205102600215,-0.02438776585003713,0.011156955947165231,-0.00013443943561031874,661.4471898871365,657.6760782437514,654.1035979576297,664.2407184664306,0.0,0.0,0.0
6.76,-6.3101452918905006,-13.307781736398258,1.977000954134937,-0.06404158076900741,4.35428290655825,143.4834523801956,-6.520142441190402,-13.174049555683359,1.9999999999999991,143.58305970415927,1.7428443445771158,0.022079207677773938,0.12262082982457985,-0.0006392680545963144,-0.0341969466694339,0.003092691444725443,0.14871139313316828,0.024787829002908043,0.013570342254643849,-9.48158876971823e-05,654.9080018582815,665.8276921219677,661.7232584233237,658.5287276445645,0.0,0.0,0.0
6.812000000000001,-6.383981002567958,-13.254551759422071,1.9764869248115922,0.0049114210750509915,4.2297327877096755,143.49362050247296,-6.592830946090491,-13.121587281890704,1.9999999999999991,143.59169881175924,1.7481953992569284,0.02190091712269384,0.12025418413788011,0.038386826911793896,-0.04613621153446149,0.003489242394291843,0.18970876690765603,0.010027999534540522,0.01853693784955767,-0.00027209395661901485,657.4195167519273,665.5376436621635,659.5271532770827,661.9480969374412,0.0,0.0,0.0
6.864000000000001,-6.457987525442806,-13.201163019890721,1.9760653271786686,0.1570565918810566,4.080940653079248,143.50391893969825,-6.66499523410446,-13.069556916553255,1.9999999999999991,143.6012677756291,1.7522668289219083,0.020939458717697392,0.11828094130732658,0.05515189603750688,-0.05177416420148525,0.0034805467923682623,0.22389385707676634,-0.0007484943238501435,0.021766741046306968,-0.0002852148389038277,659.2151234174449,665.1819937488514,658.210055499433,664.6095285806683,0.0,0.0,0.0
6.916,-6.532069421661945,-13.147603507722026,1.9757983165740503,0.31331858403654367,3.924574397451395,143.51334265178153,-6.737485689783584,-13.017335702068193,1.9999999999999991,143.62099039634313,1.7549008569862352,0.01861958286872544,0.1170064774389415,0.048062519403077805,-0.052278681531112904,0.0032600988637807014,0.24626091849241383,-0.04200044071712343,0.0256212784603864,6.559886001820904e-06,664.5589329745751,659.9093020688834,652.5880019836151,671.7854753726178,0.0,0.0,0.0
6.968,-6.606127878873925,-13.093862148508487,1.9757303228104828,0.36604033172650463,3.776196540112835,143.52111326426765,-6.810646920506817,-12.964656344883018,1.9999999999999991,143.63168234624715,1.756090800241573,0.015037822441814688,0.11655819828960841,-0.013255120354483715,-0.0472732109441351,0.0025497161305686844,0.2541211073326457,0.016318098293311534,0.028475158179016448,0.0003247814564843975,655.5252365767147,668.2475917419861,661.0869778741178,664.5350566783692,0.0,0.0,0.0
7.02,-6.680096237051224,-13.039964686694395,1.9758821319500515,0.27668056689476767,3.651669908042486,143.52833212754808,-6.883916627515176,-12.911895011039379,1.9999999999999991,143.64442520693757,1.7559739460831054,0.011436440236301382,0.1169530561874863,-0.023842192987693422,-0.03763209694070474,0.0028725274180767487,0.24662936965718907,0.023250290313079156,0.030468951295622024,0.00032030766511479607,654.032288429315,669.2949738943462,661.5670206539327,663.6151124380241,0.0,0.0,0.0
7.072000000000001,-6.753948815828059,-12.98597379071773,1.976248431390085,0.276875089061587,3.561096351589855,143.53780757279952,-6.957631304389506,-12.858772315960186,1.9999999999999991,143.65713990171923,1.7548168048953805,0.00855778017721559,0.11798254859363047,0.014254253229766697,-0.02508495725123643,0.0034686936637137013,0.22599585922544474,0.008003171734551215,0.03187070319238579,0.0001687983226989656,655.7360144535006,667.0694299217995,658.4951528650279,665.2741203152636,0.0,0.0,0.0
7.1240000000000006,-6.827654698994269,-12.931918350989045,1.9767996180596572,0.3497421115494883,3.511755319783188,143.54844403151023,-7.0313072151322,-12.805606892534785,1.9999999999999991,143.67188467829658,1.7529604754691743,0.005547477051635668,0.11947554114683676,0.027166002355141133,-0.01064066209229932,0.0036693185711762855,0.19484377892172677,-0.0010365380690251867,0.03150047142598632,0.0001792200177122465,656.3586246996856,665.0267428931975,656.5608204972211,665.811893240555,0.0,0.0,0.0
7.176,-6.901178926610083,-12.877789816057641,1.9774861653110134,0.4205152246277815,3.505441837945036,143.559550328843,-7.105247856574471,-12.75215335106378,1.9999999999999991,143.68652835604553,1.7507939231049552,0.0019157038019713905,0.12120663769863242,0.019434622230319533,0.0036250349958831724,0.0036932266949824544,0.1569717545409457,-0.002803548911438243,0.030425325340284838,0.00024219117582165856,655.8329499796815,663.7033824010592,655.7043289923126,665.1628843328031,0.0,0.0,0.0
7.228,-6.97450231488735,-12.823567771693872,1.9782452152193477,0.45556991175472006,3.53922595556983,143.57103831780577,-7.179051888117311,-12.698684568014421,1.9999999999999991,143.70370394776236,1.7487029820168032,-0.002229010478227314,0.12291280398662055,0.006138751916401553,0.016275828793470067,0.003788151349036136,0.11697956639823204,-0.0015008792524021672,0.0281287357584313,0.00032362138116311047,654.9815932715678,662.5801928430301,655.4537881520769,663.8975096640019,0.0,0.0,0.0
7.280000000000001,-7.04762971522222,-12.769233894502772,1.979007285762525,0.4529638008040412,3.6053559547039344,143.58314541023455,-7.252975123292631,-12.644993890809753,1.9999999999999991,143.72088320978182,1.74703057070424,-0.006561641013297197,0.12431150241732643,-0.006705883521079775,0.025872232012150987,0.003906321035111427,0.07987497817971723,-0.0379460152118722,0.026298458164991895,0.00038380383812380197,659.5681914890497,656.2399823605447,649.7432090777756,668.072656929284,0.0,0.0,0.0
7.332000000000001,-7.120589848870316,-12.714777683041337,1.9797055872066502,0.32517131895029033,3.69485782736211,143.59475135802813,-7.326373100001549,-12.59153713601791,1.9999999999999991,143.74098238966994,1.7460378271224901,-0.010712795554216854,0.12523850860921626,-0.06945011874320912,0.03239352348977398,0.003574146890474199,0.04941906342269231,0.028058872915366954,0.021957801876777504,0.0006787590284244333,649.6482097323579,663.9640212971092,659.601279110855,657.8601277729183,0.0,0.0,0.0
7.384,-7.193450002451015,-12.66022376633539,1.9802828314161243,0.14613537372978141,3.794359363718034,143.60744013157395,-7.3996523015118605,-12.53799752755255,1.9999999999999991,143.7607919756034,1.7458990123607983,-0.013438907592741306,0.12552730016799496,-0.042880407602192624,0.033341701659071916,0.004583774271356777,0.029093765908377645,0.02447611521168712,0.019023262205472416,0.00045632299987608655,650.4786609302506,662.9310067635881,658.7816841817456,657.2238026401598,0.0,0.0,0.0
7.436,-7.266291949674801,-12.605609335528225,1.9806979666069424,0.10514136517445392,3.888088932013813,143.62280700191377,-7.473079300122317,-12.484169281755587,1.9999999999999991,143.7832027593758,1.7466540839393563,-0.014797614871052378,0.125116238871815,0.0021121036795490543,0.029756744233523407,0.00542390768184829,0.020830678826012416,0.009199816201531347,0.017688317752372208,0.000293742902126757,652.9525406288188,660.6485485206773,656.4143912771988,658.8409415988782,0.0,0.0,0.0
7.4879999999999995,-7.339162688430834,-12.550928723409832,1.9809300411107156,0.14787455248332995,3.9667739116018805,143.63974300686405,-7.546627146183526,-12.430078463309954,1.9999999999999991,143.804547224603,1.7482095052022903,-0.01598176318889539,0.12409956618443611,0.01837102288404984,0.024043699563241698,0.005777301778498575,0.024384389308854226,0.0016054593372590116,0.01739568936875257,0.00025393517628755123,654.2538389861335,659.6909859160619,655.4235582089806,659.9370428474755,0.0,0.0,0.0
7.540000000000001,-7.412080801566138,-12.496148856342602,1.9809788079843322,0.20267474057416007,4.027000150896105,143.6573647099077,-7.6196649218394406,-12.376212862129092,1.9999999999999991,143.82842997770484,1.7504015538694013,-0.017586551030502606,0.12272873253997207,0.01636810604101095,0.01753642700287262,0.005967118567342651,0.037298919764599425,0.00022283794897843753,0.016497676033126383,0.00031189209447473666,654.814863367019,659.5977078572203,655.7488048966718,660.398031065617,0.0,0.0,0.0
7.5920000000000005,-7.485054033628273,-12.441235898808607,1.9808621855474646,0.24097352521707996,4.06575067452465,143.67559484399317,-7.692712286607135,-12.32220739566631,1.9999999999999991,143.85131104278048,1.7530435909082311,-0.019648152284430984,0.12121111649825556,0.009683018876647102,0.009846951755439778,0.006199316547055604,0.05696825307291897,0.0010017972349404942,0.01649934170412227,0.00032109899888486666,655.1468657466977,660.1496409333852,656.3291395487868,660.7531721138341,0.0,0.0,0.0
7.644,-7.558086525924438,-12.386167336693731,1.9806118115897613,0.26068546075886123,4.080883871029187,143.69451263586302,-7.766015421373358,-12.267896506164071,1.9999999999999991,143.87715771136615,1.7559260857174803,-0.022004386406312287,0.11967818529814445,0.004056661819633802,0.0019715544316119315,0.006502849006577742,0.08109141547838483,0.0019248613137960488,0.017794768625122404,0.0003512456388978166,655.3329880995011,660.9656369085601,656.8630867831782,661.38939510481,0.0,0.0,0.0
7.696,-7.631179026118305,-12.330933760889353,1.9802682069128277,0.2671514210345399,4.074998538685673,143.71422613060747,-7.839398226510604,-12.213423492736306,1.9999999999999991,143.90209376714228,1.7588322765639277,-0.02449632652236956,0.11831229555791585,0.0002703571815867926,-0.004322374072322112,0.00679344128022216,0.10657977386776785,0.001178013549161712,0.018401144746313526,0.0003507984420213269,655.9214081113869,661.5091280816405,657.2353049761157,662.1433776887952,0.0,0.0,0.0
7.748000000000001,-7.70432843317918,-12.275536493641411,1.9798760888771318,0.26081766484550756,4.052289405416139,143.73484367726678,-7.912861502034951,-12.158793479973939,1.9999999999999991,143.9303405933738,1.7615829161839511,-0.027014244834382257,0.11727600839176937,-0.005025579007901289,-0.009861339861956957,0.007136590016602877,0.13040246963048996,0.00014316241982560403,0.01857774631047718,0.0003807655316800593,656.5252795261689,661.864176571624,657.6254720246474,662.8743121607368,0.0,0.0,0.0
7.800000000000001,-7.777528990907187,-12.219986516224226,1.9794791070388127,0.23441611753126398,4.013386659642705,143.7563279081671,-7.986254200700339,-12.104122658341755,1.9999999999999991,143.95758575411918,1.7640349888109923,-0.029433089008863204,0.11651277731972032,-0.01235640073044261,-0.015068213621070147,0.007428173293109378,0.15171599163678318,0.0008122047871340103,0.019340557340932735,0.0003908529295201858,656.7655364760104,662.5089193170413,658.0845041221145,663.3562860685033,0.0,0.0,0.0
7.852,-7.850774267169599,-12.164306300832859,1.9791165447094021,0.18772022123478543,3.96076784240292,143.7789268631161,-8.059744571352665,-12.049285648590807,1.9999999999999991,143.98838322903524,1.7660563456181069,-0.03157675732586865,0.11598560506223858,-0.0184586880817035,-0.01920963620713955,0.007839288601684102,0.16962250257595302,0.0022253584497489787,0.020814472804269193,0.00040756814129204065,656.7064726842892,663.269160129879,658.4755613193523,663.7614465806722,0.0,0.0,0.0
7.904,-7.9240580955210955,-12.108529173513098,1.9788216307998618,0.1279910202050852,3.8991061713650383,143.8026676058018,-8.133109144662773,-11.994452842414136,1.9999999999999991,144.0179313202177,1.7675430367324192,-0.03328012839522319,0.11569416795587406,-0.02162611725422047,-0.021391133877076175,0.008209407433128018,0.18305584111781203,0.0035020368378840348,0.022108547371684047,0.00038972880845947275,656.6376270440219,663.9293038170288,658.7218227858482,664.0106728027856,0.0,0.0,0.0
7.9559999999999995,-7.997374394956195,-12.052695404408476,1.9786200430915264,0.06414171804844594,3.8343365185678633,143.82769223651658,-8.20603103229527,-11.939867715696781,1.9999999999999991,144.05104547133314,1.76843936429005,-0.03445234626327087,0.11567324976099591,-0.02189555750056347,-0.021842885273348635,0.00865050558414571,0.19084533447871133,0.004440942517412942,0.022460663263652644,0.00039297833734921474,656.5961186880245,664.2537260750308,658.9573748433171,664.0782578809302,0.0,0.0,0.0
8.008000000000001,-8.070716815822022,-11.996847351316939,1.9785282013706151,0.0036349649379999196,3.769784873070151,143.85420882385776,-8.279121171423915,-11.885079588208637,1.9999999999999991,144.08250953007848,1.7687407050720192,-0.03508622750594954,0.1158465722131045,-0.01998220147136247,-0.021405103597324282,0.0090735771292576,0.19320892051591665,0.005073222325960509,0.023414313063370763,0.00033776362252580373,656.4735617085405,664.5813490493683,658.8624819369444,664.0750789813559,0.0,0.0,0.0
8.06,-8.144078050874608,-11.941025654461757,1.9785525601362641,-0.04835651498049209,3.7090967106195674,143.8822230951677,-8.352694807292231,-11.829865238721343,1.9999999999999991,144.1173967215524,1.7684693460116656,-0.03522981514728912,0.11614399347515562,-0.01661323083540687,-0.019404993436220243,0.009540773457079335,0.1906234621728511,0.005428964690149167,0.02524786392635096,0.00030603370534394063,656.1235445101966,664.85492795711,658.5272160715657,664.1608734102435,0.0,0.0,0.0
8.112,-8.217449874235124,-11.88526623178461,1.97869042113775,-0.0887543930986878,3.658647244108338,143.91149602857607,-8.426162803285605,-11.774686362434046,1.9999999999999991,144.15021220001452,1.7676826804896675,-0.03496731272746062,0.11659412078635205,-0.012507507851883436,-0.014994964422859724,0.009909148693907657,0.18288811653736725,0.005493327220905764,0.026058979826924046,0.0002414244344331087,655.8967503487497,664.8786970520462,658.1402116537223,663.9886115856908,0.0,0.0,0.0
8.164,-8.290824603377715,-11.829597513904934,1.9789302445348973,-0.11646890768718737,3.624439828791973,143.94205681940136,-8.499958267665123,-11.719239505207183,1.9999999999999991,144.186278769542,1.7664954692016217,-0.03441149929524415,0.1172265848461181,-0.008219693731514347,-0.008966336149888057,0.010306246704539782,0.17007615874728188,0.005452894321009814,0.02672788750637515,0.00020671381955517858,655.5564077934213,664.7207190840631,657.6930124905027,663.7462895406876,0.0,0.0,0.0
8.216000000000001,-8.364197501186563,-11.774039251805265,1.9792515410654512,-0.18839354247678153,3.6105315371289235,143.97280791245913,-8.573546691552009,-11.663949033109274,1.9999999999999991,144.25679552951775,1.76506911146616,-0.033676328735009045,0.1179853694183933,-0.04917370880418162,-0.0016604785329900327,0.010038179955934243,0.15339150410516966,0.024592084762312966,0.02592187773082174,0.001121510863031804,651.2614137554444,665.6829770949263,661.4284739873967,661.8063205374544,0.0,0.0,0.0
8.268,-8.437584861097514,-11.718624360761684,1.979626406286537,-0.363627034094376,3.6177942929808315,144.0038689421631,-8.647515039488479,-11.608399343252483,1.9999999999999991,144.29094059504803,1.763595485752172,-0.032046314396752804,0.11876227437031879,-0.046346875705186405,0.004865919720593375,0.010741873251893179,0.1347907145782461,0.03294212894744609,0.025432244011912453,0.0009250380430760082,649.9905426229753,666.6599463410033,662.0083974906157,659.872357672301,0.0,0.0,0.0
8.32,-8.511029513899764,-11.663406153011492,1.980022975268708,-0.39114830859969574,3.6423260438353577,144.0378680737767,-8.721668596635201,-11.552760221886155,1.9999999999999991,144.32761184764445,1.7622556979404167,-0.029140349571671116,0.11955252111138122,0.012748379246064399,0.01036001954796322,0.011603596858705607,0.11534168641134701,0.014623966039627907,0.02492365429977815,0.0006621284949250626,652.6490617651235,663.942795195315,658.6879027594427,661.6209353646091,0.0,0.0,0.0
8.372,-8.58454762690083,-11.60838789591435,1.9804081601341803,-0.2914717568610934,3.6819914286309143,144.07339276308275,-8.795653307769662,-11.497325512239076,1.9999999999999991,144.36100807125266,1.761196724392851,-0.026334909391576587,0.12025608089048952,0.0414103023318334,0.015023506744886877,0.011913243459258167,0.09709026823136035,0.002560685863810728,0.02346011603683977,0.0005011121682881579,654.4218297413988,661.854450301714,656.553621538367,662.5107476896121,0.0,0.0,0.0
8.424,-8.658127175035533,-11.553522716895104,1.9807496140059582,-0.1594676032537697,3.731991601982295,144.1090930777578,-8.869268665182304,-11.442275656627714,1.9999999999999991,144.39696251290232,1.7605415051414652,-0.024553346140772713,0.12072477340906711,0.04254350860592209,0.017511148895642738,0.01191517343168651,0.08253392326609355,-0.001127228391396489,0.021156848932181352,0.0005013888424937243,654.9715440231518,660.6954840125403,656.0463917766444,662.4011661829229,0.0,0.0,0.0
8.476,-8.731750430852378,-11.498748231562098,1.981019882972072,-0.04684594534213603,3.7838429020177813,144.1447971276361,-8.943259030729642,-11.387087862892667,1.9999999999999991,144.4303049528946,1.7603591442814452,-0.023954583225618,0.12081928091268253,0.031415551882026264,0.01697814436526418,0.011915921838581334,0.07392745163414727,-0.04522720591428568,0.020843722431296723,0.0004481006206819018,661.2158630454902,654.24661976895,649.492036680011,668.3423218174711,0.0,0.0,0.0
8.528,-8.805407701955284,-11.444011600326485,1.9812003151944424,-0.0792084450825599,3.831755176379598,144.17895196696082,-9.017301776973474,-11.332013380832072,1.9999999999999991,144.46699459432904,1.760640478732827,-0.02424316694658856,0.1205005732542949,-0.043562971974107266,0.015406534601178357,0.011150009280964502,0.07225777804361888,0.03025721657037923,0.01929079832029748,0.0007754274516526126,650.1423376693899,664.3148923435056,660.9811253587959,657.8547407986692,0.0,0.0,0.0
8.58,-8.879123210156255,-11.389309830119355,1.9812837033965116,-0.18634888506107106,3.8722584837284804,144.2133533974839,-9.091186465284954,-11.277206527303932,1.9999999999999991,144.5014994321574,1.7613328058763016,-0.02392439102276378,0.1199059865364169,-0.019900089910938647,0.0121089762269576,0.01183904259836582,0.07641018882510564,-0.01844170228044298,0.019134815975639822,0.0005223749007102901,657.6291828706422,657.8272882824008,653.798177788905,664.5150063381184,0.0,0.0,0.0
8.632,-8.952937813438814,-11.334668807743881,1.9812742647123156,-0.2605901275100694,3.901135052918994,144.24854239751667,-9.16483338546658,-11.22271714221094,1.9999999999999991,144.539282421428,1.7623496624644115,-0.02285656195407202,0.11916622950552018,-0.03479144999495927,0.007819110699162569,0.011833073802856005,0.08496851515141945,0.037353784699320165,0.01748800577154864,0.0005738890564717114,649.9772242717594,665.6500426362323,662.2784853779734,656.6152562650409,0.0,0.0,0.0
8.684000000000001,-9.026881056014151,-11.28010784937014,1.9811850002930507,-0.2850801918867543,3.9140888561041267,144.28507514155612,-9.238587596637695,-11.168285229847864,1.9999999999999991,144.57430656988797,1.7635754826999448,-0.02111124226416632,0.11829021313054366,0.015009971637829864,0.001792064829675473,0.012601467292079819,0.09743230654838153,0.021557245038490328,0.017679418922412437,0.0002583925733587861,652.9576204889815,664.1580965973545,659.8510731524456,658.7453541388863,0.0,0.0,0.0
8.736,-9.10096135970287,-11.225629147464133,1.981036166732535,-0.1551004845331957,3.9084766523652434,144.3233707910001,-9.312314138460552,-11.114009538359316,1.9999999999999991,144.61222832235728,1.7648548851471748,-0.019493747232878285,0.11733784881433536,0.05578228281374191,-0.004406954022164515,0.012986288897987173,0.1125656383990159,0.002460081089288104,0.018395598475927245,0.00010587501444499453,656.1439012311598,662.0922915139248,657.1429243592225,661.6859591185499,0.0,0.0,0.0
8.788,-9.175143539333007,-11.171188420939838,1.9808530600984728,0.02375415135858619,3.8857240648970905,144.36182828059412,-9.386613053845213,-11.059458811893036,1.9999999999999991,144.64741773690596,1.7660205246219796,-0.01919864082022047,0.11636744271408775,0.05732186522317846,-0.009577637757080756,0.012877735036269619,0.1289854084997395,-0.00500329256050815,0.020553786468049284,7.33797677066985e-05,657.3047470800569,661.7372995882656,656.0767003546493,663.35937991454,0.0,0.0,0.0
8.84,-9.24937279716939,-11.116726841749463,1.9806636942960447,0.16802403035076977,3.8520424525802075,144.3994198858488,-9.46093682019363,-11.005033486002931,1.9999999999999991,144.6863210157214,1.7669280676466799,-0.02044152329169095,0.11555839722671304,0.03982834756210857,-0.012054560514327977,0.012617592635492846,0.14402861990052918,-0.005322202223106523,0.022224294622546763,0.00019075569116640267,657.2719062372903,662.0885590854294,656.2794069326451,664.1232398006166,0.0,0.0,0.0
8.892,-9.323599130732449,-11.062200424594673,1.9804951095711676,0.24501981150279192,3.8154686077298625,144.43613626787655,-9.535105813698568,-10.950856253556816,1.9999999999999991,144.72353579884748,1.7674993179456888,-0.022834298515383305,0.11509337546673244,0.008220812681180422,-0.012033253386008849,0.012231011341126035,0.15502999452128274,-0.044890659385601564,0.023562261801883026,0.0003375224521012751,662.7450667626497,656.6672720381357,650.8354622131001,670.3162995059351,0.0,0.0,0.0
8.944,-9.397792880030641,-11.007595801985468,1.980368709125367,0.1261141151691206,3.782251232212745,144.47119501321578,-9.609243338609211,-10.896817099636358,1.9999999999999991,144.76572860512093,1.7677304023766152,-0.025586911059291357,0.11497661298774571,-0.061498049506326424,-0.010529529823598099,0.01190235337340066,0.16125914735668134,0.03072233685226209,0.022865225770288555,0.0006003436980493095,651.7897733414876,667.0666588350514,662.25048772326,660.0163387323124,0.0,0.0,0.0
8.996,-9.471969557431121,-10.952960610131191,1.9802980598804132,0.005503308670794057,3.7528910233856236,144.50820113934395,-9.68388555353009,-10.842498366186845,1.9999999999999991,144.80652464429426,1.7676640915718118,-0.02708170197975012,0.11513968397014587,-0.021844655242699153,-0.009294939755539676,0.012872404904215628,0.16295110499496013,0.019175216290916532,0.02407606359858121,0.00032068065100349964,653.6956900975537,666.0178722631423,660.0757140582847,661.4700175550673,0.0,0.0,0.0
9.048,-9.546149832452407,-10.89834656911619,1.9802892120685338,0.012985214098012324,3.729321566843284,144.5472192679646,-9.757914506592186,-10.788683617058245,1.9999999999999991,144.8522659275636,1.767344193460247,-0.02776493710425168,0.11556700058629306,0.013226808305261444,-0.00690847750432058,0.013373584138759016,0.16006188876162386,0.0044381538527893906,0.023480179514143242,0.00027217288116037036,655.8908399298492,663.8445720473022,657.9182828717915,663.336978505467,0.0,0.0,0.0
9.1,-9.620325562285581,-10.843760733143652,1.9803397620387488,0.04285413357382737,3.7127703701147183,144.58713400191112,-9.832400301642753,-10.734580725512899,1.9999999999999991,144.8957006197642,1.7668353424296472,-0.02868218010212694,0.11610853776002546,-0.010216423034394816,-0.0045600875985250325,0.013252409750722607,0.1541412776406983,-0.03655523526974122,0.02447573121517864,0.0003842144638543422,661.3060266716199,657.8631858945762,651.9095875651104,669.2777623851457,0.0,0.0,0.0
9.152000000000001,-9.694488183884772,-10.789204022799357,1.980440417568713,-0.09912774160737063,3.7044061255729024,144.62617200257645,-9.906956789595082,-10.680463245131588,1.9999999999999991,144.94421411304472,1.7662073022146534,-0.029569632346451193,0.11659372105418075,-0.05492932870039696,-0.0017560092768666388,0.013377416638865111,0.14716264249827127,0.033314204750741885,0.023729943120070485,0.0005295896044763945,651.0431326638602,667.3116190903521,662.0564916560247,659.3294150917062,0.0,0.0,0.0
9.204,-9.768666135939013,-10.734723085266808,1.980579033505079,-0.17234354071966837,3.703376230527716,144.66777041709085,-9.981268480896347,-10.626558257355796,1.9999999999999991,144.99034424954834,1.765534674049444,-0.02920438586282918,0.11709229671857038,-0.0035977400094308136,0.0004809195264822699,0.01437099917930366,0.13882742916625168,0.016948288430844904,0.023159879693101293,0.0002561159656563202,653.6798917334585,665.1145727071631,659.246519006718,661.0154508418598,0.0,0.0,0.0
9.256,-9.84287822486016,-10.680345236746025,1.9807421382707584,-0.1152580323464644,3.707925385459632,144.71176260010154,-10.055703241706338,-10.572605159340812,1.9999999999999991,145.0413305277706,1.7648813996078805,-0.028511872861418198,0.11755988660741598,0.028100650660914828,0.002042312095108527,0.014974193822355712,0.13000298828273404,0.0029389229557663585,0.022860323003232652,0.00017543900619686084,655.6503384767802,663.006370402146,656.9807583477516,662.6566432742845,0.0,0.0,0.0
9.308,-9.917112728649156,-10.626050481001155,1.9809145527655418,-0.02050640280866885,3.716108003525149,144.75661920331373,-10.129963449942355,-10.518830768441896,1.9999999999999991,145.08916917031735,1.7642936204642274,-0.028467928948384364,0.11787581204419655,0.029746873623068538,0.003103375894058047,0.015109653083739294,0.12236282335064064,-0.0018100599856414133,0.022162853272362917,0.00018227567255139194,656.2530234720883,662.0576541558225,656.2422092566183,663.0740892253029,0.0,0.0,0.0
9.36,-9.991348555070822,-10.571802597929706,1.9810820218849508,0.05274684247811939,3.726127904388201,144.80220585010736,-10.204468850119117,-10.464948409055374,1.9999999999999991,145.14216508126802,1.7637988247232301,-0.029267424773456435,0.1179952505391749,0.018792290761204887,0.003449492876333015,0.01531771596204129,0.11680534534267495,-0.00148911375075296,0.02206716153639659,0.00025396055138193286,656.000674089302,661.8715002957498,656.2815133542431,662.9948616094736,0.0,0.0,0.0
9.412,-10.065570569662194,-10.517572149343174,1.9812332788107654,0.0904430411670179,3.736555017991619,144.8482674182024,-10.278769347089849,-10.411290735597925,1.9999999999999991,145.19256178477107,1.7634062184442267,-0.030660102977593723,0.11793272975319136,0.007104570260053659,0.0035135427371642347,0.015483459461312632,0.11354987621088952,7.227105034588073e-06,0.021490904688627434,0.000277553014313234,655.7674133666942,661.9016807523378,656.5426782550635,662.6656686297672,0.0,0.0,0.0
9.464,-10.13977328879703,-10.463342871980238,1.9813609793975162,0.09859443499181217,3.746376733484381,144.8955859776355,-10.353450062726228,-10.357440358128715,1.9999999999999991,145.30348703055463,1.7631137072180323,-0.03234716818648788,0.1177361461102536,-0.0015458215089071072,0.0031571333592919372,0.015882803936426434,0.11236205306432412,0.0005792218572630169,0.021791791947077217,0.0014393113402219452,653.9980165652605,660.3972509917368,658.1739724988814,664.2051988996095,0.0,0.0,0.0
9.516,-10.213959076409099,-10.409109960356554,1.9814616898237456,0.08622738407837362,3.7556168609762013,144.94424571243485,-10.428447970336723,-10.303438115143113,1.9999999999999991,145.36478387181316,1.762910057263111,-0.03408134761336232,0.11747294324226103,-0.007380993469774779,0.003266097255409172,0.01626774113221279,0.1126899824733607,0.0014612695293657742,0.022451542339474023,0.0015540893819248095,653.6266621957327,660.4684905562145,658.3757463425901,664.3422397521406,0.0,0.0,0.0
9.568,-10.28813570629272,-10.35487655901768,1.9815350488478822,0.06056905208684688,3.7668123533040814,144.99439010840734,-10.503451919374875,-10.249499801585662,1.9999999999999991,145.4236894720496,1.7627904758555601,-0.03569509833632985,0.11727074714680782,-0.011088726277613929,0.004183676636735768,0.016838694130359783,0.11329120924218095,-0.04947896045582169,0.02338115864575451,0.001520907115605317,660.8426391587965,653.3763547317088,650.8992475240232,671.6129874673197,0.0,0.0,0.0
9.620000000000001,-10.362316508343396,-10.30065234594248,1.9815819325782003,-0.0713400035655632,3.7822789908674945,145.0449651497002,-10.578323217368277,-10.195717410509754,1.9999999999999991,145.49004342161783,1.7627737855172818,-0.03706403951211136,0.11715721033546878,-0.07962775390676782,0.006058650363305851,0.01651469273435322,0.11386699440268644,0.032607112619846196,0.02174526926097774,0.001958637634551047,648.7014921907164,664.2659134669478,663.5010800767592,660.4163940780345,0.0,0.0,0.0
9.672,-10.436543978675823,-10.246485570284676,1.9816032396256626,-0.3285244364257109,3.8020388678669885,145.09658081827823,-10.652718979403016,-10.142332312608062,1.9999999999999991,145.55329426538145,1.7629023997550335,-0.03687913962092707,0.11711973614720497,-0.06844726266975801,0.006392325057987652,0.01790226183416129,0.11451376783660572,0.039609058024981686,0.02008316251443239,0.0016870417554501885,648.337818644206,665.4210652497252,664.3806927372169,658.8325264232508,0.0,0.0,0.0
9.724,-10.51088546015342,-10.192457588246503,1.9816004960347593,-0.39216371011117623,3.817861938522695,145.15318922774296,-10.727455462873307,-10.088763907526062,1.9999999999999991,145.6229716150026,1.763198258119838,-0.03479922623411237,0.11716323469690688,0.0053451739067763415,0.004279267905084332,0.019307512616650428,0.11513554711472884,0.015968589270439315,0.020023748948252484,0.0014380062009474912,652.1363109907004,662.4305846928607,660.7137894090018,661.8665900926925,0.0,0.0,0.0
9.776,-10.58536425905868,-10.138589869613583,1.9815759534764805,-0.3020444465730864,3.8265862686074508,145.21304764863442,-10.80243160445192,-10.035103709345487,1.9999999999999991,145.6878959809837,1.7636163762981845,-0.03259705165908589,0.11713918927641002,0.03885183365167309,0.0018513174750735585,0.020287118274960787,0.11712223844126002,0.0015356225954973393,0.020675010741687195,0.0011784877019928419,654.5269232397043,660.8754166590139,658.2485429553528,663.6921206922162,0.0,0.0,0.0
9.828,-10.65996115403178,-10.084848482151981,1.9815327600273978,-0.17831132377324793,3.8290581973614857,145.27433964229755,-10.877409418746666,-9.981549489984069,1.9999999999999991,145.759231606266,1.764091318693954,-0.03138323643894741,0.11700974572902112,0.036702670238936266,0.00017268767143350342,0.02057051005468685,0.12074623325876988,-0.05588009644212065,0.021960691591473385,0.0012752359958926956,662.483328891777,652.787130372198,650.0278155562241,672.1629139739233,0.0,0.0,0.0
9.88,-10.734647360507559,-10.031190389297478,1.9814759589630355,-0.21622182812309962,3.829006336879562,145.33490781274637,-10.952231781223656,-9.928242087459388,1.9999999999999991,145.82663734430355,1.7645710498725375,-0.03120379589246034,0.11682249644024076,-0.052745688909741725,-0.00012179167349623404,0.020033085184128507,0.12537831833451762,0.03514246253358062,0.02062881310317464,0.001604994861234928,649.2742413932007,665.2263512924948,663.8053246798514,659.6822128546169,0.0,0.0,0.0
9.932,-10.809430468605742,-9.97762714039971,1.981412424990064,-0.3453616374715816,3.826652895407458,145.39699053664057,-11.026849018436376,-9.875236976652,1.9999999999999991,145.9016844560651,1.7650372747071175,-0.030333297280836773,0.11665579638022097,-0.02273845321618657,-0.001670179609415216,0.021501364575848763,0.13002756068255894,0.030686750701275384,0.02009767044073381,0.001330186999493915,650.4896044621349,665.0043686666229,662.97608299512,659.9666440410513,0.0,0.0,0.0
9.984,-10.884337207160518,-9.92420004844589,1.9813507965825092,-0.29778480506120625,3.8176632650681697,145.46337650072226,-11.10198937193088,-9.822037442887448,1.9999999999999991,145.9723680616651,1.765460845943166,-0.028715924850235088,0.11655429230689285,0.03502696114367944,-0.004098337217826471,0.022762279041680496,0.133977598175679,0.008606121928079077,0.02113047972090447,0.0009515378586666785,654.1367230934276,662.6275821334273,659.2489779507533,662.8108040610039,0.0,0.0,0.0
10.036,-10.95935313861555,-9.870895893126095,1.9812989285012863,-0.15691278737691888,3.8030465236300217,145.5316957669255,-11.177185691929903,-9.768981726115378,1.9999999999999991,146.0504164986882,1.765782923108226,-0.02784080614017039,0.1164449375052106,0.0415681872471602,-0.005335380193077978,0.023076718170855787,0.13769455539160225,-0.05510539842916495,0.02285135203767956,0.0010296535534636143,662.9502884677686,653.7400922078133,650.0373564324372,672.2045719865469,0.0,0.0,0.0
10.088000000000001,-11.034441258521083,-9.817672799902649,1.9812628884920298,-0.18948621952266734,3.788386751575811,145.59923251343858,-11.252689079945831,-9.715909103173145,1.9999999999999991,146.12448249941042,1.7659644046234213,-0.028116594232059006,0.1163390798349063,-0.042329393102931524,-0.0046267806513441935,0.022769293283316134,0.14087135201500267,0.035452895042811725,0.022597324334296634,0.0012684185689733488,649.7512423113686,666.3351852992563,663.4330534891435,659.7802201850412,0.0,0.0,0.0
10.14,-11.109600044400567,-9.764540621958062,1.9812478318435471,-0.2645434853752527,3.7763665705529,145.66883902966615,-11.328099016566457,-9.66310237099191,1.9999999999999991,146.20754008425803,1.766014058253091,-0.02787176370835643,0.11636360368280185,-0.016984371681376197,-0.003677064632398413,0.02391264268130466,0.14209335064829776,-0.02786270308970931,0.023672953724216923,0.0011211698498772987,658.9221923267824,657.7257639206828,654.0652043323375,668.713562206115,0.0,0.0,0.0
10.192,-11.184845559090478,-9.711532727764462,1.9812572280493377,-0.37669464848222295,3.769105709468572,145.7397637100749,-11.403317577474755,-9.610628573168775,1.9999999999999991,146.28657951337914,1.765960914808496,-0.02708853561533305,0.11655531193648447,-0.04726645175337583,-0.0019048766308760537,0.024158390921621035,0.14088594286224043,0.04759908690701146,0.021878234158355107,0.0011906921222439117,648.2039283778356,668.0498726369881,665.1448603008974,657.8351456550301,0.0,0.0,0.0
10.244,-11.260199729075717,-9.65868774454474,1.9812903648085198,-0.39206232428999077,3.764157392692177,145.8142900980291,-11.478520560373045,-9.558369110010885,1.9999999999999991,146.37451100258036,1.7658548265941938,-0.0253707212192045,0.11683146601221298,0.024914506590764447,-0.0020371940432806685,0.025820212232684287,0.13808463226645196,0.022905900754501423,0.021452366737817936,0.000852992223886827,652.2453413352792,664.9074709025879,661.1766501366276,660.7632393219016,0.0,0.0,0.0
10.296,-11.335662630421623,-9.606010558653999,1.9813440624935987,-0.21760295536478746,3.75697028357208,145.89241641144514,-11.553785486260074,-9.506275898038018,1.9999999999999991,146.45743837742137,1.765707159275258,-0.024006774118693435,0.11704334362111793,0.0706505636993365,-0.0029318813391831337,0.0266129078517837,0.1352533282522419,-0.000361000167864757,0.02139949951406609,0.00065396456460716,655.8033883092346,661.8067728784936,657.5204177807674,663.7127995176176,0.0,0.0,0.0
10.348,-11.41118884968078,-9.553440644813948,1.9814134821056681,0.0006674702921070794,3.746609524845305,145.97197286329572,-11.629237322928262,-9.454276145656875,1.9999999999999991,146.54973940119058,1.7654963743386702,-0.024395794996150817,0.11707533214413109,0.06732140781008153,-0.00395864655251779,0.026991693167557014,0.13368371625220044,-0.008288111168240919,0.021781532428649397,0.0007695596377231347,656.681734020097,660.5332681608678,656.45109861915,665.006558713317,0.0,0.0,0.0
10.4,-11.486720040686649,-9.500900320604925,1.9814945394681172,0.13961968291687818,3.7337978674466035,146.05196079633913,-11.704765270405053,-9.402451042842216,1.9999999999999991,146.6385957847889,1.765192491122929,-0.026697893040174548,0.1169301681249045,0.01335300440863955,-0.00422945077040336,0.026785897611439145,0.13347926892919326,-0.056166282139562373,0.023039509807820803,0.0010181121155533339,662.9703734849396,653.5094560004187,649.7184995553007,672.2456165810316,0.0,0.0,0.0
10.452,-11.562221801938906,-9.448348456462398,1.981584749112987,0.0032032316564740075,3.722492564415318,146.1315039910816,-11.780546013131952,-9.350678333723776,1.9999999999999991,146.740607091743,1.7647798407656015,-0.0297745419086616,0.11666063497955914,-0.0642080280743106,-0.003583950554970491,0.027205854217207986,0.13419999457040066,0.03760840141046497,0.022314934426635107,0.0013194247560119545,649.2307385168344,666.3562967949756,663.6747640400068,659.3285274235225,0.0,0.0,0.0
10.504,-11.637718154525903,-9.395829556672197,1.9816837677806138,-0.12581535287924767,3.7126698400036826,146.21483874586096,-11.85632678840388,-9.299111766290007,1.9999999999999991,146.84101073694836,1.76427229739536,-0.03156899256389671,0.1164228330964934,-0.04570163248425196,-0.0029423954979543735,0.02841132454067418,0.13432086215340822,-0.028131184342331698,0.023502689412537015,0.0012226125014305788,658.6444078231365,657.3220063387763,653.9917421259942,668.6693229395532,0.0,0.0,0.0
10.556000000000001,-11.713243907209327,-9.343402738948887,1.9817923554825625,-0.355188918040644,3.7073915040183043,146.300797751157,-11.932378835598929,-9.247553321040046,1.9999999999999991,146.95616448740222,1.763688865049827,-0.032258146823392723,0.11627195082009589,-0.09958300431773531,-0.0011714292293199993,0.029215717792718855,0.13327409444190796,0.0007926991038378906,0.023536056129716532,0.0015219385258992838,654.0608837568865,661.016520842753,658.5267967932631,664.9877144016009,0.0,0.0,0.0
10.608,-11.78885463232098,-9.291155048770602,1.9819091978590606,-0.6097010484004457,3.7077485528991874,146.3916799623338,-12.00894917455727,-9.195831204338745,1.9999999999999991,147.06791514185355,1.7630800392658443,-0.030795513089929272,0.1162269054549843,-0.051550359400126346,0.0004511240815928292,0.03144470880326225,0.13091530625132597,0.05874206483678451,0.023274651340376665,0.0011297157322285487,646.2314220059102,669.6655517364777,666.206468707697,656.1218715726602,0.0,0.0,0.0
10.66,-11.86460727581117,-9.239171505155493,1.9820304911768223,-0.5431706620401265,3.7132940977475455,146.49028078813072,-12.08544412967018,-9.144350872482926,1.9999999999999991,147.19354459831447,1.762496535470741,-0.027751336644922207,0.116450492595127,0.06123896345987141,0.0023117453031093475,0.033851446687302555,0.12576481325664068,0.01576394323049952,0.023442404446671148,0.0007989673748488178,652.774317101299,663.9693018336583,659.5165869558481,661.7016701150291,0.0,0.0,0.0
10.712,-11.940489326290374,-9.187428900508671,1.9821503667704294,-0.2718681893480853,3.7248022030868633,146.59360335484322,-12.161547288031416,-9.09334525473707,1.9999999999999991,147.31263790889238,1.761984929733719,-0.025942034968666143,0.11679486004975947,0.09696517067770508,0.004398687956803202,0.03492708266903659,0.11946535040092843,-0.007617292827765507,0.022226558815189482,0.0007203203817189162,656.2686362602616,660.440277592436,656.092887382745,664.5890919700549,0.0,0.0,0.0
10.764000000000001,-12.016439251047679,-9.135825216757594,1.9822591873598847,-0.0024089477719952315,3.740043582066612,146.70020011857596,-12.237926896399909,-9.0424120271322,1.9999999999999991,147.4460047262793,1.7615950765493593,-0.02673656517779473,0.11706348474842136,0.07788455427764787,0.00527593465544599,0.0358153579814058,0.11425982672619162,-0.012166241834573224,0.021553935366584304,0.0009366101736815182,656.6010001836155,659.2833136784808,655.7244891169805,665.3215935737571,0.0,0.0,0.0
10.816,-12.092396189143594,-9.08425575622469,1.9823471592810329,0.17684657985665223,3.7554071057289584,146.80924534138975,-12.314143359278617,-8.991862704846001,1.9999999999999991,147.7265929835228,1.7613473932461723,-0.029850225497912573,0.11715472898743695,0.04386533541993755,0.005018226882144501,0.0366046961508395,0.11146328907373348,-0.011070762635167219,0.020677906562587414,0.00417709988778296,651.9878184828201,654.7520441708441,660.4515291722386,669.4275060932559,0.0,0.0,0.0
10.868,-12.168322112175062,-9.032649765090417,1.9824077862663458,0.2597518774786857,3.7676688555872246,146.9225967234977,-12.39086797218802,-8.941274800545235,1.9999999999999991,147.87834495358456,1.7612289790576043,-0.03445913545051281,0.11705178505986336,0.013813507792556037,0.003679804041631413,0.03815254903042527,0.11145088894523103,-0.007525479495209839,0.020943865356325368,0.004392357631746358,651.14231438823,655.0048855507623,661.221839062353,669.2669970945268,0.0,0.0,0.0
10.92,-12.244202794818808,-8.980974786889098,1.982439495616888,0.2675155641643762,3.7759298521929705,147.0412765817535,-12.467916748266388,-8.890761559329503,1.9999999999999991,148.05883258383267,1.761200569779143,-0.039752250715055774,0.11679852365951267,-0.008396852023096885,0.0026315684068889205,0.03981553192585125,0.11384303610550028,-0.004872998804064468,0.02159831838822238,0.005048218831489891,649.8002077936004,654.6210719171547,662.4675721731818,669.9373496571469,0.0,0.0,0.0
10.972,-12.320042053320355,-8.929228923400784,1.9824450436922785,0.22180726278653115,3.782634046213582,147.16666875010003,-12.545121439611052,-8.840419955603005,1.9999999999999991,148.24240946369767,1.761224193865931,-0.04512225763224763,0.1165334324556605,-0.023942342759052097,0.002383941087912884,0.04247862774773122,0.11719037699353985,-0.0027395463151695075,0.02202255703348346,0.005264092870001975,649.203263566694,654.7632884132416,663.0830868265782,670.0666480102466,0.0,0.0,0.0
11.024000000000001,-12.395856669250168,-8.877431663231574,1.9824298421328135,0.13986607709162893,3.7897521275192108,147.29984016946162,-12.622367511517762,-8.790311439434094,1.9999999999999991,148.46177048401208,1.761285483720678,-0.050168857681329414,0.11635149295889338,-0.03426324760995133,0.002735631313923378,0.04494485400927604,0.12038607949679281,-0.0011274304464058606,0.02200742717377052,0.0061288892870056105,647.8265061491455,653.8575596191308,664.5758887843258,671.0882414232457,0.0,0.0,0.0
11.076,-12.471672423724034,-8.825616438423918,1.9823998164316634,0.03588958192487524,3.798375886363595,147.4429782904826,-12.699724434350832,-8.740391851632001,1.9999999999999991,148.68511049908247,1.7613889410718435,-0.05464824774978736,0.11629171473997837,-0.04014872584850963,0.003087899015854794,0.04941953277170745,0.12285711849201619,0.00026842583399825856,0.02185638199002061,0.006137081476670356,647.6926332613126,654.0827939457018,664.8627258601849,670.9390070869963,0.0,0.0,0.0
11.128,-12.54752067114513,-8.773824749746765,1.9823600263187517,-0.07826601772275205,3.8077782912467244,147.5977200124853,-12.777039868919788,-8.6907677795345,1.9999999999999991,148.9519221384855,1.761544725663016,-0.05846851166850138,0.11632381049196594,-0.04249825920378404,0.0031600882250786824,0.05332186786408438,0.12473965679992771,0.0011634300110837641,0.021391178071583767,0.007010330963205074,646.443337051681,652.9694784698925,666.2991767678626,671.982056812508,0.0,0.0,0.0
11.18,-12.623435021770803,-8.722101682689944,1.9823143637747471,-0.19328496192890218,3.816753369361211,147.76571345347938,-12.854203593674582,-8.64153583575605,1.9999999999999991,149.2235470674395,1.7617574247139705,-0.06160652710975782,0.11640468296235636,-0.04201311672207882,0.0025860482394040084,0.058084494980696025,0.12633312206289915,0.0015819988021731572,0.020545214596408568,0.0073943826698216935,646.0035951962838,652.410992869359,667.0439493776662,672.3670718720932,0.0,0.0,0.0
11.232000000000001,-12.69944847074746,-8.670492600153947,1.982265960064957,-0.30674821704775673,3.822301190488261,147.94852239756372,-12.931199278413988,-8.59274995814414,1.9999999999999991,149.54846251494823,1.7620182385461995,-0.06412974475713551,0.11644238300003343,-0.046757513507631895,0.0007418052978306607,0.06387225187693527,0.12844174491865856,-0.08787845522299526,0.020804772410686137,0.008197432565262295,657.7918757521321,638.3350058052155,655.4519698353523,685.915696851886,0.0,0.0,0.0
11.284,-12.775596188998042,-8.619050186631709,1.9822169126582758,-0.6533773268786122,3.8223243891838576,148.1475316966516,-13.008812885957797,-8.543993693397988,1.9999999999999991,149.88028659867618,1.7622899879771965,-0.0659971162584039,0.11611501975519874,-0.16654505944878595,-0.0013545658377737662,0.0696994365714911,0.13416478712321833,0.06354385326866335,0.019842159073829677,0.008792458303336782,635.2221488733749,659.4383299832158,677.895140302185,665.6656233801981,0.0,0.0,0.0
11.336,-12.8519573299392,-8.567903197900874,1.982172361742536,-1.012319868494893,3.8164756473946104,148.36543441633626,-13.086173601698526,-8.495862099535996,1.9999999999999991,150.22409155619596,1.7625296459522304,-0.06490022583757629,0.11572296529522175,-0.07887461600458076,-0.004255554647223759,0.07621975298372116,0.14038235675056954,0.046566415359736324,0.019693761143017827,0.008952683819539791,637.693307336027,656.9364213942923,675.9363247341486,668.4207139714174,0.0,0.0,0.0
11.388,-12.928609724201086,-8.517185076296304,1.9821442113535408,-1.034304248936354,3.802590799409931,148.60488389189757,-13.163951540898811,-8.4480678096124,1.9999999999999991,150.44226803490133,1.7626838532051288,-0.06183382948830152,0.11573152930588873,0.023704177882869274,-0.007412036680504284,0.08247062013357417,0.14213445880886733,0.014831875628021273,0.020158360748400047,0.006078971517761182,646.3987753005556,656.4960889161908,667.5561760571107,669.0544945348173,0.0,0.0,0.0
11.44,-13.005554041533106,-8.466913173159137,1.982140156634194,-0.8663991413707208,3.773537916047945,148.85443552569356,-13.24216927208651,-8.400715272708183,1.9999999999999991,150.68700605294276,1.762701398932688,-0.05935320002018535,0.11563732832606291,0.06088677942006225,-0.019209531751734878,0.08494640562397254,0.1441248683577281,-0.004430930963052231,-0.037424674900037196,0.0048830490931634,659.15575273558,647.108418512671,671.3208380194723,662.0170518593578,0.0,0.0,0.0
11.492,-13.082734858614115,-8.4170352656996,1.982164642608959,-0.6768248793738756,3.592805857185667,149.1109672115013,-13.320586029574809,-8.35407946301273,1.9999999999999991,150.9234642710179,1.7623568146563773,-0.058674293124925,0.11153278640380533,0.05228414379007958,-0.0976483563346969,0.08613598396883998,0.1846491358990936,-0.009486924975149906,-0.06422023131838477,0.003822959864434554,665.9516132349205,644.809200447054,673.7213808218659,658.2717523843123,0.0,0.0,0.0
11.544,-13.16003286196951,-8.36752333534234,1.982257935056285,-0.547194897341171,3.0908029114779323,149.37341966078068,-13.39933694500757,-8.308249824749288,1.9999999999999991,151.19728244490173,1.759917804251773,-0.0597108636100994,0.09905977215802778,0.028486464993090092,-0.22112760953085536,0.08738211466694376,0.305284279125524,-0.007666907897152067,-0.06302941890530153,0.0033339294417299467,668.6694197160399,648.489142333042,675.5917794093765,660.0067295766806,0.0,0.0,0.0
11.596,-13.237222368595235,-8.318443522268682,1.9825625618122296,-0.48993482507764347,2.204085623977152,149.64117377407362,-13.478492939105308,-8.263355166777693,1.9999999999999991,151.47288991710514,1.7521162031782702,-0.06181657004020773,0.07828822802572137,0.006533484657538116,-0.3471522200317713,0.0881006492245675,0.5007603554896733,-0.00568762214614639,-0.033064980541327976,0.0029325599721163036,668.7672863026221,657.7836718653098,675.1533198739382,667.4867645570199,0.0,0.0,0.0
11.648,-13.313947118166148,-8.269976423731505,1.9833441203485367,-0.49611708620755623,0.9973888198480845,149.93594016632568,-13.558192011680523,-8.219552909725468,1.9999999999999991,152.66045326071074,1.7353206367916545,-0.06479305569356521,0.05334942919828084,-0.012946300910564746,-0.44184106933888945,0.106778811186423,0.7218939856775717,-0.01515690696529017,-0.0017469124223399857,0.014752841997485363,654.0204437845814,649.14342808563,689.9108879782857,693.5553077192576,0.0,0.0,0.0
11.700000000000001,-13.3897347729033,-8.222402022046566,1.9849294799545294,-0.5781184652685901,-0.41632063025080074,150.3189068623933,-13.63830463581208,-8.177164926550446,1.9999999999999991,154.49916016077475,1.7067760438112554,-0.06973492366215864,0.02890333395189685,-0.0395418970478076,-0.49215171377596895,0.14508456528003794,0.9123183783897792,-0.027092111158429147,0.038341054465993535,0.031415002151478064,630.4860110650407,633.8312258709392,708.6413293477524,725.7921872458488,0.0,0.0,0.0
11.752,-13.46404436853219,-8.176074447957946,1.9875638732329526,-0.8790739141524415,-1.7982043032193114,150.62795691461957,-13.690300863915864,-8.114868339116144,1.9999999999999991,100.57771952337438,1.6654991266971924,-0.0722158984528678,0.007917847493977155,-0.20217681952292618,-0.38984042396524765,0.02986328894022463,1.0349161054569749,-0.09576211217285656,0.48093373317030674,-0.08,731.2341809829902,824.3309124027837,454.1329024283311,650.4341574342501,0.0,0.0,0.0
11.804,-13.536455426287775,-8.131423684307848,1.9913248688943865,-2.0192376286402176,-2.0408212404557267,150.5356565788953,-13.688506242061269,-8.013638678345297,1.9999999999999991,100.20917993868292,1.6160601921950881,-0.057843380835839876,0.021727147987660546,-0.4414137881164125,0.14075801700936047,-0.06596279345056415,0.7789008168339624,0.19983605773540056,0.26989216208429495,-0.08,715.268166270187,829.5893133151653,542.4774058812584,566.2346229250703,0.0,0.0,0.0
11.856,-13.607150560717809,-8.088904544541553,1.9962142462159327,-2.883055069427633,-0.916966946361301,150.16078916031694,-13.670538494741486,-7.9010912994419105,1.9999999999999991,99.81518351268242,1.5699868258909069,-0.027446207634706603,0.0699945668039934,-0.1259243680341417,0.504729341569097,-0.13628176685587637,0.1474653570184823,0.316148983428508,0.051467677229944664,-0.08,715.8043363091183,806.5937669729075,582.048735208165,489.147246016545,0.0,0.0,0.0
11.908,-13.67679702962189,-8.048509511404838,2.001465135381788,-2.21394944354856,0.7466055863352086,149.55899223575105,-13.655276565737552,-7.791959561376745,1.9999999999999991,99.45520325685072,1.5356630143125547,0.012077873737932263,0.11553906083122736,0.47127620377199364,0.5747944778046662,-0.20154149886507397,-0.4690581010565138,0.17982130149049996,-0.18055035938120403,-0.08,750.5543127481889,750.3716831867129,581.7901272854489,450.5397793214941,0.0,0.0,0.0
11.96,-13.745913952292806,-8.009521458829287,2.0060329342161607,-0.01122571462553723,2.0115285574790525,148.81151593138338,-13.65048772858109,-7.692676258019456,1.9999999999999991,98.2969795698163,1.5161095477846283,0.047786121903215684,0.13004141806182154,0.8915589439065972,0.25574451121722164,-0.26663831685652345,-0.7585478187720707,0.11901163534545889,-0.3521064760152545,-0.08,773.5978388424021,714.7124541222221,592.2315293959236,416.66020877079507,0.0,0.0,0.0
12.012,-13.814482397302761,-7.97081192700594,2.0091802043583855,3.107895774002533,1.7554010856005833,147.88869282909974,-13.658821805432423,-7.60475200550877,1.9999999999999991,96.54249802342105,1.5063146492540895,0.06639247881349208,0.09400388139895674,1.1810962822755209,-0.3713779080094786,-0.3298818689046087,-0.5054712327246378,0.06969229867907106,-0.5421379365542268,-0.08,807.097570538283,688.3130871758271,620.6027865790286,393.8400452990705,0.0,0.0,0.0
12.064,-13.88167919487257,-7.9312834523128695,2.010924813855056,6.833978164788393,-0.64861696100024,146.58633518531784,-13.679894467392225,-7.527538905832519,1.9999999999999991,94.63998264130679,1.4885351473790678,0.056213021666137286,0.009750167353292495,1.2412920862005001,-1.1254148347554522,-0.38370620234087466,0.26681672566528186,-0.11750340924592312,-0.15399215397465582,-0.08,799.1062659009086,732.4568770594286,549.4813274752651,536.8524726163397,0.0,0.0,0.0
12.116,-13.945675786070904,-7.890121502120627,2.0120955609596094,10.093396256589386,-4.267092797473399,144.7698276163261,-13.711269584076131,-7.459807989742637,1.9999999999999991,91.0997891850586,1.439372588494583,0.012727334683304475,-0.07937207801972779,0.9171865833771011,-1.267343587877905,-0.44934293098785777,1.1053470959406724,-0.1363170369281323,0.5466064235968665,-0.08,735.0777364666562,833.4273574354906,443.4236995905747,673.3440926129584,0.0,0.0,0.0
12.168000000000001,-14.004110509102253,-7.846977174406978,2.013944014695493,12.291874875005053,-6.652563465709374,142.8035487645122,-13.75090232361113,-7.399362823247012,1.9999999999999991,89.56143747135839,1.360443823549089,-0.05256492801054787,-0.10036285195631996,0.5159442476919486,-0.6319763098619143,-0.5159686280939784,1.2518270935034561,-0.07874946073733495,0.5030128418828601,-0.08,740.0079938879467,840.9088526453585,474.91216695503493,666.5390977264442,0.0,0.0,0.0
12.22,-14.055255062502674,-7.801747704890496,2.017277906840806,13.498735148522563,-6.896375259195753,141.04495388183722,-13.795887414691212,-7.344495663827822,1.9999999999999991,88.0856679845746,1.274809030326155,-0.12738662442920534,-0.05126240814573894,0.2302132732977288,0.05678763885791579,-0.5792908678821505,0.6609891604164638,-0.02196261799140585,0.3586995975268558,-0.08,740.7679986981406,821.7935545198891,498.0139126581498,625.4122021428074,0.0,0.0,0.0
12.272,-14.098735083783586,-7.754293172179124,2.021717544654994,14.056839187539659,-5.368234061743935,139.52118983316925,-13.844102597250089,-7.293059145540249,1.9999999999999991,86.91474368601159,1.1994434058611434,-0.20567099241608036,0.023291007253466327,0.08019624565233778,0.5639433302169387,-0.6416618636646555,-0.21593612310080984,0.011177398306647244,0.2016290526397222,-0.08,738.4168617624355,790.740851329671,506.9518493756726,573.2423429543168,0.0,0.0,0.0
12.324,-14.135256883857968,-7.704303627346255,2.0260613634510647,14.27247816355626,-2.7011587390542333,138.10754053961264,-13.893051133827589,-7.243751787272658,1.9999999999999991,85.83950794944754,1.1447337721082453,-0.28441800916844945,0.08991443065309013,0.017680988438065787,0.8497730290404828,-0.7027919800264593,-1.0120123586012666,0.025733084942134783,-0.11323431982722687,-0.08,759.3695277872738,737.3893767280794,542.084391933628,491.53442433847295,0.0,0.0,0.0
12.376000000000001,-14.165997190273751,-7.651315073216708,2.0289164377997264,14.31059801937685,0.13376893289358321,136.5594818962745,-13.940649721661835,-7.195546087226806,1.9999999999999991,84.99858975078423,1.1180957663676776,-0.3611997679032053,0.12927990362867986,-0.0041858331252380785,0.6558215428329928,-0.7617235053587327,-1.492352126500216,0.03246685640731935,-0.35169338733700295,-0.08,778.0221763816498,696.6309794939442,570.1435780187975,425.00109955242135,0.0,0.0,0.0
12.428,-14.192014504991654,-7.594880432381883,2.0292334557113065,14.237430081799587,1.7673905591860493,134.53724510979788,-13.985458115275623,-7.147563883751307,1.9999999999999991,84.22107684477908,1.1194922929234647,-0.4339510019990369,0.12732777553866165,-0.017913030749904472,0.18103038349602057,-0.8133721548690922,-1.4848569969315872,-0.16215593748074497,0.02115025928710891,-0.08,756.3728527984968,720.4749394613556,467.6218566892068,536.2744032987516,0.0,0.0,0.0
12.48,-14.21382936465504,-7.53480228373469,2.0266815060180114,13.61112697830817,2.723964294642359,132.17296268134746,-14.026780540328135,-7.098689887661815,1.9999999999999991,83.61000210043153,1.1380409040906811,-0.5010106335510609,0.10328580407047024,-0.3483884476865891,0.1739492771386215,-0.8710440037956804,-1.167907539144141,-0.1143208722147904,0.21003108153402145,-0.08,732.3434991607061,756.5133332324863,448.199158845729,568.1842516085497,0.0,0.0,0.0
12.532,-14.23179199800665,-7.471105834136966,2.021626497347843,11.737351619131601,4.297331129996697,129.76092808203862,-14.064101034960906,-7.048397039850972,1.9999999999999991,83.05488762917929,1.1696871042094736,-0.5544194037162073,0.08733472360518932,-0.7095070222800068,0.43488933446555056,-0.9258992034923589,-0.8500000385098643,0.005159333337825811,0.04478023486155766,-0.08,743.0655238523993,755.5943403240333,511.4923242608196,525.8528194604731,0.0,0.0,0.0
12.584,-14.246719266063968,-7.403911736129271,2.0147095665342336,9.141761330208476,6.285904233931718,127.21935548863716,-14.097333730745154,-6.995922256368293,1.9999999999999991,82.62674224737616,1.2190162343531141,-0.582976787010705,0.08103706996745849,-0.8214345873256306,0.5187664792820351,-0.9765514727629135,-0.5669720437882626,0.08227511592008468,-0.0929786063542564,-0.08,754.8871249688466,752.2168834675057,555.2718510791583,492.3762669554003,0.0,0.0,0.0
12.636000000000001,-14.259812921793413,-7.333335240864558,2.0064831703956,6.44386327468544,8.064670040123135,124.42105709210429,-14.12648137070268,-6.9409960764734535,1.9999999999999991,82.22543432273687,1.2866411086580662,-0.5812818658541323,0.07973303456110056,-0.7489452845352913,0.4076793796636292,-1.0230579637355985,-0.2906354319949346,0.11532187192577109,-0.1687439382359533,-0.08,764.8732802977395,751.6284587717436,579.5933180428145,478.6694749758381,0.0,0.0,0.0
12.688,-14.272281429146684,-7.259476617448539,1.9974489338095212,4.026666090073422,9.166393580600147,121.35137939146117,-14.151890739023465,-6.882791849837872,1.9999999999999991,81.88306942192861,1.3674323697879847,-0.549221530486866,0.07979098364073565,-0.5878288612554334,0.17673049802804758,-1.0657592708224706,-0.001312010951778242,0.13084070014223553,-0.1860537071821268,-0.08,770.4228402313547,756.8303603838519,591.847488398691,480.76657877765655,0.0,0.0,0.0
12.74,-14.285080087250547,-7.182491366607365,1.988112182813232,2.091761049481874,9.384655550619941,118.07056753238999,-14.173916676782008,-6.821652707207007,1.9999999999999991,81.51345662759178,1.4528046999478268,-0.48984569877545575,0.07784961552825632,-0.3891387971187876,-0.09315367940536787,-1.105733418539122,0.3178721934236396,0.14538138292072228,-0.16068972526900327,-0.08,771.3627128745928,767.6227957651511,597.6617628608258,492.0589540392096,0.0,0.0,0.0
12.792,-14.298795180506984,-7.102663291296907,1.9790220273704198,0.7909355438827662,8.737296046059306,114.6498750609377,-14.193120158814848,-6.757661362453437,1.9999999999999991,81.15456084946861,1.5331291913590288,-0.408157827854169,0.07202217783024313,-0.16175564111957783,-0.3408930864510292,-1.143789638715442,0.6678528140399067,0.14255741769560665,-0.10687008980245524,-0.08,771.1763579609897,779.8274217862379,596.5319436625927,511.92756194835744,0.0,0.0,0.0
12.844,-14.313608459099198,-7.020436552675748,1.9707763541374759,0.2108705958311835,7.402894352892912,111.13092910885025,-14.21018884096749,-6.690652695666937,1.9999999999999991,80.7355199992066,1.5996418351804624,-0.3109023669491698,0.06254946568745813,0.05985235227128871,-0.5248033727616679,-1.1809253143459253,1.0270406241235124,0.1369292454014021,-0.039210318175155134,-0.08,769.4825220080953,792.9968589385978,592.5577091383975,533.7594373381966,0.0,0.0,0.0
12.896,-14.329314885287152,-6.93640687809152,1.9639894910901343,0.343576769696501,5.656041128671674,107.51650235171958,-14.225782139047539,-6.620639517471137,1.9999999999999991,80.42870712250065,1.645912309254724,-0.2057647488392874,0.051706465796077364,0.2609033449031414,-0.6234459444224905,-1.217828385390034,1.3532759588880943,0.11820198883982273,0.03105723128003421,-0.08,768.3681100601102,804.0575222057544,585.1236683740104,556.4213780275311,0.0,0.0,0.0
12.948,-14.345384989716225,-6.851281716599636,1.9592238344201975,1.1135539233853293,3.8079346605306865,103.79771728309608,-14.240489948295858,-6.547641633384459,1.9999999999999991,80.29841238838875,1.6687605798775071,-0.10062704854671764,0.04355414251761102,0.42313494490304276,-0.6311240584497626,-1.2406714188671237,1.5884660791330771,0.08039313359185382,0.09416314481590024,-0.039792370394744675,719.6212516093957,763.8618716696221,634.5150546128252,638.581745932295,0.0,0.0,0.0
13.0,-14.36105204520327,-6.765819152493706,1.9568832362619786,2.480768746950203,2.123334292906887,100.14093324226735,-14.254807064890258,-6.471434702003359,1.9999999999999991,80.17425633424895,1.6683685725382518,-0.0071372744759930894,0.04112949943600709,0.6292305812246282,-0.5853712442190265,-1.1793979204487357,1.6896545744136464,0.2996490336713522,0.08826904852013279,0.011231751269923077,622.1512895705227,730.0156682243011,735.3882859373075,679.205878890785,0.0,0.0,0.0
13.052,-14.375332825369508,-6.680747873981467,1.9571509469619608,5.1152830269367895,0.7055055461072209,96.69032679668305,-14.268843910692869,-6.393063197087255,1.9999999999999991,80.04078867003454,1.6486352372527473,0.06173751719428944,0.04376480942491947,1.019779465307796,-0.5064424030619473,-1.0876283160102345,1.657395229197776,-0.2340004114280684,0.20793281088519538,0.046670812644582796,632.7298609699973,624.9368762697143,694.9710391354354,805.6948396212952,0.0,0.0,0.0
13.104000000000001,-14.386844999526092,-6.596670336297409,1.9599847650342264,7.60660752835496,-0.1113602061093406,93.51796420530594,-14.282584202638873,-6.313235130187226,1.9999999999999991,79.92489693789167,1.6161775484825884,0.09550938063878603,0.05972842558453938,0.6787826898403234,-0.30372897189525033,-0.986050436191697,1.4115690579189,-0.2073164163370152,0.2018101120491575,0.07312255433254909,585.8145505761753,584.0448700492719,729.760670652257,828.4777020686303,0.0,0.0,0.0
13.156,-14.394379429378562,-6.514019404189874,1.9650894757105624,8.945611203331817,-0.1972630227023586,90.73528260407217,-14.295804107607292,-6.232678945051968,1.9999999999999991,79.8170134373174,1.5791718511616566,0.09969771297494154,0.09300965760866461,0.30978351960820616,-0.07175526268956882,-0.8771475393575073,0.9222810377128392,-0.1523492061408706,0.15738825855348706,0.08,561.9269740011317,563.6102578294898,742.2553416859696,816.9449485337578,0.0,0.0,0.0
13.208,-14.397403005062165,-6.432970842243269,1.9718037294500153,9.450439479379035,0.32699340585937375,88.35012714184056,-14.308195651432905,-6.151155629174588,1.9999999999999991,79.74101516644131,1.5446165624845576,0.08467247741868564,0.13250520820235648,0.1136103896451689,0.1136172707710947,-0.7793452109157434,0.3198827650275766,-0.06978442600613576,0.09374136493365984,0.08,543.1498037598111,551.379283105334,749.1566863240948,789.1252605597303,0.0,0.0,0.0
13.26,-14.395872691220449,-6.353419851218143,1.9791864227377098,9.584573639201338,1.228801523083766,86.31711374587024,-14.319199562986784,-6.069509226996083,1.9999999999999991,79.68823768043087,1.5173517910167011,0.05749499641272242,0.1653509548281089,-0.010741038186938518,0.225711796317717,-0.6857662767964319,-0.23892982809623908,-0.1609282524069747,0.05179604612867837,0.08,551.1117979443526,512.5352153925783,731.9014315122023,784.6403314620336,0.0,0.0,0.0
13.312000000000001,-14.389959563472509,-6.275069476074969,1.9862471202205958,9.089874062341753,2.3084077348998764,84.5849103035529,-14.328273783923708,-5.987678808708596,1.9999999999999991,79.66778484241232,1.5001724472619429,0.02207605828647681,0.18606599646354346,-0.23747270723800612,0.2793302490941107,-0.5967014834055803,-0.6684557671204456,-0.1247630708301405,0.006056356456797293,0.08,540.7708252889834,497.79650992526797,733.4753402180432,766.2714730596582,0.0,0.0,0.0
13.364,-14.380045774931455,-6.19752562527567,1.992173968991575,7.98929265730028,3.379571967044861,83.10289519590629,-14.334867205589768,-5.905640744193842,1.9999999999999991,79.71003111852026,1.4940966902359172,-0.015286299408006571,0.19236451983997035,-0.40452527511218844,0.2751281927906247,-0.5100874228080368,-0.9201095387540805,-0.060315882065537785,-0.03117937706229404,0.08,528.2608493092384,494.6300156865126,740.8397727537872,748.1967674299067,0.0,0.0,0.0
13.416,-14.366693574946964,-6.12036496378638,1.9964235939536814,6.526869617821055,4.2852547273780255,81.83580594560411,-14.338599871565261,-5.823853329027988,1.9999999999999991,79.77253479887892,1.4984799584362833,-0.04868384993493595,0.18472623455027984,-0.4914290000838517,0.22366426066355255,-0.42557760166878167,-0.9810930459666377,-0.03518365729439829,-0.051494654712777685,0.08,524.8431380466137,492.81917357268185,744.7775880630406,740.6490370411378,0.0,0.0,0.0
13.468,-14.3505450573322,-6.043192550400401,1.9987678452962439,4.915258918422983,4.920427702716739,80.7698949201027,-14.3392649200132,-5.742810206050731,1.9999999999999991,79.85053060864243,1.5111807967726232,-0.07444251445261339,0.16650674822978861,-0.5183907281010184,0.14124746571608077,-0.3431720912499278,-0.8769974393559591,-0.018435015911503344,-0.058266584252183916,0.08,525.2348539881735,497.024290475085,749.2677721097087,739.2064645276586,0.0,0.0,0.0
13.52,-14.332259550956362,-5.965683681660567,1.9992781188926987,3.3168387825993753,5.234847456127863,79.90840414905942,-14.336809822377724,-5.662501190606185,1.9999999999999991,79.95300133515718,1.5290655934751085,-0.09107057460245811,0.14217347171781428,-0.5009839476930013,0.04537925837342749,-0.2627148321668408,-0.6539623868876941,-0.00500600142006058,-0.05331426840035948,0.08,527.5961979529678,506.3894858752831,754.2793734862012,742.1416849821952,0.0,0.0,0.0
13.572000000000001,-14.31248296862912,-5.887611519961247,1.9982632561599702,1.845200165078111,5.231876627675539,79.26292533173331,-14.331377301060348,-5.583069060211943,1.9999999999999991,80.06053913832999,1.5486515094147317,-0.09885692688809458,0.11610299586805453,-0.4519223308065782,-0.047556390913753466,-0.1840307754503762,-0.3648664226412297,0.004023257357552962,-0.03954471354686877,0.07962128889292824,531.7684338189799,519.0589556826111,758.5299332120713,747.6542236774678,0.0,0.0,0.0
13.624,-14.291828817380189,-5.8088626772486815,1.9961830570612875,0.58053725595556,4.957066826615414,78.8277621438042,-14.323288273141841,-5.504718470695802,1.9999999999999991,80.5472732440549,1.5667345946189342,-0.09897467682981355,0.09194024319851367,-0.38269979658235326,-0.1250003416840013,-0.11983038007132163,-0.06025675300977906,0.0018550011953880063,-0.019930855210559442,0.0755621684321579,543.5830960903052,537.295418242202,756.5831918639485,751.15045900675,0.0,0.0,0.0
13.676,-14.270858637446388,-5.729441198785748,1.993559123637455,-0.45712263429857386,4.484161942370609,78.58630221789987,-14.312705642694041,-5.4265518720036985,1.9999999999999991,81.08843442256153,1.5808646997142335,-0.09297132149097628,0.07224375251885394,-0.3141410415904467,-0.178137502369837,-0.05610308144877324,0.21799650445956154,-0.00024521652691195106,0.002496468206340627,0.06881813519935104,558.4350799639067,559.1924276601014,750.5604472632785,751.246838370198,0.0,0.0,0.0
13.728,-14.250069023090719,-5.649451475618753,1.9908946529095712,-1.2841323838333016,3.903728728696113,78.52678537195344,-14.299919085269751,-5.347944447654167,1.9999999999999991,81.67811665689679,1.5895632693594388,-0.082911558529087,0.05862445628552937,-0.25111709602812016,-0.2014602643835759,-0.002047576698539585,0.43790873022738064,0.00040595373181467886,0.024297374395689082,0.06284772301719535,569.8778152216789,577.9695134964746,744.7619292814425,750.7683411410069,0.0,0.0,0.0
13.780000000000001,-14.229885336229978,-5.5690691760132065,1.988610601527829,-1.9199534521123014,3.311013354369442,78.62581880033808,-14.285384114343257,-5.268838899986948,1.9999999999999991,82.21439369405618,1.5923685298896448,-0.07027503028134595,0.05177857953124847,-0.19147885698555553,-0.19497924990386178,0.0465035276580258,0.5791089704200024,0.002548650004122535,0.042126911701092444,0.05445915886368988,583.374831425111,597.5980679145268,735.1018546654278,745.1546784624484,0.0,0.0,0.0
13.832,-14.210652382955733,-5.488501721434298,1.987001903193815,-2.376360304825051,2.789114835637085,78.85361668840623,-14.26964023696808,-5.189543461395121,1.9999999999999991,82.7760102444535,1.5897261206071027,-0.056220000177222104,0.051508098385562806,-0.13400009663777568,-0.16359574822060463,0.08552768140819941,0.6340496650049714,0.0031693656109176224,0.05363829359972363,0.0474046505585002,593.6890507947521,611.4126345397008,725.919371003893,738.8737361232371,0.0,0.0,0.0
13.884,-14.192623684799655,-5.407949210369224,1.986217402744741,-2.6662964980686126,2.3984219378432585,79.18466398437756,-14.253082213080019,-5.1098017911706775,1.9999999999999991,83.2689608687469,1.5827456777357014,-0.04177994479901641,0.056716966931229865,-0.08141210576098942,-0.1155795271151612,0.11851933997204767,0.6086950826419472,0.0041734901899441595,0.05876031729500239,0.038949799392320766,604.9693190785275,624.2194533783818,714.1068848508925,728.3353405270577,0.0,0.0,0.0
13.936,-14.175956877573652,-5.327572209385663,1.9862630045229237,-2.8098781276576634,2.171586143455854,79.590212318163,-14.236195279231927,-5.0299839204702135,1.9999999999999991,83.76930349765436,1.5729052108084876,-0.02767622793057653,0.0656593539128881,-0.03497147510861921,-0.059825471289884455,0.14260240338976557,0.5199859507218385,0.003468209579819059,0.057646386535979546,0.032350366107885414,613.006128468322,631.47016535444,703.808268934363,718.1338030853676,0.0,0.0,0.0
13.988,-14.160719030237011,-5.247471796992891,1.9870238224371433,-2.827489135494227,2.114555352108579,80.04984533448378,-14.219364977446833,-4.950238691175306,1.9999999999999991,84.19683835613064,1.5617972401621718,-0.014554862407415348,0.07635166520140398,0.0035474435596354673,-0.005005784614446443,0.16054798499969336,0.3910822703796646,0.002946531058484554,0.051418760320444984,0.025322263417785533,621.3735750824568,637.6092466296858,692.6654308412247,705.6983341416601,0.0,0.0,0.0
14.040000000000001,-14.1468991674938,-5.1676828431879205,1.9882999193464148,-2.7450399170260917,2.209356686025136,80.54567400527124,-14.202888574061038,-4.870540820565971,1.9999999999999991,84.62149371693164,1.5509170404455066,-0.002878647892712316,0.08689959880149242,0.03273039878850199,0.04158758483902529,0.17349217526490796,0.24700419976238763,0.0029632148778764873,0.04217273533802406,0.01930381460128962,628.1849723915097,641.5502433010049,682.862235140385,693.5725987985369,0.0,0.0,0.0
14.092,-14.134426966424082,-5.0881793301348495,1.989850035240273,-2.58850399938617,2.4214318425855836,81.06587203354457,-14.18690992077244,-4.790301913938326,1.9999999999999991,84.97849891393643,1.541506864923746,0.006959331730405126,0.09580026615639782,0.05315081082928598,0.07562699636834627,0.18103353117933008,0.11025965571445273,0.0037409002371043207,0.03271590093245595,0.013315451947608904,634.9780548722562,645.6812462974186,673.262139197783,681.3046448419067,0.0,0.0,0.0
14.144,-14.123192535970889,-5.008888062951207,1.9914289438611184,-2.378849119091738,2.7095180959139054,81.59492178160536,-14.17178419545104,-4.710708879993697,1.9999999999999991,85.32938411486438,1.534455548966521,0.014878300199139141,0.1021713890642024,0.06842851332322725,0.09594974629597966,0.183073849914713,-0.002608306805298888,0.0015830313942110583,0.022278493980408647,0.009018043555656009,640.4230644964639,647.3895520995685,666.1117097976298,671.9270454521519,0.0,0.0,0.0
14.196,-14.113062918353295,-4.9297054529463855,1.992824160206522,-2.1348916764762698,3.0300520663269275,82.12575797768574,-14.157575939359226,-4.631344669592712,1.9999999999999991,85.62290258252408,1.530276549070528,0.02071717134442245,0.10571816447903618,0.07513807641706892,0.10157383542387625,0.1821214887259052,-0.08187464679116485,0.001999163892528591,0.012870440200194795,0.004559266610612364,646.3032061058977,650.613982544107,659.6416659247692,662.7326336837997,0.0,0.0,0.0
14.248000000000001,-14.103895649894838,-4.850515084647316,1.9938765602612898,-1.88042080077566,3.340265864968809,82.651077941919,-14.144306991555126,-4.551817664415821,1.9999999999999991,85.91150775582547,1.5290899695588813,0.024469861246055113,0.10649769756870311,0.07496882277563896,0.09377863149653713,0.17857620466216623,-0.12297922160485164,0.0026062780483461535,0.006325073584204949,0.0010556951477241584,651.2188340469621,653.7920213810909,654.9238639778799,655.9904511010216,0.0,0.0,0.0
14.3,-14.095551761789531,-4.771204206067206,1.9944911173739912,-1.6330551903797688,3.6064056471127715,83.16430431119242,-14.1319693908916,-4.47179390482064,1.9999999999999991,86.1542360503067,1.5306469402335667,0.026277999031241246,0.10492589862630201,0.07007107366572829,0.07644817519401818,0.17220922806205924,-0.1269423770597884,0.003705105598246935,0.003182881573926634,-0.0021400382724057884,655.941549547808,657.9126714794768,651.0214133007387,650.8705963253574,0.0,0.0,0.0
14.352,-14.087904291106803,-4.6916767032549895,1.9946387760052018,-1.4030046690429951,3.808161362939859,83.6577406883324,-14.12062649642098,-4.391956136253408,1.9999999999999991,86.39523711106018,1.534423832687996,0.02645083455455874,0.1017067423971599,0.06322752685203402,0.05393210500303468,0.16403732200520635,-0.09973264449650077,0.003314265503448651,0.0018583386886772378,-0.004303908332913531,659.8385502990967,661.3106110560942,648.7672238585623,648.3452065487555,0.0,0.0,0.0
14.404,-14.08084215614498,-4.611861249520403,1.994349363086462,-1.1991826316931646,3.935935719569113,84.12761276554144,-14.11020766196973,-4.311937937766281,1.9999999999999991,86.60042697964923,1.5397496768086374,0.025262833924767435,0.09759733779894439,0.05328405450578477,0.02932744009090859,0.15452108971239778,-0.04973144008232544,0.004418042626674407,0.002631075552954715,-0.006247013577656007,663.3867802933432,665.3813716028479,647.2290703229356,646.7098267577878,0.0,0.0,0.0
14.456,-14.07427247298868,-4.531715408099636,1.9936983752994841,-1.027987869661387,3.9889327959221794,84.5700960145057,-14.100693509631435,-4.232193229388172,1.9999999999999991,86.80705144825899,1.5459022992738192,0.023077133010904347,0.09328810573509264,0.0423004819693397,0.005344986470344909,0.14446948394526987,0.013867031105026961,0.004747453320205819,0.004426182157322028,-0.007396217075317995,666.0709785610477,668.6551282387678,646.8358555613667,646.7424769623254,0.0,0.0,0.0
14.508000000000001,-14.068122167978604,-4.451226507366297,1.9927909432157502,-0.9512220801553948,3.9723122850274644,84.98152404442588,-14.092020514684718,-4.152878103871092,1.9999999999999991,86.98557061986499,1.5521888411301623,0.020263831021882957,0.08929176776212897,-0.027558614593436993,-0.01658568715685072,0.13303313704823233,0.08266057834803087,-0.054212396549450245,0.007006706512280276,-0.007991290364054788,676.2657498591523,663.0134403367425,638.5437177353797,656.3196084983202,0.0,0.0,0.0
14.56,-14.062374440071224,-4.3704071807118146,1.9917448108171723,-1.1668254986369608,3.8953944591036915,85.36188744953924,-14.084063434565708,-4.073329227156925,1.9999999999999991,87.16765919113388,1.5580033380862572,0.018339699472204016,0.0860235744223466,-0.07884500729767963,-0.03542445729984865,0.12289663135260327,0.14879507833378036,0.06304240051962104,0.010709422006745312,-0.008339749542330906,661.1825794589566,681.8297759106445,656.0312909743982,640.8593749659627,0.0,0.0,0.0
14.612,-14.057115244615227,-4.2892882162120545,1.9906787249189952,-1.2064635962466697,3.772535082067641,85.71644650373494,-14.076724947839775,-3.9932190085433357,1.9999999999999991,87.32550708232836,1.5628666938844185,0.018945101634323773,0.08363581543408774,0.01784500880843238,-0.0483637078665215,0.11385331588362664,0.2069647926666559,0.032910353606655535,0.015581813222432433,-0.009064148780551243,666.9962326218487,680.5264214181395,651.2459182629456,646.2244250023434,0.0,0.0,0.0
14.664000000000001,-14.0523720053538,-4.207926764791671,1.989702010486423,-1.020600122915426,3.6230875776588793,86.04366739164739,-14.069973487273653,-3.9129700323286865,1.9999999999999991,87.61364524071072,1.566434727694896,0.020058087298712855,0.08225675774148784,0.07149241355763652,-0.05406446986239268,0.10442171415382266,0.2523967197762368,0.0010764087952598346,0.020033750363689064,-0.006321670614827556,668.0185810040628,673.9331479874253,650.8017722266449,656.2549710746013,0.0,0.0,0.0
14.716000000000001,-14.04807251242346,-4.126399648095669,1.9889029335472885,-0.7781951443794031,3.4664155934669743,86.34192500665195,-14.063753863581248,-3.8323731016128804,1.9999999999999991,87.74273649349351,1.5685462907570833,0.02005991420606587,0.08198161567772884,0.07285175812124231,-0.053387703439553194,0.09469930973159442,0.2813137957680264,-0.005917208313955254,0.023663310024996255,-0.006238361811905213,668.9340995908899,673.902859608261,649.9554045064358,658.455619812506,0.0,0.0,0.0
14.768,-14.044113847279611,-4.044788138493626,1.9883418085553084,-0.5748733805410213,3.3198283276293785,86.61103549229321,-14.058051270620206,-3.75176963524195,1.9999999999999991,87.85260124383232,1.5692138658381878,0.01874794619545081,0.0827736374162866,0.05490230257771267,-0.04754355749004122,0.08553235263626092,0.2921304695129494,-0.005299244277253635,0.025989181304988222,-0.0061593221862438294,668.5856392992263,674.3781016914851,649.9978848112728,658.9849542739174,0.0,0.0,0.0
14.82,-14.040407824506987,-3.9631668848972286,1.9880475306914716,-0.43200438850263817,3.195966024164062,86.85288833217486,-14.052838546857664,-3.6713851271913853,1.9999999999999991,87.96431444214599,1.568596260368397,0.01652593601365272,0.08442183059492411,0.03570436283765495,-0.03840889308004364,0.07695988159814757,0.2859814480265239,-0.0027077343455778995,0.02677480060034705,-0.005691985448898506,667.2883995128348,674.0345826835058,650.7281629513614,659.1904712390148,0.0,0.0,0.0
14.872,-14.036892697296677,-3.881597641948405,1.9880183102739326,-0.3419962616273425,3.101519456570761,87.07078444061162,-14.048047370759313,-3.5906225167229464,1.9999999999999991,88.06244589319684,1.5669480340275954,0.013855651064406421,0.08658208289124339,0.020487937920289113,-0.027804057843206297,0.06932263078479588,0.26629525337795024,-0.0005945198267299631,0.027348418902857257,-0.005355710207556766,665.9827013188495,673.4923702295155,650.9455976761894,658.9660418167846,0.0,0.0,0.0
14.924,-14.033530216312865,-3.8001265089323297,1.9882264844044708,-0.2895089293471711,3.039808319119196,87.26661347521016,-14.043645808060068,-3.509891723693843,1.9999999999999991,88.16463272883983,1.5645664250580111,0.011135062822337269,0.08891031128149372,0.010226026704030921,-0.016485374973587576,0.06260316598086009,0.23733144348886104,0.0008491540590004534,0.026947879770687144,-0.004810123475605729,664.427408731819,672.2462322907089,651.3050990955755,658.7951216327981,0.0,0.0,0.0
14.975999999999999,-14.030298902593522,-3.718783056803633,1.9886252105679862,-0.2640774071765047,3.0111654109422545,87.44386870105664,-14.039559262390103,-3.4285176933212447,1.9999999999999991,88.25585237354622,1.5617633848195003,0.00857545899211326,0.09112816544097652,0.002644074793084278,-0.005470264812969065,0.056964973375955,0.20332059880028597,0.0021762651078312627,0.026888349126334955,-0.004505269894231294,663.068412945919,671.2581652613488,651.1587498870855,658.2545433730012,0.0,0.0,0.0
15.027999999999999,-14.027188946692766,-3.6375806122434398,1.9891564509791497,-0.25845221234325877,3.014852439719247,87.60431501968381,-14.035757448816735,-3.346969287631176,1.9999999999999991,88.35160926458406,1.558840294606221,0.006342012583192573,0.09305628062976357,-0.0037574683008049737,0.005352674745105793,0.0516096242006306,0.16788169715248713,-0.03173667702343755,0.026192441278385,-0.0038587729319032264,666.2939357780781,664.7278163514223,646.4583191121746,663.0902869689032,0.0,0.0,0.0
15.080000000000002,-14.024201682612132,-3.5565169533086456,1.9897573741487253,-0.35358816543202215,3.049262438632405,87.74922114640951,-14.032209643868745,-3.2655642134804923,1.9999999999999991,88.43732823810993,1.5560837921432191,0.004609862709794655,0.09463330910046665,-0.0571605200872374,0.015119037511579817,0.0465628063687349,0.1336298266009608,0.027495217404419396,0.02417960305332976,-0.0032147115372547436,656.5274151484285,671.1610140508795,655.4492584456347,654.4976053329079,0.0,0.0,0.0
15.132000000000001,-14.021378672692574,-3.4755742988326097,1.9903663031686787,-0.49230536429413496,3.1085110806309966,87.8817304498529,-14.028885777480982,-3.1844552712621974,1.9999999999999991,88.52640180467095,1.553756519379434,0.00434334799484517,0.09577680072004509,-0.035060003474865806,0.02207086237307961,0.043410168314893006,0.10335387463423562,-0.005033741225164777,0.021582988557381787,-0.00293275095949149,660.5008563446987,665.1944217954368,650.8819473028344,658.524677053127,0.0,0.0,0.0
15.184000000000001,-14.018779557119194,-3.394723333310406,1.99092723721402,-0.5887867871082713,3.1821319336167293,88.004040806059,-14.02574924316601,-3.1033151684354072,1.9999999999999991,88.60330698780342,1.5520496335525304,0.005422781266176373,0.0963660194121099,-0.03558088459625546,0.02541635100235063,0.03997155074704629,0.08004025146766802,0.03214222489523013,0.01921231192876529,-0.002592329767517685,654.5614441296634,669.1480574904745,656.5505694024799,652.8378215410974,0.0,0.0,0.0
15.236,-14.01644489742645,-3.313929313769638,1.9913949732089236,-0.6150986524385239,3.2596621473918392,88.11739454149011,-14.022804645149856,-3.022756149870604,1.9999999999999991,88.67920123013339,1.5510571586154727,0.007550756547363357,0.09636483607861422,0.007731806214292712,0.025268518006023366,0.03729514666149985,0.06549913044074585,-0.0073723405162818625,0.016553476049190254,-0.002365052107997845,659.9792564886277,662.5892927962198,651.2715647656364,658.1415912272179,0.0,0.0,0.0
15.288,-14.014384531506673,-3.2331571312973244,1.9917389966622767,-0.5855608520925287,3.329986106485881,88.22279077266093,-14.020034674727224,-2.942214173588885,1.9999999999999991,88.74136976755814,1.5507732718523184,0.00988212934887344,0.0957626024316427,0.005897951683812676,0.021400595691379816,0.03457109285041776,0.06082051315774273,0.022662311768706114,0.014858134161795496,-0.002245381755038414,655.6809566949681,666.3516872442605,655.9188659747696,653.6782998833276,0.0,0.0,0.0
15.34,-14.012581661504713,-3.152375903709825,1.9919455250362035,-0.5128588783912311,3.3836928658862155,88.32105876543638,-14.01743857024688,-2.861399183995716,1.9999999999999991,88.80033290217203,1.551095095152198,0.012108038527974622,0.09461989445894066,0.03564460549215774,0.014999048177430838,0.032360836354516226,0.06585782276912866,0.011638108070315609,0.014802282289195607,-0.002232506715677705,657.3758832280248,664.8941210204281,654.4900666864809,655.3982937642705,0.0,0.0,0.0
15.392,-14.010999519044553,-3.07156263906421,1.9920178856003719,-0.3633550397141422,3.4170601109833,88.41255453547983,-14.015026843700317,-2.78042158351597,1.9999999999999991,88.84753587893837,1.5518444456295728,0.013664168789271573,0.09311185231158012,0.053466205730413364,0.008329748860536881,0.029833104467863414,0.07878853787462503,0.0013089112156146644,0.015556912606911595,-0.002211893446390602,659.0072002662463,663.8009904883136,653.2200543171343,657.3077264885269,0.0,0.0,0.0
15.443999999999999,-14.009570464531315,-2.990704114112499,1.991974228406357,-0.20268276621497308,3.4318079456807205,88.4967174061546,-14.01280829253938,-2.6994034584715805,1.9999999999999991,88.89241508399883,1.5528266231328898,0.0140123889612935,0.09153564166723077,0.04926896501917749,0.002543306011384176,0.02733236713004835,0.09611336063695142,-0.002447356136314586,0.016554365222856398,-0.0020977668088548347,659.6277409330758,663.6360100401706,653.0847065187418,658.531669904646,0.0,0.0,0.0
15.495999999999999,-14.00822175745051,-2.9097954167281523,1.9918426959733808,-0.07487887119230001,3.431308329929379,88.57351859284174,-14.010781310539047,-2.6184151444547856,1.9999999999999991,88.9302211905909,1.5538726730084351,0.01318134137779011,0.09013395966114715,0.0354921238325689,-0.0019045834784407925,0.024844898178903427,0.11454681677247636,-0.0023466643492007517,0.01749619784000591,-0.001985231101503698,659.7306610215146,664.0335186404185,653.5324672302405,659.2156451813331,0.0,0.0,0.0
15.548000000000002,-14.006895656986062,-2.8288379681397413,1.9916553652822508,0.008805223762684075,3.419824301490676,88.64348987302722,-14.00893282378536,-2.5373904134645984,1.9999999999999991,88.96950456581054,1.554853249210915,0.01150709958182344,0.08905872205864257,0.020924877475926223,-0.005066024107803657,0.022675377761415906,0.13156857229938124,-0.0010289370739544916,0.01845381189974648,-0.0018154869334309023,659.5450185768334,664.4931077426118,654.19856421614,659.7734050883628,0.0,0.0,0.0
15.600000000000001,-14.005555018127625,-2.747837643031927,1.9914434607081963,0.05295054674068561,3.4012507065545683,88.7074706052554,-14.007234574374412,-2.455887269520911,1.9999999999999991,89.0058556992431,1.555680449696911,0.009369036640688866,0.08835896855297273,0.00890382610229811,-0.0067529336798175035,0.020737931489811078,0.14569600089361678,0.00029666327644346357,0.020041749679452117,-0.0016682058144755895,659.2331575977136,665.0077111768951,654.6764968874762,660.3219931669925,0.0,0.0,0.0
15.652000000000001,-14.004181328589112,-2.6668030441256874,1.9912340557669872,0.05635525630694681,3.381309528565396,88.76609788477856,-14.005668586324896,-2.3745588322426845,1.9999999999999991,89.04650957361947,1.5563073927160236,0.00708643419350081,0.08808238225931475,-0.010513157201529021,-0.006421707613274543,0.019011954372270535,0.1555915296608511,-0.010721078334558699,0.02077208309940689,-0.0013960718660480992,660.5344908934444,663.3888917790711,653.583313854829,662.5798405271042,0.0,0.0,0.0
15.704,-14.002777260568564,-2.5857430532721493,1.9910476195792248,-0.018825270913633434,3.3645430974493724,88.81994972178765,-14.004209264052518,-2.2936453270114696,1.9999999999999991,89.08571863157054,1.5567408339019593,0.005111102563445555,0.08821361758558595,-0.02969295900515939,-0.00506026016656802,0.017621140482206823,0.16074835885660643,0.014448093688649941,0.020305507553212872,-0.001177863802732188,656.8153804251625,666.6882413844877,657.6721684626968,659.3443484845567,0.0,0.0,0.0
15.756,-14.001374965676588,-2.5046647333214636,1.99089659591305,-0.07435237179338988,3.3514263841860936,88.87105581885221,-14.002827867563779,-2.2130247706295543,1.9999999999999991,89.12634448709183,1.557021156513287,0.003939742902866214,0.08861213658829846,-0.011980263631645657,-0.00412084200511464,0.016825175776905024,0.1621479824792772,0.008904764398866446,0.01948105967145521,-0.0010897783944059678,657.6306057186459,665.6955791661431,657.1469187207033,660.1655710662811,0.0,0.0,0.0
15.808,-14.000001110643613,-2.4235738350069482,1.9907861019603383,-0.08308896910790328,3.339181330814808,88.91993173837214,-14.001505433307024,-2.1328123630508093,1.9999999999999991,89.17079000163228,1.55718276956046,0.003233547374962068,0.08908282850685954,-0.00017543760796227644,-0.00436965343260501,0.016117993710461555,0.16154346888260884,0.0038367052926940393,0.01846024789331196,-0.0009072717340775154,658.2294482268259,664.5669901651689,656.8042051442335,660.9765268056899,0.0,0.0,0.0
15.86,-13.99866194412839,-2.342476224421954,1.9907163403816863,-0.07696273603241818,3.323953775760211,88.96708972069315,-14.000213930255473,-2.051973912429222,1.9999999999999991,89.21485874941656,1.5572295984143174,0.0026166381873649774,0.08945185691357953,0.0009732864595229625,-0.00568738808972594,0.015519797686607325,0.16063623693465612,0.0023623172655151533,0.01915816872446094,-0.0007370230373319625,658.0785643016957,664.197814015418,656.704804056372,661.4953939477093,0.0,0.0,0.0
15.911999999999999,-13.997356055432274,-2.2613790796727526,1.9906855731779416,-0.07593910907108482,3.3057556433788386,89.01243608782492,-13.998956872789567,-1.9711855884395109,1.9999999999999991,89.2550039042033,1.5571345912433192,0.002010116955716021,0.08968902514286754,-0.0017883263144009044,-0.006283040830807746,0.014934809030102442,0.1597770400894114,0.002589315137997451,0.019756834536744355,-0.0006171031224632333,657.7687917777567,664.124655761274,656.7932198218489,661.6887720196402,0.0,0.0,0.0
15.963999999999999,-13.996083751945596,-2.180290693154835,1.9906917598351006,-0.08354126320882083,3.287788234476893,89.05652993382903,-13.997725762971507,-1.8899958692131786,1.9999999999999991,89.29797631125217,1.5568800717665732,0.0014585647712022265,0.0898736531947324,-0.004388941502783799,-0.00572175376731653,0.014558355541592738,0.15824910640454637,0.0032267368312676823,0.02075845161150858,-0.0004876756764499811,657.3146364788341,664.1389592423126,656.881190614654,661.8795413895778,0.0,0.0,0.0
16.016000000000002,-13.994849035471375,-2.09921905671741,1.9907321229013963,-0.0965762572273122,3.273861217729389,89.09958108705467,-13.996528286961276,-1.8090111926504822,1.9999999999999991,89.37907301809203,1.5564787037987478,0.0010256292099124556,0.09008699765833308,-0.005630689770555094,-0.0038808998576485253,0.014210593551256848,0.15534039048306103,0.002394690602695385,0.020910700787245672,0.0004574669645601557,656.0271304435734,662.6718867727768,657.9850714429703,663.2541454226488,0.0,0.0,0.0
16.068,-13.99365827965702,-2.018170251633434,1.9908020632976198,-0.11143661913872169,3.2664614911680947,89.14209565262544,-13.995358910421094,-1.7277469265694456,1.9999999999999991,89.4169389491574,1.5559761494018125,0.0007365916826846492,0.09036252739334183,-0.005821104895299458,-0.001517090818705791,0.014034421494640648,0.1508676068349849,0.002731242457403475,0.021184037840296308,0.00043816516729744273,655.8644648078659,662.6838897768297,657.8654341102618,663.1175377544971,0.0,0.0,0.0
16.12,-13.992518546115445,-1.937147371170989,1.99089451758858,-0.12539156187237974,3.2667140163529185,89.18393309340631,-13.994227669003765,-1.6468819279384994,1.9999999999999991,89.45683565411375,1.555435511805007,0.0006012807363790849,0.09068699824129477,-0.0052144665013534024,0.0011028758517689706,0.013804532037642281,0.14518640419923623,0.002939230988163181,0.020413028530431632,0.000495126467030958,655.7391507841199,662.4000974766132,657.9582090050728,662.9320158360099,0.0,0.0,0.0
16.172,-13.991436336071178,-1.8561501077572378,1.991000160645449,-0.13704371093455425,3.273358390797361,89.22530208982666,-13.993132855165605,-1.5660605987089236,1.9999999999999991,89.49233901717265,1.554925975038684,0.0006021653508807442,0.09100198721317086,-0.004287955651896572,0.002724171606241649,0.013797635991695343,0.13916989616694053,0.0031422050941619663,0.019683998396449447,0.0003876765420490236,655.8322822962573,662.3429999509532,657.8105014268671,662.5210115564354,0.0,0.0,0.0
16.224,-13.99041692981255,-1.775175377051462,1.9911086113712029,-0.14550033498479042,3.2828942026629586,89.26642675566967,-13.992070602995117,-1.484683699191938,1.9999999999999991,89.52920271233492,1.5544958343949504,0.0007048398694059271,0.09120678150715009,-0.0031002994326547744,0.0035145320162988172,0.01359671153347441,0.13414162845781563,0.0031628246893334183,0.02007079895428855,0.000384504075951787,655.6692794716238,662.2972551830595,657.645065467534,662.4606742735238,0.0,0.0,0.0
16.276,-13.989464025348408,-1.6942186689355863,1.991210341040611,-0.15015041286364733,3.2953958597893758,89.30699325366378,-13.99105058574096,-1.4033050901731672,1.9999999999999991,89.56150722477047,1.554166531824056,0.0008881480895394659,0.09132544441172405,-0.001801185977751682,0.004681670913040675,0.013415208976956448,0.13017086692836333,0.003143435341946359,0.020120483569288493,0.00028954689348683347,655.7128251339833,662.3489637150797,657.4189723577695,662.2558332582611,0.0,0.0,0.0
16.328,-13.988579514120882,-1.6132741595626385,1.991297721225701,-0.151182677206592,3.311525554780921,89.34688559067057,-13.990079356394306,-1.3222261411701768,1.9999999999999991,89.59451150381678,1.553963762453996,0.0011202654709370897,0.09141845501421222,-0.0006554796827578556,0.005773135159413739,0.013277378432584822,0.12690809835331618,0.0031621163978300115,0.01942314183514416,0.00020728017742451248,655.8572818609734,662.2993657733402,657.3396730055558,661.9738036335007,0.0,0.0,0.0
16.38,-13.987763583752495,-1.5323345461559907,1.9913647626379225,-0.14921545446507023,3.3294126503493224,89.38608650258637,-13.989156438717245,-1.241063983556845,1.9999999999999991,89.62299763147556,1.5539141562673655,0.0013687806800819803,0.09147001727298196,0.0003216734574423504,0.00603460721634518,0.012997766717568648,0.12470188038085472,0.0031471897857411257,0.01897471597921233,9.568185617035452e-05,656.0358801562053,662.3447282812501,657.2032846579971,661.7152257273153,0.0,0.0,0.0
16.432,-13.987015008414456,-1.4513918100645877,1.9914071680950296,-0.14462060069742497,3.3467175883599642,89.42434445605288,-13.988286906708293,-1.1600897773126562,1.9999999999999991,89.65175420168887,1.554025057025423,0.0016155745070879895,0.09145418878772697,0.0011207362149568561,0.005474585325525301,0.012736875930794408,0.12394653696505442,0.003161509918813162,0.018385604136881735,2.429571267068101e-06,656.2370210372748,662.3808412329264,657.1488294790014,661.4896722142929,0.0,0.0,0.0
16.484,-13.986331389288964,-1.3704382993212902,1.9914229585281424,-0.13809250763756148,3.3608067682584277,89.46165329501497,-13.987467666973812,-1.0786349249118856,1.9999999999999991,89.67632323683169,1.5542819556888303,0.0018385189682226626,0.09134701760518502,0.001697764636981447,0.004160474521004592,0.012408596307811548,0.12494256698942308,0.0032071012757253093,0.01890074971780321,-0.00013488021086905029,656.3748330042899,662.6764671197483,656.9175336119849,661.3933721976695,0.0,0.0,0.0
16.536,-13.98570947958297,-1.2894677889442128,1.9914129719139668,-0.1301782455916873,3.371527053792708,89.49769490114552,-13.986703750329323,-0.9972566987208376,1.9999999999999991,89.70086171872097,1.5546498452662143,0.0020304636186118065,0.09119027251365847,0.0021452594115643313,0.0032678979421169713,0.011958440740728604,0.12725356576555935,0.003155801144807145,0.019134940252212303,-0.00020218762763505037,656.4974602336854,662.8498002335893,656.8381012660869,661.3956287763921,0.0,0.0,0.0
16.588,-13.985145440216968,-1.2084755764845858,1.9913806362277644,-0.12133677532161664,3.3803297595060915,89.53240152935084,-13.985994034788183,-0.9157093872485719,1.9999999999999991,89.72159685939988,1.5550991191511678,0.0021825460084032126,0.09106461212149589,0.002365662613418465,0.0027399660092676916,0.011483354352603541,0.1299773077998364,0.0032007661887326366,0.01948991975577862,-0.00031285929479676547,656.657910570361,663.1221051116315,656.7033600949657,661.3499450758237,0.0,0.0,0.0
16.64,-13.984635063986863,-1.1274579024552291,1.9913307362800206,-0.11217904742396258,3.38817543621717,89.56551883988683,-13.985340247489797,-0.8344235613994788,1.9999999999999991,89.74214776746915,1.5556127112285898,0.002295381185778351,0.09101070942072198,0.0024664751370443517,0.0025321090666162527,0.010933761601782778,0.13256113868609753,0.0031730626308476458,0.019207044372123123,-0.0003673081736552085,656.8383360011494,663.2127426218901,656.7243124052139,661.2982148003088,0.0,0.0,0.0
16.692,-13.984174027003148,-1.0464115397786942,1.9912682199667553,-0.1029986661146597,3.3949549443593536,89.5969446302369,-13.984741276569524,-0.7534937288843887,1.9999999999999991,89.75940385170834,1.5561822405923615,0.0023702767224177213,0.09102691743279852,0.002460659668347319,0.0019709907713356327,0.010334082207227835,0.13486322063569645,0.0031637062220364037,0.018389150517973865,-0.00043780077833507767,657.1083087668659,663.2456857419791,656.795500547097,661.139047028645,0.0,0.0,0.0
16.744,-13.983758036394216,-0.9653338874977453,1.9911976468082815,-0.09414900056118303,3.398160995186645,89.62660375609711,-13.984193972935103,-0.6727190724339936,1.9999999999999991,89.77639734179334,1.5567943070781851,0.002410946712986281,0.09104142756973954,0.0023260874591815974,0.0002441752390792409,0.00974655310093954,0.13744412673776363,0.0032091977530892164,0.01781410084565342,-0.00048158539248913584,657.3034725793068,663.2889719800983,656.8819472431902,661.0484774709626,0.0,0.0,0.0
16.796,-13.983382990697038,-0.8842240450491515,1.991123552832697,-0.08585742634730026,3.3944733328207732,89.65446411797167,-13.983694879066173,-0.5920046117181077,1.9999999999999991,89.79054805394352,1.5574092455336361,0.002422187151825616,0.09096690426894402,0.0021622461044016983,-0.002322287048412907,0.009112953860806242,0.14101769259469954,0.003214487315187537,0.017702767019507896,-0.0005310943475074971,657.4657540086425,663.4197405316445,656.9080990175579,661.0412990750208,0.0,0.0,0.0
16.848,-13.983045090346842,-0.8030841476816085,1.9910516219252425,-0.07829865388569797,3.382660781300718,89.68048621434944,-13.983240464148663,-0.5112091658368266,1.9999999999999991,89.80365246110541,1.5579623924288322,0.0024111223975388637,0.09078958795125223,0.0019149805968051371,-0.005117945067514971,0.008488751968023301,0.1455368633098405,0.003289805793496691,0.018183089643479273,-0.0005680845466081042,657.5343130448877,663.6451001375284,656.8953466244403,661.1437965109186,0.0,0.0,0.0
16.9,-13.982740906279174,-0.7219199346923002,1.9909889372751195,-0.07149079500208849,3.354401410709842,89.7045560021981,-13.982827689138936,-0.430441872136206,1.9999999999999991,89.81265573656212,1.5583886842042207,0.0023878058770536036,0.0903783243701957,0.0017360180020401853,-0.017764669341752352,0.007791099626735553,0.1520641654380478,0.003300378063522678,-0.01132816263897772,-0.0006245870493299032,661.9509362736295,659.6671362026402,661.163051236486,656.9904839687275,0.0,0.0,0.0
16.952,-13.982467411836714,-0.6407476747994466,1.9909454031367633,-0.06541836592251038,3.2100829634295014,89.7266729150161,-13.982454478293175,-0.3501288545463311,1.9999999999999991,89.82138215218642,1.5584291854270327,0.0023623034752045823,0.08739013078222506,0.0015061441042672353,-0.07915698976495718,0.007095892430722841,0.18332933846091137,0.0033391847720808843,-0.04430047039653388,-0.0006471552453596674,667.2812949391648,655.6398209611672,666.4487612262625,652.8723040632739,0.0,0.0,0.0
17.004,-13.982222188983592,-0.5596374181954377,1.9909561720624862,-0.06016496931092918,2.7883296159603947,89.74708533077236,-13.982113696090467,-0.26898293887563635,1.9999999999999991,89.82858234102463,1.5566916302909424,0.0023392205059657198,0.07818085812563244,0.00132319447270013,-0.18887067788670414,0.006420578090023487,0.27405048096610296,0.0033868119280761567,-0.038518647375297616,-0.0006735343744026784,668.3596319607973,658.4038431866238,667.4696197670377,655.5607891002671,0.0,0.0,0.0
17.056,-13.982003739790914,-0.47877965505241715,1.991130034993114,-0.055553932868231785,2.0298948669265067,89.76579964469141,-13.981803782139743,-0.1876691172515846,1.9999999999999991,89.83526298717227,1.5503635761843872,0.002326455134502058,0.06251570846897872,0.0012358262408056874,-0.2993250916372655,0.005761127358773212,0.4230398856503328,0.0033824631358396837,-0.01722421502259712,-0.0006811914946280458,668.4547349575122,664.5505757289576,667.542658264302,661.7140149397687,0.0,0.0,0.0
17.108,-13.981811436278063,-0.3985145073933664,1.9916694794014347,-0.05163387557012047,0.9837265780433705,89.78278638342053,-13.981520982853942,-0.10602013816563854,1.9999999999999991,89.84049974379523,1.536357499492161,0.0023290596379052404,0.04344438677828401,0.0011353865060604428,-0.3826795662119602,0.005107607600057303,0.5937837180002151,0.003445757279020672,0.020090668607692458,-0.0006853331280037497,666.7787103293449,673.3818732777826,665.8708381688976,670.5536359805785,0.0,0.0,0.0
17.16,-13.981645278850019,-0.319313358015116,1.9928325807591003,-0.04813007255829073,-0.2177845009766165,89.79789738217004,-13.981264947351022,-0.025372077074057215,1.9999999999999991,89.84483496631107,1.5123843317792829,0.0023543599881632542,0.025490227235162626,0.0011893624502983201,-0.41308485467218387,0.004468511970959732,0.7334750878259502,0.0034337235391766,0.04917128729427944,-0.0006744519811419498,665.6814387265471,680.3751712694776,664.7985837488127,677.6088168166925,0.0,0.0,0.0
17.212,-13.981505414522223,-0.2417214373527549,1.9948569462271426,-0.044254600383625005,-1.433031239005294,89.81108307241908,-13.981030647710158,0.05498300197487147,1.9999999999999991,89.84751476076512,1.4777216483875584,0.002402167706471185,0.01216184205951305,0.001479774684587562,-0.400492505766669,0.0038469995358702816,0.7999328272012882,0.003371936959443389,0.0801019500109442,-0.0006645496529094803,662.8670956117054,686.132318472705,661.9902835255829,683.432750729764,0.0,0.0,0.0
17.264,-13.981391515286399,-0.1662870293398421,1.9978824698388609,-0.03967577127416599,-2.543305976153444,89.82228194193117,-13.980813600681586,0.1353778532365252,1.9999999999999991,89.84762529354877,1.4330171054043883,0.002466300563787717,0.004826308254942053,0.0017794542809770996,-0.3511053020899376,0.003237734641939363,0.775168914539536,0.0030919374179908562,0.049365353743066415,-0.0006695264045378153,666.9431866741522,681.5689766732984,665.9790494583278,678.9153979023566,0.0,0.0,0.0
17.316,-13.981302456722451,-0.09349696322424225,2.0019063750817927,-0.03456003789028208,-3.452820694667415,89.83143133880836,-13.980620614052057,0.21074182909646,1.9999999999999991,89.84395928420523,1.3799281762689046,0.0025399098991264355,0.0031812658573623686,0.0019844733584549025,-0.2712827997971873,0.0026293520408781873,0.6621939259859334,0.003045308005730099,0.05812099249407027,-0.0007120225539950681,663.5667884120005,680.6749436050907,662.4672630591393,677.9162204991343,0.0,0.0,0.0
17.368,-13.981236300550242,-0.02372323275626527,2.0067768615777415,-0.028448910613333066,-4.089563500426435,89.83849052173223,-13.98046051353359,0.2752748605383671,1.9999999999999991,89.83793178695349,1.3208241164502583,0.002615661368139254,0.005930545504086145,0.0023456177825322165,-0.17675977433141876,0.002004019893285537,0.4785824861657257,0.0029093653670039478,0.047665702682640976,-0.0007537443311292193,661.3130637164709,675.5370751089408,660.0555451800844,672.6819083515363,0.0,0.0,0.0
17.42,-13.981190203966264,0.042809507960738555,2.0122139635616945,-0.021310930811822094,-4.480162964579516,89.84343569070927,-13.98033422337446,0.3272524721805112,1.9999999999999991,89.82787809100861,1.2582660891329362,0.002683304513099018,0.009663841617520172,0.0026288701998324346,-0.10365783595683346,0.0013637510325350635,0.266831912056525,0.002735784022126816,0.02006090732711677,-0.00082877930362372,660.840561367561,667.2941019999163,659.3246753978593,664.246175306217,0.0,0.0,0.0
17.472,-13.981160590844487,0.10600722907286862,2.017864835907514,-0.013397174945275779,-4.714947485456846,89.84623686902356,-13.9802380850898,0.3674221117016995,1.9999999999999991,89.81517552444714,1.1942050718575108,0.002732928087156145,0.010846176099194292,0.0027809193102271896,-0.06772386518185916,0.0006757765960825254,0.07302223938077448,0.00255226029037868,-0.0071765281970500895,-0.0008958514321811756,660.6401778649716,659.3229845525824,658.8854394994404,656.1037739473203,0.0,0.0,0.0
17.524,-13.98114353075226,0.16585379772579095,2.0233749882161853,-0.005146589142024716,-4.916380690671055,89.84686605165241,-13.980166852725283,0.39753498772026274,1.9999999999999991,89.81517552444714,1.129600455719501,0.0027564893230566114,0.00698465959805952,0.0027718468325061024,-0.07264327041789329,-2.761044258049576e-05,-0.06694612142790338,0.002391031641198059,-0.1438182525135133,-0.000647848834973802,676.5574792890969,636.0469918127687,675.4706672930367,633.4732830501931,0.0,0.0,0.0
17.576,-13.981135158302273,0.22234189290240897,2.028450265193033,0.0031646609793417623,-5.48105615388913,89.84606871429878,-13.980115209057429,0.4195757419424943,1.9999999999999991,89.81517552444714,1.0639627390619282,0.0027349191770959977,-0.006818224006576559,0.00277843330703795,-0.3405455035484271,-0.00040854718280731084,-0.0954376108046266,0.0022436187143856034,-0.28309216157214817,-0.0005105590286796811,695.1530552776284,614.527021697924,694.4169103465812,612.3180627795704,0.0,0.0,0.0
17.628,-13.981132293653985,0.27526411648159604,2.03293640099985,0.011890753017080131,-7.245160721078535,89.8441240821131,-13.980078444996114,0.4353935425888837,1.9999999999999991,89.81517552444714,0.9899206080229822,0.002652086630102466,-0.03998097757288503,0.0029130497567642633,-0.7315552209518306,-0.0006540553561265184,0.0851791242753,0.001966546449469231,-0.04381976829081213,-0.00037980391902558204,666.9869759812618,655.0843620680553,666.5002158127714,653.4582285486458,0.0,0.0,0.0
17.68,-13.981133086737465,0.3238909120915738,2.0369547810294724,0.020923409017071716,-9.673899229120098,89.84119658044999,-13.98005268702099,0.4465551626592428,1.9999999999999991,89.81517552444714,0.8970438061615236,0.0024939817505241265,-0.07345074564997009,0.0027984220505312017,-0.8312147291234364,-0.0007896585653799249,0.2836097716060617,0.0016936036009000891,0.12872750599183702,-0.00026821861497822104,648.7897532548037,685.5394072686275,648.5247597879143,684.3587994132549,0.0,0.0,0.0
17.732,-13.981136541790363,0.3671576788382406,2.0407882151576198,0.0296714225910699,-11.925915212990907,89.837649292823,-13.980034897289048,0.4543139481176278,1.9999999999999991,89.81517552444714,0.7838932376966345,0.002259966917304623,-0.08814118937441695,0.002655557168343792,-0.6783511040538245,-0.0008591124392402609,0.3030372573606136,0.0013615781228693631,0.2178359538573697,-0.00016731742092510076,638.7365442402529,700.2849018271248,638.6584602986602,699.4821934283808,0.0,0.0,0.0
17.784,-13.981141709025158,0.40408463887923657,2.044586356632575,0.03798351952227622,-13.448772746764861,89.83408375116855,-13.980022773149589,0.459633793645978,1.9999999999999991,89.81517552444714,0.6564606157167813,0.0019540332668337612,-0.08129272470006885,0.002412075444090789,-0.38627606498658784,-0.0008709519777522652,0.11151578015572938,0.0010036723983138471,0.24055197102449716,-8.704137393641343e-05,632.9058671535621,700.9926389288499,632.9526025648332,700.496332966835,0.0,0.0,0.0
17.836,-13.981147026841974,0.4340987637617385,2.048201742586434,0.0451886940208772,-14.005783155382339,89.83106259648069,-13.980014614241433,0.46323457168610055,1.9999999999999991,89.81517552444714,0.5231372898321042,0.0015842448659060982,-0.06185205638426604,0.0020036245562811616,-0.05151581489147107,-0.0008373695279934679,-0.19820624066736925,0.0006746601615114058,0.21801873148128004,-3.4630553384638507e-05,629.6798828169602,691.8972303378401,629.7807667987945,691.6223789734353,0.0,0.0,0.0
17.888,-13.981150240746668,0.4571563513958448,2.0512446644041216,0.050783544127214704,-13.597852241635424,89.82893162408827,-13.980009191235446,0.465641588144391,1.9999999999999991,89.81517552444714,0.39203038483842134,0.0011621597891755219,-0.04194344505263165,0.0014913039275954484,0.25789411945136376,-0.0007939032166595538,-0.49433144391658146,0.00037650976715925943,0.16992472068932774,-4.8414017991897856e-06,629.1782187802207,678.1560425365631,629.276642851921,678.0386107372822,0.0,0.0,0.0
17.94,-13.981148619657734,0.47368673592900484,2.05325965141599,0.05444632287920079,-12.376417743145387,89.82773849300693,-13.980005631095404,0.46723087010014297,1.9999999999999991,89.81517552444714,0.2702526400354641,0.0007016541460336111,-0.0303744154136327,0.0008880383670220454,0.5025957230299295,-0.0007530663488341572,-0.6755559348840647,0.0001252710967767075,0.11142624042961663,6.0237062963196054e-06,631.95356235553,664.3092575841841,632.0082484355639,664.2903816814845,0.0,0.0,0.0
17.992,-13.98113927422095,0.4844491764616722,2.0539023701852464,0.05603935111330668,-10.569372176758417,89.82728142934651,-13.98000332345046,0.4682671612794498,1.9999999999999991,89.81517552444714,0.16366076403167112,0.0002191309985133394,-0.030267043784538122,0.00025410623876414575,0.6655254221585718,-0.0007272321107417688,-0.7000506294605995,-8.459000698414769e-05,0.052886468988417534,6.548483966088114e-06,637.9637597147761,653.337870954817,637.9575958184795,653.3805306293026,0.0,0.0,0.0
18.044,-13.981119453124242,0.49038806649483874,2.0530491818512,0.05556536045909184,-8.425972536734086,89.82724929281792,-13.980001847571657,0.4689341202654966,1.9999999999999991,89.81517552444714,0.07640605839363221,-0.00026722505341433557,-0.03970252199038432,-0.0004576037105361086,0.7449908198804327,-0.0007067422441707112,-0.5826463890757536,-0.0002194714789072814,0.0008306204241693149,-1.0266252974328561e-07,646.2898978075344,646.4676431902656,646.2257648276072,646.5311716779981,0.0,0.0,0.0
18.096,-13.981086813476384,0.4925256334402998,2.0508140246650575,0.05288493163550874,-6.182305409446105,89.82729468942148,-13.980000917249317,0.4693574360160456,1.9999999999999991,89.81517552444714,0.010498247167047158,-0.0007366490604957551,-0.05402836702140481,-0.0011880821379049889,0.7494301023796246,-0.0006959483754272605,-0.3726918388650715,-0.00027604038562308383,-0.04092625493474977,-4.996741794120858e-06,655.47233783944,643.5469045461188,655.3792277740455,643.6133450479095,0.0,0.0,0.0
18.148,-13.981039738913827,0.49188749354010597,2.047493084174853,0.04819275860032266,-4.0364088122273145,89.82713796748996,-13.980000340221807,0.4696220288962445,1.9999999999999991,89.81517552444714,-0.03426682205657087,-0.0011678921905675106,-0.06819562814914097,-0.0018284731631123708,0.6934375234726139,-0.0006857062533617,-0.12929692620289834,-0.00028282692253274303,-0.07062139259740358,-5.479830507908585e-06,664.0434011371597,643.6574005655888,663.9482415317535,643.7244398316608,0.0,0.0,0.0
18.2,-13.980977547599148,0.48944444600078535,2.0434782787332533,0.04183497581685942,-2.1392099274109797,89.82661863904906,-13.979999988923126,0.46978456560626153,1.9999999999999991,89.81517552444714,-0.059943102175145827,-0.0015429350955521765,-0.07834209150097088,-0.002336089681903697,0.5937343831966975,-0.0006693264962347647,0.09701116481052974,-0.00025128055820197075,-0.0876158186192719,-5.370968095846697e-07,670.8152868026995,645.7217693338114,670.743399712258,645.7934012784298,0.0,0.0,0.0
18.252,-13.980900600566997,0.4860610313178459,2.039168934095353,0.034231312591781304,-0.5887030366686524,89.82570495819873,-13.979999779757549,0.46988239523059977,1.9999999999999991,89.81517552444714,-0.06980742581623202,-0.0018486403380165231,-0.08259282974304008,-0.0026878916573004367,0.4685021685849433,-0.0006423222105292868,0.27499576019996574,-0.00019191275150940985,-0.09288121682652319,8.9450983976414e-06,675.1893122074291,648.7577993196038,675.160094058824,648.8386081118085,0.0,0.0,0.0
18.304,-13.98081030402006,0.4824525298607423,2.0349054515771914,0.02585266919917373,0.5696883704888329,89.82447124057632,-13.979999658640212,0.4699398268329073,1.9999999999999991,89.81517552444714,-0.06767644106865106,-0.0020772258369804782,-0.08090284230518179,-0.002873299824216957,0.3346911950059958,-0.0006030484643380892,0.3932934610033463,-0.0001166335975138677,-0.08850639941675825,2.0771995682151337e-05,677.111990102581,652.0428537801122,677.1356825387905,652.1347047342451,0.0,0.0,0.0
18.356,-13.980708988085967,0.4791575099860321,2.0309365183159733,0.017188871398565307,1.3361801144155672,89.82305401108505,-13.979999591049499,0.4699724756432037,1.9999999999999991,89.81517552444714,-0.057357713327467065,-0.0022260052857830557,-0.07450584971299805,-0.002896589507329503,0.20633944783802013,-0.0005527509630571136,0.4560484387324115,-3.6407390601236054e-05,-0.07720524802298252,3.2601746796142e-05,676.9442181236606,655.1426686412999,677.0221343908793,655.2440685781098,0.0,0.0,0.0
18.408,-13.98059968271946,0.47653083680174446,2.027413159652197,0.008677972459936798,1.746026586868847,89.82160601899933,-13.979999555272359,0.46999023186237004,1.9999999999999991,89.81517552444714,-0.04229434784836425,-0.0022966164772084082,-0.06517894389729664,-0.002793096398363327,0.09358601563572985,-0.0004943183667983929,0.47587463915075723,4.843396219950677e-05,-0.061784356438930904,4.2133409555795126e-05,675.2677871165904,657.8563064256119,675.3953100427884,657.9595274106828,0.0,0.0,0.0
18.46,-13.980485844949504,0.47475642573706556,2.0244037230123118,0.0007298819681114669,1.857662338543738,89.82025390452635,-13.979999537874852,0.469999262907168,1.9999999999999991,89.81517552444714,-0.025377069411809595,-0.002293945262909333,-0.05462996089314396,-0.0025409483385629168,0.0026351099881280734,-0.00043255141465550875,0.467353039182114,0.00011376215773655645,-0.0447983715971953,4.853196233081865e-05,672.7163458607989,660.1110689559041,672.8799866619897,660.2130508550015,0.0,0.0,0.0
18.512,-13.980371060698166,0.4738745810591335,2.021916307255083,-0.006274820063655058,1.7413540091403072,89.81908244393202,-13.979999530702178,0.47000334713850894,1.9999999999999991,89.81517552444714,-0.008865282250203211,-0.0022261554534120983,-0.04417721575642423,-0.002192183568077813,-0.06394073648779139,-0.0003709595793966461,0.44316490055106966,0.00016166654844275798,-0.028282093165350426,5.112749985057852e-05,669.8451932477819,661.9061695850985,670.0300570240911,662.0014380260486,0.0,0.0,0.0
18.564,-13.98025875590905,0.47381702495127637,2.019920943276384,-0.012140244258055061,1.4696585592108327,89.81812761428449,-13.979999528916261,0.4700047513622455,1.9999999999999991,89.81517552444714,0.005624762764451036,-0.0021034766498355386,-0.034632064753070214,-0.0017975285983280666,-0.10658471330835743,-0.0003127240521456468,0.41222707539229336,0.00019911982660951607,-0.013633900434251181,5.040714914751296e-05,667.0600604603598,663.2630500827034,667.2542746373663,663.3455245799951,0.0,0.0,0.0
18.616,-13.980151992594005,0.4744433615378507,2.0183681806945253,-0.016784765754167225,1.109306276281161,89.8173784582463,-13.979999529728515,0.47000480091238644,1.9999999999999991,89.81517552444714,0.017083010727737415,-0.0019370434768240807,-0.026353543566399528,-0.0013922567362090286,-0.12801633476177293,-0.0002614688854701968,0.3796343411681391,0.00023033658597735218,-0.0015672857382859895,4.823898597217776e-05,664.5922207465918,664.213933586601,664.7900219622163,664.2814897769127,0.0,0.0,0.0
18.668,-13.980053337297086,0.47557422966069324,2.0172005001969713,-0.02015197557017553,0.7175225028544864,89.81681095925448,-13.979999531592583,0.4700042451388492,1.9999999999999991,89.81517552444714,0.025033508973433732,-0.0017381754852395302,-0.01941507130849077,-0.000942848115746249,-0.13175533639445242,-0.00021511774866453268,0.3479336540616799,0.000232958506665403,0.0074963862186626165,4.344352554101123e-05,662.5797519462062,664.7691560176938,662.7656718618127,664.8227297347913,0.0,0.0,0.0
18.72,-13.97996475839708,0.47701902064506807,2.0163593084958897,-0.022172633245628143,0.3394628404921804,89.81638165213063,-13.979999533697772,0.47000348840541406,1.9999999999999991,89.81517552444714,0.029444629207106776,-0.0015188538404024103,-0.013720009895447124,-0.0005020851177601988,-0.12208376669197898,-0.00017589649557905467,0.3180366162381655,0.0002155590494753645,0.013564361389356142,3.832326830627448e-05,661.046654611306,664.9539059046566,661.2139043340107,664.9983094445402,0.0,0.0,0.0
18.772000000000002,-13.979887549230932,0.4785971669566081,2.0157883276970052,-0.022971530148951775,0.007354747147600104,89.81604778177969,-13.979999535656388,0.4700027337947001,1.9999999999999991,89.81517552444714,0.030622325395623328,-0.0012907151056802705,-0.00911455989822041,-0.00011993615276241278,-0.10334299363889854,-0.00014337740684611735,0.29022121057916395,0.00019340479967584485,0.016904293993642117,3.359132499329198e-05,659.9594330950675,664.8119278227346,660.1075461703805,664.8495955307416,0.0,0.0,0.0
18.824,-13.979822348313004,0.4801528417442134,2.015435232596698,-0.022727459750298464,-0.2589921575054757,89.8157799727131,-13.979999537314532,0.47000207090336255,1.9999999999999991,89.81517552444714,0.029099767920838192,-0.0010638188245767944,-0.0054513604265893564,0.00021234032186459584,-0.07950384275900638,-0.0001145879499640992,0.2647047172206547,0.00016206290642086223,0.017935051225936804,2.8823135616066217e-05,659.2613581424023,664.4017968638403,659.3874749201782,664.4352380669768,0.0,0.0,0.0
18.876,-13.979769203269452,0.48156357054186844,2.0152519777592084,-0.021590668558243792,-0.4504821353710061,89.81555668775913,-13.979999538640257,0.4700015283387049,1.9999999999999991,89.81517552444714,0.025534741958481422,-0.0008467060333216696,-0.0026094417968059833,0.00048612372923907514,-0.05391504271705798,-9.055229537579003e-05,0.24182927719652866,0.00012312106007625166,0.01713633551628636,2.4825040919386518e-05,658.8857080877063,663.7918653927077,658.9896982980106,663.8253564175769,0.0,0.0,0.0
18.928,-13.979727643223859,0.4827436990766688,2.015195375206597,-0.01976365424667549,-0.566800357661076,89.81536639062833,-13.979999539659422,0.4700011042823791,1.9999999999999991,89.81517552444714,0.020622449312041345,-0.0006462917915541395,-0.0004912625411530337,0.0006886204280591654,-0.029236491500812378,-7.00584169407391e-05,0.22201396143030647,8.290497070115023e-05,0.01501342677479642,2.142348425369346e-05,658.7652100658762,663.059249103221,658.8483074623992,663.0948019220654,0.0,0.0,0.0
18.98,-13.979696780519815,0.4836437563361509,2.015227426366046,-0.017461712641276664,-0.6143596686751591,89.81520503824376,-13.979999540420344,0.47000078367323844,1.9999999999999991,89.81517552444714,0.0150259247006548,-0.0004675521918917718,0.0009847947883934716,0.0008193027220544952,-0.007460211293490215,-5.257954878947407e-05,0.20567003153749297,4.487508078029011e-05,0.012080729802751084,1.8495550207214518e-05,658.8331792132773,662.2840634670123,658.8972953564765,662.3223716385448,0.0,0.0,0.0
19.032,-13.979675425877033,0.48424675765011516,2.0153160697587307,-0.014765963726810194,-0.6041500466958369,89.81506207107996,-13.97999954097547,0.47000054740284936,1.9999999999999991,89.81517552444714,0.009324656989155886,-0.0003136286536193619,0.0019167708429791562,0.0009909457769902384,0.010196775320243807,-4.134658868719346e-05,0.19285844725248197,-3.56385649157857e-05,0.008779884122367588,1.7456345887168503e-05,659.0320182982952,661.521647281132,659.0702679322727,661.5800070655151,0.0,0.0,0.0
19.084,-13.979662144940104,0.48456251437950487,2.015435696370737,-0.011803785096557263,-0.5495788831159909,89.81495590978706,-13.979999541372763,0.4700003768708519,1.9999999999999991,89.81517552444714,0.003983021244113041,-0.00018784481095190456,0.002403632661241559,0.000961406194070464,0.0231703448123399,-2.6054638764028543e-05,0.183425437525809,-6.522165172567355e-05,0.005470484739333665,1.4154408456892489e-05,659.300290757092,660.8397393037981,659.3209358493966,660.8974418013402,0.0,0.0,0.0
19.136,-13.979655365783636,0.4846209764726455,2.015566967651584,-0.009176546678931639,-0.46478262190283015,89.81488248242435,-13.97999954165243,0.4700002559393147,1.9999999999999991,89.81517552444714,-0.0006635653738475889,-8.955970409065294e-05,0.00254863400696176,0.0008274570337227984,0.03141771965348457,-1.5341365259215646e-05,0.1769749537643095,-5.638535174795064e-05,0.0024302734021900176,1.1825879031416837e-05,659.588237030005,660.2644805312378,659.6049387406965,660.313271799292,0.0,0.0,0.0
19.188,-13.979653633200542,0.4844653941690314,2.015696077658203,-0.0069179609936973275,-0.36335618661456365,89.81483825491975,-13.97999954184641,0.47000017150118945,1.9999999999999991,89.81517552444714,-0.004408858556665699,-1.4963831323300964e-05,0.0024466947222734434,0.0007146295547776266,0.035271168441584844,-6.817950503109754e-06,0.1730161957396643,-5.4460559203423574e-05,-0.00013298738719897708,9.66939419727013e-06,659.864186662858,659.8107816469262,659.8754561995935,659.8530843553395,0.0,0.0,0.0
19.240000000000002,-13.979655662944728,0.48414587729871633,2.015814009619488,-0.004959848115829388,-0.25726570056895465,89.81481906286702,-13.979999541979145,0.47000011336720154,1.9999999999999991,89.81517552444714,-0.007165263243691928,3.9379497106585046e-05,0.0021856213521300925,0.0006191290471058795,0.035387617170680626,-2.5894876857125925e-07,0.17097519881201573,-5.9566494431167875e-05,-0.0021091192937568864,7.696374389578947e-06,660.1005609509448,659.4826467243809,660.1049089085943,659.5209576050379,0.0,0.0,0.0
19.292,-13.979660328522906,0.48371381569490135,2.0159156038275925,-0.0032844340013892127,-0.1561550325073172,89.81482001418375,-13.979999542068809,0.47000007386479453,1.9999999999999991,89.81517552444714,-0.008944981879188057,7.639896967476486e-05,0.0018386077067472691,0.0005231366933396243,0.03262338591908927,4.565628464858025e-06,0.1702983015291764,-6.443869915979817e-05,-0.0034761815288267862,5.923952391825785e-06,660.2812538419984,659.2724177108798,660.2793067591845,659.3072161285615,0.0,0.0,0.0
19.344,-13.979666662653091,0.4832174550543827,2.015998567598451,-0.0019048344477606326,-0.06708601307652291,89.8148358702213,-13.979999542128635,0.4700000473579249,1.9999999999999991,89.81517552444714,-0.009836352679284507,9.895006041706666e-05,0.001459831811691919,0.00042184278203308956,0.02783525272125111,7.917300912929322e-06,0.17052706334501092,-6.529459113378252e-05,-0.004250090256490061,4.369262084959465e-06,660.3977562142785,659.168176247378,660.3912626444541,659.198913279637,0.0,0.0,0.0
19.396,-13.979673869150137,0.48269872508018086,2.0160625796851614,-0.0008297360390048204,0.005445977834515856,89.81486170835183,-13.979999542168056,0.4700000297896052,1.9999999999999991,89.81517552444714,-0.009979694976576678,0.00010995633349296659,0.0010870190297233488,0.00031990741133433776,0.021875655331233933,1.0009106560049056e-05,0.17130167374493266,-6.18864050797698e-05,-0.004499316489470895,3.0600190836146166e-06,660.4514803058037,659.1518964303054,660.4423338402102,659.1780317520501,0.0,0.0,0.0
19.448,-13.979681329853085,0.4821912881899837,2.0161085957667404,-4.910045993433641e-05,0.05932091219104715,89.81489334767278,-13.979999542193712,0.4700000182895451,1.9999999999999991,89.81517552444714,-0.009544046478742824,0.00011230242642337075,0.0007430976904264296,0.00022397960148139146,0.015503641636224644,1.1143882612413397e-05,0.17236687487706054,-5.5348682993578156e-05,-0.004320636277741961,1.9734781878459665e-06,660.4503821221059,659.2036186114316,660.4400893814937,659.2248747945147,0.0,0.0,0.0
19.5,-13.979688599978072,0.4817197055469621,2.0161382960277336,0.0004646268710072204,0.094459186559081,89.81492751288687,-13.97999954221019,0.4700000108577955,1.9999999999999991,89.81517552444714,-0.008706634938139092,0.0001086660044984672,0.0004397078361698515,0.00013922895127085766,0.009343997240419576,1.1523218194367252e-05,0.17355512653204117,-4.697818334268572e-05,-0.0038263852573746445,1.1085603800061174e-06,660.4066232000827,659.3031083775126,660.3963185901015,659.3195768096474,0.0,0.0,0.0
19.552,-13.979695392694403,0.48129954637500333,2.016153727774257,0.0007508009844030548,0.11235866191092839,89.81496183467841,-13.979999542220622,0.47000000612007686,1.9999999999999991,89.81517552444714,-0.0076362283137524035,0.00010138554580012018,0.00018122504443300553,6.879952515354113e-05,0.0038627250274578784,1.1347843609124192e-05,0.17475846721356547,-3.791919997075451e-05,-0.0031303174107781525,4.4005487462224557e-07,660.3340131053814,659.4314258475005,660.3244358839409,659.443455585593,0.0,0.0,0.0
19.604,-13.979701556229568,0.48093821872761033,2.0161570578774004,0.0008605276741167565,0.11572920365264074,89.81499924058899,-13.97999954222713,0.470000003144258,1.9999999999999991,89.81517552444714,-0.00648095724385026,9.238207153620766e-05,-3.29246756318953e-05,0.0,0.0,0.0,0.17591367621181433,-2.3954495886356756e-05,-0.0025877111125668347,3.7802581929324367e-06,660.2757813386689,659.5317772880389,660.2794262281915,659.5490819510719,0.0,0.0,0.0
19.656,-13.979707042481987,0.48063635179495867,2.0161504207355447,0.0008734429697276791,0.10775187794190798,89.81504337219994,-13.979999542231115,0.4700000013059685,1.9999999999999991,89.81517552444714,-0.005358499209661823,8.29462858812591e-05,-0.00020561868248279575,-9.860166205256623e-06,-0.004070524283870389,1.2320809265134677e-05,0.17698112095361426,-2.950907185388629e-05,-0.001527542869994595,-1.6482347201657916e-06,660.1567014374432,659.7131537373866,660.1437343252729,659.7169958063586,0.0,0.0,0.0
19.708000000000002,-13.979711870632245,0.48038931597150486,2.0161358201129285,0.0007669720300401676,0.09126307096381601,89.81507482747655,-13.979999542233504,0.4700000001921158,1.9999999999999991,89.81517552444714,-0.00436015406806763,7.39625049481208e-05,-0.0003409129421829884,-5.197319800205862e-05,-0.006344023153645277,9.865934272564997e-06,0.17793684793735334,-1.767761397300307e-05,-0.0007532394883943729,-1.4296476805516762e-06,660.0654637357948,659.845864277052,660.0564699067537,659.846940298479,0.0,0.0,0.0
19.76,-13.979716124024232,0.4801886949158016,2.016115071828641,0.0005645338200602653,0.07016315606408821,89.81510115927146,-13.9799995422349,0.4699999995327807,1.9999999999999991,89.81517552444714,-0.0035445084108707723,6.64626690005218e-05,-0.00044341015136428063,-7.588099523549514e-05,-0.007443280596641939,8.338873424225256e-06,0.1787682149748654,-7.842683182191202e-06,-0.00012845992047363962,-1.4377724042464087e-06,659.9933455489569,659.9545201689726,659.9871296348812,659.9527719762546,0.0,0.0,0.0
19.812,-13.979719934661944,0.4800240667702508,2.0160897736368595,0.0003251771447673394,0.047471245276899596,89.81512310503653,-13.979999542235689,0.4699999991538612,1.9999999999999991,89.81517552444714,-0.0029377547770834643,6.105735791582889e-05,-0.0005176754190570287,-8.1120944628781e-05,-0.00762393199450642,6.836177162113008e-06,0.1794691206704632,-2.045494692287295e-06,0.0003537948456133885,-1.359769778529906e-06,659.9391218688615,660.0393142757102,659.9347729076443,660.036131171696,0.0,0.0,0.0
19.864,-13.979723452250973,0.47988443909843437,2.016061282634572,9.359994963967985e-05,0.025543803086796657,89.81514101451353,-13.979999542236111,0.46999999894459327,1.9999999999999991,89.81517552444714,-0.0025413379755711155,5.786157656214471e-05,-0.0005683364000856137,-7.435947309182415e-05,-0.007099397614703349,5.51849056826411e-06,0.1800417267050796,6.088348958339946e-07,0.0006913477817188656,-1.2641178524582241e-06,659.903139152906,660.1002325917775,659.8998110685158,660.0965587161027,0.0,0.0,0.0
19.916,-13.979726820041863,0.4797593438800252,2.016030724767166,-0.0001070328424038619,0.006118132752684112,89.81515535141828,-13.979999542236326,0.4699999988355612,1.9999999999999991,89.81517552444714,-0.002338069548015667,5.6670885239092375e-05,-0.0005994912487313373,-6.213827491992766e-05,-0.006074356473836579,4.354156504435828e-06,0.18049034112455037,1.6081044213829535e-06,0.000887700890252104,-1.1555615466516665e-06,659.8847875258775,660.1380900794176,659.8820447307972,660.1344324329013,0.0,0.0,0.0
19.968,-13.979730161327154,0.479639627332154,2.0159990002766732,-0.0002669811961389086,-0.009681104076188071,89.81516653963982,-13.979999542236422,0.4699999987839941,1.9999999999999991,89.81517552444714,-0.0022978957424901357,5.713392328042948e-05,-0.0006153120651606052,-4.7815175911785276e-05,-0.004753252438643262,3.3432487426006446e-06,0.18082719148498555,1.6432079180926594e-06,0.0009590847342096683,-1.0256240867624773e-06,659.881901508763,660.1555433553159,659.8795286330349,660.1522355911746,0.0,0.0,0.0
20.02,-13.97973357340315,0.4795179456022931,2.01596679964808,-0.0003832961510863243,-0.0212996447161599,89.81517500232718,-13.979999542236454,0.46999999876405557,1.9999999999999991,89.81517552444714,-0.0023834554257892607,5.8847051760429135e-05,-0.0006194855948571161,-3.3129703760012174e-05,-0.0033168030083577963,2.4836044907245713e-06,0.18106642256950792,9.99659459987894e-07,0.000927916838288425,-8.931897750574521e-07,659.8915685609152,660.156147570997,659.8893792252431,660.1533897679517,0.0,0.0,0.0
20.072,-13.97973712575228,0.47938899066647644,2.0159346272479155,-0.0004569988609937459,-0.028668557512925907,89.81518115382724,-13.979999542236454,0.46999999876050924,1.9999999999999991,89.81517552444714,-0.002554961004917949,6.140323091967483e-05,-0.0006154071265332651,-4.047391645496082e-06,-0.00040372350507016086,3.631956322193403e-07,0.18122525528884004,-5.968437069669246e-06,0.0002391591022027614,-2.5174824958299553e-07,659.9933104183514,660.0597287742518,659.9909131428227,660.0607314836858,0.0,0.0,0.0
20.124,-13.979740861162663,0.4792494732575585,2.0159028296140544,-0.0005026276174511754,-0.032801423359187856,89.81518709972077,-13.979999542236433,0.4699999987646421,1.9999999999999991,89.81517552444714,-0.002775287905201741,6.443960803365488e-05,-0.0006058298342296968,0.0,0.0,0.0,0.1813196381542771,-3.735833567018138e-06,0.00044163685976813545,-2.461931682979229e-07,659.9662513146426,660.0909757495588,659.9645052862738,660.0913579574716,0.0,0.0,0.0
20.176000000000002,-13.97974480422241,0.47909763100142577,2.0158716248781743,-0.0005363953383934585,-0.03500417064239048,89.81519252721708,-13.97999954223641,0.46999999877167553,1.9999999999999991,89.81517552444714,-0.0030214209854571546,6.778731434368531e-05,-0.0005929755840095558,0.0,0.0,0.0,0.1813644002878168,2.1511370894010392e-07,0.0007644346077425315,-3.619229433522425e-07,659.9208720623609,660.1386617729415,659.9199308664186,660.1375983689438,0.0,0.0,0.0
20.228,-13.979748968969465,0.478932711750004,2.015841130586271,-0.0005360888968237287,-0.03428253949055035,89.81519659577837,-13.979999542236387,0.4699999987791461,1.9999999999999991,89.81517552444714,-0.0032731960881410295,7.127309322787843e-05,-0.0005786542307687672,0.0,0.0,0.0,0.1813735379198993,3.2108246469016226e-06,0.000991070567114952,-4.4899927945283677e-07,659.8884842478842,660.1716781697012,659.8881552351268,660.1695206553737,0.0,0.0,0.0
20.28,-13.979753349345899,0.47875531167603863,2.015811389810469,-0.0004759382818209811,-0.029492088626548684,89.81519910719108,-13.979999542236364,0.4699999987859114,1.9999999999999991,89.81517552444714,-0.003500500435149803,7.45000025066247e-05,-0.0005642320318778171,2.981528999746459e-05,0.0022231693225172196,6.316333229294139e-07,0.18135907004452798,-7.730288110499285e-06,0.00018678820541761175,-7.329326188490705e-07,660.004653308311,660.0556530642402,660.0004215876965,660.0558250367725,0.0,0.0,0.0
20.332,-13.979757907272054,0.47856782751170107,2.015782393841799,-0.00036856529178618604,-0.021287325978975837,89.81519958999083,-13.979999542236355,0.4699999987915507,1.9999999999999991,89.81517552444714,-0.003667275184000995,7.69256486879629e-05,-0.0005505815728174845,3.60580144772612e-05,0.002914814361207327,-1.8996920926149268e-08,0.1813298206709149,-1.2075467273008583e-05,-0.0002131181135719343,-5.0660100952648e-07,660.0612407281906,659.9971003934276,660.0563985916825,659.9991368793644,0.0,0.0,0.0
20.384,-13.979762581019852,0.47837407831553674,2.015754100220569,-0.00027570637693182556,-0.01279637364020364,89.81519891581928,-13.979999542236355,0.4699999987960134,1.9999999999999991,89.81517552444714,-0.003755908071918701,7.83824048175143e-05,-0.0005380446107298111,2.7530157942233665e-05,0.0027496980851437363,-3.2382135008366396e-07,0.18129047674672477,-1.073330699987115e-05,-0.0003535286636472799,-3.813821064161668e-07,660.0799849293772,659.9762345373697,660.0758719389524,659.9782355882028,0.0,0.0,0.0
20.436,-13.97976731349833,0.47817803600259007,2.015726444481465,-0.00020707071334210902,-0.005328430350493257,89.81519753508671,-13.979999542236355,0.46999999879941873,1.9999999999999991,89.81517552444714,-0.003771054670342594,7.908222051377971e-05,-0.0005268505378839694,2.0457728803178618e-05,0.0023217516913143768,-5.290150878666437e-07,0.18124532907645594,-9.392266036824588e-06,-0.00040762036483542406,-2.773176308431959e-07,660.0863456058865,659.9675703756702,660.0829027567202,659.9694776812362,0.0,0.0,0.0
20.488,-13.979772060708248,0.47798315878665576,2.0156993484458394,-0.00015347951960193145,0.0007140462017666243,89.81519560184591,-13.979999542236355,0.4699999988019465,1.9999999999999991,89.81517552444714,-0.0037249975498200825,7.922454671953946e-05,-0.0005171389259835463,0.0,0.0,0.0,0.18119822884391718,-2.6144054289935384e-06,0.00027540662176753634,-4.2907412443557763e-07,659.9872758482859,660.0649737327149,659.9853428008655,660.0645301208784,0.0,0.0,0.0
20.54,-13.979776787783354,0.4777922462149338,2.015672727822205,-8.997233917446262e-05,0.006570207464228105,89.81519256005413,-13.979999542236355,0.4699999988037819,1.9999999999999991,89.81517552444714,-0.003628815607184798,7.888313309146462e-05,-0.0005090200265129572,2.444983796825639e-05,0.002053356096584217,-1.0293721217732412e-06,0.1811529393051943,-1.3898047623955787e-05,-0.0007650304668613172,1.057683462139303e-08,660.1354358172067,659.9135774119769,660.1315072444597,659.917565875016,0.0,0.0,0.0
20.592,-13.979781457843007,0.4776078876999813,2.0156464990984473,-2.1945763059842798e-05,0.011987728764900448,89.81518942231001,-13.979999542236355,0.4699999988050902,1.9999999999999991,89.81517552444714,-0.0034828914840235132,7.794830552837644e-05,-0.0005024330301134347,0.0,0.0,0.0,0.18111152034723796,-7.072492029531414e-06,-0.00025920610396181046,-2.977582790990391e-07,660.0619506947638,659.9861078076673,660.0591118080849,659.9872976809303,0.0,0.0,0.0
20.644000000000002,-13.97978603280784,0.47743243967334176,2.0156205843745556,4.335352400013765e-05,0.01640272760086836,89.81518543462458,-13.979999542236355,0.469999998806008,1.9999999999999991,89.81517552444714,-0.003295492315705989,7.64440474573259e-05,-0.0004971862741566305,0.0,0.0,0.0,0.18107456871869065,-1.0067072160120919e-05,-0.0005484997682268953,-2.129211134053815e-07,660.1026428402971,659.9435486345806,660.0991862170836,659.9458265967023,0.0,0.0,0.0
20.696,-13.979790478525025,0.47726773584568866,2.0155949133320554,9.436399991568368e-05,0.019103990113983813,89.81518114979751,-13.979999542236355,0.46999999880664256,1.9999999999999991,89.81517552444714,-0.003077764131586122,7.44259973291179e-05,-0.0004931003928038607,0.0,0.0,0.0,0.1810425626424066,-1.296570528271584e-05,-0.0008046058631156118,-1.217609565755588e-07,660.1386926359784,659.9058269256849,660.1346631548231,659.9091832717395,0.0,0.0,0.0
20.748,-13.979794770753315,0.47711478546549774,2.0155694243985574,0.00010914862426122384,0.018943937020487498,89.81517683777314,-13.979999542236355,0.46999999880707544,1.9999999999999991,89.81517552444714,-0.0028494026717913908,7.210549372159106e-05,-0.000489969715310638,0.0,0.0,0.0,0.18101544427571428,-1.4642072143910788e-05,-0.0009604465211666299,-2.97471799095652e-08,660.1603924236346,659.8826614471976,660.1561404729321,659.8867503606994,0.0,0.0,0.0
20.8,-13.979798906213645,0.4769732827166713,2.0155440648189615,7.038537570962316e-05,0.015045175190848574,89.81517277056678,-13.979999542236355,0.469999998807367,1.9999999999999991,89.81517552444714,-0.002639200433161596,6.9874037897695e-05,-0.0004876080406915273,0.0,0.0,0.0,0.18099306726317813,-1.3974089543726535e-05,-0.0009499720186224661,5.697314201182554e-08,660.1581835565842,659.8836259953015,660.1543619304978,659.8877648200946,0.0,0.0,0.0
20.852,-13.97980291107566,0.4768412460489238,2.0155187962443915,-1.7266156074178115e-05,0.007774672984838151,89.81516973216591,-13.979999542236355,0.4699999988075611,1.9999999999999991,89.81517552444714,-0.0024806350072538,6.822317395685116e-05,-0.0004857253166501084,-3.09178926583337e-05,-0.0026198288878230697,-7.05427708950279e-07,0.1809738036293686,1.2228214949941386e-06,0.00025327145309906706,3.7938398534473484e-07,659.9837930700448,660.0562799224963,659.9851921194029,660.0569822723018,0.0,0.0,0.0
20.904,-13.979806835593235,0.4767153039287041,2.0154935833740453,-8.955122793538545e-05,0.00037658387565026307,89.81516822952995,-13.979999542236355,0.4699999988076885,1.9999999999999991,89.81517552444714,-0.0023918134060915293,6.737037739483862e-05,-0.00048465132033582775,-1.876379845501498e-05,-0.0023195500219723546,-3.986101040882667e-07,0.18096202670574427,-7.202118344277862e-08,0.00039802053041658903,3.0020952868066953e-07,659.963207489428,660.0765540145113,659.9640184576076,660.0774058670312,0.0,0.0,0.0
20.956,-13.979810724742444,0.4765919962183018,2.0154683940440163,-0.00012348276386502322,-0.005568782225417963,89.81516738876178,-13.979999542236355,0.46999999880777127,1.9999999999999991,89.81517552444714,-0.002365183692385784,6.703261180404681e-05,-0.0004841057039475118,0.0,0.0,0.0,0.18095600913967644,-5.054429039676588e-06,-0.00024004597508332207,1.7321123582515828e-07,660.0548319738353,659.9850207381107,660.0538720838639,659.986940173458,0.0,0.0,0.0
21.008,-13.979814604738507,0.4764684971567041,2.0154432129797724,-0.0001408804456475175,-0.011140803202679603,89.81516690605898,-13.979999542236355,0.4699999988078242,1.9999999999999991,89.81517552444714,-0.0023886800877743566,6.692361107067297e-05,-0.0004837839393891501,0.0,0.0,0.0,0.1809532447625386,-3.244597813672236e-06,4.91315132772346e-05,1.8365612871759316e-07,660.0133213013796,660.0263911395301,660.0129057725349,660.0278238981155,0.0,0.0,0.0
21.06,-13.97981849216187,0.4763422480692132,2.015418032522506,-0.00014734767543862935,-0.01674513988817809,89.81516689851514,-13.979999542236355,0.46999999880785764,1.9999999999999991,89.81517552444714,-0.002461617403757019,6.693910987405146e-05,-0.0004835559774735331,0.0,0.0,0.0,0.18095269988756768,-1.6985250993687503e-06,0.0003949167224731139,1.840708816160595e-07,659.9638494821656,660.0758486915508,659.963875471849,660.076842166038,0.0,0.0,0.0
21.112000000000002,-13.979822397698628,0.47621077288689634,2.0153928495875504,-0.0001319634320470727,-0.021131324042798612,89.81516737910094,-13.979999542236355,0.46999999880787835,1.9999999999999991,89.81517552444714,-0.0025794896658343,6.694426492216706e-05,-0.00048336864800844673,0.0,0.0,0.0,0.18095395055736457,-1.0198931872148405e-06,0.0007423914079143287,1.7408732151298453e-07,659.9143115479463,660.1254742524011,659.9145032099381,660.1262467461894,0.0,0.0,0.0
21.164,-13.979826320170815,0.47607219964989966,2.015367665116442,-8.618906601607543e-05,-0.022794874478876855,89.8151682850267,-13.979999542236355,0.46999999880789095,1.9999999999999991,89.81517552444714,-0.0027255107981617346,6.671275262682408e-05,-0.0004832290861467737,0.0,0.0,0.0,0.18095703685831685,-1.8112275424394116e-06,0.0010128586472809842,1.5500208894079325e-07,659.8759972779319,660.1639709506965,659.8759106414942,660.1649158996055,0.0,0.0,0.0
21.216,-13.979830240815364,0.47592592531644135,2.0153424834216187,-9.586092820541314e-06,-0.020408010895783413,89.81516953563973,-13.979999542236355,0.4699999988078985,1.9999999999999991,89.81517552444714,-0.00287029515685337,6.597190504091849e-05,-0.0004831690930667742,0.0,0.0,0.0,0.18096213317779697,-4.3860051866883015e-06,0.0011213264149363966,1.2856310783876376e-07,659.8610575874417,660.1791923822342,659.860164166618,660.1807972940588,0.0,0.0,0.0
21.268,-13.979834121566025,0.4757731892994575,2.015317312182665,8.116683051790346e-05,-0.013433266635570203,89.81517083721525,-13.979999542236355,0.4699999988079029,1.9999999999999991,89.81517552444714,-0.002974988821513023,6.449058597703016e-05,-0.00048319967126299746,2.706153347555992e-05,0.002810577844145507,3.5918369249841755e-07,0.18096910090367282,-1.8699062043648687e-05,-7.575834495270029e-05,-3.076748827557437e-08,660.0339591481762,660.0070551431554,660.0285480328055,660.0122960153017,0.0,0.0,0.0
21.32,-13.979837914279411,0.4756171828780035,2.0152921620129525,0.00011947351533718158,-0.004656563130576889,89.81517180745907,-13.979999542236355,0.46999999880790533,1.9999999999999991,89.81517552444714,-0.003006996489009187,6.23726488879795e-05,-0.0004831533368048514,3.3256846648221535e-06,0.002919708948401179,3.020568252284608e-07,0.1809759509618771,-1.1836361583963017e-05,-0.0003715219558258875,-3.0668886553654396e-08,660.0752440246637,659.9660533088387,660.071788053129,659.9693399497186,0.0,0.0,0.0
21.372,-13.979841589878548,0.4754619053883278,2.0152670446535117,0.00010166090915628781,0.003332655430473403,89.81517265076475,-13.979999542236355,0.4699999988079066,1.9999999999999991,89.81517552444714,-0.0029626558471173943,6.0178196660540655e-05,-0.00048286205346837065,-1.0366079317321634e-05,0.002477491831329432,2.6147839313877044e-07,0.18098065204934308,-6.5426714375263265e-06,-0.0004894271713411392,-3.38529385479294e-08,660.0913879076252,659.950122436231,660.089430832815,659.9518923974234,0.0,0.0,0.0
21.424,-13.979845145474345,0.47531098176073167,2.0152419694087698,6.457405581595278e-05,0.009605689840269221,89.81517338380068,-13.979999542236355,0.4699999988079073,1.9999999999999991,89.81517552444714,-0.0028543134451322664,5.827309413978033e-05,-0.0004823137244449753,0.0,0.0,0.0,0.18098278452134875,-9.472996918342504e-06,0.00018760644375407463,4.5776404291438185e-08,659.9953309359955,660.0460681084797,659.9927594440313,660.0488929317795,0.0,0.0,0.0
21.476,-13.979848590574532,0.47516724135724725,2.0152169414893506,1.712451697412113e-05,0.01499460605246637,89.81517428202643,-13.979999542236355,0.46999999880790744,1.9999999999999991,89.81517552444714,-0.0026973713832757302,5.675637902722835e-05,-0.00048161066154449805,0.0,0.0,0.0,0.1809831852223823,-7.654045079328537e-06,-0.00010356361292067448,2.6678757941221144e-08,660.0365806866021,660.0049029234646,660.0344745422183,660.0071569355808,0.0,0.0,0.0
21.528,-13.979851941153473,0.4750330510567666,2.015191962571481,-4.758139194151296e-05,0.020344769196342646,89.81517522410931,-13.979999542236355,0.46999999880790744,1.9999999999999991,89.81517552444714,-0.0024955590604236154,5.575004691796197e-05,-0.0004808500660626805,0.0,0.0,0.0,0.18098275400422306,-4.616092349806433e-06,-0.0004478912772934208,6.574556899431991e-09,660.0852097352348,659.9563235404345,660.0839132818753,659.9576566635692,0.0,0.0,0.0
21.580000000000002,-13.979855220354837,0.47491064466937266,2.0151670322270467,-0.00011712317172708063,0.02450490951441706,89.8151761118313,-13.979999542236355,0.46999999880790744,1.9999999999999991,89.81517552444714,-0.0022534034119903795,5.536323238818583e-05,-0.00048001214589416815,0.0,0.0,0.0,0.18098130735331205,-7.516982374872027e-07,-0.0007945829802625072,-1.2342153840121704e-08,660.134029877335,659.9074972998457,660.1337816353134,659.9076772536323,0.0,0.0,0.0
21.632,-13.979858454695862,0.4748016670206974,2.015142148491069,-0.00017062570559379708,0.02597460115028399,89.81517690009396,-13.979999542236355,0.46999999880790744,1.9999999999999991,89.81517552444714,-0.0019873095116845845,5.555885677016924e-05,-0.0004790869222583845,0.0,0.0,0.0,0.1809788076877838,3.0395194487024365e-06,-0.0010652773686452312,-2.9186982151894732e-08,660.1720045237535,659.8694507718632,660.1727892483409,659.868503986215,0.0,0.0,0.0
21.684,-13.97986166682694,0.474706512709925,2.015117307872895,-0.00018501459768022045,0.023418244360276966,89.81517755934203,-13.979999542236355,0.46999999880790744,1.9999999999999991,89.81517552444714,-0.0017263348210550054,5.610384576755269e-05,-0.000478107518195416,0.0,0.0,0.0,0.18097569054398668,5.562894637310066e-06,-0.0011747712626774835,-4.325592249815415e-08,660.1871789808395,659.8541571338981,660.1886432765413,659.8524524457151,0.0,0.0,0.0
21.736,-13.979864867208294,0.4746237496114167,2.015092505664537,-0.0001447341490265329,0.0163550988332912,89.81517798436117,-13.979999542236355,0.46999999880790744,1.9999999999999991,89.81517552444714,-0.0015089999801492517,5.657867443729782e-05,-0.0004771420155910001,2.012581724187546e-05,-0.002809280567462922,8.157350619290479e-08,0.18097277464773534,-1.994631225978674e-06,1.7332614425634614e-05,-8.213217606052466e-08,660.0184798354624,660.0228485037538,660.0176842480103,660.0231891669581,0.0,0.0,0.0
21.788,-13.979868048780787,0.47455003645970073,2.015067736766547,-7.36180256619326e-05,0.007617389719091492,89.81517812898032,-13.979999542236355,0.46999999880790744,1.9999999999999991,89.81517552444714,-0.0013666509398848076,5.654975669119998e-05,-0.0004762861676371263,2.4664975217590753e-05,-0.0029083031869693815,2.1538211369691638e-08,0.1809711637615202,-5.285897234287893e-06,0.00029813670774020103,-6.33927508429314e-08,659.9788848088077,660.0622965700394,659.9772035728955,660.0636264875886,0.0,0.0,0.0
21.84,-13.979871193223236,0.4744812762047228,2.015042997417335,-6.221389434200951e-06,-0.00038062517271384306,89.81517812500259,-13.979999542236355,0.46999999880790744,1.9999999999999991,89.81517552444714,-0.0013024825055141975,5.588971218114165e-05,-0.00047554356581935755,2.0639403813500227e-05,-0.0024919251496268403,-1.8154917618250208e-08,0.1809710123280144,-5.666051911190661e-06,0.00041559262572706185,-4.888680193201709e-08,659.9621840332262,660.0789421151629,659.960434643651,660.0804204373077,0.0,0.0,0.0
21.892,-13.979874282433219,0.4744137320337309,2.015018286077215,4.493925864579162e-05,-0.006743823597249449,89.81517801504828,-13.979999542236355,0.46999999880790744,1.9999999999999991,89.81517552444714,-0.001304738126801525,5.4701587794980214e-05,-0.00047485786031588263,0.0,0.0,0.0,0.1809718139527491,5.566627742385766e-07,-0.0002746369484062781,-5.319108874827418e-08,660.0596232065839,659.981557793992,660.0596344489666,659.9812519139185,0.0,0.0,0.0
21.944,-13.979877303012476,0.4743444352725984,2.0149936032062037,9.318346589722398e-05,-0.012189005934245557,89.81517776958711,-13.979999542236355,0.46999999880790744,1.9999999999999991,89.81517552444714,-0.0013582856235718709,5.3118416913535564e-05,-0.00047416501468521016,0.0,0.0,0.0,0.18097292246105054,-1.450837967706634e-06,6.895299445056683e-06,-4.800532697042821e-08,660.0198388493013,660.0213895778235,660.0192926631215,660.0216698671843,0.0,0.0,0.0
21.996,-13.979880241742059,0.4742708822972833,2.0149689504405512,0.00015497566825907176,-0.017733046565944172,89.81517740197577,-13.979999542236355,0.46999999880790744,1.9999999999999991,89.81517552444714,-0.0014594966987320763,5.109049215856079e-05,-0.0004734099242437137,0.0,0.0,0.0,0.18097374172556652,-4.559893407002308e-06,0.0003473159792018806,-4.021720908744117e-08,659.9718150558612,660.0694411717614,659.9704047911823,660.0706284836199,0.0,0.0,0.0
22.048000000000002,-13.979883080443647,0.474190649655992,2.014944329388421,0.0002172589149681041,-0.022300675612391796,89.81517695115755,-13.979999542236355,0.46999999880790744,1.9999999999999991,89.81517552444714,-0.0016053787287389747,4.853960516954196e-05,-0.0004726135258785782,0.0,0.0,0.0,0.1809744244670716,-8.317760706195215e-06,0.0007008037125955876,-3.06283289944318e-08,659.9220143163295,660.1192528659546,659.9195600007197,660.1215368185474,0.0,0.0,0.0
22.1,-13.979885799765977,0.4741018110049106,2.014919741405785,0.00025800967588027353,-0.024388595133658895,89.81517645926435,-13.979999542236355,0.46999999880790744,1.9999999999999991,89.81517552444714,-0.0017813494475544776,4.554426543365839e-05,-0.00047182573243497936,0.0,0.0,0.0,0.18097541646798607,-1.1728720378756723e-05,0.0009909356108353238,-2.0167507916678713e-08,659.8811864437213,660.1600907952943,659.8777892108017,660.1633748943128,0.0,0.0,0.0
22.152,-13.979888386853508,0.4740036003371722,2.014895188360811,0.00025459354773632944,-0.02260968879868635,89.8151759895842,-13.979999542236355,0.46999999880790744,1.9999999999999991,89.81517552444714,-0.0019599628638447162,4.238296727947112e-05,-0.00047110265455345136,0.0,0.0,0.0,0.18097720795993447,-1.3563902049491808e-05,0.001132270411623154,-1.0130506751093353e-08,659.8613369257365,660.1799744972387,659.8574445563636,660.1838088672619,0.0,0.0,0.0
22.204,-13.979890843359128,0.4738970157073691,2.01487067335298,0.00019312284455203982,-0.016179224877671705,89.81517559169984,-13.979999542236355,0.46999999880790744,1.9999999999999991,89.81517552444714,-0.0021034518635948555,3.951138793912609e-05,-0.00047051233779284694,-2.732942052347119e-05,0.0027113964626566778,-1.0888537268644627e-07,0.18098036692107125,-2.2637649731265884e-06,1.0021423280271325e-05,3.805136635789112e-08,660.01956087238,660.0217704611731,660.0190214712767,660.0225206212618,0.0,0.0,0.0
22.256,-13.979893189143922,0.47378505506627794,2.014846200155904,0.00011034203467928654,-0.007408241608449523,89.815175395589,-13.979999542236355,0.46999999880790744,1.9999999999999991,89.81517552444714,-0.00217639560764312,3.735887459542091e-05,-0.0004699850871608892,-2.5929203524848354e-05,0.0029655551146941504,-5.1269336267911276e-08,0.18098408453443038,-5.584502517619221e-07,-0.00032422275239231077,2.134156633371926e-08,660.0670123312034,659.9745059619488,660.0669123807726,659.9747241428977,0.0,0.0,0.0
22.308,-13.979895450196814,0.4736717403400564,2.014821773643852,4.758457272353498e-05,0.0008398018267429218,89.81517525907742,-13.979999542236355,0.46999999880790744,1.9999999999999991,89.81517552444714,-0.0021711883480339767,3.59188360904605e-05,-0.00046935505417953105,-1.7780303824663266e-05,0.0025860724635725254,-3.699622572783285e-08,0.1809865705462536,-1.7538521949792957e-06,-0.00045996639254158726,1.9071100727257523e-08,660.0865681173716,659.9550578587116,660.0861214339866,659.9556102736842,0.0,0.0,0.0
22.36,-13.979897644909718,0.4735608490837286,2.0147973990670387,6.382476576187254e-06,0.0074847334776515255,89.8151751661546,-13.979999542236355,0.46999999880790744,1.9999999999999991,89.81517552444714,-0.002098457354547513,3.4978997506653635e-05,-0.0004685784581563563,-3.559154357480189e-06,0.0006048731443520055,-8.577646100646902e-09,0.18098722315838733,-5.80732927581645e-06,2.6264972015445934e-05,1.072166553157568e-08,660.0179316157165,660.0237584985275,660.0163072171096,660.0254422643422,0.0,0.0,0.0
22.412,-13.979899784542344,0.47345539348610804,2.0147730787779863,-3.810920148755435e-05,0.012872204292148283,89.81517508093478,-13.979999542236355,0.46999999880790744,1.9999999999999991,89.81517552444714,-0.001974231031956047,3.4403684407758334e-05,-0.00046770333657745664,0.0,0.0,0.0,0.18098643661958774,-5.281080630909016e-06,-1.6531412764606553e-05,9.414629756365592e-09,660.0239413437456,660.0177285632022,660.0224632294969,660.0192588346321,0.0,0.0,0.0
22.464,-13.979901882562624,0.4733577996623076,2.0147488117414767,-9.622660597500475e-05,0.018315895718200945,89.81517496550688,-13.979999542236355,0.46999999880790744,1.9999999999999991,89.81517552444714,-0.0018046596439335043,3.428684864995624e-05,-0.0004668388668831804,0.0,0.0,0.0,0.18098531533338807,-2.3275947346743633e-06,-0.00034798733094076905,1.1922376457637555e-08,660.0707028194556,659.970923771446,660.0700729238888,659.9716198031164,0.0,0.0,0.0
22.516000000000002,-13.97990395790547,0.47327038134103006,2.0147245955358484,-0.00015323173513571986,0.022926925274656933,89.81517489467967,-13.979999542236355,0.46999999880790744,1.9999999999999991,89.81517552444714,-0.0015921354580458497,3.4693783848101594e-05,-0.00046593618434051287,0.0,0.0,0.0,0.18098345363048704,1.1424014491684528e-06,-0.0006982800412757345,1.3392781987337421e-08,660.120055708799,659.9214922760774,660.1204181311214,659.921203936647,0.0,0.0,0.0
22.568,-13.979906029852774,0.47319501935516267,2.014700427982041,-0.00018998713991086284,0.025239716953069834,89.81517487210445,-13.979999542236355,0.46999999880790744,1.9999999999999991,89.81517552444714,-0.0013497768050992555,3.554112489208043e-05,-0.0004649923538652187,0.0,0.0,0.0,0.18098088997660985,4.252003639318547e-06,-0.0009940554516084394,1.3919832338057443e-08,660.1616757323236,659.8797532297338,660.1629250988128,659.8785804439349,0.0,0.0,0.0
22.62,-13.979908111495716,0.473132515995115,2.0146763051891186,-0.00018688775202559162,0.02384927062026827,89.8151748987386,-13.979999542236355,0.46999999880790744,1.9999999999999991,89.81517552444714,-0.0011034511294278062,3.6572090437869814e-05,-0.0004640379206962369,0.0,0.0,0.0,0.18097804730406025,5.923579058914362e-06,-0.0011507426829622568,1.335589254123613e-08,660.1836813413133,659.8576061977832,660.1854050955511,659.8559555823293,0.0,0.0,0.0
