Time_s,X,Y,Z,Roll_deg,Pitch_deg,Yaw_deg,Ref_X,Ref_Y,Ref_Z,Ref_Yaw,vx,vy,vz,p,q,r,T_pert,tau_x,tau_y,tau_z,RPM_0,RPM_1,RPM_2,RPM_3,Wind_X,Wind_Y,Wind_Z
0.052000000000000046,-7.273641067727194e-13,-16.499999999996355,0.0100549936637121,-7.574279107596958e-10,3.800152221040851e-09,89.99999999876292,-5.656080062453237e-23,-16.5,0.014464867854085735,89.99999999971945,6.495268852907019e-11,1.9194192146578718e-11,0.0009999500189239105,0.0,0.0,0.0,0.13171123676316643,5.2759787689190976e-11,-2.3504146921843626e-10,1.9858052753914363e-11,658.9282769377518,658.928276885747,658.9282770078909,658.9282769257815,0.0,0.0,0.0
0.10400000000000009,-1.0483844831660708e-12,-16.499999999995318,0.010106992931171364,-1.0918479800295304e-09,4.885069642731308e-09,89.9999999991372,-5.656080062453237e-23,-16.5,0.027872386655924238,89.99999999971945,5.599460610089963e-12,1.7965911011990508e-12,0.0009999974689351918,0.0,0.0,0.0,0.560395623665389,5.15778659403233e-11,-2.284448947404782e-10,1.2087671140047945e-11,668.3735388823526,668.3735388326056,668.3735389299175,668.3735388511561,0.0,0.0,0.0
0.15600000000000014,-3.497828827356712e-11,-16.499999983670143,0.010351226243649345,-0.00011180584152173242,0.0003637379441891878,90.00029064593473,-5.656080062453237e-23,-16.5,0.04988052804296929,89.99999999971945,8.172840111807024e-07,1.4518338220221426e-07,0.010536421543153474,0.0,0.0,0.0,1.1651608888829674,5.059605728455742e-06,-1.6814760591012507e-05,-6.03394703784716e-06,681.4855530025086,681.4823102703382,681.4707642592019,681.4647299366583,0.0,0.0,0.0
0.20799999999999996,-5.473507056039196e-08,-16.499999788584308,0.01181659139073985,-0.00029672771469160006,0.0009508873804442141,90.0007512637201,-5.656080062453237e-23,-16.5,0.07930197671112212,89.99999999971945,5.797710749212046e-06,1.6856859852782424e-06,0.04294652003431033,0.0,0.0,0.0,1.7436695338587298,1.4752520746414614e-05,-4.771225484158056e-05,-1.5596580836470044e-05,693.8027759926381,693.7938452246534,693.76568171323,693.7487552580881,0.0,0.0,0.0
0.26,-2.547802732243717e-07,-16.499999129340797,0.015589419595241957,-0.00045137157859037396,0.0014073920577900492,90.00115375108123,-5.656080062453237e-23,-16.5,0.11471958995594747,89.99999999971945,1.5254291166940837e-05,4.657229330833531e-06,0.0951405529985259,0.0,0.0,0.0,2.245959539993083,2.471722181244206e-05,-7.789424085983656e-05,-2.3952400705023172e-05,704.3228294911511,704.3086358132891,704.2672623894284,704.2398715609436,0.0,0.0,0.0
0.31200000000000006,-6.805926530113695e-07,-16.499997768500684,0.022618252276349973,-0.0005276209734444085,0.001581550467740624,90.00147791490487,-5.656080062453237e-23,-16.5,0.15478502333384972,89.99999999971945,2.7793128506809123e-05,8.705253347888813e-06,0.16432317034481433,0.0,0.0,0.0,2.6258039726698836,3.263881226985821e-05,-9.977342348721773e-05,-3.068218846960796e-05,712.1755265747455,712.1578049644583,712.1053891065174,712.0704322114054,0.0,0.0,0.0
0.3640000000000001,-1.3727895620745813e-06,-16.49999561137493,0.033661580889371906,-0.00048036061507987005,0.0013602815321381826,90.00169972672406,-5.656080062453237e-23,-16.5,0.19834257833568275,89.99999999971945,4.144593022731531e-05,1.3259436323653318e-05,0.2463299433281712,0.0,0.0,0.0,2.862727545655929,3.60616836241895e-05,-0.00010667287258094679,-3.5287102275394916e-05,717.0298403955455,717.0113272486805,716.9493350195178,716.9119075604273,0.0,0.0,0.0
0.41600000000000015,-2.306031387037273e-06,-16.499992778169847,0.04923746257444197,-0.0002990871202023874,0.000684431520420845,90.00180910997582,-5.656080062453237e-23,-16.5,0.2444608221996299,89.99999999971945,5.3892161458283834e-05,1.7576517148759108e-05,0.33632838172869184,0.0,0.0,0.0,2.9577427446745133,3.377653388928343e-05,-9.358549638160325e-05,-3.7557948112475424e-05,718.9663383647496,718.9506996600107,718.8796782462873,718.8463715027481,0.0,0.0,0.0
0.4680000000000002,-3.380289926293271e-06,-16.499989640845257,0.06961201111082196,5.72634395664281e-06,-0.00042739969613635507,90.00180994744368,-5.656080062453237e-23,-16.5,0.2924195984772765,89.99999999971945,6.251745083492031e-05,2.086553292755265e-05,0.4295280767611864,0.0,0.0,0.0,2.926316496058149,2.5323485076285486e-05,-5.821459373529935e-05,-3.757533432443283e-05,718.3234078930569,718.3147999488942,718.2344134454361,718.212547753277,0.0,0.0,0.0
0.5200000000000002,-4.4284136744019435e-06,-16.49998680752758,0.09481441739649883,0.0003952702625446711,-0.0018660057005678646,90.00170794974136,-5.656080062453237e-23,-16.5,0.34167886329040315,89.99999999971945,6.444261485876719e-05,2.2273238185880282e-05,0.5216019101724084,0.0,0.0,0.0,2.792744231874342,1.1315353011118144e-05,-1.5940721796375434e-06,-3.545781583845202e-05,715.590921353557,715.5934752085692,715.5033161338239,715.4999242995125,0.0,0.0,0.0
0.5720000000000001,-5.238718891045319e-06,-16.49998505088213,0.12467428406133252,0.00083070360381795,-0.003449860042604605,90.00151602552621,-5.656080062453237e-23,-16.5,0.39184322955345763,89.99999999971945,5.676609716391394e-05,2.110203621562893e-05,0.6090633651220851,0.0,0.0,0.0,2.5841017867851708,-7.563305595774159e-06,7.236356761021938e-05,-3.1473382225711505e-05,711.3023690874932,711.3194950750451,711.2194858622573,711.2406120469352,0.0,0.0,0.0
0.6240000000000001,-5.5872814532267094e-06,-16.499985189365262,0.15886695339628512,0.001173331793920687,-0.004866696982484985,90.00125343018439,-5.656080062453237e-23,-16.5,0.44262887758017755,89.99999999971945,3.631358705501462e-05,1.6042806997229007e-05,0.6892930088376815,0.0,0.0,0.0,2.332003758582239,-2.678127166119736e-05,0.00015419223202414075,-2.602178402281123e-05,706.085557282749,706.1194789644294,706.0110588197932,706.0592455009813,0.0,0.0,0.0
0.6759999999999999,-5.30785130755352e-06,-16.499987914987855,0.19696624418432204,0.0012986875217614099,-0.005767737762838352,90.00093908270388,-5.656080062453237e-23,-16.5,0.49383549335215265,89.99999999971945,1.0569378371488797e-06,6.578343787985709e-06,0.7608501237644802,0.0,0.0,0.0,2.064017072497137,-4.157476330606879e-05,0.0002315218649147635,-1.9495787986648427e-05,700.4969380674007,700.5479120978589,700.4349053751598,700.5081986592055,0.0,0.0,0.0
0.728,-4.356374510746637e-06,-16.499993612409387,0.23849855793796323,0.0011101959545712437,-0.005804599176034505,90.00059444022536,-5.656080062453237e-23,-16.5,0.5453238070757378,89.99999999971945,-4.909345517405428e-05,-6.825323151413091e-06,0.8230624163429567,0.0,0.0,0.0,1.7874009672931006,-4.745720056570979e-05,0.0002901543043341132,-1.234085407368621e-05,694.6822521850738,694.7479265992072,694.6369361330677,694.7282988805487,0.0,0.0,0.0
0.78,-2.8537092211584767e-06,-16.50000219574883,0.282969779480954,0.0005624403925932694,-0.004683561375108412,90.0002410632718,-5.656080062453237e-23,-16.5,0.5969983116619322,89.99999999971945,-0.00011138466644015053,-2.249514915950408e-05,0.8757097681768664,0.0,0.0,0.0,1.5169615861351655,-4.065605091654626e-05,0.00031449319851160543,-5.004588503779292e-06,688.9522979491684,689.0270147048491,688.9279260009284,689.0248307172075,0.0,0.0,0.0
0.8320000000000001,-1.0978225278071163e-06,-16.500012989131864,0.32988629715795653,-0.00031239868103368016,-0.0022301686879214024,89.99989971380256,-5.656080062453237e-23,-16.5,0.6487943519941035,89.99999999971945,-0.00017946312808152527,-3.744322101945352e-05,0.9189647108923614,0.0,0.0,0.0,1.264638450404279,-1.9258856675606448e-05,0.00028975606040241187,2.0819810455459922e-06,683.5670025975279,683.6413894881637,683.5672734151564,683.6522520077011,0.0,0.0,0.0
0.8840000000000001,4.6432094859305744e-07,-16.500024678478955,0.37877540538459575,-0.0013859394964550853,0.0015433678798044915,89.99958897596747,-5.656080062453237e-23,-16.5,0.7006687011803814,89.99999999971945,-0.00024306204895857314,-4.7588613788636025e-05,0.9534199146861646,0.0,0.0,0.0,1.0382774265964105,1.5714212097718612e-05,0.000204544393456434,8.533039208707747e-06,678.7058691295977,678.7668747865417,678.7332023108562,678.785501376437,0.0,0.0,0.0
0.9360000000000002,1.309194390020644e-06,-16.500035357525125,0.4292090480802969,-0.0024352244765637895,0.006382032362142861,89.99932399759497,-5.656080062453237e-23,-16.5,0.7525928132735092,89.99999999971945,-0.00028848497342394403,-4.8474970854677146e-05,0.9800295170120021,0.0,0.0,0.0,0.841228326198987,5.9581352708719345e-05,5.383381848710865e-05,1.4034110207415962e-05,674.4546414576557,674.4862530645678,674.5092812408141,674.5076793515266,0.0,0.0,0.0
0.9880000000000002,9.489670370231764e-07,-16.5000426837883,0.48080954790442476,-0.003164058237452305,0.011752470824371065,89.99911644413012,-5.656080062453237e-23,-16.5,0.8045480718714193,89.99999999971945,-0.00030001115224328025,-3.635005694759006e-05,0.999788616561263,0.0,0.0,0.0,0.6751594546753754,0.00010372394998061122,-0.00015787797750815448,1.8343014120530168e-05,670.8621871592309,670.847011739734,670.9412273066677,670.86792484982,0.0,0.0,0.0
1.0399999999999998,-9.292774401218026e-07,-16.500044153435113,0.5332541165980874,-0.0032522375044573225,0.01684551776198546,89.99897376739527,-5.656080062453237e-23,-16.5,0.8565224933733967,89.99999999971945,-0.0002623154982725935,-9.531016584169168e-06,1.013787790946187,0.0,0.0,0.0,0.5392683884223448,0.00013621868169106302,-0.0004139272626953871,2.1305047742333013e-05,667.9211129320395,667.8429451324215,668.0177508356155,667.862912464705,0.0,0.0,0.0
1.0920000000000003,-4.32097304963401e-06,-16.500037487537003,0.5862765279428035,-0.0024301110310390797,0.020630924186363874,89.99889926343,-5.656080062453237e-23,-16.5,0.9085084704357089,89.99999999971945,-0.0001637675528226941,3.0248706010784874e-05,1.0230707609645857,0.0,0.0,0.0,0.4315533539713243,0.00014359209180273686,-0.0006841046557270753,2.2851783797621352e-05,665.5938057888211,665.4411248992661,665.6971108757548,665.4633298892395,0.0,0.0,0.0
1.144,-8.79079236423689e-06,-16.50002110488508,0.6396613881272271,-0.0005639319730205353,0.021952066109606556,89.99889211095643,-5.656080062453237e-23,-16.5,0.9605012471176991,89.99999999971945,1.1743516514971933e-07,7.699630205299757e-05,1.0286004924423477,0.0,0.0,0.0,0.3492790490388433,0.00011357371766832079,-0.0009247294783543917,2.3000272387881104e-05,663.8219970179091,663.5922414069835,663.9174868064731,663.6234209383505,0.0,0.0,0.0
1.196,-1.3426469377864194e-05,-16.499994634869793,0.6932410091933762,0.0022535766508529407,0.019693360078389822,89.99894752825435,-5.656080062453237e-23,-16.5,1.0124979011985416,89.99999999971945,0.00022305126750037487,0.00012034367969159716,1.0312506986446395,0.0,0.0,0.0,0.28912546464765043,3.8880153760377715e-05,-0.0010816744924597485,2.1849784189286963e-05,662.5300882097387,662.2341313462244,662.6013989601206,662.2834017835432,0.0,0.0,0.0
1.248,-1.68998309271698e-05,-16.49995939575618,0.7468900965509324,0.005328265605431241,0.013340352449295925,89.99903806680616,-5.656080062453237e-23,-16.5,1.064496673314947,89.99999999971945,0.00048106243444936156,0.0001428374272753878,1.0317890834008474,0.0008580794098805852,-0.0025449390607635586,2.9830198676821482e-05,0.24749944189303186,-0.00039884525839772,-0.00012860064755204625,9.100455015742569e-06,661.5551308094699,661.4052315682504,661.4669313055006,661.5437314503072,0.0,0.0,0.0
1.3,-1.786461416446266e-05,-16.49991849485508,0.8005194532187986,0.006450347073228608,0.005077570024556835,89.99913134732745,-5.656080062453237e-23,-16.5,1.1164965302517904,89.99999999971945,0.0007076523969508523,0.00011106143743362459,1.0308665275568674,7.211902398655895e-05,-0.002853450689832355,3.276516351769838e-05,0.2208271189606794,-0.00017376810821949828,6.703227483186372e-05,6.0944489515847465e-06,660.9096492677404,660.8792882396413,660.8770767240546,660.9455706919748,0.0,0.0,0.0
1.352,-1.581286414342424e-05,-16.499875913566516,0.854069747063996,0.005801183058212566,-0.0033796360670905654,89.99923085477725,-5.656080062453237e-23,-16.5,1.1684968843679677,89.99999999971945,0.000860594010767455,4.3789742660662755e-05,1.0290030707133977,-0.0003597517859998549,-0.0027957007384622297,3.409161783673699e-05,0.20588119739059962,-4.573641405090844e-05,0.00019586254467426792,3.5452878050458722e-06,660.5458703684168,660.5885949295058,660.5426644107878,660.6114203038575,0.0,0.0,0.0
1.4040000000000001,-1.1068058470715462e-05,-16.499835670979447,0.90750515133724,0.004440495463171358,-0.011286144932873063,89.99933157046536,-5.656080062453237e-23,-16.5,1.220497415856103,89.99999999971945,0.0009283900302754382,-2.73213876918261e-05,1.0266080386162104,-0.0004982400843624216,-0.002533685447245232,3.3811529441944874e-05,0.1997800077954146,-7.628650754479033e-06,0.0003052361650142856,1.556444813988235e-06,660.3925626252365,660.4772760442683,660.394699051219,660.483754851564,0.0,0.0,0.0
1.4560000000000002,-4.307974758226256e-06,-16.499801452319822,0.9608080986517687,0.0028866981718207564,-0.018117158899896627,89.99942953781432,-5.656080062453237e-23,-16.5,1.2724979618824201,89.99999999971945,0.0009098971963410411,-8.804508915818192e-05,1.0239926153223506,-0.0005302694326812821,-0.002109403455912545,3.236479694995664e-05,0.20002759455966412,4.200837181763523e-06,0.000395778336539222,4.976740598999703e-08,660.3855684121486,660.499420425585,660.3869020121435,660.4983625089457,0.0,0.0,0.0
1.5080000000000002,3.698569563350859e-06,-16.499776369600472,1.0139743324120953,0.0012101497214768017,-0.023650557182116408,89.99953658883439,-5.656080062453237e-23,-16.5,1.3244984486536717,89.99999999971945,0.0008125413564714695,-0.00013544505483502122,1.021378939838661,0.0,0.0,0.0,0.2045800828420763,-0.00018464496385689304,-0.00012954306515732274,9.620619812377502e-06,660.5747593236351,660.4853391724683,660.5488324597072,660.5645142205067,0.0,0.0,0.0
1.5600000000000003,1.2105261970268346e-05,-16.499762934549018,1.0670088759200618,-0.001214147593032592,-0.02900841244039497,89.99966048136261,-5.656080062453237e-23,-16.5,1.3764988506491467,89.99999999971945,0.0006651098441439191,-0.00017747098737262522,1.018917867650921,0.0,0.0,0.0,0.21179845451714563,-0.00013243241780387291,0.00021580355797634789,7.048554826185639e-06,660.6815372526592,660.7052594065555,660.6633554438077,660.7624384550387,0.0,0.0,0.0
1.6119999999999999,1.9788879279884408e-05,-16.499763407604704,1.1199227889808319,-0.003975849273784386,-0.03304300523578844,89.99978836851827,-5.656080062453237e-23,-16.5,1.4284991667760276,89.99999999971945,0.00045523470924307047,-0.00020224399867552542,1.0167027176911612,0.0,0.0,0.0,0.22041626862884378,-4.803397767073028e-05,0.0005858030184024801,4.393559565872874e-06,660.8112938600999,660.9642639144046,660.8097819967654,660.9900755612925,0.0,0.0,0.0
1.664,2.5443218877919048e-05,-16.499779441962687,1.1727305387534994,-0.007182231522573715,-0.03504888441517284,89.9999246556786,-5.656080062453237e-23,-16.5,1.4804994068808615,89.99999999971945,0.00018561528757617514,-0.00020842562288856666,1.0147834284472808,0.0,0.0,0.0,0.22948412507660265,7.683628132977795e-05,0.0009501354149038012,1.5641764053063069e-06,660.9462682220513,661.2383031053,660.9724479084241,661.2207820556179,0.0,0.0,0.0
1.716,2.7609064009155645e-05,-16.499811666441225,1.2254482046613797,-0.010222092572536961,-0.03358926172658958,90.00005496229967,-5.656080062453237e-23,-16.5,1.532499584465665,89.99999999971945,-0.00014435018968786417,-0.0001843745762056423,1.0131785355546898,0.0,0.0,0.0,0.23830909883436213,0.0002288859341679261,0.0012476718411490659,-1.1410480533566336e-06,661.0812929319738,661.5010481139165,661.1432232874845,661.4328446617592,0.0,0.0,0.0
1.768,2.493869177681509e-05,-16.499859065363882,1.2780919641499615,-0.012073462319210351,-0.027359985604767722,90.00016004755655,-5.656080062453237e-23,-16.5,1.5844997130254859,89.99999999971945,-0.000521763039829904,-0.0001181412800009657,1.011879151950527,-0.0003246492862477897,0.002721096253221535,2.5900114745557697e-05,0.24646403195369615,0.0005017696529710326,0.0003607229498468747,-1.2760305706715562e-05,661.3649666053489,661.6100828342866,661.4723177847799,661.432230857273,0.0,0.0,0.0
1.82,1.669534767385375e-05,-16.49991848696033,1.3306770007988193,-0.011203575732075248,-0.017829047638578503,90.00021222176949,-5.656080062453237e-23,-16.5,1.6364998044288213,89.99999999971945,-0.0008852226814719469,5.654548180893709e-07,1.0108616725458013,0.0006745755119300608,0.003421757476578381,1.4457565494048033e-05,0.25369757968402595,0.00020499949440228602,0.0001148140306505075,-9.673960832493172e-06,661.5976942147404,661.6885622976196,661.6292160561039,661.6035907758246,0.0,0.0,0.0
1.872,3.352892270114722e-06,-16.499985270696143,1.383216988332911,-0.008133699261613978,-0.007167749335616503,90.00186491107281,2.050955501407383e-08,-16.499999908182,1.6884998683967287,157.12313773681927,-0.0011746010974482551,0.00014098999071317833,1.0100895470951035,0.001220577678875347,0.0036430090434274817,0.0028421019036460825,0.2599333818464391,1.5435829257556127e-05,-5.177385242799014e-05,0.08,540.1039001400414,540.0912519781773,764.316572982287,764.3000418879608,0.0,0.0,0.0
1.9240000000000002,-1.176277439959012e-05,-16.500054220725065,1.4356482052725812,0.06672001275627666,0.003409424985543646,90.27031367918772,5.353236133695831e-07,-16.499997591493056,1.7404999125307017,157.12252429660407,-0.0013618365679997197,0.001169981884216899,1.0072947678110973,0.04934444705563218,0.0034664734890051327,0.1340585669220849,0.2895314453864639,-0.020791960469240926,-0.00014873637657994323,0.08,544.5254269341513,537.2472355969381,762.3334648960462,767.4072031128243,0.0,0.0,0.0
1.9760000000000002,9.881590070160555e-06,-16.50012004559769,1.4880195419217417,0.2912050895081709,0.011316506022804594,90.80527034060866,5.435867044618532e-08,-16.500000285798922,1.7922370210453977,157.1220221811536,-0.001421191352801162,0.0036257289274152253,1.0072284346806126,0.08608224233651103,0.0030769956922947336,0.2084541094707487,0.28574884743464146,-0.04252026471985816,-0.00017883793753402898,0.08,548.1725028794236,533.3281834919329,759.5840891759813,769.9919805076406,0.0,0.0,0.0
2.0280000000000005,0.00016892251128582876,-16.500177288416264,1.5404010622044901,0.5419475959583775,0.014680050356101851,91.5476033140197,6.238169094981727e-08,-16.500012906321917,1.8400654457389554,157.12189851520554,-0.0013829785355901497,0.00452176886259618,1.0071778939845526,0.07829814383907725,0.002934206957317622,0.27640902308678345,0.1559023564151918,-0.049989479627360875,-0.00021918696230896256,0.08,546.0048633262824,528.4351425987652,756.1665872728589,768.440431885865,0.0,0.0,0.0
2.08,0.0005775233082478283,-16.500219757671406,1.5926644910620191,0.7283593275725491,0.012768041004987333,92.48953094487665,1.253415482499463e-05,-16.500035461809137,1.8804669274779402,157.12251067439203,-0.0013292971931308211,0.002333654983901908,1.0026682856319278,0.05063622011828669,0.0029252030314597588,0.342909921839047,-0.16511559637257633,-0.050312936795865876,-0.00010791845532618955,0.08,537.3900593947569,519.4522939981022,749.8886973642069,762.3708399441123,0.0,0.0,0.0
2.1319999999999997,0.0013132653822014889,-16.50024109723311,1.6443893771605103,0.8250326666698304,0.006079616288927143,93.62785585122354,6.288026638187865e-05,-16.50006532840559,1.9127221006331416,157.12433670734237,-0.0013743022222047873,-0.00271132961816925,0.9876650214229091,0.02020575014699346,0.0030724178115642325,0.40846860237689864,-0.6279365917133326,-0.048837058755755704,0.00025901423575208984,0.08,524.3233160741365,506.60676594459,740.9553478445954,753.308782595688,0.0,0.0,0.0
2.184,0.0024053363972648977,-16.50023606730079,1.6948659232777599,0.8352549567911355,-0.0034433247652319926,94.95975843401692,0.0001966464488420844,-16.500098602516534,1.9374926951942517,157.127272997382,-0.001641999422798867,-0.009707846254521863,0.9573163355548708,-0.007456805002160252,0.003576579428820873,0.4730089547543851,-1.14117347820401,-0.046959277302739626,0.0008742683006633077,0.08,509.34891710196547,492.0458658840209,730.9187514304514,743.1196583655542,0.0,0.0,0.0
2.2359999999999998,0.0038399314762774953,-16.500201471889675,1.7432334004718408,0.769980558997205,-0.012459911456477648,96.4819357885121,0.0004670882794040848,-16.500130108765273,1.9559718875095369,157.13184111312916,-0.002238761263857518,-0.017628431600896617,0.9099276037965481,-0.030942421795373164,0.004676720595891965,0.536379877790789,-1.62249933802104,-0.04462034375307774,0.0016411342909063214,0.08,494.7410059074388,478.13095056809027,721.4249540227823,733.3808689120297,0.0,0.0,0.0
2.2880000000000003,0.0055712372207466785,-16.500136451010363,1.7886234871172244,0.6436128707356608,-0.016584871346594542,98.19052674840026,0.0009307663264465959,-16.500154090108875,1.969444447485329,157.1372535744245,-0.0032231031981099756,-0.025472951217879108,0.8463432082836672,-0.04913091855649722,0.006537873380310833,0.598351290690178,-2.011268268659493,-0.04176157352796767,0.0023923933074645677,0.08,482.39970731454144,466.8054526459091,713.7714118054106,725.3073653851211,0.0,0.0,0.0
2.34,0.0075327053179399615,-16.50004217284718,1.8302834987857586,0.4742270837594119,-0.011125083381254182,100.08093649858785,0.0016132272102588848,-16.500165653365713,1.9790811110268332,157.14422578107394,-0.0045775067544578645,-0.03233742704370858,0.7695959303052942,-0.06088653093453954,0.009142088177547436,0.658674245849852,-2.2756269483461136,-0.038595376059899274,0.0029342700734602393,0.08,473.57188731159476,459.1975160584244,708.6754686954911,719.6077859715012,0.0,0.0,0.0
2.3920000000000003,0.00964682899515875,-16.499921069966895,1.8676615279166273,0.28272427654683635,0.007919407629667478,102.14799285576674,0.0025303994363901064,-16.500160647594935,1.9858613204030369,157.15147835887316,-0.0061926587613826195,-0.03750911640256527,0.6839146705799767,-0.06553463125879752,0.012251556941535586,0.7172339362587662,-2.4079832789781888,-0.035455886014859904,0.0030812897291929544,0.08,468.8002802126874,455.63296762109087,706.3318522137341,716.5151867298412,0.0,0.0,0.0
2.444,0.011832844393164683,-16.499775793200303,1.9004330189477552,0.09112682638073083,0.04289401953396235,104.3862030925849,0.003687967060450708,-16.500135521530105,1.9905620541967308,157.15990581952522,-0.007873703695451312,-0.04055333847525399,0.593757641766087,-0.06310611103451025,0.01542839269897232,0.7739469010219018,-2.416729200733743,-0.03272869245148147,0.002693069114919266,0.08,468.0538375018293,455.8305689509929,706.5626343462847,715.9250941903772,0.0,0.0,0.0
2.4960000000000004,0.014012931188179482,-16.49960796663482,1.9284997890338915,-0.08009463296129922,0.0936698262490878,106.78999293399843,0.0050711321165748426,-16.500088433839704,1.993777241743015,157.16798634826705,-0.009368820852363218,-0.04136476744328686,0.5033676445804547,-0.054505606278348176,0.018069629289352625,0.8288266754542691,-2.3212333409956316,-0.030748184110717364,0.0017257558997011485,0.08,470.8258127240903,459.0914973905124,708.9273200236091,717.4870021005214,0.0,0.0,0.0
2.548,0.016117213792036445,-16.49941691565197,1.9519625460726617,-0.21444656448256869,0.15723543714674126,109.35396763942532,0.006651834791214464,-16.500018021143024,1.995948373820355,157.1768187244015,-0.010416057781463933,-0.040155841363690756,0.41632392266211776,-0.04138816341859676,0.019523349415155305,0.8819302153465834,-2.14558774308872,-0.02972714520115642,0.00025348292866277794,0.08,476.3418770067441,464.564295282621,712.8719915441861,720.7348238215353,0.0,0.0,0.0
2.6000000000000005,0.018087775923949456,-16.499198585784015,1.9710844392482472,-0.3013187839282195,0.227762062008111,112.07303496979493,0.008384198059024328,-16.49992415580706,1.9973963845320741,157.18485475234885,-0.010796839945220207,-0.03738966250976326,0.33543459974196155,-0.025849777333866335,0.01919996015977604,0.9333622432901405,-1.9153729091002578,-0.029745695301599286,-0.0015176190246103654,0.08,483.70935944566395,471.402446030268,717.8110213897949,725.166148179492,0.0,0.0,0.0
2.652,0.019881646790008648,-16.49894496103734,1.986242916151358,-0.3370952195564,0.2973991726141607,114.94251426822045,0.010221934734590533,-16.49980582673217,1.9983502602015535,157.19329183675265,-0.01038439501856626,-0.03367628809262886,0.2625119632162167,-0.01018568348653888,0.01678517805852321,0.9832321042914552,-1.6529963056044785,-0.030675120454081925,-0.0033163180553826485,0.08,492.1019579725267,478.94063319062565,723.2515515988433,730.3281828238486,0.0,0.0,0.0
2.7040000000000006,0.021472406354579563,-16.498644219566255,1.9978893517964162,-0.32504164800389246,0.3574229833054443,117.95795743843235,0.012106100705065903,-16.49966281028718,1.9989707584948548,157.20079962285823,-0.0091724553292478,-0.02965623800721857,0.1987445137240945,0.0035727363451432924,0.012234109107981464,1.031614549336882,-1.3793039897456154,-0.03227400936361491,-0.004810433503277807,0.08,500.751366885198,486.6300515857668,728.7518412018478,735.8023422388408,0.0,0.0,0.0
2.7560000000000002,0.022850256195168166,-16.49828179608219,2.006511679832089,-0.2740249314401473,0.39967889277740015,121.11521394193488,0.013989510330156505,-16.499491298671458,1.9993691106817555,157.2086310079894,-0.007280633035849839,-0.025898108049308404,0.1444601214911892,0.013976393321768768,0.005936339136074666,1.07860643772524,-1.109456870870002,-0.0342268301783772,-0.005726747053911761,0.08,509.10043110930957,494.1268850708769,734.0138526766718,741.277199123087,0.0,0.0,0.0
2.808,0.024020637119133978,-16.497842256748683,2.0126005727717535,-0.1966103183642175,0.4180848989514173,124.41024404059405,0.01581811869137968,-16.499288648869385,1.9996212543378067,157.21566823175857,-0.004934908392249198,-0.02282800550186679,0.09955576140218937,0.020227324228590717,-0.0014013167711351255,1.1242747173430483,-0.855618719668152,-0.03621244913813007,-0.005872767828769476,0.08,516.7265483589467,501.1815986511903,738.8185525172527,746.4985341025879,0.0,0.0,0.0
2.8600000000000003,0.025001605539924147,-16.49731162214598,2.016627070720987,-0.10685331903536632,0.40971314416846333,127.83915319008197,0.017547749554205575,-16.499049775701828,1.999778376327457,157.22323411230778,-0.0024290753135716462,-0.020695373439521016,0.06345762542793278,0.02225764555368922,-0.008822309657073663,1.1686681553907494,-0.6255083840864303,-0.03795955242659728,-0.005193958653538941,0.08,523.3877343661035,507.6511883020937,743.050716246041,751.2946671653829,0.0,0.0,0.0
2.912,0.02582043271784634,-16.4966796643565,2.0190263743493078,-0.018235491116302127,0.37541441938813763,131.39817380329518,0.019166443898274786,-16.498758691203893,1.9998745549770067,157.23029715538527,-7.636244696445365e-05,-0.019572105275162392,0.03536968111960174,0.020585359673570287,-0.015299194275445405,1.2118581253089455,-0.4240789205951854,-0.039228116641374634,-0.0037910332600549716,0.08,528.9592909246721,513.4427499630544,746.6663372349827,755.535812612968,0.0,0.0,0.0
2.9640000000000004,0.026509904983770254,-16.495941712337395,2.020181031356258,0.05531165563690474,0.3193843337425664,135.0564179390483,0.020644856282233517,-16.49840914125721,1.999932199452256,157.24591291639553,0.0018440155606425832,-0.019376664204352734,0.01409765544814908,0.012335619489061068,-0.020260235652984813,1.2240758149682134,-0.25107024229634495,-0.038336275263756034,-0.0017348449803751857,0.027616339452826058,616.4839403290781,604.141029967458,683.0795779828313,693.0795261820303,0.0,0.0,0.0
3.016,0.027102583950947706,-16.49510271005434,2.020391988095722,0.029820566466582255,0.24933513984899444,138.58501278103145,0.021973421353570565,-16.49799157090168,1.9999658601688621,157.24591291639553,0.0031769628809979696,-0.019706961575791736,-0.001971196645143859,-0.03778664195165833,-0.023657729514285943,1.1531357240624949,-0.09975552753481287,-0.01770482614351535,0.000806198063827028,-0.019789308764559962,683.20628315424,678.5405120728924,622.7109277889641,628.2744082986909,0.0,0.0,0.0
3.0680000000000005,0.02760706898594079,-16.49420043391203,2.0199359787396856,-0.1780360984805182,0.17648124103479837,141.8544622303726,0.023145165060970148,-16.497506111564235,1.9999848600861982,157.26306951041434,0.003917797885574757,-0.019193306663275147,-0.012716446676951636,-0.09565708788448275,-0.026791850319119365,1.0569978226176509,0.020137816757032523,0.014525762912800895,0.003912641748817581,-0.056079032126949695,727.9886691916463,732.734625416134,574.8188954400075,571.3373856176161,0.0,0.0,0.0
3.12,0.02798925242321272,-16.493331553314086,2.019069885314717,-0.5104585042624012,0.11145176761545861,144.81013835019314,0.024174310166722623,-16.496940535639055,1.9999950877655612,157.27162003345234,0.00421139504626022,-0.016288880229383282,-0.01895337708698134,-0.1211330374761996,-0.027761027817966043,0.9470321155087144,0.10860033586171039,0.0420491028674648,0.006305265253564244,-0.07892547231216228,754.1254545596296,766.0846083454288,544.0417129518707,531.5470873205878,0.0,0.0,0.0
3.1720000000000006,0.028190398006636298,-16.49263784109457,2.017990951508777,-0.8516387346514481,0.06338230176349637,147.4362282714742,0.025070428256903324,-16.496297615190787,2.000000203852635,157.2779242012058,0.004292873128205586,-0.010342434881574044,-0.021802980170648127,-0.10705286498930547,-0.0252902473374568,0.8397500994304661,0.17046109338391294,0.05792447235481488,0.006890162063204251,-0.08,754.5954898095164,770.5735275486617,546.5630609441681,528.7183944743233,0.0,0.0,0.0
3.224,0.028156121210846798,-16.492264445241073,2.016842147326706,-1.0924574525105808,0.037546944190784914,149.76975060553193,0.025831899192556983,-16.495609916636838,2.0000024428942704,157.2817394646448,0.004402873902360375,-0.0017851757884029523,-0.02217998203241814,-0.061457547450613756,-0.019657713141670082,0.7451101335608299,0.21020778735244733,0.06028560356029901,0.0053024417339653995,-0.08,755.2896287020749,771.4417805466152,548.3310998267824,529.1448332971927,0.0,0.0,0.0
3.276,0.027857532988634474,-16.492315873747234,2.0157152808174224,-1.179482577647264,0.031243094388978213,151.8272382808236,0.02645012599023941,-16.494923676572647,2.00000313965557,157.2815554653031,0.004729080266605985,0.008169511297750806,-0.021031387590402427,-0.008602460497325035,-0.013571758648666896,0.6536577028804021,0.23425304581713952,0.05510297964486136,0.002490522836684732,-0.08,756.7574202245415,770.9318890191678,548.5779669252905,530.2418225868206,0.0,0.0,0.0
3.3280000000000003,0.027297347784593844,-16.492832207722913,2.014666771680489,-1.1248652028601553,0.03513615200127755,153.6161620837042,0.02690819418125022,-16.49430372792481,2.0000030702283746,157.27687938334975,0.005339816249392233,0.018144146284287288,-0.01901821883124326,0.03408179294544704,-0.009419568805885311,0.5645194519141903,0.24731051041224866,0.048290109760696746,-0.0003188858350415104,-0.08,758.1980403563964,770.0004146631197,548.232375086589,531.3027155333259,0.0,0.0,0.0
3.380000000000001,0.026503783691731262,-16.493792233772027,2.013729047519558,-0.9696455769245441,0.038159226688342006,155.14337652151832,0.027184935715840044,-16.493827084598127,2.0000026701603293,157.26853553867196,0.006171954435635287,0.027041741972043898,-0.01661237775507365,0.061727396588054095,-0.00814991532105205,0.477601092852308,0.25299037271613667,0.04232252494154069,-0.0022355941826188047,-0.08,759.2699914483134,769.131282028004,547.6693139842539,532.1546552201645,0.0,0.0,0.0
3.4320000000000004,0.02552153952511471,-16.49513080596062,2.0129181889911028,-0.7557237404707239,0.032576874522665354,156.41555737222816,0.021058595147310254,-16.490954360900272,2.0000021719317744,142.1450343787023,0.0070640435295538815,0.034173883039162176,-0.014108451129900886,0.07832578989023595,-0.00758385793276547,0.3929067687362297,0.2536755338524712,0.245026046428287,0.20814049700244888,-0.08,706.2795767201129,818.0548935786665,546.3466842582884,533.5038478253292,0.0,0.0,0.0
3.484,0.0244002572066201,-16.496742225090973,2.0122284596734192,0.0243064202565509,0.46017442905765277,157.44063411118515,-0.0457272742110315,-16.46300347692464,2.000001690210258,141.20375726309635,0.00853622222720592,0.038259811851695705,-0.012394967597776765,0.4535644996524402,0.3391634684020531,0.31219369978932787,0.25828778728110285,0.186146081835175,0.5101412349264363,-0.08,673.2288483369746,845.5940847840382,480.37804765411227,593.7842835840473,0.0,0.0,0.0
3.5360000000000005,0.0230641573872794,-16.49817652285651,2.0116437363333564,2.053783893779585,2.683848379065485,158.26886977826643,-0.1444371313349985,-16.42203497158265,2.0000012737435635,139.47845893761004,0.019558515017080964,0.030478798455228023,-0.010520147198082244,0.7686108319957972,0.9995560619175974,0.23065348429279445,0.2579776944904398,0.008547947126672395,0.15819773862382613,-0.08,743.9931512208959,784.9964148532559,514.0796588756303,566.1657799363118,0.0,0.0,0.0
3.588,0.020925890653871626,-16.498243828076642,2.0111526728631732,4.379398969148795,6.215020778586211,159.02170009614332,-0.24553904070724958,-16.380396378195105,2.0000009362494953,137.37160039055073,0.05512608095777494,0.003082361810371152,-0.003647105045945024,0.7178131754613141,1.2703288560328936,0.1526142267551314,0.20552303138975173,-0.04914773533041722,-0.10142431905582838,-0.08,784.0582049408656,747.0841443642045,551.1866770468674,533.0587586617754,0.0,0.0,0.0
3.6400000000000006,0.016888934780097363,-16.495432987755095,2.0106507744730706,6.270166724144702,9.832841716607849,159.68793000459107,-0.3357504193226274,-16.34352480993198,2.000000674296906,134.78931060758097,0.12107120643563737,-0.04241668738113367,0.014231115872305303,0.5254580093225876,1.1632680893308103,0.07637547688573267,0.04518376837393662,-0.005803208360313145,-0.21951170153106947,-0.08,793.2944923761592,737.9712393144433,578.5088124677274,504.30314418148936,0.0,0.0,0.0
3.692,0.009738434301031662,-16.488427713955115,2.0099122161067533,7.674609895219536,12.760801613580785,160.15069434796442,-0.4106795890635614,-16.313012695264806,2.0000004772800226,132.44413895148165,0.21407466151761456,-0.10046210207902803,0.04326931311684997,0.3788359447184556,0.8653613309784026,0.002053281106744566,-0.2173083677410953,-0.06053202725504471,-0.2338114818789398,-0.08,800.1318027424372,727.6968547709058,570.0790159651477,509.74497094532757,0.0,0.0,0.0
3.7440000000000007,-0.0015019543262178234,-16.4762895077298,2.008579565131874,8.463518678822624,14.73557483482118,160.31154860062395,-0.47050493838448876,-16.288423129107663,2.0000003326946088,130.6270705614399,0.32712718210328495,-0.1659412107342107,0.07709289165216603,0.16076122579590926,0.5290041343371102,-0.07070842283674006,-0.5077508370870342,-0.04904023658554177,-0.19135614543425894,-0.08,791.055760250238,731.69955267374,561.1319967323798,511.23452455372984,0.0,0.0,0.0
3.7960000000000003,-0.017441490238392806,-16.45852677968132,2.006237556101897,8.523186609339627,15.823511286310687,160.12672581498728,-0.5177324171779707,-16.268171131308964,2.0000002287007392,129.3946932015208,0.4530825005468622,-0.2328135387136394,0.106802652218947,-0.04152561177061318,0.24267549497047164,-0.1420586226863829,-0.7252289351234124,-0.035079782548316465,-0.12910382481105856,-0.08,779.1561892360324,738.4809429966394,549.0292926122146,515.8310885282756,0.0,0.0,0.0
3.848,-0.03837551615146561,-16.4350826139274,2.0025426999190596,7.949528166032655,16.242210377657706,159.61513603691796,-0.5554236844681822,-16.250533410544122,2.0000001551767568,128.60754669825883,0.5858653120076713,-0.2949500698102548,0.12684779276189767,-0.2103724991358912,0.04099127493302794,-0.21161713931480505,-0.804050336833227,-0.019753518323779112,-0.06995064979627594,-0.08,768.7252594846703,746.4658545777363,539.490257603439,521.7053423300662,0.0,0.0,0.0
3.9000000000000004,-0.06440210305622855,-16.406218429934725,1.9973387004310228,6.851721807351385,16.234416833664863,158.82551866333557,-0.5866263125264711,-16.233852013945793,2.000000103978881,128.38348124010415,0.7208038168668867,-0.3468349749645972,0.13668399144940438,-0.34606000194316455,-0.07686296331535437,-0.27930064916543174,-0.7337678290091234,-0.001488916064226048,-0.024270027323460012,-0.08,761.5727885309699,755.187516096508,535.6972164888848,527.6421084309179,0.0,0.0,0.0
3.952,-0.0955413524817071,-16.372408457182267,1.9907011233027907,5.3575926460451395,16.003581006538976,157.80618030404014,-0.6142187977393665,-16.216526307490117,2.0000000688181236,128.631484994668,0.8547101558277422,-0.3836438434257402,0.13966504045569172,-0.4410493569656221,-0.12825094074147916,-0.3449797004109577,-0.5497212664398579,0.019514737127227594,0.005660918141552222,-0.08,757.8584304886269,764.0778899705666,537.7962580103801,532.9315276084758,0.0,0.0,0.0
4.0040000000000004,-0.13181770293053685,-16.334262336717128,1.9829086583357545,3.6145228084309005,15.69188003456216,156.5906769855199,-0.6406438101727427,-16.197238369943623,2.0000000449827042,129.240660858702,0.9857168489817507,-0.4016159435175683,0.14100167580386752,-0.48846875172668813,-0.13492746265600142,-0.4085950395596846,-0.31204737544506966,0.04273012561105152,0.021951796994135925,-0.08,756.6097811889978,772.5138650587827,544.1161360648537,536.8892519107536,0.0,0.0,0.0
4.056,-0.17329605046860913,-16.29246396400423,1.9743587072024327,1.7791651162592996,15.380017904196977,155.1963265895318,-0.6674756217514856,-16.1753998408011,2.0000000290254922,130.22937779611212,1.1128890606880095,-0.3984113258096261,0.14564939079992467,-0.484574506278896,-0.11713501006915528,-0.4701328528642635,-0.08220071837472775,0.06595998192511435,0.028836765933299233,-0.08,756.603563393334,779.8018521714325,552.075170970991,539.2859093573195,0.0,0.0,0.0
4.1080000000000005,-0.22008160644324953,-16.24771141701712,1.965470359816346,0.01161520562235842,15.10194055708297,153.62976672506142,-0.696267919603124,-16.150343973285533,2.0000000184735853,131.39179951689025,1.2357476047960112,-0.3732322154554402,0.15710456971714612,-0.42827646120770596,-0.08949087180643764,-0.5296364749611524,0.09199977145215232,0.08404027396733617,0.0304445177636782,-0.08,757.1154904580585,785.027524649282,558.8915750563759,540.5633111153968,0.0,0.0,0.0
4.16,-0.272293462391309,-16.20065264574309,1.9565969320547514,-1.5749729103989303,14.838098195830378,151.89332883759934,-0.7278029338503177,-16.122084573104416,2.000000011582606,134.43783127868426,1.3539502013992917,-0.32676027637903954,0.17609190712743664,-0.35410334268861365,-0.08693093057507502,-0.5875023737960584,0.19209167634251778,0.07911662261279018,-0.09401704044934128,-0.08,774.721778952192,771.0976133255324,580.9290419569171,521.9034565077267,0.0,0.0,0.0
4.212000000000001,-0.33001745481084754,-16.151849393231437,1.9479773008572363,-3.077536842489174,14.32130144546633,150.04501367781958,-0.7626294924804274,-16.090790570500083,2.0000000071403607,138.12364773377712,1.466725186539857,-0.2614385845995343,0.1946891510903162,-0.3835312918624282,-0.20183313731584626,-0.6095233299042315,0.2883322126411567,-0.011456655306265717,-0.13000711583187594,-0.03729394270845903,740.4433899092869,703.6109893894695,638.4439958691006,602.5261525275786,0.0,0.0,0.0
4.264,-0.3932156561160319,-16.101886773786124,1.9397015814026597,-4.629514810684727,13.2709451128344,148.47135973908317,-0.8013179363177716,-16.056608274274318,2.00000000431594,147.31358025516562,1.5700250141133576,-0.18590308761985916,0.19894139103657102,-0.33246702373274284,-0.40963575223434107,-0.48355193908995087,0.5150893165697814,0.08915272783402631,-0.13561969689132383,0.08,567.1165153849323,551.4982740424102,804.737758206459,750.3947115794696,0.0,0.0,0.0
4.316000000000001,-0.46170593889221123,-16.051466015195253,1.9320362042659414,-5.562360443929698,11.512298772732029,147.37433703207836,-0.8451797951605172,-16.01910685456838,2.0000000025470905,152.7176751926068,1.6591423677912995,-0.10665104807441741,0.19118480137165858,-0.2385078421418992,-0.6482116808539761,-0.3679614409890378,0.8408069152078974,-0.02425504356771907,-0.11174232969800738,0.08,588.0439670189036,542.82869413299,793.1822095209619,772.1685536049682,0.0,0.0,0.0
4.368,-0.5350332576420175,-16.001309078936888,1.9256033220413553,-6.396209331427959,9.154551519077216,146.6613986194167,-0.8939676802947236,-15.979058755665882,2.000000001458063,155.39020898299827,1.7286189340767322,-0.02733687656469742,0.17084449806635016,-0.1707326174277621,-0.8321793697041887,-0.2830695137540522,1.251121165424278,0.09491955786096734,-0.047249510263199235,0.08,566.3189593868316,581.9280855297225,805.5228810756981,771.6307037101788,0.0,0.0,0.0
4.42,-0.6124472571756842,-15.952273648402644,1.9210641886449906,-6.455890962392687,6.4042210039942375,146.27195081630802,-0.9474549952169773,-15.937148142907647,2.000000000800828,155.5520014526137,1.7734321151035466,0.05117001309746633,0.1436748797093545,0.10747131013488154,-0.9367918597248336,-0.1996419471138801,1.6681172164222182,-0.05156633168201688,0.016493057004868084,0.08,587.8487032519466,576.5233203122511,786.5366012463795,802.6387768069387,0.0,0.0,0.0
4.472,-0.6928508793478987,-15.905103611049036,1.9190959871402267,-6.1036919439419375,3.5410858553835562,146.12581506745624,-1.0063200069897507,-15.89346232311864,2.0000000004136993,155.68524478748185,1.791008894181612,0.12075579436737938,0.11700571761008545,0.051901390561979246,-0.9455811226038232,-0.12309033468388084,1.997836210626266,0.033051664701418994,0.10606531983716316,0.08,565.7770645836393,610.253491546492,790.5645778952179,807.7402139836837,0.0,0.0,0.0
4.524,-0.7749648315183189,-15.860456858039466,1.9202425335174995,-5.8875688750815796,0.8785825819208635,146.17861849609875,-1.0700661410033536,-15.84874615215046,2.000000000192649,155.81004202554067,1.782024962685965,0.17975723443487376,0.10110356620945857,0.19285830442266635,-0.8377758688066356,-0.04373886626158939,2.1216780463361777,0.17331930172012033,0.1641878001773926,0.08,534.2023612322171,642.0818749237101,801.8722409454658,799.7285792118516,0.0,0.0,0.0
4.5760000000000005,-0.8575482126416566,-15.818918703260133,1.9247804030134552,-4.538396933791676,-1.2750536963980497,146.3941588993992,-1.137982964885079,-15.803783037057904,2.000000000071672,155.90493338399506,1.7506877496315956,0.226636114597294,0.09869268454212446,0.6078267389306773,-0.6418258166267921,0.03683682236127422,2.0037942432203595,0.020215544877222907,0.19637356035770578,0.08,551.0411521500812,620.548304107034,776.9870346834712,818.4994144055808,0.0,0.0,0.0
4.628,-0.9392869387796448,-15.780483196161484,1.9326246861912437,-2.4065098612812097,-2.742148353637204,146.73125289019487,-1.2092925445443263,-15.759275429906538,2.000000000009525,155.9868388711535,1.703268042552318,0.25211056568847184,0.10786936559769784,0.7556459162042826,-0.39652461684971574,0.11191482864009447,1.6654606804694354,-0.0838771502848315,0.20348530672038634,0.08,557.9396645252679,596.8813252520723,756.4536167031828,824.7820959607453,0.0,0.0,0.0
4.680000000000001,-1.0189793516357142,-15.744586250171459,1.9432888931540966,-0.29632936404895777,-3.449499225859602,147.2110112674695,-1.2836886572452288,-15.715572280908225,1.9999999999808822,156.04851692084176,1.6465693574055362,0.25249231992540533,0.1276214062292039,0.6698546751260138,-0.13549607086145618,0.18286045121190375,1.1320891357709233,-0.12248621019949876,0.1892384753702135,0.08,552.7293886573951,574.9847838410845,742.9123955495457,817.9988053956308,0.0,0.0,0.0
4.732,-1.0958214147309564,-15.710444287212807,1.955937146441188,1.3390301134364,-3.417232833588624,147.88143039187634,-1.3596732296146705,-15.673397377237515,1.9999999999705094,156.10823665546155,1.5870110526727235,0.2302552045508949,0.153838448048126,0.4846018083868927,0.10992569664653026,0.25150253890428054,0.47081874755702935,-0.12540959921515293,0.158129230720033,0.07664685758173989,546.5925045740829,557.7323686296285,729.2564335005875,799.0123642230719,0.0,0.0,0.0
4.784000000000001,-1.1695169153978786,-15.677293936429708,1.9694824740258052,2.3683139267970086,-2.742903621308785,148.73027628258723,-1.4367943128761358,-15.632812017271755,1.999999999969468,156.1635840205421,1.5299798065709131,0.19142774437184976,0.17924065514877668,0.2764009086270962,0.314107722264011,0.28679507107148133,-0.2119216770510206,-0.11082003105680162,0.11811395762791826,0.047307092907989935,580.6404819135184,582.9972233779376,684.4127968140457,744.645009745217,0.0,0.0,0.0
4.836,-1.2402206517632892,-15.64450721085533,1.9827449682180212,2.7847668541409862,-1.5705160957366588,149.65768542861093,-1.514435368768612,-15.593771945769092,1.9999999999726799,156.22954859801186,1.4797782961259833,0.14416126185711076,0.19731452431864785,0.07060258585714063,0.4623560393245144,0.2946689806102557,-0.8141985557504663,-0.08227475511024912,0.07533813931414843,0.02654650098313774,599.9477679141984,597.770251696808,652.7261086226075,696.6427777699358,0.0,0.0,0.0
4.888,-1.3084188202504847,-15.611635394780603,1.994636230005555,2.6669277618660274,-0.06853746283583641,150.60026056681542,-1.591767896317736,-15.55621490082469,1.9999999999773872,156.29926673299718,1.4403158105935663,0.09486258800555711,0.20409905252083416,-0.09872862684138523,0.5484602294920933,0.28849455093382936,-1.2620652500106262,-0.05154595137263659,0.03374316925490972,0.010667578815243259,614.5734473669349,609.1034203974898,630.3319409375972,655.2752284180085,0.0,0.0,0.0
4.94,-1.3747964462430387,-15.578405769494994,2.004281081069156,2.1588903211624277,1.5864436774973998,151.5056743502693,-1.6679606514956846,-15.52003963110627,1.9999999999821905,156.38597135094795,1.4144664121819281,0.04878080940132596,0.19881823084008354,-0.2181654984537491,0.5729770117179926,0.27362607269058253,-1.519699081052548,-0.021681803958017887,-0.0044611088150526,-0.0009211375316231056,626.8270570507394,618.9368834401877,617.5699944500403,622.790003644777,0.0,0.0,0.0
4.992,-1.4401204662148568,-15.544688670566552,2.0111118238072008,1.4122870268842356,3.2242454218137855,152.33831445889703,-1.742653144559125,-15.484976455483805,1.9999999999864582,156.47624371093022,1.4036481001004406,0.009692796564600734,0.18361307000269866,-0.2848972621653801,0.5412278460523109,0.2536732147924298,-1.5898048232551236,0.0011179478627631328,-0.03649871016422873,-0.009072692241468793,638.5936927065086,628.0918206430657,612.4169620500741,600.7589426401412,0.0,0.0,0.0
5.0440000000000005,-1.5051577960429674,-15.510460908596817,2.014891191678646,0.5658033283269741,4.693323902945662,153.0700431368207,-1.8156536175320395,-15.450759478632204,1.9999999999899754,156.02009715115264,1.4076175971231044,-0.01999752427541145,0.16193039643199836,-0.30507217561757355,0.4616529734613791,0.22073087991580911,-1.4985186401279433,0.029829887419716178,-0.061209316408754655,-0.022067865441788792,658.837537453623,649.8221028199656,603.8272434230556,574.7852959991893,0.0,0.0,0.0
5.096,-1.5706176296067047,-15.47577484942122,2.0156817109613305,-0.24427072540595707,5.867564400128547,153.6581925225895,-1.8870036573000206,-15.417134214802463,1.9999999999927374,154.98833901172281,1.4245856665101735,-0.038560618709874414,0.13715776251926484,-0.27220779588532645,0.3451951848431635,0.17132675946080073,-1.2810125695363512,0.05647129498762056,-0.0766311730751365,-0.03836583131632709,684.7356464751322,679.1782768913534,591.4713934032072,547.5345913416925,0.0,0.0,0.0
5.148000000000001,-1.6371010189504336,-15.440726021943854,2.013794838164176,-0.88236731991886,6.6565604419949524,154.06994295760018,-1.9570124591143836,-15.38383400497161,1.999999999994833,153.98200924700194,1.4514934134335662,-0.04560877441923098,0.1120876370342057,-0.1959875182213771,0.20609707126718488,0.11443600806095391,-0.9746053502861289,0.06723612089400882,-0.08057837240894523,-0.04774099854798002,703.1224623444028,699.5460926724925,587.4781828019429,538.1030214543283,0.0,0.0,0.0
5.2,-1.705050747775857,-15.405416741135081,2.009732397078481,-1.2704276665089589,7.01738588731378,154.31440978023687,-2.0264130553703197,-15.350493702409095,1.999999999996382,153.20599050597033,1.4843537909324271,-0.04296206338829782,0.08852718421876733,-0.10120999595548752,0.06129036959141443,0.06143037904590161,-0.6130554189932685,0.06463118327443855,-0.07266822652142042,-0.050140063522644995,713.2895944250391,711.1682311261783,591.4233809168688,546.0397016445415,0.0,0.0,0.0
5.252000000000001,-1.774714244988281,-15.369931256531387,2.004124188821101,-1.3959945135705396,6.960265242480696,154.4192071254145,-2.095102902380164,-15.31725208607941,1.9999999999975027,152.59308662566363,1.5188529671766933,-0.03362961577947361,0.06757611041098534,-0.010922956608993612,-0.07277859212883633,0.014704222972370302,-0.22729974463728525,0.055356955617747214,-0.05609580821885724,-0.04845451236269503,718.1001783620761,717.9067279678295,599.4518117935912,563.4164688650633,0.0,0.0,0.0
5.304,-1.8461296627533055,-15.334326320851405,1.9976525989677567,-1.2962856570970909,6.539574867604114,154.40904310153996,-2.163319348611971,-15.284127235195612,1.999999999998299,152.2852519735219,1.5510187631556531,-0.02060491901135935,0.049928156269960125,0.06115792335727567,-0.1835318563232236,-0.021259927311813205,0.15399575426944856,0.04104682132401512,-0.03340418185681887,-0.041787481699864265,716.0614952747602,718.0651561004089,612.7082925594534,589.4227105504586,0.0,0.0,0.0
5.356,-1.919139362613449,-15.298634160258027,1.991005319684321,-1.0337405267752957,5.8422967865026365,154.31422724485552,-2.2318889571519707,-15.250879919362658,1.9999999999988558,152.25536857626878,1.577656484940304,-0.00669786995732235,0.036414238920495834,0.10884223936248585,-0.2624049178455924,-0.04540444475865757,0.5006093251078919,0.02512463432424055,-0.006930484582162111,-0.03174534672197079,708.5036676877211,713.314895550243,628.7846379828931,619.1267540004023,0.0,0.0,0.0
5.408,-1.9934246158153115,-15.262872464902461,1.9848156062027968,-0.6799026131853179,4.975375756052626,154.1705192622817,-2.3008891694564335,-15.21761166051581,1.9999999999992397,152.5184209648994,1.5966454655044673,0.005738973538397563,0.02802633780344116,0.12955163312060353,-0.30389489393435715,-0.055509885840001126,0.782447503311474,0.008943590651923183,0.019270482174693626,-0.019546443953152096,696.6978279554643,704.2697483591046,645.9823147419836,648.9806528687311,0.0,0.0,0.0
5.46,-2.068559379408188,-15.227056111414461,1.979614881591198,-0.30996624338864703,4.053102589931272,154.01789389572903,-2.370347759117165,-15.184417633919093,1.9999999999995013,153.11156334750964,1.6070627652167526,0.014962315227884434,0.025652616940711376,0.12392750442870729,-0.3077776092934266,-0.05048550821493854,0.9736762251703597,-0.006323149321546186,0.04168960400614727,-0.005639353435273703,680.9008947817883,690.5962773560998,663.801505068611,677.2624474060068,0.0,0.0,0.0
5.5120000000000005,-2.144075606440451,-15.191208794755369,1.9757851367764532,0.0053488084113145085,3.180860043084744,153.9052071369567,-2.4416332822982985,-15.150743798146904,1.9999999999996767,153.89836296984907,1.6091056422742327,0.019724325127612526,0.029565579700469906,0.09457607066520987,-0.27814273512501386,-0.03178737985285287,1.059290521794265,-0.017871568566639587,0.06008674513467619,0.006593485878235557,664.8584510684785,676.6897025411041,677.8064886569782,699.0941607946764,0.0,0.0,0.0
5.564,-2.2195309457992773,-15.155372743014391,1.9735327557080684,0.20652118973167444,2.447995774309207,153.8661580177092,-2.51404889986348,-15.116925860347942,1.9999999999997933,154.919228214282,1.603854172356516,0.01988022760317251,0.039332377200576064,0.04838271031356413,-0.2210845039526761,-0.001714552287286071,1.0368456359455367,-0.025423237706271903,0.07115056604639292,0.018137664475880416,647.5574289710378,660.6991199825136,689.9848477218313,715.8136696138894,0.0,0.0,0.0
5.6160000000000005,-2.294567722608095,-15.11961434193032,1.9728773810593123,0.259266820163295,1.9176968625118471,153.92567487367103,-2.587057826425648,-15.0831848369874,1.9999999999998697,157.02467862699626,1.5929889809185056,0.01596512873658704,0.053600910651842804,-0.0049182687789454,-0.14712199315109184,0.03325202245841519,0.9189281388377175,-0.046114957050780205,0.07577263095531217,0.04889913434922637,602.0895164462885,611.2794536216029,723.8352364572638,754.8278774015799,0.0,0.0,0.0
5.668,-2.3689525667292757,-15.084023049439551,1.9736643140745476,0.15485737059249438,1.6195309861587057,154.1048925502725,-2.6610047722953816,-15.049321239810629,1.999999999999919,157.96154713163597,1.5784979749664236,0.008843045412771207,0.0702119262137277,-0.0583301641842792,-0.06773422080499204,0.07309015066469812,0.731664725086631,-0.043552936145545014,0.0720112471472408,0.05055670949697792,595.1069015846341,604.0298574734203,722.911393062228,752.3636512922685,0.0,0.0,0.0
5.720000000000001,-2.4425906117719083,-15.048706294266305,1.9756039585040226,-0.09317904316382519,1.552770448534566,154.3968989060551,-2.735216264987476,-15.015577956005925,1.9999999999999507,158.36025686591137,1.5623922538695114,5.8018452732649505e-05,0.08687925582824393,-0.10333249904326813,0.007266173635320056,0.10981715401652388,0.5067726022392769,-0.027550656598103025,0.062194632877102154,0.03951067313965492,605.462901851538,616.1256979065259,707.5795183362601,731.0345328529029,0.0,0.0,0.0
5.772,-2.5155163785662142,-15.013782077817558,1.9783223543836765,-0.4414912785868281,1.6906188250470688,154.76780644174195,-2.810087391920616,-14.981726957690938,1.9999999999999707,158.51059727744138,1.5465441280064631,-0.008386681803050801,0.10154395415360362,-0.12828517712987164,0.0696364137721214,0.1311824615797827,0.2764593909630424,-0.00925596424066659,0.0503293812137344,0.027129616035963193,617.5048331077568,629.8850134356495,690.6604346063796,706.6929458379304,0.0,0.0,0.0
5.824,-2.5878659766003973,-14.979365687585073,1.98141592294792,-0.81410857701609,1.9878842695139305,155.1753451430926,-2.8851008441488952,-14.947965811640229,1.9999999999999831,158.67674492431948,1.5325716501506674,-0.014627327913565646,0.11277805759347981,-0.12671316653159298,0.11531309988934765,0.14068390636656394,0.06769693973896707,0.0018746507383366057,0.0376986368344354,0.01863752944323914,625.3892174459962,637.1738861668222,678.1969310385248,688.0554419075858,0.0,0.0,0.0
5.876,-2.6598396449958583,-14.945549225176672,1.984503618168979,-1.1449925684215565,2.3922457854538455,155.59744880877057,-2.9597877806015687,-14.914498764425883,1.9999999999999905,158.83155451727777,1.5217336266140016,-0.017998174877058966,0.12000609973758194,-0.1076756059632962,0.14292431267842032,0.14452128409962955,-0.10163167433597065,0.007673241013066837,0.02470283866765055,0.011672874587659497,632.7697306676589,642.3164261678236,667.7993071318988,672.5762081517717,0.0,0.0,0.0
5.928,-2.731665863496192,-14.912387621773124,1.9872610116231015,-1.401281708962991,2.8476789612194136,156.01945798430765,-3.033879685760798,-14.881470363575868,1.999999999999995,158.9991434917711,1.5148397544427339,-0.018563112571807316,0.12313828913230718,-0.08146896030196185,0.15169846841848422,0.14428421930332555,-0.22021992782372346,0.011438839640069209,0.0123732826958615,0.006458757741276037,638.9546837368507,645.9226298787972,660.435952330743,660.7018858316634,0.0,0.0,0.0
5.98,-2.803573274375767,-14.879898085126415,1.989447496053818,-1.576764725196963,3.299134509982739,156.4339497262864,-3.1080346748739247,-14.848652953198537,1.9999999999999978,159.1525864471435,1.5121947614725415,-0.01681990477863958,0.12261300962566715,-0.060905105030270766,0.1432314923756529,0.14134696323289658,-0.2846328371170953,-0.13762929219016568,0.006281068293800561,0.0020925327264709813,666.1372057874972,627.9761640549312,632.1726904289718,673.6098099621465,0.0,0.0,0.0
6.032,-2.8757749038517644,-14.84808013693787,1.9909144800461769,-2.0573433394357132,3.7064417285151507,156.8291955971448,-3.1817862243294552,-14.816314786848075,1.9999999999999991,159.30402817302647,1.5136142605500185,-0.013118233298838072,0.11908418154557224,-0.2531853619694565,0.12380520287917922,0.13326539089469797,-0.29649924781425807,0.11889874943154354,-0.004817902359635751,-4.092730953811786e-05,633.5996870562384,666.5891055456522,667.8344590059256,632.0502294688685,0.0,0.0,0.0
6.0840000000000005,-2.948509159404815,-14.817050026247468,1.9916041418770478,-2.6141185572196908,4.033662866932567,157.20456263450257,-3.254642172369366,-14.784737190772535,1.9999999999999991,159.4642166244212,1.5186050275541532,-0.0039008629680838056,0.11366835327253204,-0.1100286784290028,0.08985715824104365,0.12846297940164336,-0.2649072799664982,0.1016660625374774,-0.009348630651436752,-0.0027759367982482645,641.7144377560513,668.2119537944421,663.2299368636742,630.9788419943014,0.0,0.0,0.0
6.136,-3.0219879201306035,-14.786956594474258,1.9915523857781396,-2.515787360215197,4.246735394272348,157.56837695905224,-3.3274336432973777,-14.753672721062134,1.9999999999999991,159.61652246880686,1.52629949200828,0.00945531812623344,0.10714604273643595,0.10044142288913187,0.049217137319884925,0.1225784839357712,-0.1986474739783224,0.0352812876991525,-0.00996154036699846,-0.005039564024175156,656.168108724603,663.3825324570902,652.2256173659973,639.0522017334611,0.0,0.0,0.0
6.188000000000001,-3.0962773127957903,-14.757733028004964,1.9908656247128464,-2.0162004219274654,4.333706190790341,157.91554448893336,-3.400500670385795,-14.723084811489546,1.9999999999999991,159.74852289079672,1.535548456126161,0.021317731589699414,0.09961094343736311,0.18264689506143536,0.008075923653030318,0.11392675565680961,-0.10202115098528741,-0.000721770283787268,-0.006925140860891866,-0.006368543489470592,664.7709661173168,662.6049561568093,646.81304719684,645.0075623073551,0.0,0.0,0.0
6.24,-3.1713260887924726,-14.729166524399046,1.9897011142905126,-1.4435614193215294,4.300021790002734,158.23956563469022,-3.473792814674172,-14.693097823970307,1.9999999999999991,159.88390237716106,1.5451375428177225,0.028903030992775042,0.09184581335099125,0.17802055654677534,-0.02917966909201178,0.10462079551770118,0.012252925007905313,-0.009909320637343386,-0.0013657602761982506,-0.0069088074661989435,668.4265053732503,665.247888419529,646.3831895633137,648.8632076055061,0.0,0.0,0.0
6.292,-3.247022436645997,-14.701027116077466,1.9882507107885836,-0.9478525768424854,4.164149447784522,158.53687369621983,-3.5474607977140296,-14.66372635196308,1.9999999999999991,160.0048436852326,1.5539555170156967,0.032058731657361214,0.08487594577034688,0.14489830720674063,-0.0589605231600719,0.09505921901506373,0.12795022699143488,-0.009941239829041451,0.00593186135858291,-0.007099489163592898,670.0863996140919,668.960629890116,647.5522586142026,652.144114179293,0.0,0.0,0.0
6.344,-3.3232262509008925,-14.673129813214045,1.9867168098766808,-0.5622812738474887,3.9541750252420527,158.80694001508994,-3.6215583479650415,-14.634980535891403,1.9999999999999991,160.13510432644074,1.561127978641011,0.03166408358153608,0.07949197420321288,0.1085198721458153,-0.07886243337475475,0.08638202806000314,0.2308058843865194,-0.00760798593780742,0.013735112612692658,-0.006854417367485941,670.4668208183892,672.1826046461482,649.3127854093766,655.4629951138224,0.0,0.0,0.0
6.396000000000001,-3.3997852166252285,-14.645346837015314,1.985287179014728,-0.28122157848794577,3.7025231260207723,159.0516896288844,-3.6966143728536776,-14.606659005253748,1.9999999999999991,160.25754122310582,1.566090944759996,0.02872443662748745,0.07615644853550776,0.0760747002415343,-0.08769944606655668,0.0784800254415867,0.3102417255708021,-0.005795835605361611,0.02190635730265738,-0.006527776489740121,670.2501668301613,674.753710816685,650.5321546752276,658.4889072993188,0.0,0.0,0.0
6.448,-3.476546723532147,-14.617601369941758,1.9841148727703812,-0.09152695388134567,3.4438095072738357,159.2731343744145,-3.7720185914551028,-14.578913066841029,1.9999999999999991,160.39529179566114,1.5686113971145275,0.024158492906080783,0.07502099999369354,0.04800897433794667,-0.08524286375988996,0.07153035856228757,0.35984343701242105,-0.004691915020737895,0.028219387859932568,-0.005748084239051954,669.1338447515061,675.7115025718247,651.8913508270612,661.3141669771032,0.0,0.0,0.0
6.5,-3.5533699602760915,-14.589856991280755,1.9833040149181802,0.018599497547953477,3.2088906153781105,159.47574482293012,-3.8480918730431215,-14.551557490201633,1.9999999999999991,160.52919090432013,1.5687762639329896,0.01868246454351157,0.07596638960178634,0.023281335887172114,-0.07349417870108793,0.06576169049592731,0.37742522459779426,-0.003044253264497876,0.032799539979042155,-0.005087241788606555,667.6605316891763,675.9867387376793,652.7083570013418,662.9516274366829,0.0,0.0,0.0
6.5520000000000005,-3.63013733358254,-14.562107821242352,1.9829038467834887,0.060823055739032766,3.021251885028201,159.66267110791847,-3.924303162306649,-14.5246821501921,1.9999999999999991,160.68335993167807,1.566928783910445,0.012926384601252122,0.07861065893525673,0.002829383392880381,-0.05515172282734265,0.06117301047804796,0.36514342155822177,-0.0015843624125525518,0.03467213608774054,-0.004112153376900261,665.5249983038468,674.8066149407381,653.6778509073703,664.0230146585772,0.0,0.0,0.0
6.604,-3.7067628301914755,-14.534369638330983,1.982909720146044,0.048865165793306194,2.8945416210888557,159.8383469316569,-4.001012418139187,-14.498083966804492,1.9999999999999991,160.83532717414244,1.5635856425605872,0.0073511567255882095,0.08237264887447529,-0.013173046600048343,-0.0336452580221324,0.057656949696096714,0.32884264251785467,0.0001300164112297969,0.034886961577674125,-0.0033397957299416236,663.351760162487,673.2023099764413,654.1214783345617,664.0353401100438,0.0,0.0,0.0
6.656000000000001,-3.783195798346256,-14.50667162425809,1.9832713583243895,-0.0031373713897060434,2.833445480962958,160.00571933593042,-4.077701229176951,-14.471860400190915,1.9999999999999991,161.01153017811055,1.5593424886159062,0.0023219768528136417,0.08662887462445497,-0.024497332545114728,-0.011732908612310678,0.05538479434252156,0.27625002671621446,0.0014556384042005571,0.032994081748512136,-0.0023478004614751,660.8822515692838,670.6100681604921,654.7744814976047,663.767688109029,0.0,0.0,0.0
6.708,-3.8594204032669226,-14.479049350002644,1.9839054856049572,-0.08169393958875973,2.8340679267487423,160.16777009654507,-4.15410634784275,-14.446038624023918,1.9999999999999991,161.18554198016813,1.5547988684840606,-0.0019375543800906347,0.09077277474581039,-0.03167417635897769,0.00770820886998287,0.05388360997778472,0.2159890509835879,0.0025876910490157945,0.02930136309322495,-0.0015714798350012853,658.8352756261222,667.8724925510127,655.2036903435662,662.8240833407431,0.0,0.0,0.0
6.76,-3.935451306392179,-14.451539510223212,1.98470995025815,-0.17493274933470682,2.884664711401382,160.3282911080147,-4.230738531050641,-14.420413761325644,1.9999999999999991,161.38698926001638,1.5504865672846804,-0.005336608200643354,0.09426240080714018,-0.03500176482186233,0.022336948204891606,0.05372166569858204,0.156658410062967,0.003710366911347091,0.025646351516199085,-0.0006847908624382382,656.6603205837243,665.0115841524392,655.8158067305443,662.0739627643063,0.0,0.0,0.0
6.812000000000001,-4.0113263363773255,-14.42417660291199,1.9855784756140173,-0.27155271096276584,2.9701666129236504,160.49014859485655,-4.3077963358599325,-14.394900989929624,1.9999999999999991,161.5853906174103,1.5468096229758928,-0.00787071039316758,0.09674585965375512,-0.03502455732073275,0.032071834468402075,0.054217323362710845,0.10512511286375548,0.0042947785256218785,0.022716751771704236,-0.0001283351470194663,655.098078744079,662.8041732401495,655.9718689729666,661.2302501862683,0.0,0.0,0.0
6.864000000000001,-4.08709817256357,-14.396990657122991,1.9864149210166027,-0.3640461798460465,3.0768883692570297,160.65382086548922,-4.384015951824668,-14.36989801480869,1.9999999999999991,161.81434473677578,1.5440332529016862,-0.009555244930821636,0.09814142501729552,-0.0330378900162437,0.037098922283496885,0.05551988418242099,0.06527845713047897,0.004265218323669421,0.018479686996927355,0.0007274282030591181,653.659639931629,660.1686339250654,656.9123890900432,660.9676899392712,0.0,0.0,0.0
6.916,-4.162827002389903,-14.37000634334074,1.9871414130779232,-0.4477465166537164,3.188857983898296,160.82327898302782,-4.460255784060255,-14.345143162645646,1.9999999999999991,162.29847958460473,1.5422935812166443,-0.010559211965797488,0.09844113809399832,-0.029800986996799256,0.03652177084087034,0.05741757604975899,0.03970027437451973,0.002369281913557857,0.015447636710585777,0.006516312072783045,645.6914904047336,650.8581729819142,664.5528308730949,668.2422506781699,0.0,0.0,0.0
6.968,-4.238573207100004,-14.343243563149946,1.9877040683236145,-0.518786429254254,3.291032075036947,161.00141529594484,-4.536879319826919,-14.320548770004121,1.9999999999999991,162.5532152231159,1.5415799266349361,-0.011051226469131184,0.09772544254555474,-0.025365229122571574,0.03150242956344516,0.06034348832159928,0.029336148869504197,0.0017960427770848456,0.014072474830199959,0.007012875256817803,645.0741542512561,649.6821985836622,665.1566901885587,668.6173447209418,0.0,0.0,0.0
7.02,-4.31439073648299,-14.316718278695063,1.9880752674594946,-0.5756529601445204,3.3739971097104395,161.1885881663315,-4.61334658967783,-14.296311079385855,1.9999999999999991,162.84743663617846,1.5417563960913405,-0.01116842165660931,0.09623636917416592,-0.0211085971605587,0.02414032275293778,0.0636226571435353,0.03270115624643133,0.0014680349636115456,0.013161561491265373,0.008008668290482204,643.950676311061,648.2074936017145,666.7100560924654,669.9991547897222,0.0,0.0,0.0
7.072000000000001,-4.390323070140909,-14.290443420950059,1.9882527241770287,-0.6196016772112184,3.432908983315472,161.3885760824524,-4.690072095771431,-14.272348140098522,1.9999999999999991,163.48633216246427,1.542615936853562,-0.011139564155002639,0.09428632868179018,-0.01720986035607952,0.015598719364087035,0.06778980312897964,0.046805611867806296,-0.006316610427175821,0.01408189671719754,0.015772493833299057,634.20394138416,636.5015756398564,676.3877209567485,682.033608636478,0.0,0.0,0.0
7.1240000000000006,-4.4664015380037885,-14.264430288210942,1.9882538113165922,-0.6589035755591309,3.467522079663639,161.62110399594172,-4.766636277104681,-14.24882663818311,1.9999999999999991,164.36756617886758,1.5439207033901892,-0.011537887817580415,0.09215468776236878,-0.019688123881264886,0.007608732898933527,0.08205010466112687,0.06835340565978854,-0.01533130277778089,0.015190561877320135,0.024322030683456335,623.4771390753062,623.4347012698497,686.9317593760586,695.2344552558258,0.0,0.0,0.0
7.176,-4.5426468994588065,-14.238693102992022,1.9881102193933389,-0.7210069374842587,3.4817619795122177,161.91121592243064,-4.843441236317647,-14.225682536319342,1.9999999999999991,165.2046368069562,1.545444250802611,-0.013058275118555934,0.0901648898265198,-0.03254218078114022,0.001178421316435183,0.10308019736943289,0.0931539460610803,-0.019515278439051507,0.016504562099982155,0.028268461261205875,618.6990543864681,617.7835716433973,691.9495408108525,701.6673135185757,0.0,0.0,0.0
7.228,-4.6190745198624645,-14.213260030553403,1.9878643910541902,-0.8299963084159281,3.481362788383714,162.26416652781472,-4.9198658038074505,-14.203134323825708,1.9999999999999991,166.13992728230588,1.5469995239519678,-0.015608921407982906,0.08859540228547229,-0.05315496137028548,-0.0035300240647510015,0.12441588774400066,0.11711196802015256,-0.1760595443280312,0.017049678332979636,0.03285580821022665,635.9582495935205,587.075694065561,677.0235138912902,728.6745812426549,0.0,0.0,0.0
7.280000000000001,-4.6957019168102345,-14.188191811429851,1.9875568030320874,-1.326169967662176,3.4698845289616647,162.68459642139877,-4.996311173036177,-14.181133210501516,1.9999999999999991,166.97338808396228,1.5484562567755806,-0.018654745689405935,0.08732168368562633,-0.2804237017491603,-0.008056490921115267,0.14890431029163947,0.140157563278824,0.07891454466546897,0.017303770752368813,0.03272062328624047,597.871370589443,627.3967147503746,711.856632824847,695.3957542508282,0.0,0.0,0.0
7.332000000000001,-4.772589876432953,-14.163709550020666,1.9872234476173267,-2.0973845023035973,3.4541349817093763,163.17265899444806,-5.0727922643567736,-14.1597326006,1.9999999999999991,167.80693106751514,1.549750976035526,-0.017812905037806435,0.08655647780432114,-0.20510307668375377,-0.012566081904240998,0.17196165425298499,0.15904484962906262,0.07701991543130023,-0.010629220869553199,0.03165936355361358,604.7470750706469,625.0446423464555,714.434491065393,690.9862855140314,0.0,0.0,0.0
7.384,-4.849819794767663,-14.140129261168223,1.9869025531446218,-2.3229205427438804,3.384160128087008,163.73231139633234,-5.1495977587909625,-14.138945473307105,1.9999999999999991,168.61782670453073,1.550846801413776,-0.01302879781909646,0.08563940779113219,-0.018704264272661024,-0.048122995380485735,0.19625465953729263,0.17904333249147752,0.012838081058983028,-0.05343831374084951,0.02818529273599683,626.7402993062535,614.4415357368607,707.579904724884,689.7467044005712,0.0,0.0,0.0
7.436,-4.927379388420914,-14.117573226300284,1.9866338142859437,-2.1966330520273294,3.112030120534565,164.3607811678803,-5.226946545233005,-14.118829336761682,1.9999999999999991,169.53494027703627,1.551010440056611,-0.008948979013468457,0.08045683985445465,0.048565980763383663,-0.13865982387753092,0.21668346068669395,0.23934376031706517,-0.020853764286367905,-0.069219176594816,0.026915148325853636,637.2105141582032,610.0584681021662,704.6930070892663,691.6701929991835,0.0,0.0,0.0
7.4879999999999995,-5.005122564469538,-14.09603318261259,1.9864922991661127,-2.031448496155993,2.5144733267081714,165.0531756077908,-5.304778609292657,-14.099521692588743,1.9999999999999991,170.42249968917025,1.5480411992911267,-0.00772246245777751,0.06837836191190823,0.03534331612907653,-0.2543172872084119,0.23296920642917943,0.3634079318948502,-0.026998172687214148,-0.05220942811398925,0.02520556575741084,640.688979087858,617.0102490867786,701.7672863020885,694.9808038977242,0.0,0.0,0.0
7.540000000000001,-5.082759582330889,-14.075514726921002,1.9866388897703506,-1.9604603449824525,1.599268804602266,165.7990838522831,-5.3823836465967,-14.081283649140211,1.9999999999999991,171.43983875365512,1.5387974615245112,-0.008911856208087838,0.05116910627157173,0.0014128443617320338,-0.3503162073351102,0.24770206893882443,0.528697139073432,-0.023129028762864046,-0.027329346929917037,0.025665852677177373,639.3767091855335,624.3645401526453,702.805072177636,701.6806401576123,0.0,0.0,0.0
7.5920000000000005,-5.159871716768899,-14.056094168800904,1.987310500965558,-1.9947305003689546,0.45578382011062213,166.60664136829394,-5.460738626600546,-14.064089870270836,1.9999999999999991,172.44010796415782,1.5205533229638983,-0.011644428196033922,0.032741915344484146,-0.02704372716468102,-0.4172959842921117,0.2671730523656536,0.6890940114227068,-0.015125092534207282,0.012523138698774416,0.022755781748834046,640.0535111000298,639.288828593519,697.9768463229827,705.3842542148114,0.0,0.0,0.0
7.644,-5.23594446657793,-14.037910743863034,1.9887632837432019,-2.1083930134111473,-0.8042534200709586,167.46793289121482,-5.539393612816712,-14.048137316568681,1.9999999999999991,173.59728871012254,1.4916007695729532,-0.014681654542881634,0.016463231538778284,-0.04212111976372387,-0.43589715059911793,0.2837746912416729,0.8032255400694336,-0.010870753002083147,0.047745512856079586,0.023052223817088335,636.4808360120261,647.2805741479776,696.6306913424684,712.2731542897351,0.0,0.0,0.0
7.696,-5.310414788648995,-14.021135742244445,1.9911981800016338,-2.266065457243807,-2.021705166982481,168.3797444372594,-5.617812845331264,-14.033632400308775,1.9999999999999991,174.7358284916555,1.4516848008604384,-0.017222661704773982,0.005693886754365838,-0.04606026302133322,-0.4020847857545604,0.2996188502919449,0.8315338712388224,-0.007303845237318654,0.07960618737592069,0.0221728876786504,633.3798247527449,654.4879389197973,692.4470464679333,715.6532798157893,0.0,0.0,0.0
7.748000000000001,-5.3827435224832305,-14.00593402375587,1.994696459944628,-2.441436843039099,-3.0541527369950408,169.3413865477408,-5.693562034400935,-14.020886689202673,1.9999999999999991,176.04363543916895,1.4021228623143507,-0.01885861118419458,0.0018480426828890784,-0.04207865350665879,-0.3273530908475658,0.3184355633885493,0.7574447473276567,-0.0034618236131266425,0.09307873032271353,0.02269869794385952,628.6519357627234,654.902817248967,690.5671176955052,716.3662207230134,0.0,0.0,0.0
7.800000000000001,-5.45248646516405,-13.992433830882295,1.9991791332066369,-2.6074740870988653,-3.8167704947845515,170.34864566806908,-5.760565978320188,-14.010332091889032,1.9999999999999991,177.31503875636204,1.345290527548206,-0.019374884933442818,0.0038110725470074424,-0.02962123966843112,-0.23129636711601648,0.33566542389755943,0.5944043199264553,-0.0003015825985647376,0.0891942422672319,0.022070376794258446,626.1987257034441,652.3396225256225,687.5287120392827,711.5789828628048,0.0,0.0,0.0
7.852,-5.519338301772743,-13.98070851957909,2.004411563016628,-2.7378719660885165,-4.293896775111777,171.40515399521408,-5.815685820025277,-14.00201328125046,1.9999999999999991,178.75443820728546,1.283959204803389,-0.01888480250221464,0.008641722811733477,-0.009707384835330905,-0.14444947220153043,0.35630727692641756,0.3788321677388185,0.002647776045527431,0.06325250741127461,0.022649615363830408,623.9969233828419,643.5445238801301,687.8731857393143,704.241347348666,0.0,0.0,0.0
7.904,-5.583135775523699,-13.970770938472999,2.010049703994294,-2.8065741436671208,-4.562671068697373,172.50990485352347,-5.8589166953648775,-13.995684432434036,1.9999999999999991,-179.86654547773387,1.2205274144873763,-0.01759312212777902,0.0122840686609458,0.016759088680918646,-0.08955021892891216,0.3745300017816539,0.16164055162032065,0.0029034046899263435,0.03364437833434345,0.02180200050814816,624.6973326038042,635.600587361469,686.3246619742072,694.6939100421278,0.0,0.0,0.0
7.9559999999999995,-5.643815213931067,-13.962579053034238,2.0157136526533685,-2.800744620382058,-4.742244222583697,173.67517082393815,-5.891686703233687,-13.990997388711685,1.9999999999999991,-178.3238184563255,1.1564877314122457,-0.016074538651466706,0.011379761863644429,0.04578593548363422,-0.08063390943990678,0.39575010538004224,-0.011950211794099927,0.001444801996587787,0.00499167847252939,0.021943096540809715,625.0269445419821,626.9598786023759,686.6009544726237,687.5714045443733,0.0,0.0,0.0
8.008000000000001,-5.7013485103119885,-13.95604774000882,2.0210621408122926,-2.725924854487977,-5.030868933340043,174.85347198154227,-5.915886142429955,-13.987600601065381,1.9999999999999991,-178.3238184563255,1.092093759402372,-0.013981363018837997,0.003523099220425832,0.06306388892992179,-0.18602496796674564,0.38172244344549966,-0.10731214851791174,-0.006570071761751575,-0.3678297836491016,0.002548212014668483,703.60528853766,595.2246452624781,708.4531384161967,605.0440460737091,0.0,0.0,0.0
8.06,-5.75562154534725,-13.951072265259304,2.0258560329376754,-2.6545541520871314,-6.313798929490087,176.01981110267118,-5.933382403538821,-13.985183311183338,1.9999999999999991,-178.3238184563255,1.0235649459581084,-0.010368890976781025,-0.022854617829054333,0.06034340199713687,-0.6250274887351024,0.35926481692939016,-0.0029420699521111593,0.0009650691392870184,-0.1349553284586862,-0.009590194622691471,689.9695759953206,652.4415228806247,664.3502811521678,624.70594814286,0.0,0.0,0.0
8.112,-5.806088908325536,-13.947588624557124,2.0301009642206242,-2.6227461846378235,-8.599143055185122,177.14761115827176,-5.945808093221831,-13.983490192666126,1.9999999999999991,-178.3238184563255,0.9396303640255393,-0.004586592867823467,-0.05955216034283596,0.05985878099692361,-0.8478698853679996,0.3255063158603236,0.22033218562778856,0.010357504825307146,0.07116234930603615,-0.021325102062391126,682.540848190207,704.6361458962004,625.9365266897947,643.9395392837994,0.0,0.0,0.0
8.164,-5.85173852239336,-13.945569580856107,2.034047076162587,-2.6055130663956985,-11.021448962725445,178.1755278190819,-5.954495536445675,-13.982321160394497,1.9999999999999991,-178.3238184563255,0.8347860753426957,0.004013607011107519,-0.0832018732866329,0.06899316715898338,-0.7810695407928651,0.2865454393813506,0.3246317388308616,0.018198167272249825,0.19228914988737134,-0.029120246327312752,679.864331643155,735.7684326762374,602.1633651773378,654.2598782006526,0.0,0.0,0.0
8.216000000000001,-5.891477557471069,-13.944966862078042,2.0379321709639586,-2.555702481967842,-12.894572097601735,179.06190199331672,-5.960483921699604,-13.981524640621185,1.9999999999999991,-178.3238184563255,0.7127086307753476,0.015365223717012117,-0.08437528794309587,0.08576559219128035,-0.529277892854338,0.24591489033089528,0.2095821179034163,0.0235081573086715,0.23869273764545312,-0.03378696332355835,678.7253435312829,747.830997671549,588.2085616254178,653.3720844136054,0.0,0.0,0.0
8.268,-5.924515554147415,-13.945674255841936,2.0417313784566846,-2.432451697105385,-13.863976862962167,179.78627560363537,-5.964557726854427,-13.980988757433423,1.9999999999999991,-178.3238184563255,0.5813090114077785,0.028768504618883705,-0.0684450995630791,0.10640074996411222,-0.19969996790230465,0.20616706691621606,-0.07116363182293639,0.02589178164135824,0.23132424789568798,-0.03473837763784428,675.7552729898347,743.8777270997755,582.5671268096067,645.4638609050213,0.0,0.0,0.0
8.32,-5.950572054911969,-13.947526829670398,2.0451311229915063,-2.2135431231409863,-13.847207435731901,-179.6489057014887,-5.967294362193318,-13.980632657607703,1.9999999999999991,-178.3238184563255,0.44892021272318977,0.0430822109895571,-0.04733021129388708,0.1275926162244047,0.12771067821402773,0.16953226241720004,-0.39027950610239825,0.025141770366526518,0.1910518621208443,-0.03345517413632044,672.5267801679685,730.4638425924786,582.6153506054953,633.8927667964307,0.0,0.0,0.0
8.372,-5.969883500990431,-13.95032141688703,2.0476750835999797,-1.899191532481999,-12.946252307576744,-179.22268742460176,-5.96911016000472,-13.980398940321018,1.9999999999999991,-178.3238184563255,0.32301582673904344,0.056962650090904884,-0.03177748212938979,0.14589091830140333,0.4026481339249732,0.13713553211960533,-0.6273660695144438,0.021703062733000336,0.13514360837189887,-0.030739085597498866,670.5722828513697,713.1892360655618,587.7517068732365,622.9797738287725,0.0,0.0,0.0
8.424,-5.9830821525701126,-13.953840114122082,2.048952771115638,-1.5084630035260582,-11.366299013739935,-178.90409602246052,-5.970300100046725,-13.980247486406592,1.9999999999999991,-178.3238184563255,0.20993396710808918,0.06908781480006931,-0.027304469855261193,0.1582078920098256,0.5999410486182715,0.10932598166437471,-0.7149133111828115,0.01648646236324746,0.07594057364376591,-0.027416642023112735,671.1942071608712,696.6007957175356,597.0521670763657,615.4876376854126,0.0,0.0,0.0
8.476,-5.991042334650014,-13.957867084040798,2.048745006104762,-1.0713818156151809,-9.352085495056581,-178.66238487385314,-5.971069984504656,-13.980150649169989,1.9999999999999991,-178.3238184563255,0.114522379110646,0.07836545123844836,-0.03371268533514041,0.16235791377679848,0.71310929527209,0.08578386557179336,-0.6477652163929586,0.01055208358715639,0.021163294102318098,-0.02399473466957771,674.4649773689885,683.2477238752181,609.2217335636174,612.4873522164045,0.0,0.0,0.0
8.528,-5.994756493545855,-13.96219713998785,2.0470758599455343,-0.6212368057626012,-7.144972051831219,-178.47350037162715,-5.971561401627057,-13.980089626163155,1.9999999999999991,-178.3238184563255,0.03966528238261291,0.08408739735007403,-0.04708519588014795,0.15759179675781218,0.7479369049303461,0.06592105484445218,-0.46514804344954,0.004784146297169362,-0.024818872804880987,-0.020795737261837078,679.5559183728225,673.9907472092541,622.551620956419,613.5472968182061,0.0,0.0,0.0
8.58,-5.9952497545849495,-13.966639843082179,2.0441825943586025,-0.18960989284894525,-4.958637580530887,-178.32211915187327,-5.971870495636397,-13.980051789940468,1.9999999999999991,-178.3238184563255,-0.013955976279445831,0.08599992048134132,-0.062193678446153075,0.14422148518542616,0.7156577835958509,0.04916922399947833,-0.22603895097507498,-5.338687560786648e-05,-0.059036903085918746,-0.0179213880093664,684.9708560747898,668.5567458424941,635.3333646943355,617.6339354027077,0.0,0.0,0.0
8.632,-5.993517111906633,-13.971022990038936,2.0404349911944615,0.1970610528984565,-2.9633773213669343,-178.20090346798477,-5.972061738250121,-13.98002876421939,1.9999999999999991,-178.3238184563255,-0.047690939267845,0.0842801684870113,-0.07453497311342443,0.12396260532563012,0.6329801027121147,0.03501474213187842,0.013448305024715057,-0.0035780876803630304,-0.08065278391405944,-0.015356686641318089,689.3563570197853,665.990091156719,646.3175181291668,623.4962308598948,0.0,0.0,0.0
8.684000000000001,-5.990469372615572,-13.975197080058356,2.0362412535972996,0.5197704440206554,-1.276585488946679,-178.10756098324268,-5.972177831986893,-13.980015061277712,1.9999999999999991,-178.3238184563255,-0.06436254501807151,0.07942973612776831,-0.08141725477800628,0.09925231464537183,0.518067174408114,0.02314545862483921,0.213764376553224,-0.005698255373326591,-0.0902451125159787,-0.013025563780687,691.7790381283925,665.1955737321917,654.8261543219519,630.0865827081551,0.0,0.0,0.0
8.736,-5.986886093428498,-13.979040043178587,2.031971168409534,0.7677654475345718,0.037343177378542744,-178.04166399227813,-5.9722467106424455,-13.98000713158676,1.9999999999999991,-178.3238184563255,-0.06757722600443258,0.07213590621820878,-0.08211331070416299,0.07272561021439508,0.3882516279283209,0.01337041182006037,0.35589875304027196,-0.006556388028928974,-0.08948897389248431,-0.010877123810501014,691.8961499056051,665.2885448731224,660.6745805167488,636.6393401361678,0.0,0.0,0.0
8.788,-5.983381188877972,-13.982460677138576,2.027911172761391,0.9382885875725739,0.9616670447326962,-178.00236247409998,-5.972286413272873,-13.980002710164404,1.9999999999999991,-178.3238184563255,-0.061122841200388286,0.06314481868592234,-0.07742217407690286,0.046772750363859375,0.25855907025299996,0.005562004311101873,0.43851314865774205,-0.006449992557508012,-0.08085076822031302,-0.00887572104362644,689.8668435068276,665.6520486176493,664.1111028160386,642.7053146845211,0.0,0.0,0.0
8.84,-5.980387385680064,-13.985399629208672,2.024249477674062,1.035381209984852,1.5183787265027004,-177.98722748093678,-5.972308430987436,-13.980000372843142,1.9999999999999991,-178.3238184563255,-0.048547343537501994,0.05316946541440411,-0.06900425578939788,0.02321591837143291,0.14056489737129424,-0.0004262192278503576,0.47188345295383904,-0.005730279801362954,-0.06711837598668549,-0.007023942308746823,686.219451217241,665.9634154619729,665.6310628987585,648.0615898930553,0.0,0.0,0.0
8.892,-5.978161085993588,-13.98782769880595,2.021082658122275,1.0678524696775789,1.7567393727212297,-177.99221434627606,-5.972319975428579,-13.979999238794456,1.9999999999999991,-178.3238184563255,-0.03291659247721758,0.042835939572784615,-0.058693884333110055,0.003154484785856352,0.04183414101750007,-0.004774503084553709,0.47093055751795465,-0.004700824405278442,-0.05091069498603497,-0.005339002098975687,681.6204305362743,666.1061620027089,665.8234029087636,652.6459015395521,0.0,0.0,0.0
8.944,-5.9768041043790605,-13.989742021106226,2.0184368382442655,1.0470965124059415,1.7419960787406263,-178.01218176677767,-5.9723254972627196,-13.979998773549408,1.9999999999999991,-178.3238184563255,-0.016703165901090753,0.032660248330161505,-0.04802218885944216,-0.01293932049134448,-0.03361874532437622,-0.007683094893614406,0.44985109073226354,-0.003584724374703382,-0.03449346323460485,-0.00385821086056996,676.7423896776487,666.0807056297681,665.2275739355606,656.4347349282699,0.0,0.0,0.0
8.996,-5.976295883768206,-13.991161152775446,2.0162917891702135,0.9851800473900855,1.5447198522749572,-178.0419404680988,-5.972327690169759,-13.979998660179628,1.9999999999999991,-178.3238184563255,-0.0017526242638653748,0.02304383897718023,-0.03802088896110033,-0.02509663749498845,-0.08546686345013146,-0.009420749483887051,0.419416767900651,-0.0025020808833020967,-0.019338276078528623,-0.0025944413434530016,672.0675747155549,665.9303413648548,664.2660593436318,659.4840957058631,0.0,0.0,0.0
9.048,-5.976529298438178,-13.992119959704686,2.0146014995911825,0.893632486948123,1.2327455267434906,-178.07675827457834,-5.972328146415636,-13.979998716132265,1.9999999999999991,-178.3238184563255,0.010693289698288713,0.014279892328453692,-0.029233624471620943,-0.03360228947786357,-0.11527200647827673,-0.010219525914097862,0.38642739230482187,-0.0015185997111172595,-0.006494227573166901,-0.0015621755328392726,667.9471154644416,665.6881111289624,663.2280323614855,661.8161911358729,0.0,0.0,0.0
9.1,-5.977344864306154,-13.992664848091184,2.013309160061585,0.7827231043188672,0.8661691594218566,-178.11290937404573,-5.972327779405201,-13.979998840268888,1.9999999999999991,-178.3238184563255,0.01994439491196374,0.006564229304501926,-0.02182203179148916,-0.03890419783528202,-0.12629309148656048,-0.010317673286933018,0.35427428495681357,-0.0006496759920305416,0.0035530485993686967,-0.0007569455392439023,664.5483734017322,665.3691904999357,662.2786820729503,663.4705767476205,0.0,0.0,0.0
9.152000000000001,-5.978560380147812,-13.992849606377117,2.0123558138544264,0.661271526286122,0.4941242798535367,-178.1477523613072,-5.972327092304261,-13.979998979639161,1.9999999999999991,-178.3238184563255,0.025781600562385883,8.580295047733816e-06,-0.015736286658037203,-0.041453359026258435,-0.12243213110274472,-0.009926150486275449,0.3243405649138422,8.937994755671766e-05,0.010645333085877388,-0.00015542073952791024,661.9150655269829,664.9568593614699,661.5111310194555,664.5042035990402,0.0,0.0,0.0
9.204,-5.979994511187893,-13.992731863613823,2.011685054337352,0.5365867799970199,0.15325589748892318,-178.17971467241352,-5.972326346240975,-13.979999108983078,1.9999999999999991,-178.3238184563255,0.02835955350095385,-0.0053462270894331435,-0.010814317922981698,-0.04174409416547558,-0.10801153877171084,-0.009221650961657722,0.2968263298221163,0.000706396670529753,0.01498596249445722,0.0002697720863844454,659.9946081175013,664.4493545921387,660.9422829034571,664.991411194731,0.0,0.0,0.0
9.256,-5.981483871590288,-13.99237013855481,2.0112446747630846,0.4145601238502558,-0.13212609535320108,-178.20802200262415,-5.9723256638422795,-13.979999218330759,1.9999999999999991,-178.3238184563255,0.02809908425648607,-0.009516869579211697,-0.006892055368707316,-0.040203384681871464,-0.08699907109461817,-0.008334578348773602,0.2717800349374466,0.001192578607163387,0.016907358318757157,0.0005523783599116653,658.6979970060072,663.8435974825518,660.5685507781042,665.0257905508354,0.0,0.0,0.0
9.308,-5.982893931586776,-13.991821416221068,2.010987152237191,0.2998317542145728,-0.34879018900801656,-178.23249674543263,-5.972325091704436,-13.979999305676694,1.9999999999999991,-178.3238184563255,0.02558482508743285,-0.012565622950934307,-0.003820333269967383,-0.0372542216979877,-0.06292935748532771,-0.0073618000642827796,0.24924901197210034,0.0015463818574288756,0.01686304981054048,0.0007208873171143685,657.9205161268911,663.1598909739508,660.3606734291592,664.7067229489951,0.0,0.0,0.0
9.36,-5.984124547171868,-13.991139195807714,2.010869537924749,0.19582548769202476,-0.49287257606009777,-178.25329911810994,-5.972324637179065,-13.979999372780386,1.9999999999999991,-178.3238184563255,0.02147377754273861,-0.014589186809618654,-0.001489846100861563,-0.03329575827818408,-0.03868121007189649,-0.006371817133440131,0.22952824115509815,0.0017715585287343266,0.015342747523753657,0.0008059974476457844,657.5524333490957,662.4272735150342,660.2937391588121,664.146339204721,0.0,0.0,0.0
9.412,-5.985111042474764,-13.990372006571896,2.0108538790636366,0.10484770076580403,-0.5678743294872783,-178.27077739838373,-5.972324289369964,-13.97999942285546,1.9999999999999991,-178.3238184563255,0.016420066663466893,-0.015708182859925597,0.0002013114057830471,-0.028696559061411397,-0.016431532320219697,-0.005415388535578709,0.21282724548901638,0.0018776636167627675,0.012834711126508719,0.0008313716613505022,657.4917492883114,661.6849740328374,660.3337609303769,663.4458083925277,0.0,0.0,0.0
9.464,-5.98582188801689,-13.989562379373053,2.010907990294375,0.028169665273521056,-0.5824767118704305,-178.28532096959927,-5.972324030618164,-13.979999459372316,1.9999999999999991,-178.3238184563255,0.011018170010726474,-0.016057576846716118,0.0013476710968938314,-0.02379125888381312,0.0023623432433543525,-0.004517200262810255,0.1992447822703998,0.0018825446821562194,0.009779439218003188,0.0008239341392041705,657.6364096174403,660.9616904808589,660.4586043093623,662.7025479121498,0.0,0.0,0.0
9.516,-5.986254056213604,-13.988746255237764,2.0110051804744633,-0.033797843717228195,-0.5486656623001024,-178.2973045289629,-5.972323842396966,-13.979999485497457,1.9999999999999991,-178.3238184563255,0.005764832397406192,-0.015778121979130654,0.0020333872868447747,-0.018850338633560913,0.01682533091045686,-0.003695869519281916,0.18880686777432615,0.0018002204533110284,0.0065830403488375665,0.0007804706188857218,657.9313651560619,660.3223801770826,660.6086260011344,661.9682894730182,0.0,0.0,0.0
9.568,-5.986426974419352,-13.98795276687455,2.0111243316337117,-0.08136899213472484,-0.47989870840132987,-178.30705557772148,-5.972323708024518,-13.97999950388201,1.9999999999999991,-178.3238184563255,0.001037241797306074,-0.015009339034528196,0.00235242941787156,-0.014101567164583018,0.026716569362078245,-0.002958229215693893,0.18126531708856586,0.0016495478807765588,0.0035468475785958437,0.0007194525985071881,658.3004095305876,659.7826809923622,660.7645468222959,661.3041198925988,0.0,0.0,0.0
9.620000000000001,-5.986375938048072,-13.987204341171367,2.0112497786803734,-0.11543716134311036,-0.38950011613437946,-178.31485179229847,-5.97232361364205,-13.979999516630135,1.9999999999999991,-178.3238184563255,-0.002912521779373482,-0.013883689045266993,0.00239682036735624,-0.009721460567520157,0.032239374686638594,-0.0023098267135776398,0.17621701582627902,0.0014503296525798827,0.0008859131624447038,0.0006497075095252808,658.6897527502844,659.356184643934,660.9029222674086,660.7423564383677,0.0,0.0,0.0
9.672,-5.986145710264877,-13.986517067584133,2.011370532766555,-0.1373401273304361,-0.28970520148120765,-178.32093644893098,-5.972323548307057,-13.979999525350868,1.9999999999999991,-178.3238184563255,-0.005951034660020246,-0.012522020852961982,0.002249404886551372,-0.005838981984648895,0.03387967233750131,-0.001747668154163789,0.17319972246784496,0.0012238492242914163,-0.0012463605639905992,0.0005745977293101834,659.0603452261577,659.0539240198856,661.0002147123962,660.2973017361232,0.0,0.0,0.0
9.724,-5.9857847555373995,-13.985901273427148,2.0114796174916485,-0.14868220972005824,-0.1907251835863892,-178.32552367804175,-5.9723235036836915,-13.97999953124061,1.9999999999999991,-178.3238184563255,-0.008048937542364479,-0.011030359644025284,0.001984982536238185,-0.002520987723633105,0.03241710363231631,-0.0012708532515003004,0.17170200481104225,0.0009835551475048153,-0.0028077339505409842,0.0004989263137143298,659.3866973735078,658.8664176031829,661.0480904445984,659.9690274529158,0.0,0.0,0.0
9.776,-5.9853404882206895,-13.98536223570571,2.0115731783801416,-0.1512147567309111,-0.1003749108107197,-178.3288215163835,-5.972323473592217,-13.979999535169263,1.9999999999999991,-178.3238184563255,-0.009259425640976014,-0.009498223533983833,0.0016609491988986921,0.00019463812712195182,0.028658292053232524,-0.0008738732615276091,0.17128369903918503,0.0007454212049384375,-0.0037931232539274344,0.0004246704094741311,659.653418978463,658.7842960038806,661.0411464847023,659.7491805713518,0.0,0.0,0.0
9.828,-5.984855695321412,-13.984900975551184,2.0116496113904088,-0.14674282373310388,-0.024051666363830635,-178.331032439041,-5.972323453550269,-13.979999537757633,1.9999999999999991,-178.3238184563255,-0.009695516847329682,-0.007997848118198533,0.0013194800694365598,0.0023052511025792436,0.02341554013592656,-0.0005504789972124202,0.1715822707801747,0.0005235519182703418,-0.004242617551157531,0.0003541893062813119,659.8527781992527,658.7923671517036,660.9821261511862,659.6251752697733,0.0,0.0,0.0
9.88,-5.984366125848951,-13.984515091248278,2.0117088825837275,-0.13700399038846892,0.03522766934689145,-178.33234880194868,-5.9723234403657,-13.979999539441621,1.9999999999999991,-178.3238184563255,-0.009507584009662357,-0.006584377979141453,0.0009891339376167986,0.003848585708483632,0.017466854090467648,-0.0002935527448473436,0.1723187728103892,0.00032411998035880357,-0.004241420047124204,0.00028875302866827987,659.987852050085,658.8710998168716,660.879295987326,659.5793188885597,0.0,0.0,0.0
9.932,-5.983899203219045,-13.984199576792886,2.011751973676416,-0.12359296148271683,0.07655594426755268,-178.33295434721683,-5.972323431801227,-13.979999540522892,1.9999999999999991,-178.3238184563255,-0.008862305409228133,-0.005297062002471248,0.0006869045528938792,0.004878302715429026,0.011467850807498991,-9.594992973868109e-05,0.17329539605292138,0.00015170526918091435,-0.0038915401647398777,0.0002298166266425494,660.0658812611325,658.99988834069,660.7451577728385,659.5937928066442,0.0,0.0,0.0
9.984,-5.983473723715278,-13.983947588297541,2.011780463615774,-0.10793000234077926,0.10072604649278101,-178.3330182918756,-5.9723234263111875,-13.97999954120742,1.9999999999999991,-178.3238184563255,-0.007925051012692062,-0.00416091258003404,0.00042139668350534254,0.005457865884142388,0.005929887796890679,5.0384405966005886e-05,0.17437761594240364,9.963713392043775e-06,-0.0033012682479085487,0.0001779673675432193,660.097807240293,659.1597986782654,660.5932708659092,659.650287809731,0.0,0.0,0.0
10.036,-5.983100340301376,-13.983751138110204,2.0117962367910573,-0.09122694357318643,0.10978761519527855,-178.3326897787097,-5.972323422841855,-13.979999541634056,1.9999999999999991,-178.3238184563255,-0.006846384854134845,-0.003188624705161279,0.0001955602241552951,0.005661268065269358,0.0012113503075834933,0.00015450623430096028,0.17547663976242853,-0.00010082924140524668,-0.002575694792072835,0.0001331117639890822,660.0966437208036,659.3339451364176,660.436443028978,659.7316027165117,0.0,0.0,0.0
10.088000000000001,-5.982782615704865,-13.983601697739568,2.011801276234676,-0.07446738772574549,0.10658149123888368,-178.33209510426792,-5.97232342068393,-13.979999541895275,1.9999999999999991,-178.3238184563255,-0.005752857153897479,-0.002382734028054758,8.8553072292223e-06,0.005565096520876531,-0.0024815783958668067,0.00022349965794614063,0.17653473603983946,-0.00018266838243912375,-0.0018068421876007018,9.537157417718637e-05,660.0743326371238,659.507469423781,660.2863781373779,659.8237940752938,0.0,0.0,0.0
10.14,-5.982518424789055,-13.98349069677166,2.011797529076132,-0.05841241118466102,0.09431113544504081,-178.33133636046972,-5.972323419365827,-13.97999954205188,1.9999999999999991,-178.3238184563255,-0.004741994120649053,-0.0017378183464422277,-0.00014123024288529461,0.005242453172054238,-0.005079522151314475,0.0002644172870882668,0.17751462456110387,-0.00023852112788445888,-0.001067714618458233,6.431566933687606e-05,660.0415084522432,659.6693643755526,660.1516768261463,659.9155049437838,0.0,0.0,0.0
10.192,-5.982301505612772,-13.983409916074168,2.011786826840646,-0.04361914451908063,0.07620357004529786,-178.33049333556252,-5.972323418577861,-13.979999542143359,1.9999999999999991,-178.3238184563255,-0.003880893196453962,-0.0012425589183516295,-0.00025807618388099164,0.004759297233156328,-0.006618354275853608,0.00028362802867413383,0.17839117152667205,-0.0002714400107961044,-0.00041339246789789605,3.9385423517229916e-05,660.0067221943951,659.8116306139915,660.0384842021853,659.9980521948356,0.0,0.0,0.0
10.244,-5.982122998026006,-13.983351780616795,2.0117708346973893,-0.030461574200846945,0.055239581775345915,-178.3296267764592,-5.972323418119243,-13.979999542195019,1.9999999999999991,-178.3238184563255,-0.003207632847877536,-0.0008815878586457406,-0.00034515234240908697,0.0041731418889478684,-0.007203390001570223,0.0002862938714541335,0.17914537773025513,-0.0002844450384326613,0.00011583163078091865,1.9927797208980376e-05,659.9766691859152,659.9286386235776,659.9508381921955,660.064849919582,0.0,0.0,0.0
10.296,-5.981972847412044,-13.983309559969678,2.011751007994326,-0.019152545081426307,0.03394328866177868,-178.32877796462287,-5.972323417861514,-13.979999542222844,1.9999999999999991,-178.3238184563255,-0.0027346760590494196,-0.0006370976534492291,-0.00040696772134608155,0.0035358440239847133,-0.007019980194643968,0.0002773025720195515,0.1797751199016261,-0.00028185039194615256,0.0005086328559276397,5.121011226727434e-06,659.9546887908909,660.0192858047546,659.8885826567318,660.1137401041264,0.0,0.0,0.0
10.348,-5.9818409794335645,-13.983277485438602,2.011728570517336,-0.009769741499008965,0.01426370669164708,-178.32797579437826,-5.972323417723671,-13.97999954223678,1.9999999999999991,-178.3238184563255,-0.002453992002136835,-0.0004902356976272451,-0.00044753905838841346,0.0028881103814350165,-0.006260403226650743,0.000260060152507213,0.1802807955046702,-0.0002671551853287941,0.0007625713036125531,-5.733336873079802e-06,659.9426022465799,660.0837116269012,659.8506138864036,660.1439179593543,0.0,0.0,0.0
10.4,-5.981718194883653,-13.983250795540354,2.0117045231145276,-0.00228524893341104,-0.002436426967750267,-178.3272380735658,-5.9723234176554545,-13.97999954224289,1.9999999999999991,-178.3238184563255,-0.002342534619747276,-0.00042220597983987155,-0.00047094068761285596,0.0022621067028170804,-0.005123159844100047,0.00023757326871155755,0.1806704667094689,-0.000243725746212145,0.0008879338814442293,-1.3274429430073581e-05,659.9404727496421,660.1239572641903,659.8342689753732,660.1566082572374,0.0,0.0,0.0
10.452,-5.981596781910472,-13.983225724147522,2.011679655083286,0.003409940305282655,-0.015362495365203462,-178.32657480403452,-5.97232341762625,-13.979999542244805,1.9999999999999991,-178.3238184563255,-0.002367686581127358,-0.000415115913919839,-0.00048097421827532013,0.001681416038901437,-0.003792617883718208,0.00021223359048430052,0.1809562569001632,-0.0002145247721197167,0.0009031615300758149,-1.8227647613647113e-05,659.9473485081014,660.1434833397466,659.8357439383363,660.1541033392617,0.0,0.0,0.0
10.504,-5.981470858271768,-13.983199444048395,2.0116545577890186,0.007481409772668909,-0.024231845051030793,-178.3259901051522,-5.972323417617819,-13.979999542244629,1.9999999999999991,-178.3238184563255,-0.0024922758020196377,-0.00045258403636797944,-0.00048113876846123924,0.0011624865570205138,-0.0024292248547495227,0.0001857919417600698,0.18115363142603133,-0.00018225176972958636,0.0008327191336881777,-2.1077239819307298e-05,659.9611241913199,660.146385424699,659.8508227341155,660.1399247010816,0.0,0.0,0.0
10.556000000000001,-5.981336474619786,-13.983169978470036,2.0116296539098837,0.010211191963979313,-0.029263459808219965,-178.32543601666347,-5.972323417619593,-13.979999542243553,1.9999999999999991,-178.3238184563255,-0.002678868187702007,-0.0005201460478152583,-0.00047448932927636743,0.0,0.0,0.0,0.18127907512786168,0.00012241302118382583,0.00026057089610986525,3.4812507891105174e-05,659.9246165975949,660.0337075313164,660.0559002298419,660.0952480183018,0.0,0.0,0.0
10.608,-5.981191443669254,-13.983136008245982,2.0116052235451845,0.012971869245420688,-0.03200477879021082,-178.3247373132468,-5.972323417625669,-13.979999542242206,1.9999999999999991,-178.3238184563255,-0.0028971164619508365,-0.0006094110280333768,-0.00046347843903646714,0.0,0.0,0.0,0.18134770494356983,-5.0072648659376434e-05,0.000574778901943908,1.9981764944248176e-05,659.9265022286553,660.0759570194095,659.9675830367955,660.1455478086378,0.0,0.0,0.0
10.66,-5.981034740879787,-13.983096319679035,2.011581432613056,0.01587661199888027,-0.03252408051253276,-178.32402071702703,-5.972323417632917,-13.979999542240904,1.9999999999999991,-178.3238184563255,-0.003128496901840299,-0.0007225602762729983,-0.00045010313470997753,0.0,0.0,0.0,0.18137381062383873,-0.0002617317766700147,0.0008284902511174463,4.698069622928779e-06,659.9422633624183,660.1036907852741,659.8807159759278,660.1912331972295,0.0,0.0,0.0
10.712,-5.980866408836755,-13.983049725168675,2.011558360180852,0.017638216611163094,-0.029721417287032176,-178.32334415983848,-5.972323417639812,-13.979999542239776,1.9999999999999991,-178.3238184563255,-0.003349411470443003,-0.0008563512276642045,-0.0004359522253318553,0.0,0.0,0.0,0.1813704477200184,-0.00045505267824286926,0.0009512939852418733,-9.729692423585364e-06,659.9722069200442,660.1135449747227,659.8156198833157,660.2161879571721,0.0,0.0,0.0
10.764000000000001,-5.980687977956732,-13.982995623432348,2.011536022318997,0.016838735831923,-0.023038609681056515,-178.3228256310525,-5.972323417645722,-13.979999542238863,1.9999999999999991,-178.3238184563255,-0.003527705900677092,-0.0009952554392965458,-0.00042219057944288985,-0.0006996441123967007,0.0026371270536132444,0.00012123016730337875,0.181348521208288,-0.0002850854159843385,-0.0001285636092293311,-6.506025083607513e-05,660.1778829355375,660.0600821655643,659.9165131598654,659.9611002911278,0.0,0.0,0.0
10.816,-5.980502577287143,-13.982934602497592,2.0115143930088695,0.013301741877903726,-0.014934983793621586,-178.32256856421472,-5.972323417650484,-13.979999542238152,1.9999999999999991,-178.3238184563255,-0.0036361694611554848,-0.0011141577256712117,-0.00040940563457466376,-0.0014224233043469263,0.0026807656468290065,6.68570859740388e-05,0.18131460716221842,2.010585427843171e-05,-0.0003215528313547345,-5.102398353217658e-05,660.1417030340775,660.0558530241321,660.0061329051476,659.9088100454976,0.0,0.0,0.0
10.868,-5.980313937270146,-13.982868443042458,2.01149341926131,0.008806949952290902,-0.007544539106198132,-178.32243348841874,-5.972323417654166,-13.97999954223762,1.9999999999999991,-178.3238184563255,-0.00367284174243504,-0.001194886585471989,-0.00039784930033537363,-0.0014985496598584635,0.002318300931999701,3.123923681858913e-05,0.18127284886760955,0.00014440246162858146,-0.0003834286853436228,-4.092806905860162e-05,660.1178989427839,660.0498243925077,660.0456875732247,659.8953357051461,0.0,0.0,0.0
10.92,-5.980125432634049,-13.982799352141637,2.011473030435631,0.00474479708440075,-0.0014755021981176994,-178.32238942279267,-5.972323417656925,-13.979999542237227,1.9999999999999991,-178.3238184563255,-0.0036480344919017616,-0.0012353213998539162,-0.0003876854789745824,-0.0012503218691899461,0.0018388204094980584,4.340987500360084e-06,0.18122709374725968,0.000156104396552309,-0.000394761272437974,-3.207416168670615e-05,660.1045688062464,660.0365980787524,660.0602082681324,659.9032977255349,0.0,0.0,0.0
10.972,-5.979939789575433,-13.982729317335991,2.0114531461328213,0.0014150906211879602,0.003253951145636178,-178.32241614318923,-5.972323417658946,-13.979999542236946,1.9999999999999991,-178.3238184563255,-0.003575265536387987,-0.0012421365961656084,-0.00037900580390448754,0.0,0.0,0.0,0.1811807955212321,-0.000221786423252645,0.00013109623148154086,-2.9930515753945465e-05,660.0795044186974,660.0536752210919,659.9334398620077,660.0339559202279,0.0,0.0,0.0
11.024000000000001,-5.979759134440785,-13.982660009909251,2.011433683288077,-0.0024374327698344937,0.007820449541599064,-178.32250207620555,-5.972323417660398,-13.979999542236747,1.9999999999999991,-178.3238184563255,-0.0034632241226633872,-0.0012180925499493392,-0.0003718776860733229,0.0,0.0,0.0,0.18113725950804896,-6.736251147778257e-05,-8.36142593552218e-05,-2.8102194960172653e-05,660.0845960795971,660.0415966172435,659.9875844166774,659.9829552354945,0.0,0.0,0.0
11.076,-5.979585369450493,-13.98259317557498,2.0114145621237993,-0.005787093678857886,0.011486952135100264,-178.32264847940675,-5.972323417661422,-13.97999954223661,1.9999999999999991,-178.3238184563255,-0.003315767826055469,-0.0011618579815060378,-0.000366190685747218,0.0,0.0,0.0,0.18109794020934772,9.745267232161989e-05,-0.00029896674757237885,-2.4996241216076484e-05,660.0866260460436,660.0292326823168,660.0451604805178,659.9322441475233,0.0,0.0,0.0
11.128,-5.979420015711909,-13.982530376327272,2.011395706606325,-0.008748540844155904,0.014224767719798689,-178.32285679846828,-5.972323417662135,-13.979999542236515,1.9999999999999991,-178.3238184563255,-0.0031416835404508648,-0.0010781950260545464,-0.00036179508283338223,0.0,0.0,0.0,0.18106378964202913,0.00027591131860910535,-0.0005083197994215544,-2.0560337877022726e-05,660.0841327072822,660.0179395951731,660.1057766235373,659.8823976084426,0.0,0.0,0.0
11.18,-5.9792641105573425,-13.982472899404927,2.0113770502952,-0.010400116774348017,0.015307811405824911,-178.32310490003124,-5.972323417662623,-13.97999954223645,1.9999999999999991,-178.3238184563255,-0.0029518066912627497,-0.0009736383919710259,-0.00035847110487712664,0.0,0.0,0.0,0.18103476648615555,0.00042355575573967325,-0.0006715815977388446,-1.5283454437820086e-05,660.078410562458,660.0077685619262,660.1567125092317,659.8447786547669,0.0,0.0,0.0
11.232000000000001,-5.979117935445748,-13.98242138797553,2.0113585372104494,-0.009633594932403787,0.013941695875605198,-178.32337487051262,-5.9723234176629525,-13.979999542236405,1.9999999999999991,-178.3238184563255,-0.002763905679471347,-0.000864109542266984,-0.0003559706052338468,0.0,0.0,0.0,0.18101021773236478,0.0004777897088288937,-0.0007377774065681095,-9.52632853824035e-06,660.0715960092327,659.9975461119768,660.1812831574738,659.8350505402377,0.0,0.0,0.0
11.284,-5.9789806907028495,-13.982375352816577,2.011340120649643,-0.0058249422602182155,0.009678253362744908,-178.32363599707304,-5.972323417663174,-13.979999542236381,1.9999999999999991,-178.3238184563255,-0.00260152304927608,-0.0007738378127343147,-0.00035414730726374003,0.0016520352539614726,-0.0017999286833568942,-7.307074763063655e-05,0.18099019734429905,-0.0002479481263249975,2.863616440416006e-05,2.266733763963558e-05,660.0207744664835,659.9583056018253,660.0129279395533,660.0917027734935,0.0,0.0,0.0
11.336,-5.978850366222761,-13.982332976326465,2.0113217620483925,-0.0010786728440189707,0.003948530757454142,-178.3237936950949,-5.972323417663319,-13.979999542236358,1.9999999999999991,-178.3238184563255,-0.0024870214362348623,-0.0007252038791811138,-0.0003529693002522401,0.0014043305018548065,-0.0018969854257874356,-4.5394298839622325e-05,0.18097562531617584,-0.00031875484193962325,0.0002416393620524008,1.5974973428837336e-05,660.0094623273801,659.9874970356393,659.9629116786849,660.1225216197439,0.0,0.0,0.0
11.388,-5.97872434361744,-13.982292032159583,2.0113034306723687,0.0019690173248534232,-0.001171340503163138,-178.32391280532647,-5.972323417663414,-13.979999542236346,1.9999999999999991,-178.3238184563255,-0.0024237546873782084,-0.0007139061000178475,-0.0003523699954111612,0.0,0.0,0.0,0.1809668309898071,9.598620707564726e-05,-0.0002945377526783929,1.9768542953840185e-06,660.0459441098668,659.9893910566806,660.078756254492,659.9675249917802,0.0,0.0,0.0
11.44,-5.978600205215339,-13.982250969598322,2.011285106272694,0.004453335283955657,-0.0063495809836902175,-178.32404016989236,-5.972323417663475,-13.979999542236346,1.9999999999999991,-178.3238184563255,-0.002405787254806458,-0.0007262363920583016,-0.00035210119445162446,0.0008647911362639445,-0.0018308347339644616,-4.030270505004071e-05,0.18096202192832941,-0.00036112789577841015,0.0006492228333642753,1.9377765960390005e-05,659.952436939385,660.0344974727891,659.9032366449247,660.1910000510416,0.0,0.0,0.0
11.492,-5.978475590902431,-13.982208582720872,2.0112667771923163,0.006534195258287478,-0.01133710429327823,-178.3241282231561,-5.972323417663514,-13.979999542236346,1.9999999999999991,-178.3238184563255,-0.0024344886667134157,-0.0007598032932512795,-0.0003520031612920935,0.0,0.0,0.0,0.18096000093748874,-0.00015859524340057135,0.00022469336580317422,6.579562337456921e-06,660.0017382372557,660.0205650236414,659.974786431613,660.0839558499503,0.0,0.0,0.0
11.544,-5.978348274157476,-13.982163891956786,2.0112484377064006,0.0075707925718848604,-0.015254871763373543,-178.32420041161018,-5.972323417663539,-13.979999542236346,1.9999999999999991,-178.3238184563255,-0.0025030739639427804,-0.0008075713763129519,-0.00035201352297758813,0.0,0.0,0.0,0.180960338626898,-0.0002612131465166102,0.0005036192993144517,8.126271157222579e-06,659.9744999659865,660.0435449465988,659.9225990002908,660.1404401764846,0.0,0.0,0.0
11.596,-5.978216546536091,-13.982116425061509,2.0112300867908885,0.0071034878061452525,-0.017323302420070064,-178.32424615525343,-5.972323417663553,-13.979999542236346,1.9999999999999991,-178.3238184563255,-0.002599352175721777,-0.000858840344888415,-0.0003520925962687911,0.0,0.0,0.0,0.1809626780854234,-0.00030674811622580825,0.0007389227112508131,9.10987647741133e-06,659.9461646637399,660.0692619753277,659.8840138826198,660.1818433979857,0.0,0.0,0.0
11.648,-5.9780795605245,-13.982066427427709,2.0112117272414847,0.0046737180429242305,-0.016461515671290464,-178.32426364143504,-5.9723234176635644,-13.979999542236346,1.9999999999999991,-178.3238184563255,-0.0027026707063072418,-0.0008984387254153886,-0.00035224659283281866,0.0,0.0,0.0,0.18096699121643897,-0.00026026840033461834,0.0008650782800927668,9.494318523348769e-06,659.9211360969452,660.0934056402884,659.8732896639558,660.1938122716724,0.0,0.0,0.0
11.700000000000001,-5.9779377847058806,-13.98201505916116,2.0111933651825225,0.00044236762739268955,-0.011985964742716747,-178.32425510722578,-5.972323417663568,-13.979999542236346,1.9999999999999991,-178.3238184563255,-0.0027840790865812726,-0.000908973957520613,-0.00035247672174850445,-0.0015194088404436585,0.0019531467944172943,5.4559092251740895e-06,0.18097309362738723,0.0004740256864889934,7.253105559878222e-05,7.334419861148942e-06,659.9325523062354,660.0882287237057,660.0878821926558,659.9735275113554,0.0,0.0,0.0
11.752,-5.977793232699058,-13.981964232527504,2.011175009812188,-0.0027939933421062425,-0.005439438472742346,-178.3242315883764,-5.972323417663568,-13.979999542236346,1.9999999999999991,-178.3238184563255,-0.0028151303653792285,-0.0008825571797127998,-0.00035262958977804127,-0.0007215443836562687,0.0022565429428689178,9.432286195698844e-06,0.18097918100138013,0.00030773261990099345,-0.00021516579993549893,5.389671231531076e-06,660.0000345485862,660.026400354873,660.1026066337724,659.9536728500034,0.0,0.0,0.0
11.804,-5.977648834392497,-13.98191547294972,2.0111566717214098,-0.0035860941399741115,0.0009763226652091652,-178.32419901754372,-5.972323417663568,-13.979999542236346,1.9999999999999991,-178.3238184563255,-0.002787281081727376,-0.0008370510825585434,-0.0003525515825274177,-1.9854498313076888e-05,0.0020404320629919996,1.1987465308463495e-05,0.1809834016063787,9.111145757277721e-05,-0.0003490580430371652,3.7687605564196408e-06,660.0522887399226,659.9788180769256,660.0886743244951,659.9633032765481,0.0,0.0,0.0
11.856,-5.977507493009391,-13.981869243612596,2.011138359352388,-0.003053162707681588,0.006807391196844791,-178.32415098648582,-5.972323417663568,-13.979999542236346,1.9999999999999991,-178.3238184563255,-0.002706196259291785,-0.0007908878778027919,-0.0003522727102169826,0.00028368775142109166,0.002029830175534614,1.9424682263689655e-05,0.18098577852634626,-2.7114217551730657e-05,-0.000587797116719197,4.214006298738934e-08,660.1083353184817,659.9331921325796,660.1007301340114,659.9410326845439,0.0,0.0,0.0
11.908,-5.97737186521017,-13.981825362686484,2.0111200778688314,-0.002060141395877005,0.01249905797383976,-178.3240992539195,-5.972323417663568,-13.979999542236346,1.9999999999999991,-178.3238184563255,-0.002574617242574247,-0.0007524527809559024,-0.0003518810914985209,0.0,0.0,0.0,0.18098701135440382,5.556083321993409e-05,-9.726567252867505e-05,6.019271943245753e-06,660.0184647915828,660.0065859902172,660.0509593126787,660.0074307945084,0.0,0.0,0.0
11.96,-5.977244435320917,-13.981783416251362,2.011101830071833,-0.0008591744851822268,0.01733096353556563,-178.324030331419,-5.972323417663568,-13.979999542236346,1.9999999999999991,-178.3238184563255,-0.002398772947717021,-0.0007240417527658589,-0.0003513728847332659,0.0,0.0,0.0,0.18098697068843236,1.2246742866953653e-05,-0.00040197212099912354,4.5581862843277506e-06,660.0700550917068,659.9590498411802,660.086165503567,659.9681860443383,0.0,0.0,0.0
12.012,-5.977127271226402,-13.981742884275368,2.011083616656541,0.0005376418549529618,0.021014073255670035,-178.32395301456322,-5.972323417663568,-13.979999542236346,1.9999999999999991,-178.3238184563255,-0.0021868103667541166,-0.0007076186190750063,-0.0003507816444077294,0.0,0.0,0.0,0.18098596250788565,-5.0210384389966806e-05,-0.0007044444238393132,2.9159649880680872e-06,660.1242783985394,659.9093312463253,660.1180536684309,659.9317114877798,0.0,0.0,0.0
12.064,-5.9770218524761685,-13.981703161071238,2.0110654364738156,0.001773279341948384,0.02231484516210692,-178.32387367853994,-5.972323417663568,-13.979999542236346,1.9999999999999991,-178.3238184563255,-0.0019536320444115797,-0.0007035910741072534,-0.0003501116609556312,0.0,0.0,0.0,0.1809840641318978,-0.00011757569124757209,-0.0009391285358617181,1.2242199763855848e-06,660.1695891215774,659.8686107510107,660.1394969217038,659.9054973242319,0.0,0.0,0.0
12.116,-5.976928547513501,-13.98166369545206,2.011047286948861,0.0023908538724921173,0.020076610997385454,-178.32379722342836,-5.972323417663568,-13.979999542236346,1.9999999999999991,-178.3238184563255,-0.0017248659873711364,-0.0007087439960737059,-0.00034939272210980616,0.0,0.0,0.0,0.1809816495637539,-0.00016765893247865904,-0.0010318198566869568,-4.4979513220028236e-07,660.1921765550279,659.8505332372318,660.1431880343749,659.897051662165,0.0,0.0,0.0
12.168000000000001,-5.976846109804876,-13.981624178705191,2.0110291645045386,0.001998498056548738,0.01374063000951101,-178.32373423026297,-5.972323417663568,-13.979999542236346,1.9999999999999991,-178.3238184563255,-0.0015344464574314467,-0.0007159626820050874,-0.0003486774857401438,-0.0002809180186921701,-0.00259028069582886,1.5569856706159033e-05,0.18097935012293967,-6.888845682066846e-05,7.246874349937276e-05,-7.466667385406019e-06,660.0305216446089,660.0315413900998,659.9902212676114,660.030484212141,0.0,0.0,0.0
12.22,-5.976771533578854,-13.981584699077331,2.011011065142769,0.0007668407540971725,0.005686900622543888,-178.3237019515836,-5.972323417663568,-13.979999542236346,1.9999999999999991,-178.3238184563255,-0.0014123837166800913,-0.0007161901615258652,-0.00034804753390165404,-0.00046478893020309174,-0.0026555112553878334,8.702360753495545e-06,0.18097809537570542,3.4687616833644535e-05,0.0003344343159643568,-5.65478443209748e-06,659.9759173949336,660.0810519589486,659.9701363654855,660.0555132652081,0.0,0.0,0.0
12.272,-5.97670105330928,-13.981545685753007,2.010992985922958,-0.000576967356182227,-0.0014533473738390676,-178.32368349488365,-5.972323417663568,-13.979999542236346,1.9999999999999991,-178.3238184563255,-0.0013614957960705197,-0.0007046727799552353,-0.00034751306491384283,-0.0004208617378822762,-0.002186010454337198,4.647873447384634e-06,0.1809780789156672,6.618792959330223e-05,0.0004128683769720525,-4.57161438200399e-06,659.9587580990029,660.0952048559155,659.9649499431893,660.0636947658012,0.0,0.0,0.0
12.324,-5.97663131968259,-13.98150763719301,2.01097492577083,-0.0016636470362194821,-0.007077512335126146,-178.32367402006233,-5.972323417663568,-13.979999542236346,1.9999999999999991,-178.3238184563255,-0.0013689378412384684,-0.0006824283496191866,-0.0003470225591028975,0.0,0.0,0.0,0.1809788274013525,-4.793017474400777e-05,-0.00017984098289898837,-3.081010206201309e-06,660.0573767231017,659.9925018190158,660.0351931207344,659.9976211483115,0.0,0.0,0.0
12.376000000000001,-5.976559659305048,-13.981470973996835,2.0109568852447888,-0.002882253967418776,-0.012637030903540548,-178.32367070696742,-5.972323417663568,-13.979999542236346,1.9999999999999991,-178.3238184563255,-0.001424469488125562,-0.0006508914965149972,-0.0003465039547269989,0.0,0.0,0.0,0.18097961301723534,1.5906015471246385e-05,0.00011639637164177302,-3.152663614652636e-06,660.0062207049326,660.0439037160934,660.002019952676,660.030642484657,0.0,0.0,0.0
12.428,-5.976483556291906,-13.981436149045916,2.0109388659362426,-0.004176892388435587,-0.01806155688931034,-178.32367568607043,-5.972323417663568,-13.979999542236346,1.9999999999999991,-178.3238184563255,-0.0015283015190535735,-0.0006086548695433709,-0.0003459121306892491,0.0,0.0,0.0,0.18097993975249765,9.562442649571311e-05,0.00046215746316703455,-3.0478984869348058e-06,659.9454936028787,660.1043637932346,659.9642909075352,660.0686899905227,0.0,0.0,0.0
12.48,-5.976400633616126,-13.981403633750466,2.0109208707341333,-0.005068665418651743,-0.022025540857431542,-178.32368847612182,-5.972323417663568,-13.979999542236346,1.9999999999999991,-178.3238184563255,-0.0016740684390191107,-0.0005567821569258274,-0.00034529568840387716,0.0,0.0,0.0,0.18098019177983757,0.00017013570064565805,0.0007973093358108842,-2.776924816167696e-06,659.8867815508729,660.1623341751235,659.9275572446702,660.1061941139776,0.0,0.0,0.0
12.532,-5.976309230045622,-13.981373726781678,2.0109028983960044,-0.005024833838288432,-0.02304693959784894,-178.3237079948271,-5.972323417663568,-13.979999542236346,1.9999999999999991,-178.3238184563255,-0.001842944648170431,-0.0005008811090133882,-0.00034474327242474867,0.0,0.0,0.0,0.18098127976560083,0.0002113603104566162,0.0010418747575148585,-2.3618352356559842e-06,659.8455231786361,660.2024762775635,659.899195358267,660.1357492538826,0.0,0.0,0.0
12.584,-5.976209059893826,-13.981346339106263,2.0108849500831227,-0.003657411124392102,-0.019884966980844097,-178.32373274426902,-5.972323417663568,-13.979999542236346,1.9999999999999991,-178.3238184563255,-0.0020039554208694473,-0.00045079798341604246,-0.0003442799127812227,0.0,0.0,0.0,0.18098341144355556,0.0001928469072335951,0.001112678141944303,-1.835877947732656e-06,659.8373856786553,660.2092326780777,659.8872412526316,660.149234779917,0.0,0.0,0.0
12.636000000000001,-5.976101742999071,-13.981320849294397,2.0108670289045465,-0.0012684251357281235,-0.012532166596714023,-178.32375406361587,-5.972323417663568,-13.979999542236346,1.9999999999999991,-178.3238184563255,-0.0021182034478236336,-0.0004182287988629786,-0.00034392822239445546,0.0007815943559664286,0.0027851286177236027,-5.854840121316816e-06,0.18098670813086473,-0.00018492768918544275,-0.00010135193263939742,7.544697536018306e-07,660.060577774489,659.9790375672109,660.0099959949043,660.0338005636089,0.0,0.0,0.0
12.688,-5.975990674364132,-13.981296291472882,2.0108491395766914,0.0004533180970206452,-0.004085424823193856,-178.3237697386398,-5.972323417663568,-13.979999542236346,1.9999999999999991,-178.3238184563255,-0.0021593756296226876,-0.0004059622024488867,-0.0003435692895863815,0.00043071687593779315,0.0027828768658868346,-4.8873501353640015e-06,0.18098984713816918,-0.00011572130259847332,-0.00035072612661988926,7.366527643655393e-07,660.0863211117995,659.9534642394802,660.0554030519173,659.9884675146646,0.0,0.0,0.0
12.74,-5.975879756281369,-13.981271970858865,2.010831287310134,0.0012207734289599633,0.0034972758363172713,-178.32378274291702,-5.972323417663568,-13.979999542236346,1.9999999999999991,-178.3238184563255,-0.0021274199064336124,-0.000405546701018087,-0.0003431037292505588,0.00016238674924872457,0.0023472643140693633,-4.084677078698797e-06,0.18099168173157687,-4.768836999770746e-05,-0.0004615177127243939,7.224570106310304e-07,660.0924700178954,659.9474343350297,660.0808890514041,659.9630196046708,0.0,0.0,0.0
12.792,-5.975772451475286,-13.981247613045314,2.010813475798115,0.001462718626148579,0.009473659852090572,-178.32379416390717,-5.972323417663568,-13.979999542236346,1.9999999999999991,-178.3238184563255,-0.0020346276242171196,-0.0004097465847709594,-0.0003425128838871395,0.0,0.0,0.0,0.18099190777733898,-2.5089939837169853e-06,0.0001732423803492791,-5.22436996263674e-07,659.9973737950689,660.046003159442,659.9952122297783,660.0452709590008,0.0,0.0,0.0
12.844,-5.975671485882759,-13.981223174960316,2.0107957060579906,0.0015467634373578715,0.014984257421209119,-178.3238081312276,-5.972323417663568,-13.979999542236346,1.9999999999999991,-178.3238184563255,-0.00189400543377843,-0.00041525762581926825,-0.00034187885160904456,0.0,0.0,0.0,0.1809912980622963,-1.5172768720909522e-05,-0.00012757386065417997,-2.2538383712162193e-07,660.0415995690933,660.0009415443443,660.0366539101152,660.0046390687231,0.0,0.0,0.0
12.896,-5.975579275172041,-13.981198691507547,2.010777976581986,0.0015491058551638296,0.020431840271641726,-178.32382209870883,-5.972323417663568,-13.979999542236346,1.9999999999999991,-178.3238184563255,-0.001706995530159972,-0.00042115951548371,-0.00034122539329317744,0.0,0.0,0.0,0.18099013258113283,-2.5765115441367347e-05,-0.00048175656234015704,7.218085948134735e-08,660.0931166086874,659.9485608841406,660.0859786593091,659.9561001598497,0.0,0.0,0.0
12.948,-5.975498108646574,-13.981174236037756,2.0107602862484506,0.0014037452779431057,0.024528031469511807,-178.3238348621131,-5.972323417663568,-13.979999542236346,1.9999999999999991,-178.3238184563255,-0.0014790138005847345,-0.0004265130586954889,-0.00034052194357512324,0.0,0.0,0.0,0.18098814458144355,-3.0489787524065358e-05,-0.0008317106077394595,3.4506007702664634e-07,660.143207538281,659.897629688832,660.1354802423382,659.9072713460149,0.0,0.0,0.0
13.0,-5.975429612856194,-13.981149929112316,2.010742632194131,0.0010595439459126325,0.02574085769890939,-178.32384578770285,-5.972323417663568,-13.979999542236346,1.9999999999999991,-178.3238184563255,-0.0012280494647777178,-0.0004298199580234223,-0.00033978096356297336,0.0,0.0,0.0,0.18098554657845634,-2.5559795140229586e-05,-0.0010961387363395327,5.784581273768033e-07,660.1797780179928,659.8602879370881,660.1741012519317,659.8691721539166,0.0,0.0,0.0
13.052,-5.9753750281349385,-13.981126397042246,2.010725348510747,0.0005319589278116136,0.022851283124138977,-178.32385420822675,-5.972323417663568,-13.979999542236346,1.9999999999999991,-178.3238184563255,-0.0009891782425252855,-0.00042938132372498746,-0.0003391136466708867,-0.00020177797923522797,-0.0016221164278282102,-2.4915786940077105e-06,0.18097270287103553,6.859085357764004e-05,-0.000566735691049881,1.6671955660601899e-06,660.089192006941,659.9473065002072,660.1133427637852,659.9323853560782,0.0,0.0,0.0
13.104000000000001,-5.975329893948297,-13.98110246172046,2.0107073957823696,2.4433612283202944e-05,0.015731669480029943,-178.32385802199022,-5.972323417663568,-13.979999542236346,1.9999999999999991,-178.3238184563255,-0.0007881116446137417,-0.00042389232777656917,-0.00033808975559733163,-0.0001231448132751026,-0.002647562060715817,-7.111257864429023e-07,0.18097875042405406,5.6935050852432856e-05,-5.969782177450288e-05,1.1018093043066302e-06,660.0195495844574,660.0187626715274,660.038817355111,660.0055972677977,0.0,0.0,0.0
13.156,-5.975293756355918,-13.981079611127072,2.0106898551314303,-0.00012220878751403476,0.0074702148727108075,-178.32385878998346,-5.972323417663568,-13.979999542236346,1.9999999999999991,-178.3238184563255,-0.0006630184873057589,-0.0004153563809228638,-0.0003372046999380886,-6.492065908424879e-06,-0.002782838017646148,1.007881034331002e-08,0.18097385660699053,1.8419767025817807e-05,0.00021264298604895698,8.566936580057977e-07,659.9864701779031,660.052283165091,659.994089531376,660.0494094135371,0.0,0.0,0.0
13.208,-5.9752617797603085,-13.981057341320009,2.010672333435337,-4.382267175942613e-05,-0.00037563335416751395,-178.3238577925681,-5.972323417663568,-13.979999542236346,1.9999999999999991,-178.3238184563255,-0.0006125738859547216,-0.0004066369819795637,-0.00033687049653893824,3.918171778954828e-05,-0.0024894869586891922,5.244653059728679e-07,0.18097468948913925,-2.363869135751773e-06,0.00036621256377104383,6.488326362840031e-07,659.9678619383521,660.0714959433709,659.9689856357537,660.0739659434278,0.0,0.0,0.0
13.26,-5.97523093789619,-13.981035924794488,2.0106551594090507,7.192317925041706e-05,-0.006780164519573417,-178.32385563460517,-5.972323417663568,-13.979999542236346,1.9999999999999991,-178.3238184563255,-0.0005649178566486596,-0.00035917164154491705,-0.00030295292937297625,3.2603145997230445e-05,-0.00176840381369315,7.872067024074076e-07,0.18063490832060708,3.276282674922982e-05,0.00029335739162811216,5.076520140707031e-07,659.9659049961016,660.0587939363825,659.9766434406761,660.050868527088,0.0,0.0,0.0
13.312000000000001,-5.975197072033234,-13.981014375143474,2.0106375716213902,0.00018680060127687422,-0.011619669442357667,-178.3238526030664,-5.972323417663568,-13.979999542236346,1.9999999999999991,-178.3238184563255,-0.0006933442006460995,-0.0003926691396453926,-0.00033865244797644315,3.4544317782264506e-05,-0.0013725951817914728,1.098133840226909e-06,0.18099414833398178,-1.2620096476275768e-05,0.0004494997334117597,3.3024818387170226e-07,659.9583395524265,660.0827745907185,659.9556593543492,660.0872832942455,0.0,0.0,0.0
13.364,-5.975158610764568,-13.980992995505423,2.010619967334777,0.00024190443142240033,-0.014556791425117633,-178.32384888014843,-5.972323417663568,-13.979999542236346,1.9999999999999991,-178.3238184563255,-0.0007942555696956672,-0.0003871709968480303,-0.0003380448399731879,0.0,0.0,0.0,0.1809976780716063,-4.517251318808491e-06,0.00012910212706333666,6.494060716895314e-07,660.0024573193659,660.0379424527135,660.0029691889397,660.0410274886456,0.0,0.0,0.0
13.416,-5.975114260278362,-13.980971716176724,2.010602408017027,0.00023657642628835033,-0.01622979783701658,-178.32384320574872,-5.972323417663568,-13.979999542236346,1.9999999999999991,-178.3238184563255,-0.0009140537220021508,-0.0003820272862849618,-0.0003370254651396873,0.0,0.0,0.0,0.1809966327903205,-7.497704253948367e-06,0.00031034268879267287,5.283971105938103e-07,659.9772165091487,660.0634749110734,659.9765442806082,660.0670735777433,0.0,0.0,0.0
13.468,-5.975062313169431,-13.98095010767705,2.010584567810136,0.00017591634729182602,-0.016743805978877632,-178.32383626001578,-5.972323417663568,-13.979999542236346,1.9999999999999991,-178.3238184563255,-0.001045269377528271,-0.0003766573137033358,-0.0003355449127744756,0.0,0.0,0.0,0.1810009899536624,-8.599050220270385e-06,0.000465921894463837,3.805375931871073e-07,659.955517133252,660.0857749277428,659.9541216295181,660.0892776878729,0.0,0.0,0.0
13.52,-5.975004636572979,-13.980929006601977,2.0105671844517534,2.7402339389914772e-05,-0.015382898878968158,-178.32382892661118,-5.972323417663568,-13.979999542236346,1.9999999999999991,-178.3238184563255,-0.001170063550749838,-0.00037065916219509505,-0.0003333569185115322,0.0,0.0,0.0,0.1809846464436309,-4.6539531269884886e-06,0.0005443857535879587,2.240807070282163e-07,659.9436320847906,660.0973621918458,659.9429270092621,660.0993081109108,0.0,0.0,0.0
13.572000000000001,-5.974941064037222,-13.980908086879596,2.010549856594197,-0.0001749772088378716,-0.01171735525863645,-178.32382155472806,-5.972323417663568,-13.979999542236346,1.9999999999999991,-178.3238184563255,-0.0012727646462671344,-0.00036324316872076844,-0.00033271446814358565,0.0,0.0,0.0,0.1809826321357544,3.0503214378245345e-06,0.0005124615957110759,6.708721848081798e-08,659.9472495073993,660.09408110404,659.9483042309771,660.0933981603198,0.0,0.0,0.0
13.624,-5.974873372227163,-13.980887484873323,2.010532557182747,-0.0003783747789996293,-0.005754483555246345,-178.32381506448075,-5.972323417663568,-13.979999542236346,1.9999999999999991,-178.3238184563255,-0.0013329008876694826,-0.00035412413135994347,-0.00033233786693909076,-5.992967437957749e-05,0.0022183472973024564,1.693638747070388e-06,0.18098322490951188,3.566876141159137e-05,-0.0005052010472570121,-6.888343584496787e-07,660.0885882176491,659.9548530649258,660.0968390512842,659.942784648987,0.0,0.0,0.0
13.676,-5.974804275823928,-13.980867360101946,2.0105152832991666,-0.00044528835405679035,0.00024277261006094218,-178.32381137986502,-5.972323417663568,-13.979999542236346,1.9999999999999991,-178.3238184563255,-0.0013366367512009194,-0.00034373734192619406,-0.0003319860674773491,0.0,0.0,0.0,0.18098414583249653,1.7725246910740593e-05,0.00013345735185858116,-1.503821968901416e-07,659.9994664017446,660.0425272321027,660.0040986850255,660.037062291434,0.0,0.0,0.0
13.728,-5.974736534590081,-13.980847814968598,2.010498035831621,-0.0003505585235984908,0.005568028551065596,-178.3238077490379,-5.972323417663568,-13.979999542236346,1.9999999999999991,-178.3238184563255,-0.001290980324657553,-0.00033356412252655775,-0.0003315887117266672,0.0,0.0,0.0,0.1809846729159691,1.592709620974383e-05,-9.874476968931042e-05,-2.2785791435236878e-07,660.0329119108039,660.0093232361488,660.0368172518899,660.0041556253346,0.0,0.0,0.0
13.780000000000001,-5.974672584261178,-13.980828869220218,2.0104808157393745,-0.00013720666260198425,0.01078663824796074,-178.3238048131964,-5.972323417663568,-13.979999542236346,1.9999999999999991,-178.3238184563255,-0.0011991890130768966,-0.0003248496315454804,-0.0003311580692257415,0.0,0.0,0.0,0.18098489465733086,7.862157655006502e-06,-0.00037451982244176137,-2.9053379103347097e-07,660.0734285157364,659.9689946821237,660.0748631372111,659.96595046849,0.0,0.0,0.0
13.832,-5.974614715916271,-13.980810484828515,2.010463623415296,0.00015169978464741994,0.014944489010479779,-178.32380284394768,-5.972323417663568,-13.979999542236346,1.9999999999999991,-178.3238184563255,-0.0010659032856370713,-0.00031848706672066686,-0.00033067798281441257,0.0,0.0,0.0,0.18098463806065684,-5.587106998788679e-06,-0.0006515742246839324,-3.327760490318166e-07,660.1148537020055,659.927676729626,660.1123410955231,659.9283465787295,0.0,0.0,0.0
13.884,-5.974564692350024,-13.980792576547644,2.010446458622335,0.000437802716607724,0.016843679056945105,-178.32380190142092,-5.972323417663568,-13.979999542236346,1.9999999999999991,-178.3238184563255,-0.0009053886074656366,-0.0003148530371629419,-0.00033014498109209893,0.0,0.0,0.0,0.18098387513808004,-2.1554336878918184e-05,-0.0008669219991258223,-3.5308012286057626e-07,660.1478047868579,659.89474317112,660.1406890334849,659.8999055546224,0.0,0.0,0.0
13.936,-5.974523219584602,-13.9807750324523,2.0104293204157937,0.0006165506474775008,0.015422610149317189,-178.32380199219133,-5.972323417663568,-13.979999542236346,1.9999999999999991,-178.3238184563255,-0.0007419417716593504,-0.0003135225974925092,-0.0003295803672367508,1.3004658047418432e-05,-0.0004279613132261629,-7.003519925207142e-08,0.18098284436051618,-4.0261222338931655e-05,-0.0007876657491083794,-3.258973871454138e-07,660.1391205905848,659.9033050172978,660.126752667732,659.913871733145,0.0,0.0,0.0
13.988,-5.974489493768435,-13.98075774771672,2.010412207323487,0.0005772947098576091,0.010508447094319879,-178.3238028394835,-5.972323417663568,-13.979999542236346,1.9999999999999991,-178.3238184563255,-0.0006070008743485151,-0.0003131201588144926,-0.00032902343639635586,-4.960001985597334e-05,-0.001967661272633616,-3.320358673078668e-07,0.18098197818632944,-2.158454130705133e-05,-0.00011226133887079623,-2.125472230624665e-07,660.0401019398032,660.0019790711273,660.0333656121887,660.0075384240594,0.0,0.0,0.0
14.040000000000001,-5.974461210404891,-13.980740671392255,2.0103951189003313,0.0003179511835552175,0.0041262227201334396,-178.32380408627526,-5.972323417663568,-13.979999542236346,1.9999999999999991,-178.3238184563255,-0.0005246572914017815,-0.00031152391346133464,-0.0003284817539632065,-0.00010379373799532655,-0.0021851959153903226,-4.297556121050373e-07,0.1809813640294263,4.282270775181151e-06,0.00016041551593331995,-1.504386822575356e-07,659.9974808884659,660.0443912085987,659.9982839909753,660.0427549294317,0.0,0.0,0.0
14.092,-5.974435888034998,-13.980724149112095,2.010378380912203,6.420309884503689e-06,-0.001972867424650423,-178.32380546859304,-5.972323417663568,-13.979999542236346,1.9999999999999991,-178.3238184563255,-0.00045035781408579435,-0.0002766622688463972,-0.0002952282931542256,-9.26076468134196e-05,-0.0017790150752446832,-4.4008230922820356e-07,0.1806485981474824,3.910012931455119e-05,0.00018395615479024257,-1.1727337546281367e-07,659.9817503242024,660.0452834142662,659.9925628555375,660.033822197198,0.0,0.0,0.0
14.144,-5.974409703204322,-13.98070758585813,2.0103612564622417,-0.00023634521659562932,-0.007192748929996259,-178.32380697681896,-5.972323417663568,-13.979999542236346,1.9999999999999991,-178.3238184563255,-0.0005273812444397455,-0.0003007995223187232,-0.0003297138121452903,-6.823429711680944e-05,-0.0015678296195722468,-5.150754891083259e-07,0.1809954784970649,9.51403017066196e-06,0.00038921174942704227,-5.7807429431566037e-08,659.9643363433997,660.0779040428902,659.9668863125414,660.0750343409077,0.0,0.0,0.0
14.196,-5.974380790703271,-13.980691345075407,2.010344123036789,-0.0003995257231513254,-0.010878965185129862,-178.32380849432312,-5.972323417663568,-13.979999542236346,1.9999999999999991,-178.3238184563255,-0.0005948860779458387,-0.00029243874344274146,-0.00032907159124661916,-2.8423234013689423e-05,-0.0006160017354039586,-3.085326637396953e-07,0.1809979844449518,1.46686421205968e-06,0.0002385367377042266,-1.007561050617702e-07,659.9870603975533,660.055419789853,659.9871991690325,660.0547229862001,0.0,0.0,0.0
14.248000000000001,-5.974347503183351,-13.980675447192946,2.010327034823024,-0.0005283050533075815,-0.013116809118562778,-178.32381044734993,-5.972323417663568,-13.979999542236346,1.9999999999999991,-178.3238184563255,-0.000687988945875292,-0.00028297211406570413,-0.00032807961845773457,0.0,0.0,0.0,0.18099649300089782,-2.2995369711946407e-06,0.00018596596948062754,-1.7173871708857167e-07,659.9951518811869,660.0474649477923,659.9940212471059,660.0476442904758,0.0,0.0,0.0
14.3,-5.974308861552191,-13.980659916132307,2.010309995943043,-0.0006784931827153231,-0.014542225403742984,-178.32381292506307,-5.972323417663568,-13.979999542236346,1.9999999999999991,-178.3238184563255,-0.000796271668715344,-0.00027247722329617953,-0.00032709556552056767,0.0,0.0,0.0,0.18099438779975888,7.257192983304769e-06,0.0003592550620802021,-1.1914821115153502e-07,659.9689931870906,660.0733856076666,659.9707303901085,660.070988778326,0.0,0.0,0.0
14.352,-5.974264325388846,-13.98064479352071,2.0102930042132554,-0.0008110150753701622,-0.014671169899838304,-178.3238155472164,-5.972323417663568,-13.979999542236346,1.9999999999999991,-178.3238184563255,-0.0009111285295768563,-0.0002608682269297011,-0.0003261852655706298,0.0,0.0,0.0,0.1809923840162261,1.7679225169123132e-05,0.0004930793069385856,-6.324279776907853e-08,659.9483270382065,660.0938046552326,659.9531879227428,660.0885945483375,0.0,0.0,0.0
14.404,-5.974212936591803,-13.980629851678428,2.0102757306115104,-0.0008552898147986181,-0.012799589226716148,-178.32381822526125,-5.972323417663568,-13.979999542236346,1.9999999999999991,-178.3238184563255,-0.0010205496923007377,-0.0002483210052346859,-0.0003253189461049352,0.0,0.0,0.0,0.18100075128082063,2.5364499781427686e-05,0.0005469267236109314,-6.243140604772656e-09,659.9396668152966,660.1026705542815,659.9468748591893,660.0954296355683,0.0,0.0,0.0
14.456,-5.9741576031195995,-13.980615690281608,2.010258886568358,-0.0007622897801742441,-0.008560665939828987,-178.32382071570888,-5.972323417663568,-13.979999542236346,1.9999999999999991,-178.3238184563255,-0.0011013449636620644,-0.00023630693505996485,-0.00032305988190523916,0.0,0.0,0.0,0.18098252623639363,2.766571054116481e-05,0.00047783630610437355,4.700075314989085e-08,659.9486974889245,660.0926779929964,659.9567084145771,660.0849290235377,0.0,0.0,0.0
14.508000000000001,-5.974099426466238,-13.980602026366348,2.010242100273467,-0.000506751928989074,-0.0022854449453635745,-178.32382259329373,-5.972323417663568,-13.979999542236346,1.9999999999999991,-178.3238184563255,-0.0011351582031461926,-0.0002259272680884301,-0.00032255051333015687,9.817979696885798e-05,0.002178183092904546,-4.184504187230063e-07,0.18098053820437857,-1.5860379614301447e-05,-0.0005567076464562408,2.397738330543509e-07,660.1019136009301,659.9388308243931,660.098060641948,659.9440129460751,0.0,0.0,0.0
14.56,-5.97404122297611,-13.980588821194647,2.010225337111799,-0.00023474574045131874,0.0033779004639452365,-178.32382362068705,-5.972323417663568,-13.979999542236346,1.9999999999999991,-178.3238184563255,-0.00111336333372667,-0.00021816632804426729,-0.0003222727465691165,0.0,0.0,0.0,0.18098096272318256,1.339857305219159e-05,6.068448536515613e-05,1.096587382182722e-07,660.0100166230982,660.0311174648227,660.0141366421215,660.0276049318175,0.0,0.0,0.0
14.612,-5.973985624778439,-13.980576016221063,2.0102085936523113,7.797901013335961e-05,0.008656795903605357,-178.32382444851126,-5.972323417663568,-13.979999542236346,1.9999999999999991,-178.3238184563255,-0.001044381937855467,-0.0002130142677258397,-0.0003219847619406301,0.0,0.0,0.0,0.18098153002099057,8.548731645229578e-07,-0.00019039962112706913,1.2738576459475458e-07,660.0475515022051,659.9935640742019,660.0481477553752,659.9936733748765,0.0,0.0,0.0
14.664000000000001,-5.973935912038403,-13.980563769662762,2.010192163460236,0.00041580838123740437,0.01331561168717124,-178.32382481319755,-5.972323417663568,-13.979999542236346,1.9999999999999991,-178.3238184563255,-0.0009334608081885481,-0.00021092004543731444,-0.0003231437802207814,0.00010486246199373984,0.0013389783400955754,-4.978460287289303e-08,0.18098713860737028,-5.568019612588421e-05,-0.0009775932892074413,1.5378277076482907e-07,660.1677867759001,659.8734828081642,660.1523567161222,659.8897713419677,0.0,0.0,0.0
14.716000000000001,-5.973892103584413,-13.980551509157108,2.010175359886541,0.0005617153703807843,0.015223704488220071,-178.32382473523967,-5.972323417663568,-13.979999542236346,1.9999999999999991,-178.3238184563255,-0.0007893283099570266,-0.00021132358849148403,-0.00032323121265539015,0.0,0.0,0.0,0.1809950642030176,-2.6092665450758323e-05,-0.0006537224904264812,1.3399215894906197e-07,660.1176645821889,659.924035078135,660.1106047751883,659.9318391472533,0.0,0.0,0.0
14.768,-5.973856002511341,-13.980539430404134,2.010158585469542,0.0004903825876369442,0.0141016809117664,-178.32382432726527,-5.972323417663568,-13.979999542236346,1.9999999999999991,-178.3238184563255,-0.0006419362708226632,-0.00021219471391346333,-0.0003224178734674982,0.0,0.0,0.0,0.1809940705468034,-2.8121742512471952e-05,-0.0007267662688818132,1.2532405099395678e-07,660.1283426376515,659.9133303759368,660.1206810950636,659.9216885846471,0.0,0.0,0.0
14.82,-5.973826962291612,-13.98052754650538,2.0101418535688333,0.0002460153613229958,0.010161313790363658,-178.32382376436007,-5.972323417663568,-13.979999542236346,1.9999999999999991,-178.3238184563255,-0.000517417983923462,-0.0002117610669233127,-0.00032153389031324835,-9.314019510072656e-05,-0.0015973181749426638,1.87122995381818e-07,0.1809918929128425,1.4187372830890904e-05,-5.086074818723906e-05,4.512813278436677e-08,660.0261260096004,660.0156804541485,660.0302918851911,660.0117644488721,0.0,0.0,0.0
14.872,-5.973803116652392,-13.980515907857566,2.0101251624893544,-8.186280267620636e-07,0.005033756360348114,-178.3238231965979,-5.972323417663568,-13.979999542236346,1.9999999999999991,-178.3238184563255,-0.000435635275978528,-0.0002090291390684227,-0.00032072307955412704,-7.169766875264956e-05,-0.001740732166716856,1.9867547374550834e-07,0.18098999826321802,1.4538639487119381e-05,0.00015023253667523846,2.8834367356577382e-08,659.9974138900513,660.0443451174776,660.0016348740343,660.0402841118791,0.0,0.0,0.0
14.924,-5.973782063161502,-13.980504553140252,2.0101085087270647,-0.0001587695377393185,0.00014114135140850018,-178.32382259025732,-5.972323417663568,-13.979999542236346,1.9999999999999991,-178.3238184563255,-0.0004004892941271354,-0.00020446923716044112,-0.0003199942390439111,-4.1231202180802955e-05,-0.0015442050261376982,2.0135175718399168e-07,0.1809885835814056,9.265677134615245e-06,0.00025015692915033775,1.4923755620807576e-08,659.9839202956097,660.0578107774056,659.9866008827483,660.0552131359684,0.0,0.0,0.0
14.975999999999999,-5.973761524261916,-13.980493485420459,2.010091889228227,-0.00024208123779718765,-0.0038467900374573867,-178.3238219854142,-5.972323417663568,-13.979999542236346,1.9999999999999991,-178.3238184563255,-0.00040633663027392206,-0.00019888484600728718,-0.0003193268049547947,-2.0393221337791553e-05,-0.001185177677489623,1.951669804958683e-07,0.1809875427343426,5.538320823909355e-06,0.0002862337369190399,4.295666020314646e-09,659.979305429715,660.0624098996265,659.9808948860409,660.0608444313048,0.0,0.0,0.0
15.027999999999999,-5.973740107627056,-13.980482890753846,2.010075628468863,-0.00028078449442017127,-0.006589181425971135,-178.32382142409566,-5.972323417663568,-13.979999542236346,1.9999999999999991,-178.3238184563255,-0.00039844883439326876,-0.0001736160980345272,-0.0002864315262632949,-8.880609919781994e-06,-0.0006871388576862236,1.637188648954149e-07,0.18065882323518653,2.261510377881614e-05,0.00020312587731178582,3.763519728878211e-09,659.9814288867893,660.0457266527856,659.9878810487166,660.0392959014035,0.0,0.0,0.0
15.080000000000002,-5.97371473176032,-13.980471928937774,2.010058458864019,-0.00029649829944322225,-0.00828532573816395,-178.32382075857953,-5.972323417663568,-13.979999542236346,1.9999999999999991,-178.3238184563255,-0.000599451335589367,-0.00022399216272687175,-0.00038168265909837424,0.0,0.0,0.0,0.18162074323423205,-3.25982057477848e-05,0.00020637335704915542,4.929610615514822e-08,660.0100795040613,660.0595742579437,660.0009309746303,660.0689949996527,0.0,0.0,0.0
15.132000000000001,-5.9736869263001555,-13.980461601152856,2.0100419406652787,-0.00029067484803302503,-0.009300466673436338,-178.32381995194945,-5.972323417663568,-13.979999542236346,1.9999999999999991,-178.3238184563255,-0.0005683146394744479,-0.00018042734536658262,-0.000316951587145671,0.0,0.0,0.0,0.1809888579822215,4.4570071758531995e-06,0.00022931574036628432,3.209800945920476e-08,659.9875600188275,660.0541447376321,659.9889184539876,660.052964214923,0.0,0.0,0.0
15.184000000000001,-5.973655412057996,-13.980451476704403,2.0100254807770557,-0.00026502448763249866,-0.009472176426259575,-178.3238191181242,-5.972323417663568,-13.979999542236346,1.9999999999999991,-178.3238184563255,-0.0006409771253945891,-0.0001745335792131152,-0.00031615568920722014,0.0,0.0,0.0,0.18098490542984214,5.2649054700230595e-06,0.0003205984488626842,1.4343794141943667e-08,659.9743814707756,660.0671960615962,659.9759208872223,660.0657363010965,0.0,0.0,0.0
15.236,-5.973620189044592,-13.980441537685085,2.010009051843464,-0.00020640399528515886,-0.008379591689371952,-178.32381831522974,-5.972323417663568,-13.979999542236346,1.9999999999999991,-178.3238184563255,-0.000709702402743072,-0.00016908578585499292,-0.00031563394044278664,0.0,0.0,0.0,0.1809835156333336,4.441378070777762e-06,0.0003598807011904053,-2.8005190149077516e-09,659.9688959943203,660.0726646589961,659.9701533592724,660.0713919787822,0.0,0.0,0.0
15.288,-5.973581829620979,-13.980431768603985,2.009992647732266,-0.00011444418998703956,-0.005754758059980338,-178.3238175936683,-5.972323417663568,-13.979999542236346,1.9999999999999991,-178.3238184563255,-0.0007623151931636656,-0.00016437725384871088,-0.00031520247448412695,3.454637473076536e-05,0.0010931512038996076,2.209325884655019e-07,0.18098307528486376,-1.1644472386269033e-05,-9.75641180940143e-05,-9.869655277841751e-08,660.0364561095429,660.0053505901739,660.0328661941836,660.0083939773141,0.0,0.0,0.0
15.34,-5.973541570456705,-13.98042215998346,2.0099762665949923,-3.207563379645993e-05,-0.002253487215268145,-178.32381719870966,-5.972323417663568,-13.979999542236346,1.9999999999999991,-178.3238184563255,-0.0007865135387908603,-0.00016059985531073157,-0.00031481228676542687,1.930029229180066e-05,0.0011434540261071357,1.0195372741541005e-07,0.1809831604123232,-8.911573901855024e-06,-0.00021486163530759793,-6.38826042339541e-08,660.0527233237701,659.9889867406656,660.0500082763037,659.9913481857291,0.0,0.0,0.0
15.392,-5.973500998164261,-13.980412718199858,2.0099599079984167,-1.0704631432588304e-05,0.0007315438454948707,-178.3238169689984,-5.972323417663568,-13.979999542236346,1.9999999999999991,-178.3238184563255,-0.0007807010093305344,-0.0001574063634485835,-0.00031442037649669015,0.0,0.0,0.0,0.18098336072954233,-2.426883337360148e-06,0.00012313489438548408,-3.166192338166227e-08,660.0036247378085,660.0380056034599,660.0028457901545,660.0386091429509,0.0,0.0,0.0
15.443999999999999,-5.9734615080406375,-13.980403469476345,2.0099435720411165,-2.1879544285832403e-05,0.003603734289640459,-178.3238167882327,-5.972323417663568,-13.979999542236346,1.9999999999999991,-178.3238184563255,-0.0007498589781766095,-0.00015432289096757864,-0.0003140201461213416,-6.169423476602792e-06,0.0010070523706798202,4.8365012545888555e-08,0.18098360699105842,3.74059734294705e-07,-0.00038555387780451783,-5.315934624303625e-08,660.0757037118669,659.9659942171646,660.0756630359781,659.9657404323593,0.0,0.0,0.0
15.495999999999999,-5.973424393193383,-13.980394453061514,2.0099272615614043,-4.690187693518262e-05,0.006359475637103405,-178.32381698851364,-5.972323417663568,-13.979999542236346,1.9999999999999991,-178.3238184563255,-0.0006939982743877193,-0.00015114519621318583,-0.0003135014932263876,0.0,0.0,0.0,0.18098272376389413,-8.26862380100365e-07,-0.000140954675163613,-3.145334832952261e-08,660.0409942761113,660.0006111064778,660.0406716653299,660.0007595154207,0.0,0.0,0.0
15.548000000000002,-5.973390859031211,-13.98038571245105,2.0099109775607182,-8.044819232738855e-05,0.008543893443599985,-178.3238171933735,-5.972323417663568,-13.979999542236346,1.9999999999999991,-178.3238184563255,-0.0006168162339344157,-0.00014777212916632104,-0.000313071744178927,0.0,0.0,0.0,0.1809827169845858,9.707350522486465e-07,-0.0002839294003358567,-2.7030901299835258e-08,660.0610942264517,659.9805000385649,660.061295845003,659.9801486653527,0.0,0.0,0.0
15.600000000000001,-5.973361827830594,-13.98037728642946,2.0098947153352684,-0.00011267778973319268,0.009776010938553166,-178.32381742870643,-5.972323417663568,-13.979999542236346,1.9999999999999991,-178.3238184563255,-0.0005246951940347926,-0.00014416257389617663,-0.0003126577486477212,0.0,0.0,0.0,0.18098301681954482,3.0247527151391806e-06,-0.00040597780261604754,-2.2034701846831018e-08,660.0781826244573,659.963410829783,660.0789830610399,659.9624881948049,0.0,0.0,0.0
15.652000000000001,-5.9733381823027765,-13.980369351726468,2.009878740473454,-0.0001230301482040923,0.009502999506887601,-178.32381769395133,-5.972323417663568,-13.979999542236346,1.9999999999999991,-178.3238184563255,-0.00038628287633067204,-0.00012638177028526806,-0.00028253917474685474,0.0,0.0,0.0,0.18068271833944996,1.7882725301144786e-05,-0.000514108640881226,-1.6386618900624315e-08,660.0848043236396,659.9434644980655,660.0898519110737,659.9383250162122,0.0,0.0,0.0
15.704,-5.9733191077435075,-13.980361738025803,2.009862753643107,-0.00010325512628795056,0.007412823327484392,-178.32381795468322,-5.972323417663568,-13.979999542236346,1.9999999999999991,-178.3238184563255,-0.0003104673872484009,-0.00012313375352299955,-0.000281931419686198,9.212524195503211e-06,-0.0008607440563224537,-6.643961039270714e-08,0.180673957495494,1.42318320195556e-05,-0.00015916743574817348,1.3383021436030747e-08,660.0345417604389,659.9932597968036,660.0386323320192,659.9892430744335,0.0,0.0,0.0
15.756,-5.973303076637381,-13.980354122315331,2.0098461464611517,-6.224082363656372e-05,0.004041395115369527,-178.32381812816803,-5.972323417663568,-13.979999542236346,1.9999999999999991,-178.3238184563255,-0.00028403785090187967,-0.00013343148390002074,-0.00031339318448988086,1.4449816413744635e-05,-0.0011597523299947045,-5.24288270863017e-08,0.1810014356692454,-2.0053706643278227e-06,7.806891801282736e-05,1.2021057142070641e-08,660.010323589721,660.0319885084701,660.0097856893863,660.0325929726524,0.0,0.0,0.0
15.808,-5.973289544483476,-13.980346877280548,2.009829876061448,-2.5931983404510062e-05,0.0007033748873779066,-178.32381826180756,-5.972323417663568,-13.979999542236346,1.9999999999999991,-178.3238184563255,-0.0002548655256283526,-0.00013050580549466207,-0.0003125105711735627,1.0189361710583113e-05,-0.0010686871691085668,-4.140064954322134e-08,0.18100077721288424,-1.5614063691984006e-06,0.00015727903203964055,1.086441498243062e-08,659.9989657246524,660.0433182416918,659.9985510688718,660.0437930438875,0.0,0.0,0.0
15.86,-5.973276372807008,-13.98033965670179,2.0098133627765016,-6.466616726053055e-06,-0.0021433829438641232,-178.32381836880063,-5.972323417663568,-13.979999542236346,1.9999999999999991,-178.3238184563255,-0.0003049363016847069,-0.0001534823424675992,-0.0003729059011417212,4.3691137337712065e-06,-0.0010071109533265148,-3.829430243607603e-08,0.18161156800484798,-2.4455499711872537e-05,0.0003009403553376642,1.202965821217942e-08,659.9952969730217,660.0740455915953,659.9883644044419,660.0810438849904,0.0,0.0,0.0
15.911999999999999,-5.97326302691002,-13.980332816373354,2.0097975588474055,-1.7595857723104023e-06,-0.004107703253927782,-178.32381843911585,-5.972323417663568,-13.979999542236346,1.9999999999999991,-178.3238184563255,-0.00032978804096723586,-0.0001506021742220648,-0.0003711446088894055,7.743750463585824e-07,-0.0006792616956839535,-1.4233456320002245e-08,0.18158898619127445,-2.2623871527337982e-05,0.0002801356961058636,4.778598565804885e-09,659.9975094410544,660.070854201454,659.9910785337809,660.0773107972933,0.0,0.0,0.0
15.963999999999999,-5.973247844817396,-13.980325921443425,2.0097819150289236,-6.36489516960222e-05,-0.0052259359130811854,-178.3238184962539,-5.972323417663568,-13.979999542236346,1.9999999999999991,-178.3238184563255,-0.0003721201436955544,-0.00014761618066806516,-0.00035310095835770365,0.0,0.0,0.0,0.18140192499213184,-1.903776640986974e-05,0.00010703442915554096,8.189831192728265e-10,660.0175128615103,660.0425763109715,660.012092615886,660.0480008423248,0.0,0.0,0.0
16.016000000000002,-5.973230575363955,-13.98031912001345,2.0097671029894193,-0.00025853895623986474,-0.005762319080690051,-178.32381856265957,-5.972323417663568,-13.979999542236346,1.9999999999999991,-178.3238184563255,-0.00031838118070572367,-0.00010751717027374051,-0.00025168450222312454,0.0,0.0,0.0,0.1803688045156101,2.5296018294993175e-05,8.281778303662374e-05,2.266907195125666e-09,659.9917574948882,660.0225518305747,659.9989690327046,660.0153531066499,0.0,0.0,0.0
16.068,-5.973211406704534,-13.980312613652675,2.009752745584451,-0.00047994042901890573,-0.005736401613786873,-178.3238186306124,-5.972323417663568,-13.979999542236346,1.9999999999999991,-178.3238184563255,-0.0003576351373261042,-0.00010278367192286311,-0.00025628218123225244,0.0,0.0,0.0,0.1803647365705507,3.776381909246146e-05,0.00012563212347784503,3.714842179494397e-09,659.9837920466413,660.0303325451484,659.9945589951498,660.0195867562996,0.0,0.0,0.0
16.12,-5.973188760170821,-13.98030600200376,2.0097370454824213,-0.0005768570792101452,-0.005008842056545742,-178.32381884201948,-5.972323417663568,-13.979999542236346,1.9999999999999991,-178.3238184563255,-0.0005267346769677291,-0.000128724817500185,-0.00035357681924082923,0.0,0.0,0.0,0.18131642503449782,1.5552356693419717e-05,0.000267021759800719,8.137474322686485e-09,659.9878971983663,660.0683809611975,659.9923496682248,660.0639740737125,0.0,0.0,0.0
16.172,-5.973165510304178,-13.980300064296213,2.0097217373263168,-0.0004460718887415563,-0.003541621638534057,-178.3238194381325,-5.972323417663568,-13.979999542236346,1.9999999999999991,-178.3238184563255,-0.00042365587975272737,-9.032814152776414e-05,-0.00027299773673685504,0.0,0.0,0.0,0.1805065575371714,4.521430233039832e-05,0.0001200385445696913,2.0894809540154315e-08,659.9866448849573,660.0337140681307,659.9995815357652,660.0208938200572,0.0,0.0,0.0
16.224,-5.973141136821314,-13.980294381656801,2.009706093136573,-0.0001102087934316227,-0.0014595610565083829,-178.32381967631417,-5.972323417663568,-13.979999542236346,1.9999999999999991,-178.3238184563255,-0.0004370447026849023,-8.615509564797422e-05,-0.0002782996720922519,0.00011262124257037766,0.0006448242357140674,-4.051344239757253e-08,0.18055312908449056,-9.508874506842834e-06,-0.00018924155929648547,4.077604982852802e-08,660.0394881319918,659.9828778736755,660.0368927455864,659.9856993379722,0.0,0.0,0.0
16.276,-5.9731151108969,-13.980288511714484,2.00968923267783,0.00023253729271595263,0.0004667958528092204,-178.32381976193452,-5.972323417663568,-13.979999542236346,1.9999999999999991,-178.3238184563255,-0.0005787459176138494,-0.00011300899567276757,-0.00037673127178021904,0.0,0.0,0.0,0.18155571971874984,-7.625203422533182e-06,0.00012944240829947156,2.7846968953465818e-08,660.016064787763,660.0507609192052,660.0139700281918,660.0530097953771,0.0,0.0,0.0
16.328,-5.973091188347438,-13.980282976691097,2.0096731667748187,0.0005710445921627488,0.0022228428534159968,-178.32381977531907,-5.972323417663568,-13.979999542236346,1.9999999999999991,-178.3238184563255,-0.00041673601721478663,-8.602213476739638e-05,-0.00028358863439053244,0.0,0.0,0.0,0.18064910608912058,2.3841736419953734e-06,-8.267417589669085e-05,2.8148018334874093e-08,660.0247619853252,660.0018929887012,660.0255190108692,660.0012918490295,0.0,0.0,0.0
16.38,-5.973068685283759,-13.980277322575235,2.0096570885016156,0.0009069673352259651,0.0039711366709925065,-178.32381971066235,-5.972323417663568,-13.979999542236346,1.9999999999999991,-178.3238184563255,-0.00038619081791077867,-8.99555859415892e-05,-0.000283787377775673,0.0,0.0,0.0,0.1806619622340222,-1.7168520168994706e-05,-0.00017182333989794867,2.678257174520136e-08,660.0405295780936,659.9866990610906,660.0357138239058,659.9916635247968,0.0,0.0,0.0
16.432,-5.9730472241911485,-13.980271073305738,2.0096401043841694,0.001127486114984782,0.005444618673871112,-178.32381966013338,-5.972323417663568,-13.979999542236346,1.9999999999999991,-178.3238184563255,-0.000455996808186336,-0.000128471566933571,-0.00037653675248961577,0.0,0.0,0.0,0.1816151915347145,-6.559165804742954e-05,-0.0001550599314460077,2.5712459592706044e-08,660.0661574309308,660.0033112900137,660.0475473999232,660.0220649861387,0.0,0.0,0.0
16.484,-5.973030412072402,-13.98026510316628,2.0096247856819125,0.0010814934699212044,0.006078016485022666,-178.3238195225994,-5.972323417663568,-13.979999542236346,1.9999999999999991,-178.3238184563255,-0.00025854300159394846,-9.190286606009113e-05,-0.00025013116772807097,0.0,0.0,0.0,0.18035993140440273,-3.116358018720757e-05,-0.0003616303456542942,2.2791165414787424e-08,660.0628679900454,659.950987434388,660.0540553913893,659.9599276583983,0.0,0.0,0.0
16.536,-5.973015577724861,-13.980258489282427,2.0096080982493496,0.0007636083020239499,0.00553095689132586,-178.32381934484633,-5.972323417663568,-13.979999542236346,1.9999999999999991,-178.3238184563255,-0.00021146076922879694,-9.702235813574082e-05,-0.0002625886650860082,0.0,0.0,0.0,0.18051546690720605,-2.5588022131094534e-05,-0.0003768838661477152,1.9008990571325323e-08,660.0676966075259,659.9530600510044,660.0604615738264,659.9604015601885,0.0,0.0,0.0
16.588,-5.97300310210531,-13.980251467080278,2.0095900072708743,0.00023198728337882438,0.003403394386661795,-178.32381916105783,-5.972323417663568,-13.979999542236346,1.9999999999999991,-178.3238184563255,-0.00019432080437432214,-0.0001115791858720297,-0.0003020845860490618,-0.00016546165120133842,-0.0007570831260189874,4.9453303980630696e-08,0.1809829620553313,4.310498025319612e-05,-6.62920085092852e-06,-2.932702984825777e-09,660.0155726793234,660.0259619563167,660.0278419905097,660.013676366132,0.0,0.0,0.0
16.64,-5.972993110346204,-13.98024489173266,2.0095731661795075,-0.00021133179205685574,0.0008879530051303582,-178.32381901973318,-5.972323417663568,-13.979999542236346,1.9999999999999991,-178.3238184563255,-0.0001721515491981693,-0.00010980384102255437,-0.00029315261822556625,-0.00010948381683560577,-0.0007505504848455467,4.084617022016046e-08,0.18093485365002082,3.863214771357547e-05,7.820501042942542e-05,-2.8185139509181072e-09,660.0030614177068,660.0363398172565,660.0140572837213,660.0253287111757,0.0,0.0,0.0
16.692,-5.972983347307655,-13.980238290764921,2.009556237863145,-0.00044747505789697364,-0.001341317936666346,-178.32381887967307,-5.972323417663568,-13.979999542236346,1.9999999999999991,-178.3238184563255,-0.00020685612395352943,-0.000128539625145222,-0.0003474464543986794,-5.6025664397610245e-05,-0.0007245337024519847,4.3288347620626664e-08,0.18151239326595114,6.362079885988498e-06,0.00019664993215805525,-6.692036008822928e-09,660.003589400761,660.0614116205181,660.0053830022435,660.0595811071144,0.0,0.0,0.0
16.744,-5.972973362694358,-13.980232121181835,2.009540264830488,-0.0005462047155714568,-0.0028521948730613816,-178.32381876274894,-5.972323417663568,-13.979999542236346,1.9999999999999991,-178.3238184563255,-0.000242232528220534,-0.0001325040926446656,-0.00035874821307703794,0.0,0.0,0.0,0.18163720004684974,-1.8391899558530384e-05,1.6041038828514867e-05,6.5789382260926356e-09,660.0355828320909,660.0349132588053,660.0303626439622,660.0401698497892,0.0,0.0,0.0
16.796,-5.972962276351624,-13.980226282143844,2.009525446421801,-0.0006990485458717611,-0.0038220870792512636,-178.32381862147213,-5.972323417663568,-13.979999542236346,1.9999999999999991,-178.3238184563255,-0.00027190007665275787,-0.0001237186146132745,-0.000332433899518652,0.0,0.0,0.0,0.1813557119217766,-6.689684593830872e-06,8.713570806813959e-05,3.5818878645318102e-09,660.0175599145665,660.0404728060536,660.0156644214563,660.042388066899,0.0,0.0,0.0
16.848,-5.972949653119582,-13.980220824092624,2.009511517134053,-0.0009275553914451535,-0.004471094005214161,-178.32381847626237,-5.972323417663568,-13.979999542236346,1.9999999999999991,-178.3238184563255,-0.0003101326774083657,-0.00011312851802161271,-0.00031585951933136853,0.0,0.0,0.0,0.18114224610670224,1.0630646251310913e-05,0.0001551933341671676,4.831166857587308e-10,660.0006760444728,660.0479068944834,660.0037053599118,660.0448804577351,0.0,0.0,0.0
16.9,-5.972935228066743,-13.980215832576622,2.0094980607263393,-0.0011369872492412165,-0.004556451941992665,-178.323818347812,-5.972323417663568,-13.979999542236346,1.9999999999999991,-178.3238184563255,-0.00035253392867411643,-0.00010029163633588887,-0.0003081104626844847,0.0,0.0,0.0,0.18100113144528232,2.9991574863739013e-05,0.00020586951653728532,-2.2596310529953748e-09,659.9875788541393,660.0547583568341,659.996115372492,660.0462100815923,0.0,0.0,0.0
16.952,-5.972918997969934,-13.980211389913327,2.0094847693190636,-0.0012002182693690063,-0.0038269368744632795,-178.32381825196958,-5.972323417663568,-13.979999542236346,1.9999999999999991,-178.3238184563255,-0.0003920138368187354,-8.594135649647204e-05,-0.00030643038755444503,0.0,0.0,0.0,0.1809151200313185,4.5261501973832224e-05,0.00022145148479677535,-4.319962806899145e-09,659.9812818137941,660.057248974693,659.994162180439,660.0443459122703,0.0,0.0,0.0
17.004,-5.972901679023128,-13.98020759090621,2.0094716676417907,-0.0010021029387573955,-0.002196674075932888,-178.3238181945996,-5.972323417663568,-13.979999542236346,1.9999999999999991,-178.3238184563255,-0.00031464146310951623,-5.40190504052701e-05,-0.0002337005095609355,0.00010263843134652336,0.000610031814500165,2.4615552568039107e-08,0.18012478232904164,2.7224943486281678e-05,-0.00014549285650160705,-1.4527761138784234e-08,660.0186136416222,659.9849268090297,660.0263277796316,659.9771317143385,0.0,0.0,0.0
17.056,-5.972882647151299,-13.98020408311778,2.009457105720734,-0.0004987005119643186,-3.588210296914822e-05,-178.32381817578644,-5.972323417663568,-13.979999542236346,1.9999999999999991,-178.3238184563255,-0.0004256730174274476,-6.191994722234195e-05,-0.0003323232551131991,0.00010600137838557358,0.00039475792319257667,6.5058968490334145e-09,0.1810676608423251,-3.236753073747602e-06,-3.6589727941502715e-05,-8.349474548452804e-09,660.0283224906325,660.0169788766225,660.0273774636303,660.0178776716177,0.0,0.0,0.0
17.108,-5.972864946094389,-13.980201064011535,2.009442460837548,6.759972790338636e-05,0.001602690747985005,-178.3238181561684,-5.972323417663568,-13.979999542236346,1.9999999999999991,-178.3238184563255,-0.0003082997497611718,-4.319652705491609e-05,-0.0002640984989943071,0.0,0.0,0.0,0.18037264865785646,3.1489885286919384e-05,-5.3514804240235636e-05,-6.393997362841106e-09,660.0103871582612,660.0041137441278,660.0193386916369,659.9951265873292,0.0,0.0,0.0
17.16,-5.972848269351884,-13.980198088396516,2.0094271227487868,0.000797099263464877,0.0031073943239590647,-178.32381813394005,-5.972323417663568,-13.979999542236346,1.9999999999999991,-178.3238184563255,-0.0002533055842092259,-4.017471219291528e-05,-0.0002460293859053393,0.00019799020902536564,0.00036054676542031556,7.51651057951299e-10,0.1801940664094396,-7.281508526401598e-05,-0.00029735224434400626,-7.141042838768016e-09,660.0560114852125,659.9505751435258,660.0352528079044,659.9712969279706,0.0,0.0,0.0
17.212,-5.972832971558455,-13.980194799191604,2.009410407196548,0.001381121230301141,0.0038909168467258187,-178.32381812687842,-5.972323417663568,-13.979999542236346,1.9999999999999991,-178.3238184563255,-0.00022376154481893563,-4.687065369666734e-05,-0.00026526389811932914,0.0,0.0,0.0,0.18042750270991853,-2.8267633215476055e-05,-0.00020985470604225568,-7.025826771953562e-09,660.0423789035347,659.9745540321047,660.034308283316,659.9825864656045,0.0,0.0,0.0
17.264,-5.972819264367569,-13.980190839807207,2.0093920784218744,0.0017742399053280581,0.0037937694081330835,-178.3238179901783,-5.972323417663568,-13.979999542236346,1.9999999999999991,-178.3238184563255,-0.0002877623614837998,-8.550747437211209e-05,-0.0004088181720747562,0.0,0.0,0.0,0.1819366009492446,-8.302930741990193e-05,-0.00013607141547258985,-9.931882628978671e-09,660.0731053446923,660.0107016005032,660.0494303255463,660.0343229985009,0.0,0.0,0.0
17.316,-5.972808289613192,-13.980186432391754,2.009374892985675,0.0017730275611068595,0.0029218477511904154,-178.32381813769985,-5.972323417663568,-13.979999542236346,1.9999999999999991,-178.3238184563255,-0.0001835076710378206,-7.742259536043069e-05,-0.0003006164176686823,0.0,0.0,0.0,0.18093334811336678,-7.725305536331077e-05,-0.00019169095958845357,-6.803029174989361e-09,660.0579737101698,659.9813711386025,660.0359520084365,660.0033569793628,0.0,0.0,0.0
17.368,-5.972798635969833,-13.980181272965748,2.0093579660235195,0.0012549874972401904,0.0013575622647050158,-178.3238181690391,-5.972323417663568,-13.979999542236346,1.9999999999999991,-178.3238184563255,-0.0002160675256898771,-0.00011795140518948614,-0.000380517728125201,-0.00028036291373099867,-0.0006672823901840954,-5.445145903229666e-09,0.18177310735588706,1.1640552886393735e-05,0.00016736568384280204,-4.15080233425909e-09,660.012780815123,660.0637652240302,660.016084892067,660.0604383963679,0.0,0.0,0.0
17.42,-5.972789821473371,-13.98017565784151,2.009342324905531,0.0005128183849141354,6.204687174496037e-06,-178.3238182109329,-5.972323417663568,-13.979999542236346,1.9999999999999991,-178.3238184563255,-0.00020350392769824462,-0.00012604841159458415,-0.00034945734495852026,0.0,0.0,0.0,0.18148089178578436,-7.56035898163657e-05,-4.018842940613681e-05,-5.239459858279299e-09,660.0482910128059,660.0153109018734,660.0267431259745,660.0368301419209,0.0,0.0,0.0
17.472,-5.972781200935728,-13.980169913409158,2.0093277974508474,-0.00036320453682517405,-0.0010054786837712048,-178.32381824716532,-5.972323417663568,-13.979999542236346,1.9999999999999991,-178.3238184563255,-0.00020362947586399592,-0.0001259596785362665,-0.0003277461703365037,0.0,0.0,0.0,0.18124568423385615,-4.1750802408902376e-05,5.936779253876703e-06,-4.4678217258870715e-09,660.0316896730097,660.0214889718646,660.0197856447512,660.0333682231701,0.0,0.0,0.0
17.524,-5.972772283249701,-13.98016443532335,2.009313945987373,-0.0014476212111214286,-0.0019258511999561546,-178.32381826848604,-5.972323417663568,-13.979999542236346,1.9999999999999991,-178.3238184563255,-0.00021433394189723814,-0.00011529431096917285,-0.0003156470699565327,0.0,0.0,0.0,0.18108407319417877,1.1599057351104889e-05,5.8810963786206964e-05,-4.0102998721655615e-09,660.0129812118544,660.0330357998782,660.0162738577925,660.0297210253116,0.0,0.0,0.0
17.576,-5.972762650394107,-13.980159680650315,2.009300424750741,-0.002227769959505834,-0.002466201682172198,-178.32381829616457,-5.972323417663568,-13.979999542236346,1.9999999999999991,-178.3238184563255,-0.000233109678270891,-9.452490028021964e-05,-0.00031047338166112536,0.0,0.0,0.0,0.18098070268760305,6.225480079629333e-05,0.00010406498388498634,-3.423554476646489e-09,659.9970313463963,660.0444036704761,660.014754095861,660.0266627546785,0.0,0.0,0.0
17.628,-5.972752054968285,-13.980155989692852,2.0092870008585995,-0.0026835144545942317,-0.0026005330105698557,-178.32381834405865,-5.972323417663568,-13.979999542236346,1.9999999999999991,-178.3238184563255,-0.00025575247788104164,-6.698535405076478e-05,-0.0003097866969669708,0.0,0.0,0.0,0.18091905040012993,0.00010680341587919487,0.0001370113276732967,-2.4057184356058705e-09,659.9846273386403,660.054072444055,660.0150421085214,660.0236461478286,0.0,0.0,0.0
17.68,-5.972740450064584,-13.980153542097133,2.0092735289905925,-0.0025366563293129033,-0.0021877800738367764,-178.32381841990596,-5.972323417663568,-13.979999542236346,1.9999999999999991,-178.3238184563255,-0.00027735031125389646,-3.726400027313967e-05,-0.0003118195182369388,0.0,0.0,0.0,0.18088639292048345,0.00012900444334810785,0.00014689309736871074,-7.959051870552377e-10,659.9793321370638,660.0579153867822,660.0160751306285,660.0211703140236,0.0,0.0,0.0
17.732,-5.9727280455056375,-13.980152249171335,2.009259926827081,-0.0015768363866539808,-0.0011474080152939778,-178.32381851013128,-5.972323417663568,-13.979999542236346,1.9999999999999991,-178.3238184563255,-0.0002917042546587625,-1.278316442133999e-05,-0.00031530734841852675,0.0005096150668344063,0.0005097430469149307,-1.7413950119662423e-08,0.18087293848937286,-8.359645746742549e-05,-7.21251420625006e-05,7.474439734394814e-09,660.0404915785192,659.9961377396211,660.0167020550457,660.0199694043454,0.0,0.0,0.0
17.784,-5.97271532902522,-13.98015168519468,2.009246154707253,-0.0003683631249081382,0.00011922885786962614,-178.32381855529644,-5.972323417663568,-13.979999542236346,1.9999999999999991,-178.3238184563255,-0.0002931861355233695,-9.668451099031877e-07,-0.0003194238439328814,0.0004167805994694981,0.00047397212854629483,-7.057526856115377e-09,0.18087183930914338,-8.610859220428268e-05,-0.00010255486784304287,4.674973290404848e-09,660.0451621249024,659.9914255270104,660.0206494939681,660.015965137588,0.0,0.0,0.0
17.836,-5.972702884156482,-13.980151324817328,2.009232200663409,0.0004459900106773793,0.001158814042889536,-178.32381856995312,-5.972323417663568,-13.979999542236346,1.9999999999999991,-178.3238184563255,-0.000282241890490396,-3.580094214275665e-07,-0.00032362856809076775,0.0,0.0,0.0,0.1808781724536869,4.3083003032042005e-05,3.37193688021633e-05,2.421746240929864e-09,660.0075000564494,660.0293755021304,660.0197780868253,660.0171110641153,0.0,0.0,0.0
17.888,-5.972691209127606,-13.980150779649254,2.0092180701560007,0.0013976004503178487,0.0022695075238814383,-178.32381856303348,-5.972323417663568,-13.979999542236346,1.9999999999999991,-178.3238184563255,-0.00026033753173109397,-8.683688941480775e-06,-0.0003275943029384767,0.0001351870544997735,0.00015206069984385055,-9.487158149007843e-10,0.1808885531604753,-5.491776745537213e-05,-8.529979960274064e-05,2.6269637380596373e-09,660.0386364606466,659.9986986223913,660.0230019258104,660.0143482834935,0.0,0.0,0.0
17.94,-5.972680796243803,-13.98014964974463,2.0092037786532964,0.0021610895433836178,0.003168848601835651,-178.32381853764878,-5.972323417663568,-13.979999542236346,1.9999999999999991,-178.3238184563255,-0.00022761913542590097,-2.6565396217376295e-05,-0.0003311416016653,0.0,0.0,0.0,0.18090072849584135,-5.075412969207509e-05,-9.007615376556882e-05,1.743601247278714e-09,660.0389950517348,659.9988827114062,660.0245439885965,660.0133439940987,0.0,0.0,0.0
17.992,-5.972672045365161,-13.980147605628753,2.0091893466957553,0.0026262828998593313,0.003740100112150695,-178.3238185129046,-5.972323417663568,-13.979999542236346,1.9999999999999991,-178.3238184563255,-0.00018720366041830564,-5.109315477506595e-05,-0.00033418535180306853,0.0,0.0,0.0,0.1809132097367919,-9.345144811996744e-05,-0.00014872749230273357,1.215566403816425e-09,660.0537054397619,659.9847262417953,660.0270921273378,660.0113479954845,0.0,0.0,0.0
18.044,-5.972665187856448,-13.980144465087495,2.009174796589014,0.002572041130988751,0.003782049820951247,-178.32381850636563,-5.972323417663568,-13.979999542236346,1.9999999999999991,-178.3238184563255,-0.00014338290175258493,-7.826977872812196e-05,-0.00033670974400475026,0.0,0.0,0.0,0.18092513211443298,-0.00011784521447878045,-0.00019028101933819534,1.0683486031172695e-09,660.0633610009806,659.975598241966,660.0297998051103,660.009168111517,0.0,0.0,0.0
18.096,-5.9726602028349385,-13.980140278054717,2.0091601503109966,0.0017784207557308021,0.00308312301529879,-178.32381852388318,-5.972323417663568,-13.979999542236346,1.9999999999999991,-178.3238184563255,-0.0001027124940194819,-0.00010158030868903604,-0.0003387366025961199,-0.000304795653559515,-0.0002821619152877144,2.9638817931057892e-09,0.18093601042562443,9.216690758110882e-06,-9.069660057468857e-05,3.534070793871444e-10,660.0313264020208,660.0081187089621,660.0339524934183,660.0054944722975,0.0,0.0,0.0
18.148,-5.972656728676983,-13.980135410103456,2.009145428296673,0.0005109870475503686,0.0017236529867373583,-178.32381854094282,-5.972323417663568,-13.979999542236346,1.9999999999999991,-178.3238184563255,-7.324739708282605e-05,-0.00011335344035281898,-0.0003403131448432791,-0.00046751306891108834,-0.0005840353589740416,3.6748943299134587e-09,0.18094565767797766,0.00011201372992767122,5.370334059402393e-05,4.6090156837516017e-10,659.9963349855777,660.043535696477,660.0282411763898,660.0116327979418,0.0,0.0,0.0
18.2,-5.972654125901391,-13.98013039702785,2.009130648886826,-0.00024379785455326718,0.00035212143104033266,-178.32381853336574,-5.972323417663568,-13.979999542236346,1.9999999999999991,-178.3238184563255,-5.922324281373676e-05,-0.00011306949719946239,-0.0003414851176885479,0.0,0.0,0.0,0.18095393862550213,-3.923436308060989e-05,-0.0001289652212141686,1.6483557625618282e-09,660.0440708821775,659.9961630972904,660.0329007516985,660.0073429797488,0.0,0.0,0.0
18.252,-5.97265173886907,-13.980125581540515,2.009115828136172,-0.000692089690489386,-0.001033407647303487,-178.32381850795218,-5.972323417663568,-13.979999542236346,1.9999999999999991,-178.3238184563255,-5.958008553496996e-05,-0.00010663342934658736,-0.0003423101487413286,-0.00019241367495728118,-0.0006080173165240595,5.798590166585287e-09,0.18096090737545967,5.5900344320525607e-05,0.0001608533073374127,-9.99091183466112e-10,659.9894061851099,660.0511434651241,660.0053258949407,660.0352193266697,0.0,0.0,0.0
18.304,-5.972648922221399,-13.980121156284541,2.00910097959084,-0.0010731695889634842,-0.0023932383974119135,-178.32381847592004,-5.972323417663568,-13.979999542236346,1.9999999999999991,-178.3238184563255,-7.511373282362501e-05,-9.559341669169609e-05,-0.0003428411902250625,0.0,0.0,0.0,0.18096665179617388,4.9536190127627644e-06,-3.0987796646179434e-06,4.3383058426376387e-10,660.0201369405031,660.0206652486235,660.0215490649158,660.0192555252586,0.0,0.0,0.0
18.356,-5.972645061534836,-13.98011726831135,2.009086114584583,-0.0013081232291448242,-0.003523562257779271,-178.32381844079939,-5.972323417663568,-13.979999542236346,1.9999999999999991,-178.3238184563255,-0.0001035583462329847,-8.144215557639765e-05,-0.0003431289919145619,0.0,0.0,0.0,0.1809713084569047,2.539825502547956e-05,7.0834730463883e-05,-3.1403066257801053e-10,660.0068006486374,660.0342103861424,660.0140339943194,660.0269755222166,0.0,0.0,0.0
18.408,-5.972639654370113,-13.980114000888694,2.0090712423270545,-0.0014163401227243679,-0.004448340308526875,-178.32381840958973,-5.972323417663568,-13.979999542236346,1.9999999999999991,-178.3238184563255,-0.0001428191781581668,-6.5485588384708e-05,-0.0003432195801774681,0.0,0.0,0.0,0.1809750351096727,4.301992131318348e-05,0.00014872916179191952,-9.80787185848748e-10,659.9932813252977,660.0478966044924,660.0055322290887,660.0356410546904,0.0,0.0,0.0
18.46,-5.972632313293094,-13.980111376723531,2.0090563702247777,-0.001282631681142284,-0.004868041271963286,-178.3238183947515,-5.972323417663568,-13.979999542236346,1.9999999999999991,-178.3238184563255,-0.00018942154838146627,-4.953730140473416e-05,-0.00034315303891015744,0.0,0.0,0.0,0.1809779884967417,5.111080815957332e-05,0.00021482948826681965,-1.306401878317276e-09,659.9827810436976,660.0585279618105,659.9973358272782,660.0439672918496,0.0,0.0,0.0
18.512,-5.972622891053409,-13.980109315719673,2.0090415041842147,-0.0008217689957175585,-0.004471652314310515,-178.32381840158146,-5.972323417663568,-13.979999542236346,1.9999999999999991,-178.3238184563255,-0.00023661600496352003,-3.6549903725350676e-05,-0.0003429641963351773,0.0,0.0,0.0,0.18098032146461807,4.301432704690304e-05,0.00024937575710767964,-1.1721045903536579e-09,659.9790652806262,660.0623458001505,659.9913143249654,660.0500915821433,0.0,0.0,0.0
18.564,-5.9726116166112435,-13.980107603472533,2.009026648875514,-6.243811222851275e-05,-0.0030717084955431758,-178.323818414959,-5.972323417663568,-13.979999542236346,1.9999999999999991,-178.3238184563255,-0.00027478663021159874,-3.0008112601589553e-05,-0.0003426836651423869,0.00032138472447612685,0.0007025730630477974,-1.4461921399527944e-09,0.1809821848007876,-0.00010730368411958307,-3.558219830578942e-05,-3.634605046525805e-10,660.0410949969162,660.0003972768702,660.0105312664637,660.0309594634612,0.0,0.0,0.0
18.616,-5.972599150561288,-13.980105925491879,2.0090118079533714,0.0004339755042692293,-0.001233210160262013,-178.32381841020654,-5.972323417663568,-13.979999542236346,1.9999999999999991,-178.3238184563255,-0.00029480553769579526,-3.12518321889436e-05,-0.00034233163686531566,0.00011008854846475984,0.0007248479584451201,-1.0432508559982145e-09,0.18098365915736883,-4.8413889573030105e-05,-9.290671848635412e-05,-6.034939674084437e-10,660.0409046939626,660.0006528079,660.0271137294271,660.0144409826253,0.0,0.0,0.0
18.668,-5.972586341170077,-13.980104081106212,2.008996984151321,0.00045678981030900103,0.00036543912801182077,-178.32381841008439,-5.972323417663568,-13.979999542236346,1.9999999999999991,-178.3238184563255,-0.00029566280473753174,-3.56209263715152e-05,-0.00034192555504826156,0.0,0.0,0.0,0.18098482755556913,-1.087517531909143e-05,0.00013058778221276108,-9.863502862630917e-10,660.0037565098623,660.0378538583392,660.0006561504083,660.0409485799635,0.0,0.0,0.0
18.72,-5.972573931969012,-13.98010207127585,2.0089821797093896,0.0003051434226064481,0.0018369486114241417,-178.32381840987702,-5.972323417663568,-13.979999542236346,1.9999999999999991,-178.3238184563255,-0.00028062697149082905,-3.926233705667066e-05,-0.0003414665197785087,-7.370015335664265e-05,0.0006337235647784275,-4.124099949920926e-09,0.18098562795933434,2.0682416908769202e-05,-0.0001782962500520029,5.115196758057742e-10,660.0432671525413,659.9983745233901,660.0491592471932,659.9924848087215,0.0,0.0,0.0
18.772000000000002,-5.972562592473427,-13.980099982905925,2.008967396402322,0.00015282550106464186,0.003232434452251996,-178.3238184078576,-5.972323417663568,-13.979999542236346,1.9999999999999991,-178.3238184563255,-0.0002500008414489999,-4.107744397442937e-05,-0.0003409738718328012,0.0,0.0,0.0,0.18098619259572063,-2.946135722873351e-06,-1.2497934855679255e-05,-1.0323351748156147e-09,660.023035656828,660.0186367731573,660.0221936619912,660.0194730545451,0.0,0.0,0.0
18.824,-5.972552934294527,-13.980097905038335,2.0089526351647864,3.6162502749391194e-05,0.004346816985708494,-178.32381840790904,-5.972323417663568,-13.979999542236346,1.9999999999999991,-178.3238184563255,-0.00020656953688714873,-4.146023649268648e-05,-0.0003404576223183301,0.0,0.0,0.0,0.18098658881227575,1.4433754281008834e-06,-9.28194228024473e-05,-1.0337771259815423e-09,660.0338584625791,660.0078321248251,660.0342667032787,660.0074181416967,0.0,0.0,0.0
18.876,-5.972545435477002,-13.98009590693129,2.0089378969595986,-7.727651645031323e-05,0.005186807578994326,-178.32381841612744,-5.972323417663568,-13.979999542236346,1.9999999999999991,-178.3238184563255,-0.00015302285810362662,-4.060228820227429e-05,-0.00033991857965946163,0.0,0.0,0.0,0.18098679247572738,6.840790030014594e-06,-0.00017410923303026298,-8.594740533895659e-10,660.0446709244335,659.9970284066254,660.0466169106874,659.995077513456,0.0,0.0,0.0
18.928,-5.972540429993607,-13.980094049160865,2.008923182277798,-0.00016011065710197755,0.005433332676662434,-178.32381842649076,-5.972323417663568,-13.979999542236346,1.9999999999999991,-178.3238184563255,-9.363703128153564e-05,-3.8650351257204534e-05,-0.0003393683942241184,0.0,0.0,0.0,0.1809869012120456,1.1990831150909235e-05,-0.00023892351136490064,-6.384599272148837e-10,660.0531697822478,659.9885332971243,660.056583146908,659.9851160439777,0.0,0.0,0.0
18.98,-5.972537976323156,-13.980092369217505,2.008908491337982,-0.00017696585678883008,0.004771231240501042,-178.32381843530717,-5.97232548672326,-13.980000441428583,1.9999999999999991,-178.3238184563255,-3.610237403059725e-05,-3.6089341912489464e-05,-0.00033881349489230453,0.0,0.0,0.0,0.18098697001034006,1.3490526287894461e-05,-0.0002626640242798353,-4.5027069064253876e-10,660.0563379330896,659.9853666694427,660.0601789304098,659.9815227425845,0.0,0.0,0.0
19.032,-5.972537722288665,-13.980090862223244,2.0088938242410985,-0.00011214134438482247,0.0030835995169138804,-178.32381844033108,-5.972347681339333,-13.980010065878604,1.9999999999999991,-178.3238184563255,9.12145659061866e-06,-3.373909043568039e-05,-0.00033825913897046766,3.3508178478285826e-05,-0.0007881953486244507,-2.7390273118232107e-09,0.18098704610332514,-1.5740847489719764e-05,0.000105372419414445,6.561127156599731e-10,660.0080878861396,660.0336173504301,660.0036061877631,660.0381024790597,0.0,0.0,0.0
19.084,-5.972538890690149,-13.980089477681963,2.008879181040863,-7.051089203861648e-05,0.0012282043362711892,-178.32381844340375,-5.972380366670842,-13.9800240877411,1.9999999999999991,-178.3238184563255,3.391282569314083e-05,-3.2174822039742904e-05,-0.00033770675318323476,-1.3829372716806836e-06,-0.0006804360193599987,-2.168038017713167e-09,0.18098714055394194,-2.568647841747402e-05,0.0001721700539380428,5.133859191898537e-10,659.9999930834686,660.0417155158722,659.9926780388121,660.0490328605256,0.0,0.0,0.0
19.136,-5.972540627525291,-13.980088173778343,2.008864561814449,-0.00018029318721291245,-0.00010162715047153942,-178.3238184464245,-5.972413861193737,-13.980038234004255,1.9999999999999991,-178.3238184563255,4.057981024900574e-05,-3.055988249414818e-05,-0.00033715369944340947,0.0,0.0,0.0,0.18098722368247233,-4.336808805291909e-05,1.4046249635977712e-05,-2.120876029582997e-10,660.0250332095695,660.0166815673377,660.0126801957144,660.0290333315917,0.0,0.0,0.0
19.188,-5.9725422940691,-13.98008698298529,2.0088499666923987,-0.0005367164703611388,-0.0011986853813252293,-178.323818457359,-5.9724438549303285,-13.980050596401355,1.9999999999999991,-178.3238184563255,3.427432062633622e-05,-2.6935153656618583e-05,-0.0003365942320438728,0.0,0.0,0.0,0.18098723352138965,-4.505809063921961e-05,0.0001145839281498672,1.6240579916729488e-11,660.0109559066009,660.0307587208911,659.9981218873747,660.0435921954714,0.0,0.0,0.0
19.240000000000002,-5.972543388648102,-13.98008605238124,2.008835395925532,-0.001198730426431561,-0.001967104601586672,-178.3238184661567,-5.972468872090541,-13.98006047644562,1.9999999999999991,-178.3238184563255,1.745864476275679e-05,-1.8405753203341417e-05,-0.0003360355816568671,0.0,0.0,0.0,0.18098723188003565,-2.4476949347841917e-05,0.0002036286134980192,2.077571288600303e-10,659.99534318542,660.0463703612854,659.9883717659746,660.0533423188392,0.0,0.0,0.0
19.292,-5.9725435715112924,-13.980085666364127,2.008820849170888,-0.0020932505773064167,-0.0020232343692098984,-178.3238184807987,-5.9724888426875316,-13.980067940929956,1.9999999999999991,-178.3238184563255,-4.687871257989149e-06,-1.9864348217418913e-06,-0.0003354817492898404,0.0,0.0,0.0,0.18098726786209246,1.8452262641666064e-05,0.00025971596954076396,5.156010930318404e-10,659.9812417390673,660.0604714764779,659.986499158536,660.0552175019086,0.0,0.0,0.0
19.344,-5.972542827820203,-13.980086215597403,2.0088063263466887,-0.002993327418844114,-0.0010610966446378415,-178.32381853623204,-5.972504257127724,-13.980073348109968,1.9999999999999991,-178.3238184563255,-2.319592243339676e-05,2.3875590953154986e-05,-0.0003349281090907461,-0.00033259526307900984,0.0005616196704337908,-3.2969638405103406e-09,0.1809872973348857,0.00020331964914693492,4.559462950740718e-05,2.8827895316863164e-09,659.9854055852788,660.056303016124,660.0433250017201,659.998400706545,0.0,0.0,0.0
19.396,-5.972541593890327,-13.980088088735844,2.008791827423681,-0.00329049956130838,0.0007017910015679865,-178.32381863659157,-5.972515731923806,-13.980077224308205,1.9999999999999991,-178.3238184563255,-2.730525310783877e-05,5.719861381267546e-05,-0.00033437551980541067,4.90544963886189e-05,0.0007433202045274738,1.152662347728839e-09,0.1809873284349025,9.86073447928336e-05,-7.69243808802024e-05,3.385080754057465e-09,660.0177673574682,660.0239432443659,660.0458622696125,659.995866149412,0.0,0.0,0.0
19.448,-5.972540648674642,-13.980091411657467,2.0087773523804247,-0.002671807350032612,0.0024185623354332038,-178.32381871814752,-5.972523968935892,-13.98008014317327,1.9999999999999991,-178.3238184563255,-1.2329426451131615e-05,8.903690435811421e-05,-0.00033382381467549847,0.0003342243154506052,0.000640375015778393,5.583290579282895e-09,0.1809873589612573,-6.748434756654069e-06,-0.00011185755147002501,3.522498599785019e-09,660.0377467372371,660.0039645864723,660.0358344043937,660.0058965227759,0.0,0.0,0.0
19.5,-5.97254077107554,-13.980095923727037,2.008762901200579,-0.0017738489188591736,0.0037291870746873797,-178.32381875007826,-5.972529667774475,-13.98008262575925,1.9999999999999991,-178.3238184563255,1.9076682049213787e-05,0.00011207298019638148,-0.0003332722781489605,0.0,0.0,0.0,0.1809873811515665,0.00010821839310066514,5.61967681371273e-05,6.256561102959229e-09,659.9974374593,660.0442672861016,660.0282786471332,660.0134615000811,0.0,0.0,0.0
19.552,-5.972542557578184,-13.980101215887109,2.0087484738492916,-0.0007313284839354182,0.004731657506441475,-178.32381873596327,-5.972533502869266,-13.980085072115287,1.9999999999999991,-178.3238184563255,6.215331741551674e-05,0.00012501499265585384,-0.000332720767669596,0.0004978049424028255,0.0004001834990044989,1.7344242671530815e-08,0.18098739347565587,-0.00011149455775380328,-0.00017954203571435835,-3.445266052760885e-10,660.0623086901754,659.9794137005637,660.0305523404294,660.011170602521,0.0,0.0,0.0
19.604,-5.9725464560349275,-13.980106805718753,2.0087340702707244,0.00044967311684107955,0.005478347323264563,-178.32381870026248,-5.972536214586878,-13.98008787500689,1.9999999999999991,-178.3238184563255,0.00011446648811048836,0.00012543087951636577,-0.0003321695385081323,0.0,0.0,0.0,0.18098739899288183,3.366817898165469e-05,-0.00011043920494881214,5.223362720255831e-09,660.031788403665,660.009921966245,660.0413922365485,660.0003466078781,0.0,0.0,0.0
19.656,-5.972552775974404,-13.980112165482938,2.008719690373344,0.001530034552028167,0.0056758901608641365,-178.32381864839195,-5.97253846809178,-13.980091138665555,1.9999999999999991,-178.3238184563255,0.00017152033746462537,0.00011413516727968402,-0.0003316203777182088,0.0,0.0,0.0,0.18098741698040233,-2.0587624151168884e-05,-0.0001806110729343725,4.123839232157198e-09,660.0495101724963,659.9922034131732,660.0436579164444,659.9980789676915,0.0,0.0,0.0
19.708000000000002,-5.972561575430744,-13.980116804784682,2.008705334090381,0.002595081184985461,0.005194876020698174,-178.3238186082321,-5.972540837091873,-13.980094840106263,1.9999999999999991,-178.3238184563255,0.00022713218916408685,9.144945700692067e-05,-0.0003310721429462103,0.0,0.0,0.0,0.18098743710875956,-8.702312840710012e-05,-0.00022372677044123681,3.2623761326057103e-09,660.0651124607616,659.9766025951359,660.0403361821799,660.0013993366836,0.0,0.0,0.0
19.76,-5.972572597945865,-13.980120254872707,2.008691001448753,0.0032446735240102787,0.0038368309482828974,-178.32381862146931,-5.972543952813015,-13.980098906116288,1.9999999999999991,-178.3238184563255,0.0002732052898618186,5.909071086752849e-05,-0.00033052792338455415,0.00013724316271654477,-0.0006714290005307462,1.8396572662492528e-08,0.18098748766751613,-0.00019987502363776508,3.640134440506201e-05,-3.1880406939401963e-09,660.0441490605344,659.9975873940583,659.9872100430299,660.0545078591141,0.0,0.0,0.0
19.812,-5.97258520969102,-13.98012224451524,2.0086766924465915,0.002842464579269858,0.002092878644776817,-178.3238186798708,-5.972548208084244,-13.980103105953766,1.9999999999999991,-178.3238184563255,0.0003017144113580798,2.423419673761024e-05,-0.0003299872393518943,-0.00032925222219520845,-0.0006875471569222012,1.4522570530024444e-08,0.18098756276231429,-3.93566333983006e-05,7.71065709265667e-05,-5.554586617743187e-10,660.0154898966006,660.0262420862796,660.0042783522052,660.0374501810556,0.0,0.0,0.0
19.864,-5.972598596904522,-13.980122942644558,2.008662407129976,0.001720945885933685,0.0005542480479646605,-178.3238187055998,-5.972553839085182,-13.980107197215444,1.9999999999999991,-178.3238184563255,0.00031182630480349637,-2.1118915376893753e-06,-0.00032944700122552323,-0.0004836950183468478,-0.0005722984345686011,1.4924297723210528e-08,0.18098762928403142,3.8732739436311776e-05,7.650147516397742e-05,-1.3393796293741246e-10,660.0044553475632,660.0372771272419,660.0154872766212,660.0262448205282,0.0,0.0,0.0
19.916,-5.972612027289296,-13.980122839343192,2.008648145538816,0.0006100065027017454,-0.0006701101692613172,-178.3238186935873,-5.9725610195277286,-13.980110856258618,1.9999999999999991,-178.3238184563255,0.0003066988837796292,-1.5696763453835507e-05,-0.0003289059174922945,-0.0002768463872903803,-0.0002991319172190794,9.88858813294834e-09,0.1809876720074499,-1.1231393512545074e-05,1.8144390200757808e-05,1.460637178362249e-09,660.0198805531542,660.0218495591081,660.0166855851778,660.0250525923215,0.0,0.0,0.0
19.968,-5.972624920557365,-13.980122438494597,2.0086339076747297,-0.00043127645418210113,-0.0017064762167735854,-178.32381864776886,-5.972569690050543,-13.980113883885263,1.9999999999999991,-178.3238184563255,0.00028980356535307256,-1.800440664086978e-05,-0.00032836399065057007,-0.00047769032919055536,-0.0004358176920116187,2.1467813876407892e-08,0.1809876896647552,0.00010381015570934612,0.00012364360373924162,-3.732228700890093e-09,659.9884795080789,660.0532644084741,660.0180378632649,660.0236869586098,0.0,0.0,0.0
20.02,-5.972636789177039,-13.980122219602999,2.0086196934922045,-0.0015299906755253884,-0.002673823905982395,-178.3238185911815,-5.9725794922512625,-13.980116267921915,1.9999999999999991,-178.3238184563255,0.0002621616430537341,-8.382432677045544e-06,-0.0003278218882546488,0.0,0.0,0.0,0.18098768904453047,-2.6917968738282714e-05,1.9626043978094453e-05,2.883161386260151e-09,660.0219023668268,660.0198254320416,660.0142433632649,660.0275003401363,0.0,0.0,0.0
20.072,-5.972647203689777,-13.980122655973483,2.0086055029402643,-0.0023734155992716005,-0.003351371044947867,-178.32381851751094,-5.972590197433469,-13.980118080406866,1.9999999999999991,-178.3238184563255,0.00022610426724101453,1.1294432003488836e-05,-0.00032727727060011155,0.0,0.0,0.0,0.18098764753055827,2.656857954951657e-05,8.245101131521144e-05,1.3158820656252737e-09,660.0053394943282,660.0363911833539,660.0129107137809,660.0288275216636,0.0,0.0,0.0
20.124,-5.97265586671124,-13.980124120183497,2.0085913359214844,-0.0031318997366908013,-0.003763950105184921,-178.3238184461121,-5.972601311518959,-13.980119427591465,1.9999999999999991,-178.3238184563255,0.00018444726660220436,3.936629372662625e-05,-0.00032673326036468094,0.0,0.0,0.0,0.18098759773519935,8.69277081710598e-05,0.00014260559290336556,-2.0931127081489106e-10,659.9881774732302,660.0535546831563,660.0129369866183,660.0287955341159,0.0,0.0,0.0
20.176000000000002,-5.97266261843011,-13.980126924503496,2.0085771923273383,-0.003473396144148135,-0.003679280082946957,-178.32381841386166,-5.972612382490756,-13.980120518958698,1.9999999999999991,-178.3238184563255,0.00014094984828304892,7.364061344026405e-05,-0.00032618527099672706,0.0,0.0,0.0,0.18098749679740334,0.00013767739905810248,0.0001858549698969507,-9.048925990136731e-10,659.9747887614246,660.0669394148064,660.0140020256456,660.0277242836432,0.0,0.0,0.0
20.228,-5.972667533365555,-13.980131191979059,2.0085630721886045,-0.003020503258656995,-0.002876729271868556,-178.32381842686027,-5.972622994961188,-13.980121686124853,1.9999999999999991,-178.3238184563255,0.00010183824572862824,0.00010804536307984299,-0.0003256436702351897,0.0,0.0,0.0,0.18098744449107118,0.00015611929086306996,0.0001958074977833482,-6.331685878833517e-10,659.9707427749447,660.0709809172091,660.015209840966,660.0265141015653,0.0,0.0,0.0
20.28,-5.97267101772396,-13.9801366975513,2.0085489750552457,-0.001728597648274726,-0.0013845438604891576,-178.3238184637021,-5.972632812511528,-13.980123186127722,1.9999999999999991,-178.3238184563255,7.505216134717695e-05,0.00013324667030634906,-0.0003251129246927056,0.0005634592636342547,0.0006405787756625593,7.597502705852771e-09,0.18098749798770056,-8.613424800984869e-05,-8.145883548050744e-05,-2.6190161896046144e-09,660.044734115902,659.9969991330426,660.0201939613415,660.0215256436198,0.0,0.0,0.0
20.332,-5.972673766950259,-13.98014288672245,2.008534900823577,-0.0005621331291993318,7.069615152054499e-05,-178.32381847585899,-5.972641561915221,-13.98012516951776,1.9999999999999991,-178.3238184563255,6.50034475304942e-05,0.00014399871421735315,-0.0003245849681532028,0.00039498304494547525,0.0005365132774080249,6.041414740180802e-09,0.18098758006791174,-5.4508715378995056e-05,-8.68803941749234e-05,-1.785176186881581e-09,660.0410028781208,660.0007314863974,660.0254726884245,660.0162523703192,0.0,0.0,0.0
20.384,-5.972676469786252,-13.980149237217656,2.0085208495328475,0.0002379392948128961,0.0012401684840466927,-178.32381846351487,-5.972649202781937,-13.98012792229187,1.9999999999999991,-178.3238184563255,6.924721961525688e-05,0.00014399869992839844,-0.00032405576689945975,0.0,0.0,0.0,0.18098764859338465,6.92273084393093e-05,7.147142897417901e-05,1.583380371456995e-10,660.0008286984934,660.0409034538741,660.0205472260586,660.0211864114773,0.0,0.0,0.0
20.436,-5.972679692361611,-13.980155370412012,2.0085068212232633,0.0011759804726628534,0.00245027163441326,-178.32381843412807,-5.9726557543796615,-13.980131410606324,1.9999999999999991,-178.3238184563255,8.592155517604176e-05,0.00013505791878101387,-0.0003235251885835784,0.0,0.0,0.0,0.1809876997712641,2.4853276746659864e-05,7.27170440329319e-06,-4.6531283408454203e-10,660.0162936270328,660.0254436789795,660.0233712259636,660.0183635249533,0.0,0.0,0.0
20.488,-5.972683973364254,-13.980160897706794,2.00849281590108,0.0019069390257545706,0.00338990022565644,-178.3238184010766,-5.972661383938501,-13.980135493073238,1.9999999999999991,-178.3238184563255,0.00011410351000079282,0.00011709879625444853,-0.0003229934633278035,0.0,0.0,0.0,0.1809877344627198,-2.1045783635525488e-05,-5.919931695429176e-05,-1.1688920831752834e-09,660.0322986748791,660.0094427288116,660.0263011134947,660.0154339689888,0.0,0.0,0.0
20.54,-5.972689740950425,-13.980165498514697,2.008478833523235,0.002537156353894253,0.004112984746208537,-178.32381836952442,-5.972666380521914,-13.980140069620099,1.9999999999999991,-178.3238184563255,0.00015091695627494884,9.208221300078365e-05,-0.0003224595806434402,0.0,0.0,0.0,0.1809877429095499,-7.172445370378569e-05,-0.0001278837933183481,-1.842919331327848e-09,660.0492986002531,659.9924448448464,660.0288650217491,660.0128693430743,0.0,0.0,0.0
20.592,-5.9726973001602195,-13.980168919042312,2.0084648741151256,0.0028249180101999186,0.004399634138567621,-178.32381835829025,-5.9726711058552375,-13.980144973641206,1.9999999999999991,-178.3238184563255,0.00019321550154602747,6.192845027551629e-05,-0.0003219247709355999,0.0,0.0,0.0,0.18098773519996228,-0.00011491807161453311,-0.00018608259031576487,-2.090098962510548e-09,660.0637378248364,659.978004803899,660.0310016172593,660.0107320631192,0.0,0.0,0.0
20.644000000000002,-5.972706746248358,-13.980171061314683,2.0084509376239565,0.002453565342435002,0.003979198282729337,-178.32381838587074,-5.972675978757143,-13.980149901172856,1.9999999999999991,-178.3238184563255,0.00023517739171101428,3.164709189349709e-05,-0.0003213930387032436,0.0,0.0,0.0,0.1809877512222741,-0.0001316178641386429,-0.00021588001952600503,-1.5160410545456548e-09,660.0703584708821,659.9713818002062,660.0328677384834,660.0088676279007,0.0,0.0,0.0
20.696,-5.972717844386773,-13.980172116102514,2.0084370240047527,0.001298915935329495,0.002715233342938445,-178.32381843722382,-5.972681358689754,-13.980154544999994,1.9999999999999991,-178.3238184563255,0.00026850210019376236,9.131238219915519e-06,-0.00032086757412226233,-0.0005351359066216416,-0.0006099540132227541,-3.2870720416255736e-09,0.180987822605973,9.782948878871092e-05,3.2186859693681904e-05,7.695182804851668e-10,660.0023534417871,660.0393855675164,660.0302202155389,660.0115234430663,0.0,0.0,0.0
20.748,-5.972729994752586,-13.98017258109518,2.008423133264089,0.00019905140117521143,0.0011579278367841977,-178.32381846142604,-5.972687598487197,-13.980158636008964,1.9999999999999991,-178.3238184563255,0.00028595959294828207,1.6300336729478474e-08,-0.0003203457656578672,-0.0003595335002248881,-0.0006111771933339697,-1.330689989718431e-09,0.1809879222544095,6.394160630645459e-05,7.350483526660621e-05,5.862566692517644e-10,660.0012973423399,660.0404457567432,660.0195115305927,660.0222353933932,0.0,0.0,0.0
20.8,-5.972742465451078,-13.980172939732727,2.0084092654778565,-0.00041033074817983643,-0.00021301923374310964,-178.323818460557,-5.972694859260122,-13.980162107026455,1.9999999999999991,-178.3238184563255,0.00028721231137789733,6.359195716227462e-07,-0.00031982228261936177,0.0,0.0,0.0,0.18098799409469662,-5.226906580374937e-05,-0.00011261421600571688,9.152577717999748e-11,660.0443552193509,659.9973920608279,660.0294682098443,660.0122803007894,0.0,0.0,0.0
20.852,-5.9727546010354535,-13.98017347503501,2.0083954207009027,-0.0009785938533018153,-0.001635877327472453,-178.32381844532765,-5.972703207874728,-13.980164963648354,1.9999999999999991,-178.3238184563255,0.00027404491049783694,7.119319339951608e-06,-0.00031929770983923087,-0.00023502084752590678,-0.0005766448780827599,-5.807880459760854e-10,0.1809880409177847,6.533116072938925e-05,0.00017642521343073765,-1.5441221898582078e-11,659.9864451839244,660.055303850394,660.0050539074325,660.0366964580811,0.0,0.0,0.0
20.904,-5.97276576494305,-13.98017441788221,2.0083815989446827,-0.0014413466067796517,-0.0028436676389058634,-178.3238184222228,-5.972712564374733,-13.980167260103613,1.9999999999999991,-178.3238184563255,0.0002465870677438439,1.927317950448861e-05,-0.0003187707174316035,0.0,0.0,0.0,0.1809880480704368,4.544624014864469e-06,2.9143649429658473e-05,-7.16370841622859e-10,660.0160791953941,660.0256745145865,660.0173716497648,660.0243781086077,0.0,0.0,0.0
20.956,-5.972775406310071,-13.980175962228627,2.0083678001809844,-0.0018476817341100125,-0.003898186323654579,-178.3238183976934,-5.972722573610968,-13.980169146720812,1.9999999999999991,-178.3238184563255,0.00020755834168431067,3.581305964093256e-05,-0.0003182420375551089,0.0,0.0,0.0,0.18098802245779505,3.766510693503024e-05,0.00011157602461981246,-1.2391127679022414e-09,659.9996231829064,660.042131039407,660.0103480369683,660.0313998386072,0.0,0.0,0.0
21.008,-5.9727830716388395,-13.980178264815846,2.008354024317486,-0.0020890622780230777,-0.004624600265746895,-178.323818382019,-5.972732855789897,-13.980170739775277,1.9999999999999991,-178.3238184563255,0.00015911693962300286,5.587186524041183e-05,-0.0003177126542595665,0.0,0.0,0.0,0.18098797552395796,6.878932583164177e-05,0.00019234326987308477,-1.577536087012158e-09,659.9836874278403,660.0580649590586,660.0032769075553,660.0384683678739,0.0,0.0,0.0
21.06,-5.972788471200081,-13.980181406682703,2.008340271221076,-0.0019514505994683725,-0.004678660380859206,-178.32381839252398,-5.972743069314437,-13.980172255766702,1.9999999999999991,-178.3238184563255,0.00010625184274912889,7.679446810434283e-05,-0.00031718391078009654,0.0,0.0,0.0,0.18098792356179905,8.577753502376896e-05,0.00025155212228729975,-1.367682132441002e-09,659.9728338044318,660.068914292321,659.9972630736399,660.0444800998874,0.0,0.0,0.0
21.112000000000002,-5.972791630387177,-13.980185305503298,2.00832654074817,-0.0012731730689445047,-0.00375856021045283,-178.3238184318665,-5.972752763550379,-13.98017389993058,1.9999999999999991,-178.3238184563255,5.743298839973594e-05,9.382912620514192e-05,-0.00031665864132911627,0.0003636473557440046,0.0005410832371584289,-5.4029217571037886e-09,0.1809878978747407,-6.337146149283242e-05,5.90032341388245e-05,1.4240886507452421e-09,660.0214929552395,660.020248767519,660.0034467861063,660.0383023649068,0.0,0.0,0.0
21.164,-5.972793015038995,-13.980189657201347,2.0083128327721256,-0.00032169912816874027,-0.0019927575816706357,-178.32381846346408,-5.9727615747915515,-13.980175842701971,1.9999999999999991,-178.3238184563255,2.3214383873689707e-05,0.00010157528794501575,-0.00031613894169057034,0.00033449935757882027,0.0007570154035955493,-2.318580995401572e-09,0.1809879219654971,-8.18428427358981e-05,-5.776966299866391e-05,9.789197621784963e-10,660.0407538092625,660.0009884419576,660.0174457852539,660.0243024692239,0.0,0.0,0.0
21.216,-5.972793445424768,-13.98019406819811,2.0082991472228877,0.00019318654738822058,-0.00019141266241530833,-178.32381846843344,-5.972769198062993,-13.980178142783481,1.9999999999999991,-178.3238184563255,8.998651582371343e-06,0.00010060404458844826,-0.00031562175913998344,0.00013670030614094288,0.000688379642907562,-1.3334654737450195e-09,0.18098796687881197,-2.491503657928808e-05,-8.5733270052807e-05,7.406320647611008e-10,660.0366301560848,660.0051145656761,660.0295358711835,660.0122132153966,0.0,0.0,0.0
21.268,-5.972793762502172,-13.980198317121994,2.0082854840865494,0.00038128300958118285,0.0013128055701926518,-178.32381846343546,-5.972775481312226,-13.980180864062781,1.9999999999999991,-178.3238184563255,1.3029692774598018e-05,9.577101786803855e-05,-0.0003151045998897586,0.0,0.0,0.0,0.1809880073573799,1.823233342720492e-05,0.00011863639894252624,1.5225310848404177e-10,660.0013821292681,660.0403659965255,660.0065757389503,660.0351734960207,0.0,0.0,0.0
21.32,-5.97279467348189,-13.98020232971499,2.008271843350558,0.0005422416280286281,0.002812581337057555,-178.3238184543192,-5.972780441323606,-13.980184007324802,1.9999999999999991,-178.3238184563255,3.240486910199856e-05,8.935229289659793e-05,-0.00031458678993750473,7.261085797714557e-05,0.0006250535131445201,-9.218455221127367e-10,0.1809880360025568,-2.064055176550841e-05,-0.00019971137880889296,2.941649935208615e-10,660.0522554161626,659.9894933063748,660.0463775042057,659.9953733543476,0.0,0.0,0.0
21.372,-5.972796844407767,-13.980206057374488,2.008258224990405,0.0006911647245239131,0.004109294868144207,-178.32381844309302,-5.9727843047410625,-13.980187418063288,1.9999999999999991,-178.3238184563255,6.698442073917624e-05,8.130475065200259e-05,-0.00031406765814666717,0.0,0.0,0.0,0.18098804582862585,-5.712345116191479e-06,-4.6555177307137936e-05,-2.809813539833102e-10,660.0283201323296,660.0134329472647,660.0266923422057,660.015059213756,0.0,0.0,0.0
21.424,-5.972800852972531,-13.980209454500002,2.0082446289718696,0.0008034071726334672,0.005150171937230345,-178.32381843400515,-5.972787393174324,-13.980191001125354,1.9999999999999991,-178.3238184563255,0.00011352527423012471,7.197706234013364e-05,-0.00031354719679191904,0.0,0.0,0.0,0.18098803668927496,-1.9311394866673944e-05,-0.00013837955048909834,-4.752583315793439e-10,660.0433340536089,659.9984194646455,660.0378325011218,660.0039187132015,0.0,0.0,0.0
21.476,-5.972807136544767,-13.980212491516427,2.0082310552299756,0.0008235483617981639,0.005746040745615099,-178.32381843164683,-5.972790182375018,-13.98019462245804,1.9999999999999991,-178.3238184563255,0.000168761812279583,6.19247690268759e-05,-0.0003130269379026659,0.0,0.0,0.0,0.18098802457481236,-3.037290509484453e-05,-0.00022332941311412616,-5.26865056756684e-10,660.057006878282,659.984745688371,660.0483548222522,659.9933956599118,0.0,0.0,0.0
21.528,-5.972815916363746,-13.980215175767183,2.008217503670856,0.0006691428221003472,0.005525909850125309,-178.3238184459626,-5.97279314494686,-13.98019817992188,1.9999999999999991,-178.3238184563255,0.00022636136289042223,5.2472477945042926e-05,-0.0003125113809614076,0.0,0.0,0.0,0.180988055598357,-3.3824343432762135e-05,-0.0002787249846610142,-2.2606279071226795e-10,660.0653871001412,659.9763647115153,660.0557529779079,659.9859987404163,0.0,0.0,0.0
21.580000000000002,-5.972827037797236,-13.980217582059069,2.008203974127444,0.0002937386360252626,0.0041930389674808876,-178.3238184713744,-5.972796788413219,-13.980201641293226,1.9999999999999991,-178.3238184563255,0.0002763477803880898,4.5691815663656755e-05,-0.00031200313729406835,-0.0001841715024165165,-0.0007224994870427351,-4.673167239543915e-09,0.18098815965640577,4.5397800896912455e-05,-3.0460321070010696e-06,2.018718015569135e-09,660.0148444498976,660.0269073637526,660.0277805371317,660.0139824409462,0.0,0.0,0.0
21.632,-5.972839857033764,-13.980219863082223,2.008190377827159,-0.00011372558575743846,0.0020978492513227345,-178.32381848017175,-5.972801490062669,-13.980204987363285,1.9999999999999991,-178.3238184563255,0.00023097299198932857,3.260765165874698e-05,-0.00023831723073045185,-0.00010043665934233924,-0.0006432330103961295,-1.3305604619161502e-09,0.18027125125721744,1.6918801516826373e-05,8.664158174432457e-05,9.929535059145927e-10,659.9902449817861,660.0197424521194,659.9950668640024,660.0149262500697,0.0,0.0,0.0
21.684,-5.972853411538826,-13.980222173830885,2.008176210129307,-0.0003405762609087214,0.00013325630120786879,-178.3238184339722,-5.97280754437602,-13.980208137700583,1.9999999999999991,-178.3238184563255,0.0003157245832051921,4.491131634500797e-05,-0.00033207728094050243,-6.536319784572588e-05,-0.0007337825642323977,3.656742845658089e-08,0.18122060741168952,2.361132694262505e-05,0.00011362527603238961,-1.3775982005307369e-08,660.0065021656987,660.0455905060039,660.0131892616902,660.0388274369325,0.0,0.0,0.0
21.736,-5.972866791591179,-13.980224593256322,2.0081618908393115,-0.00040646917468940114,-0.0014104696070947078,-178.32381840331453,-5.972815045795936,-13.980211080407072,1.9999999999999991,-178.3238184563255,0.0003046929930518808,4.8051774323417374e-05,-0.0003276238768452654,0.0,0.0,0.0,0.18120943327180752,3.499311659078989e-06,-0.00010183178568393662,-1.1254126010273653e-09,660.0397852595028,660.0117777551881,660.040778810866,660.0107779265539,0.0,0.0,0.0
21.788,-5.9728792801256665,-13.98022713200172,2.00814794066825,-0.00038678333493782127,-0.0028349992710740056,-178.32381838231794,-5.972824016774897,-13.980213911289697,1.9999999999999991,-178.3238184563255,0.00027861257245966417,5.140630644963238e-05,-0.00031851706548266333,1.4224617758928343e-05,-0.0006109831833308188,3.912496993464529e-09,0.18114137328572688,-2.5679819257083163e-09,0.000212947472609292,-2.9984487620804746e-09,659.9939500037448,660.0546020822961,659.9939409679314,660.0545945100978,0.0,0.0,0.0
21.84,-5.9728902372863795,-13.980229761561885,2.0081343346253644,-0.0003381008163202685,-0.0042034819673271474,-178.3238183695974,-5.972834054640613,-13.980216622932772,1.9999999999999991,-178.3238184563255,0.0002375731162100581,5.4350780771964e-05,-0.0003115107111864483,0.0,0.0,0.0,0.1810836491768451,6.262118778428715e-06,7.374232548299834e-05,-1.8474176458166572e-09,660.011603033386,660.0343903607087,660.0133815581949,660.0326016600784,0.0,0.0,0.0
21.892,-5.972899076873901,-13.980232439987866,2.0081209676179443,-0.00026004177920325587,-0.005166275526511153,-178.32381836508728,-5.972844718629876,-13.980219268134803,1.9999999999999991,-178.3238184563255,0.0001844916760030001,5.6630086987542676e-05,-0.00030686155550551525,0.0,0.0,0.0,0.18104214479785236,5.469680019411114e-06,0.00016785515937219172,-1.9458519698899347e-09,659.9973936976968,660.0467611470407,659.9989462730148,660.0451979067623,0.0,0.0,0.0
21.944,-5.972905402320384,-13.980235117668702,2.0081077530461444,-0.0001422568806305666,-0.00556565215830977,-178.32381836912884,-5.972855518317919,-13.98022184563466,1.9999999999999991,-178.3238184563255,0.00012414603431436144,5.788145342673271e-05,-0.0003039679007091338,0.0,0.0,0.0,0.1810137108679372,2.2104363469600195e-06,0.0002487015504950392,-1.8626525595880585e-09,659.985713897407,660.0571802646833,659.9863383631348,660.0565455495373,0.0,0.0,0.0
21.996,-5.972909087614768,-13.9802377361761,2.0080946294274487,2.1150966561268292e-06,-0.0050462962571303635,-178.32381837946483,-5.972865977229985,-13.980224427602073,1.9999999999999991,-178.3238184563255,6.403438510981532e-05,5.773867090612554e-05,-0.0003022977562950126,0.0,0.0,0.0,0.18099508141539541,-3.5247726250691554e-06,0.00029302072075324345,-1.6444896397784004e-09,659.9798053823938,660.0622615335722,659.9787968152558,660.0632608651413,0.0,0.0,0.0
22.048000000000002,-5.972910432600158,-13.980240285359033,2.008081303778947,0.00013712008810332893,-0.0033460096069731766,-178.32381838880647,-5.972875596231581,-13.98022706561292,1.9999999999999991,-178.3238184563255,1.5913351129919697e-05,6.0702857272299544e-05,-0.0003265609080215337,4.58694430446748e-05,0.0008889891186095875,-4.181954120000788e-09,0.18123873205786858,-2.3689280888270613e-05,-6.515934794731258e-05,7.97658362857886e-11,660.0390825343198,660.013776286944,660.0323355675404,660.0205238852562,0.0,0.0,0.0
22.1,-5.972910192368725,-13.980242591890311,2.0080683234378465,0.00013891243760557205,-0.001213577551077376,-178.3238183922068,-5.972883990677813,-13.980229724064257,1.9999999999999991,-178.3238184563255,-9.758776222791601e-06,3.999131755167013e-05,-0.00023319051732983458,-2.0626690018048266e-05,0.0006610032983830671,-2.847679915548664e-09,0.18031480052779367,-1.759676038608618e-05,-3.302345065735944e-05,-3.320258554967853e-10,660.0131695134614,659.998751200786,660.0081564894618,660.003762457126,0.0,0.0,0.0
22.152,-5.972909423427491,-13.98024474014683,2.0080549742471256,1.4580131509817755e-05,0.0007881100575695392,-178.32381812038003,-5.972890858547641,-13.980232318790067,1.9999999999999991,-178.3238184563255,-1.1165112011025976e-05,3.4247048987846066e-05,-0.00021751572910856274,-4.088902035443425e-05,0.0005276301953802016,6.56746758019129e-08,0.18016771706410942,-9.795072263585774e-06,-5.5961234421667125e-05,-3.0941761120553455e-08,660.0121088906486,659.9933792253462,660.0092332569795,659.9960835391603,0.0,0.0,0.0
22.204,-5.972908983474961,-13.980246937888595,2.008040240377445,-0.00016302914319487626,0.00257608749600051,-178.32381802464505,-5.97289616956857,-13.9802348055678,1.9999999999999991,-178.3238184563255,-1.949992655103128e-08,3.398598539387063e-05,-0.00023450930583562165,-5.234493858408716e-05,0.00044454452135305535,1.621118236913698e-08,0.18038717082423883,2.322329156139525e-06,-0.000103776766115049,-1.507824266706495e-08,660.0220330231494,659.9931355103756,660.0226527248411,659.9924322608884,0.0,0.0,0.0
22.256,-5.972909708486002,-13.980249202374232,2.00802436558343,-0.0003608309924283968,0.00400829850581607,-178.32381798868423,-5.972900095492762,-13.980237219482252,1.9999999999999991,-178.3238184563255,2.2536923524051892e-05,3.5069223182476385e-05,-0.00025053557506899614,0.0,0.0,0.0,0.1806345333262842,-7.833480994789628e-06,-1.1953112558540703e-05,-9.962375007572277e-09,660.0158759571053,660.0102401405255,660.013617161545,660.0124437666007,0.0,0.0,0.0
22.308,-5.9729122381768684,-13.980251642774006,2.00800768035126,-0.0005842461825963585,0.005229044901255108,-178.32381797676564,-5.972902953681882,-13.980239624611624,1.9999999999999991,-178.3238184563255,5.399881176912065e-05,3.757766170326599e-05,-0.0002603045448199963,0.0,0.0,0.0,0.18084720937302168,4.7965473601766525e-06,-9.517508448798237e-05,-1.0227309176699995e-08,660.0306417751627,660.0048994350376,660.0319796148015,660.0035048912415,0.0,0.0,0.0
22.36,-5.972917092811837,-13.980254373374658,2.007990586290938,-0.0008104417265322702,0.006179350880666306,-178.3238180052447,-5.972905208557796,-13.980242046575954,1.9999999999999991,-178.3238184563255,9.287504195876817e-05,4.166848395122726e-05,-0.00026418777073449113,0.0,0.0,0.0,0.1810159940772077,1.937407097756926e-05,-0.0001786097425870076,-9.641659349521783e-09,660.0441866700389,659.9988321452936,660.0496780036699,659.9932869824439,0.0,0.0,0.0
22.412,-5.972924651800009,-13.980257501993767,2.0079734226770922,-0.0009505590852179623,0.00651978346070137,-178.32381804873148,-5.972907407815417,-13.980244486392388,1.9999999999999991,-178.3238184563255,0.0001361744622375689,4.7088803730112704e-05,-0.00026335197594411805,0.0,0.0,0.0,0.18114148618958464,3.19475874450352e-05,-0.0002442830440415033,-8.722585402981336e-09,660.0545274907128,659.9940489994469,660.0636023343743,659.9849248834903,0.0,0.0,0.0
22.464,-5.972935011741264,-13.980261087300084,2.007956451734246,-0.0009116369116891346,0.005924507357102206,-178.3238180975405,-5.97291010956504,-13.980246943379973,1.9999999999999991,-178.3238184563255,0.00017852208722475695,5.29285448753425e-05,-0.0002589887748731144,0.0,0.0,0.0,0.1812269869016467,3.769984481694488e-05,-0.0002720469178307475,-7.658139342508614e-09,660.0595543230488,659.9928065598448,660.0702703211225,659.9820468840443,0.0,0.0,0.0
22.516000000000002,-5.972948647963084,-13.980265335284805,2.007938922820671,-0.0006178126228895547,0.004094857933926781,-178.32381814508344,-5.972913833329778,-13.980249553212264,1.9999999999999991,-178.3238184563255,0.00031972621291921773,8.666288274500127e-05,-0.00037755115735557345,0.00014429118788078122,-0.0008531921944770094,-2.403276769874421e-08,0.18254052868630913,3.910058688941417e-06,-1.4947377722598985e-05,2.0860783901345297e-09,660.0568383720848,660.0536948129037,660.057957776455,660.0525869552741,0.0,0.0,0.0
22.568,-5.972962934353258,-13.980269539689791,2.0079236428056086,-0.0002392569642365845,0.0018321099302603843,-178.3238181802724,-5.972918887418804,-13.980252348396283,1.9999999999999991,-178.3238184563255,0.0002611519143122661,6.754545094182936e-05,-0.000259145246780356,0.00011499214119899903,-0.0007067235641097536,-1.557918526584654e-08,0.1814516470485806,-1.7154282139134926e-05,6.655351788432471e-05,-2.1777162222893876e-10,660.0241114431565,660.0381814447107,660.0192248486236,660.0430666927305,0.0,0.0,0.0
22.62,-5.972977776443418,-13.980273799728254,2.0079097385834874,8.72864184732902e-05,-0.0003477525197585812,-178.3238182261099,-5.972925648232637,-13.980255389801275,1.9999999999999991,-178.3238184563255,0.0002636176836747125,6.707866726799702e-05,-0.0002367125404855046,8.812489559331327e-05,-0.0006342718267297673,-1.4511659766082531e-08,0.1812634853816963,-1.9457387380896993e-05,0.0001168642760526084,3.720294557621379e-10,660.0131049000388,660.0408487246624,660.0075638587302,660.0463915470914,0.0,0.0,0.0
