Time_s,X,Y,Z,Roll_deg,Pitch_deg,Yaw_deg,Ref_X,Ref_Y,Ref_Z,Ref_Yaw,vx,vy,vz,p,q,r,T_pert,tau_x,tau_y,tau_z,RPM_0,RPM_1,RPM_2,RPM_3,Wind_X,Wind_Y,Wind_Z
0.052000000000000046,0.999999999994012,-17.999999999997026,0.01005499366328017,-6.23804377312152e-09,3.0909418522655102e-09,89.99999999899832,1.0,-18.0,0.014464867854085735,89.99999999971945,5.608270329920638e-11,1.1165366584334319e-10,0.0009999500372523049,0.0,0.0,0.0,0.13171123659673056,3.905948337289555e-10,-1.942680962094918e-10,1.49713226172809e-11,658.928276886828,658.9282769428398,658.9282770397953,658.9282768729345,0.0,0.0,0.0
0.10400000000000009,0.9999999999922126,-17.99999999999612,0.010106992931181715,-8.113027388466047e-09,4.036529179055208e-09,89.99999999928933,1.0,-18.0,0.027872386655924238,89.99999999971945,4.9036800247471004e-12,9.87326982620365e-12,0.0009999974801928532,0.0,0.0,0.0,0.5603956235543128,3.799583871691819e-10,-1.8904376780806631e-10,8.929335880407745e-12,668.3735388325188,668.3735388862168,668.3735389638088,668.3735388037671,0.0,0.0,0.0
0.15600000000000014,0.9999999841754132,-17.999999974239337,0.010352670334895758,-0.0006144533413398375,0.00030835435001969806,90.00022066009767,1.0,-18.0,0.04988052804296929,89.99999999971945,9.403585461640948e-07,1.131605565980542e-06,0.0105984101401394,0.0,0.0,0.0,1.164504742623968,2.8148868568064137e-05,-1.4509243055172939e-05,-4.581009369859025e-06,681.4660229352749,681.4697855988205,681.4615005901518,681.4497325972853,0.0,0.0,0.0
0.20799999999999996,0.9999996682066822,-17.999999795741747,0.011823597459163693,-0.0015776655970029477,0.000810989789660048,90.00057345371616,1.0,-18.0,0.07930197671112212,89.99999999971945,5.171668886682794e-06,9.512966368844194e-06,0.04306414171290957,0.0,0.0,0.0,1.7422875860676887,7.90284817274946e-05,-4.0948717907969375e-05,-1.1905164639436367e-05,693.7591623006231,693.7694808971241,693.7492097852687,693.7166977062675,0.0,0.0,0.0
0.26,0.9999985861046562,-17.99999922166507,0.015602124375160642,-0.0022065426079182957,0.0012012673082461617,90.0008820442299,1.0,-18.0,0.11471958995594747,89.99999999971945,1.3234911718681095e-05,2.5035561079056554e-05,0.09522679559160356,0.0,0.0,0.0,2.244703357388788,0.0001232678714465232,-6.674990347789995e-05,-1.8311643438682866e-05,704.2747897471774,704.2898758856729,704.2601670617161,704.209442875454,0.0,0.0,0.0
0.31200000000000006,0.9999964131195853,-17.999998049085598,0.022634132832293624,-0.0021675218544512024,0.001349162830112067,90.00112089973324,1.0,-18.0,0.15478502333384972,89.99999999971945,2.3933196765969393e-05,4.4468507092514804e-05,0.16437178265541233,0.0,0.0,0.0,2.624816030559611,0.0001436862665564394,-8.540664276136078e-05,-2.327039184495893e-05,712.1291766300321,712.144561421512,712.1073771279424,712.0468955725229,0.0,0.0,0.0
0.3640000000000001,0.9999931662371438,-17.999996197570628,0.03367924617605518,-0.001263665054792795,0.0011578624871282609,90.00128097398319,1.0,-18.0,0.19834257833568275,89.99999999971945,3.557704594954387e-05,6.32969367108056e-05,0.24635253812096175,0.0,0.0,0.0,2.8619382567228846,0.00012731296502423755,-9.119731914632909e-05,-2.659360575815582e-05,716.9886715708075,716.9981408859392,716.954254129451,716.8969565684529,0.0,0.0,0.0
0.41600000000000015,0.9999893288147351,-17.999993770455266,0.04925562255923295,0.00046302498590207626,0.0005948922563006231,90.00136243652744,1.0,-18.0,0.2444608221996299,89.99999999971945,4.6124679497017044e-05,7.624452826267508e-05,0.33632911435232465,0.0,0.0,0.0,2.9571526393541503,7.017092799620188e-05,-8.058222166915575e-05,-2.828480506447705e-05,718.936090135669,718.9333677253693,718.8825230676415,718.8430992458342,0.0,0.0,0.0
0.4680000000000002,0.9999858343307214,-17.999991077730122,0.06962974571179124,0.0027309710703106644,-0.00032475565223986295,90.00136124923085,1.0,-18.0,0.2924195984772765,89.99999999971945,5.348515968131393e-05,7.798064212508518e-05,0.4295147435635247,0.0,0.0,0.0,2.925878412907851,-2.1998295386828504e-05,-5.170796046637728e-05,-2.8260156249761218e-05,718.3079793151265,718.2886890659922,718.2303039130965,718.2225275822874,0.0,0.0,0.0
0.5200000000000002,0.9999838987440545,-17.99998862315731,0.09483091681559765,0.005030173520830997,-0.001526268001061189,90.00128392040847,1.0,-18.0,0.34167886329040315,89.99999999971945,5.5352624761161724e-05,6.33146083293917e-05,0.5215742384309257,0.0,0.0,0.0,2.792486846579286,-0.0001337522792008857,-4.81683330304844e-06,-2.6654774881006063e-05,715.5938986907214,715.5574946829113,715.4906676210452,715.5245439559257,0.0,0.0,0.0
0.5720000000000001,0.9999847190736662,-17.999987051178774,0.12468937881010154,0.006654859913526443,-0.0028410661078973895,90.00114007740737,1.0,-18.0,0.39184322955345763,89.99999999971945,4.914524540049948e-05,2.796990978317572e-05,0.6090300956608454,0.0,0.0,0.0,2.5839445543918753,-0.00024013227508949946,5.622483186324899e-05,-2.3668529044322996e-05,711.32197610978,711.2733705147596,711.1976808590323,711.2760129003098,0.0,0.0,0.0
0.6240000000000001,0.9999890793854155,-17.99998704267973,0.15887994869598393,0.006859762960016123,-0.004028403350109768,90.0009424811454,1.0,-18.0,0.44262887758017755,89.99999999971945,3.241296402897556e-05,-2.951071957874907e-05,0.6892469369112555,0.0,0.0,0.0,2.3320396410736874,-0.00031095588529739227,0.00012419386677825007,-1.9566341171703138e-05,706.1197692516381,706.0700455072296,705.9863201751498,706.1021832805341,0.0,0.0,0.0
0.6759999999999999,0.9999969684927857,-17.99998917848784,0.196976814616731,0.005057813864708814,-0.00480322316661765,90.00070594966553,1.0,-18.0,0.49383549335215265,89.99999999971945,3.4439605301600165e-06,-0.00010536308992215313,0.7608164253975614,0.0,0.0,0.0,2.064008461555268,-0.00031680319586694825,0.00018904636745433582,-1.4655840544462328e-05,700.5330743263639,700.4987893029461,700.4098065807979,700.5455645772585,0.0,0.0,0.0
0.728,1.000007319639285,-17.999993792283544,0.23850775930326906,0.001027226920585424,-0.004874982514862447,90.0004467453462,1.0,-18.0,0.5453238070757378,89.99999999971945,-3.795276027300983e-05,-0.00018855437499636828,0.8230233702460774,0.0,0.0,0.0,1.7874883909657786,-0.0002360042841935181,0.00023908407676830832,-9.274641503496399e-06,694.7124792129794,694.7133126148143,694.62420715765,694.7527721218837,0.0,0.0,0.0
0.78,1.0000179650385757,-18.000000833368244,0.2829756107827558,-0.004787548983747708,-0.004005550598006004,90.00020039755677,1.0,-18.0,0.5969983116619322,89.99999999971945,-8.956046093938455e-05,-0.0002590468034980321,0.8756264298163426,-0.0018128012504130882,0.00037840561755197316,-6.026127908941342e-05,1.517592498810794,0.0006319022359483446,0.0001161423018587499,1.7798018749178897e-05,688.8707377321841,689.0748474722047,689.0903738852593,688.9496544414106,0.0,0.0,0.0
0.8320000000000001,1.000026038287069,-18.000009781516816,0.3298860514245325,-0.009573734092321188,-0.0022487342207423173,90.00000285044342,1.0,-18.0,0.6487943519941035,89.99999999971945,-0.0001439096788148652,-0.0002705752214281769,0.9188390229468004,0.0,0.0,0.0,1.2658808830715564,0.00011973210161141154,0.00025139761170380994,-5.918232078966307e-08,683.5826093307102,683.6846658254831,683.6153777313388,683.6515842732512,0.0,0.0,0.0
0.8840000000000001,1.0000291447785685,-18.000019674550035,0.37876958354780094,-0.01337448154941962,0.0005513383616590289,89.9997999241902,1.0,-18.0,0.7006687011803814,89.99999999971945,-0.00019604588058659236,-0.00023000639783222072,0.9533321051196342,0.0,0.0,0.0,1.0393264033127227,0.0003192460303998933,0.00019497301231752995,4.153658584088567e-06,678.6936635335467,678.8360822745334,678.7932710833904,678.7588528422256,0.0,0.0,0.0
0.9360000000000002,1.000025563435534,-18.000029086251317,0.42920033863349283,-0.015513551767582361,0.00431543045470123,89.999620991813,1.0,-18.0,0.7525928132735092,89.99999999971945,-0.00023686882232837276,-0.00013746077804551718,0.9799899055979369,0.0,0.0,0.0,0.8418962501253215,0.0005063361467238941,8.486097427029733e-05,7.868375757909752e-06,674.4109004085075,674.5756760547237,674.573347696686,674.4558798577285,0.0,0.0,0.0
0.9880000000000002,1.0000144774352497,-18.00003618421664,0.4807996472895884,-0.014688946293579872,0.008669319446698185,89.99947618088612,1.0,-18.0,0.8045480718714193,89.99999999971945,-0.0002536020421484073,1.0887985294294581e-05,0.9997822752238641,0.0,0.0,0.0,0.6755388256165951,0.0006289250708219772,-7.77566601636511e-05,1.0874716172269381e-05,670.7958215436029,670.9502695550891,671.0016802477155,670.8036631511748,0.0,0.0,0.0
1.0399999999999998,0.9999965304217923,-18.00003892616,0.5332443929334069,-0.010041838442055421,0.012873135457200157,89.99938170175449,1.0,-18.0,0.8565224933733967,89.99999999971945,-0.0002316602773008361,0.0002026402881902131,1.0137930361347165,0.001981540007429907,0.0012341195353012563,-1.940789127363739e-05,0.5395286148920899,-0.00012570550112222276,-0.0007524872062593106,1.9908110289090435e-05,668.0132190504264,667.7660332757296,668.0323174829961,667.8559110048006,0.0,0.0,0.0
1.0920000000000003,0.9999740555901425,-18.00003547014118,0.5862675056031872,-0.004000006404728059,0.014873449248267993,89.9993540721893,1.0,-18.0,0.9085084704357089,89.99999999971945,-0.00014417445586067265,0.0003728434466511273,1.0230902135711086,0.000394955291851666,6.954751334151412e-05,-9.712700037663713e-07,0.43165180009053294,0.0004189261830171891,-0.0004801763095862021,1.376366523670899e-05,665.5407538002505,665.5234525962633,665.6968686785717,665.4429153676314,0.0,0.0,0.0
1.144,0.9999500362521562,-18.000025008158566,0.6396534993700598,0.002185407859154735,0.014201368529511668,89.99935816047321,1.0,-18.0,0.9605012471176991,89.99999999971945,-2.545943012480821e-06,0.0004891622598532567,1.0286219369112357,0.0022225128785860375,-0.0005303090675073361,5.1055036067806e-06,0.34932195482604556,-0.00040377310574383026,-0.0003709855915626864,1.1464499165933769e-05,663.8336566684293,663.6142158948435,663.7508745427574,663.7601607568624,0.0,0.0,0.0
1.196,0.9999274595735448,-18.000007996906405,0.6932340717123856,0.00785286959080016,0.011557401732544319,89.99938440102301,1.0,-18.0,1.0124979011985416,89.99999999971945,0.000159346068467164,0.0005433283578875445,1.0312638222594057,0.0,0.0,0.0,0.2892200733739205,0.00029375745895012407,-0.0006406400188690823,1.2780107689540676e-05,662.4459405621625,662.3474935273939,662.5645577431823,662.2993850997188,0.0,0.0,0.0
1.248,0.999908979862796,-17.999985831750045,0.7468838107263641,0.012260476744252884,0.0071730455185202956,89.99943473915305,1.0,-18.0,1.064496673314947,89.99999999971945,0.0003200081463935586,0.0005279126725251314,1.0318009555880185,0.0014163144858430096,-0.0017042163351285752,1.7506002716286094e-05,0.2475857885468571,-0.0004253708565095551,1.7607400233602658e-05,5.356122385236819e-06,661.5452069921251,661.4293225432003,661.4391199494564,661.5650094617811,0.0,0.0,0.0
1.3,0.9998965983259059,-17.999960674210723,0.8005136292961587,0.015158310545753185,0.0018458995839912371,89.99949004743016,1.0,-18.0,1.1164965302517904,89.99999999971945,0.00045346485596247743,0.00045320611711763547,1.0308748453116046,0.0,0.0,0.0,0.2209339202020928,-5.451457332054399e-05,-0.0005739677299130802,1.0586840439205961e-05,660.9800081984007,660.8012352471344,660.9937804235813,660.8460275608614,0.0,0.0,0.0
1.352,0.9998915775976531,-17.99993511706,0.8540644394038718,0.016339617324051113,-0.004238624165417274,89.99956073996908,1.0,-18.0,1.1684968843679677,89.99999999971945,0.0005479497707880276,0.0003290945755327634,1.0290140763048208,0.00019661182548235583,-0.0021037571995237143,2.1951139803407194e-05,0.2059452774376851,-0.0002877675591829804,0.0003681223864421224,1.1205425078559376e-06,660.5605841816162,660.583452284858,660.4817833064219,660.6684415228259,0.0,0.0,0.0
1.4040000000000001,0.9998943291590924,-17.999911994059207,0.9075004971044794,0.015796541889597095,-0.010058182564480973,89.99963160819823,1.0,-18.0,1.220497415856103,89.99999999971945,0.0005839485537905936,0.00017255705613015952,1.0266213524953633,-9.880735524728059e-05,-0.0003895634185910087,5.924586062012018e-06,0.19980066654479067,-0.00029989700594238637,-0.00011137125320054549,5.4891383649404365e-06,660.4884772638493,660.3714096456052,660.4183064004698,660.4719690710247,0.0,0.0,0.0
1.4560000000000002,0.9999044503360416,-17.999894049383705,0.9608041598101195,0.013468826502575871,-0.015689014849842864,89.99970369143877,1.0,-18.0,1.2724979618824201,89.99999999971945,0.0005650937403795344,-1.9765613656863294e-06,1.0240067227893461,0.0,0.0,0.0,0.2000177073265057,-0.0004150632333393342,-2.9368275011782302e-05,6.151494079450485e-06,660.4970890779393,660.3705822776408,660.3959693819241,660.5057540760682,0.0,0.0,0.0
1.5080000000000002,0.9999207278146791,-17.999883787327366,1.0139711098558863,0.009578976119390526,-0.020051424745311575,89.99978376671152,1.0,-18.0,1.3244984486536717,89.99999999971945,0.00047913758383311665,-0.000174623771900678,1.021392542454866,-0.0016224545194956793,-0.0013627254532823604,2.6925309145431338e-05,0.204552356196535,0.00019145407866902542,0.000747218368082846,-5.322111502038193e-06,660.4165229374478,660.6836676949683,660.4562898791255,660.6144630791833,0.0,0.0,0.0
1.5600000000000003,0.9999412172145274,-17.99988313664558,1.0670063078494956,0.004524058429049381,-0.022802720334489775,89.99984922286926,1.0,-18.0,1.3764988506491467,89.99999999971945,0.0003340544492154816,-0.00032703396688626226,1.0189298276169212,0.0,0.0,0.0,0.21176602889055474,-0.00038770331916381987,0.0004767974980229518,3.1301956841818293e-06,660.6854105461927,660.7107609351071,660.5837457055055,660.8297229998863,0.0,0.0,0.0
1.6119999999999999,0.9999634439685655,-17.99989321061958,1.1199208124191573,-0.0015374311947484224,-0.023201615931492607,89.99991824540137,1.0,-18.0,1.4284991667760276,89.99999999971945,0.0001341728896244174,-0.00044580299971455525,1.0167140572440727,-0.0021021403086700493,0.0001997255246636828,1.8384165936902903e-05,0.22037107741698314,0.0005384635849615088,0.0006207176818066483,-5.00167668309666e-06,660.7348635769132,661.064590285267,660.8742150892715,660.8976125856245,0.0,0.0,0.0
1.664,0.9999846100493865,-17.999913999471413,1.1727290879574663,-0.006768127980529554,-0.020917042728341873,89.99997207760482,1.0,-18.0,1.4804994068808615,89.99999999971945,-0.00010291210612334365,-0.0004986095300121402,1.014792820914052,-0.001339436822128041,0.0009651929183614577,1.587179456097796e-05,0.2294412998143187,0.0003895665498285597,0.0004830267133602538,-5.2037845564593455e-06,660.9765933382146,661.2247252438723,661.072994103853,661.0995711515817,0.0,0.0,0.0
1.716,1.000002206986601,-17.99994422740163,1.2254471744182558,-0.010989328646818383,-0.015841607711789815,90.00001254228549,1.0,-18.0,1.532499584465665,89.99999999971945,-0.00035503266777954447,-0.0004901547206267229,1.0131852403820685,-0.0010552450329044025,0.0019541064469627044,1.1103280599363242e-05,0.2382792768752111,0.00044385425647376473,0.00016779805275990065,-4.306269751447295e-06,661.2079302123059,661.3818094836738,661.3222103778314,661.2437322710539,0.0,0.0,0.0
1.768,1.0000143828637458,-17.999981387077653,1.2780912140134957,-0.01235316044842769,-0.009427022898963078,90.0000379072992,1.0,-18.0,1.5844997130254859,89.99999999971945,-0.000577433109861349,-0.0004052837291774734,1.0118835756638094,-0.00010571851209954645,0.002251575278123371,7.657130623336473e-06,0.24644770445993913,0.00019761828147682708,4.446307807004718e-05,-3.5771299934112636e-06,661.4400534656803,661.5088531775087,661.486332657232,661.4428051781389,0.0,0.0,0.0
1.82,1.0000205377283242,-18.00002233929494,1.3306764695446756,-0.011686350682041498,-0.002518664721360809,90.00005435640611,1.0,-18.0,1.6364998044288213,89.99999999971945,-0.0007463692501581716,-0.0002805165157211532,1.0108651088602678,0.00039247624242226277,0.002341425843452026,4.980499334232729e-06,0.2536839725845663,8.348508301848215e-05,-6.361331651101815e-05,-2.9432938365788e-06,661.6306935491584,661.636339763018,661.6462828546005,661.6044869111056,0.0,0.0,0.0
1.872,1.0000210514287877,-18.00006375342162,1.383216066261908,-0.009836947507479592,0.004368756257296979,90.0073116339981,1.0000001257610958,-18.00000031475403,1.6884998683967287,108.4081024188421,-0.0008511732688308091,-0.00014913202624912262,1.0100355402466443,0.0010467335289038233,0.0022698870931021618,0.012652356442296916,0.26049742381971264,-0.00012660730380770202,-0.00016788191304865528,0.08,540.1640938403827,540.0615939885396,764.3241741850986,764.3140223020889,0.0,0.0,0.0
1.9240000000000002,1.000019405741005,-18.000102339802538,1.435638747919066,0.07592700898123356,0.010451374339260366,90.30338872039033,1.0000021707163573,-18.00000570408792,1.7404999125307017,108.40804252523077,-0.0008812712657953456,0.0010394918651111652,1.0072567333068547,0.05335219192974609,0.0018923738661210977,0.1404675218745891,0.2902126835297132,-0.02289267489204111,-0.00020218529247370608,0.08,544.9155181935971,536.8888567530184,762.0941280047305,767.6709587381539,0.0,0.0,0.0
1.9760000000000002,1.000058310864532,-18.000134969105236,1.488012121759244,0.3060136314436764,0.013352057243077585,90.85494174856183,1.0000053244496603,-18.000017927963288,1.7922370210453977,108.40806818421693,-0.0008212495272764449,0.003497136379748328,1.0072917477807692,0.08633611688965523,0.0014332276952066943,0.21376764145100627,0.285368173664601,-0.04344626896842066,-0.00017060198261406546,0.08,548.32024134934,533.1565249395511,759.4615334091228,770.0991759418832,0.0,0.0,0.0
2.0280000000000005,1.0002409547651603,-18.000158433728675,1.5403967171558426,0.5524619642421736,0.011529824814144546,91.61266822486598,1.0000113259519052,-18.000035927735535,1.8400654457389554,108.40851409462502,-0.0007107318340019108,0.004202884688680743,1.0072345019292863,0.0761018380792738,0.001304844204947525,0.28151902596499456,0.15548923590441355,-0.0499971615689824,-0.00012295556464303307,0.08,545.9792476851061,528.440177466188,756.1461813395525,768.4457735353812,0.0,0.0,0.0
2.08,1.000677660771935,-18.000168789704798,1.5926626499297905,0.731362862553522,0.004658502217289186,92.56950395572808,1.0000340201004874,-18.000057577013752,1.8804669274779402,108.40968433270153,-0.0006389596665108665,0.0018150620325400404,1.0027407876935606,0.0481291360057374,0.0014136381803915936,0.34787502825748223,-0.16576527956477705,-0.050095133808054,9.263409269815576e-05,0.08,537.2994531534016,519.509967931217,749.8783735399696,762.3564313307625,0.0,0.0,0.0
2.1319999999999997,1.0014426354486832,-18.000161800194025,1.6443923109953624,0.8210288553598214,-0.006280826847458781,93.72234557321042,1.0000982887637733,-18.00007998692883,1.9127221006331416,108.4120967940828,-0.0007239287659761713,-0.0033534255540959316,0.9877902168692797,0.018104219946469446,0.0018257062910211556,0.41331145520132057,-0.6292579216870084,-0.04861652693673481,0.0005508007709744987,0.08,524.1942092774772,506.6632684657285,740.9199504674863,753.2917482670041,0.0,0.0,0.0
2.184,1.0025620312691697,-18.000133988569765,1.694875380972573,0.825535995152323,-0.01888847281440903,95.06844004001351,1.0002479588130289,-18.000099999458893,1.9374926951942517,108.41552816344814,-0.0010879594175774118,-0.010388458774102445,0.9574313649902055,-0.009060303042321761,0.0027244306446492146,0.4777511522497028,-1.1426045470918762,-0.04674187884240438,0.001231397364776685,0.08,509.2008468093766,492.1121110276022,730.8714951216185,743.1085278649455,0.0,0.0,0.0
2.2359999999999998,1.0040197890639706,-18.000083376448256,1.7432455274113796,0.755629475739355,-0.029398186783998317,96.59980287619187,1.0005367341815776,-18.000114207978193,1.9559718875095369,108.42055526075038,-0.0018281222995562177,-0.018274475213652393,0.9099525661802501,-0.03257190088944259,0.0043132223456235404,0.5340296803185902,-1.6231306640173404,-0.044170813613500295,0.002022049888023905,0.058064838935756646,533.5614537422346,518.4984102761823,693.074443472032,705.4926795396805,0.0,0.0,0.0
2.2880000000000003,1.0057677815366721,-18.000009867373777,1.7886301943209977,0.5953538744838265,-0.03192999225029794,98.19423810092579,1.0010207640957798,-18.00011883602258,1.969444447485329,108.42629479811977,-0.0029405952010824166,-0.026348413556741352,0.8460894337893237,-0.07086849289546285,0.006419963726886839,0.5310024726677833,-2.008984192659268,-0.03230055905004581,0.0027391136927393746,0.025341689243415108,575.1854822948388,565.4411859302809,641.355848179862,651.5455849637119,0.0,0.0,0.0
2.34,1.007724347143747,-17.99991686087323,1.8302689336942117,0.3003675107630981,-0.02160720540877197,99.73764803118122,1.0017242123785925,-18.000111156574626,1.9790811110268332,108.43347446370133,-0.004275716916275337,-0.03405432135867905,0.7690091761897564,-0.11636255486861083,0.008401106174606147,0.5068871514482081,-2.2693842937057793,-0.011387601999053289,0.0032554282582802517,0.0013282553523451118,602.5555974876825,600.0130732346528,603.0319239807475,607.5796519492353,0.0,0.0,0.0
2.3920000000000003,1.0097647747292149,-17.999814474512977,1.8676201882567214,-0.09915793907361863,0.0037736866921375804,101.18523862683296,1.0026605661159853,-18.000089042752553,1.9858613204030369,108.44066164441469,-0.0055993804512495015,-0.03957544523084992,0.6831645163839621,-0.1423454230665999,0.01012102387107264,0.4700723692771002,-2.3992722989395414,0.008925706325188444,0.0032633782380844935,-0.015960624066084714,622.1351258125765,625.8074821761357,576.2461450223377,574.3959260851549,0.0,0.0,0.0
2.444,1.011733122401943,-17.999720001466937,1.9003700198818438,-0.5269392935242151,0.04379377523861787,102.50883922363917,1.0038284075823132,-18.000051358233716,1.9905620541967308,108.44853165981914,-0.006634842572588749,-0.04110781109365595,0.5930095324627578,-0.14121176908588287,0.011585823916357697,0.4259158861105421,-2.407340304033538,0.02433345385470511,0.002454727029588522,-0.02799191481861804,637.2427169092341,645.0970345120867,559.3703393938164,551.9684273027884,0.0,0.0,0.0
2.4960000000000004,1.0134680713470543,-17.999654242418018,1.9284263175738408,-0.9081999284738265,0.09480258504754914,103.69294243381881,1.005198112723658,-17.999999563999605,1.993777241743015,108.45533919884511,-0.007121760404312426,-0.037911664672799814,0.5027975422853144,-0.11720889180729337,0.012348411195070219,0.37808460555123646,-2.313255747667092,0.03411117551442484,0.0008439567561959477,-0.03568126979513552,649.138223370109,659.1835651328586,551.147036123888,539.6805934128898,0.0,0.0,0.0
2.548,1.0148269456014898,-17.99963627599027,1.9518916117419056,-1.1887677763684634,0.15002803126693842,104.73218788955998,1.0067131019678355,-17.999938397728798,1.995948373820355,108.46162524707226,-0.0068779124574966655,-0.030386509298203655,0.4160760074575653,-0.07838828262401652,0.011711417543026131,0.3293842623751182,-2.1408571834753873,0.03874906079542865,-0.0012439010501613225,-0.04003547036786139,658.738280874855,669.3559811216071,549.6767641726431,535.8244737933264,0.0,0.0,0.0
2.6000000000000005,1.0157031282396842,-17.999678943632386,1.9710251022275442,-1.3394246121234583,0.2006826696123628,105.62787209033577,1.0082915443672855,-17.999875844380124,1.9973963845320741,108.46598364597426,-0.005846707375406586,-0.019731025952531005,0.33553970089481233,-0.032895065028310154,0.009084689742139922,0.2818712662737001,-1.9144838829479531,0.03901034241386399,-0.003302271523374125,-0.0417578946680364,666.383331561321,676.381827292325,553.2419119260976,538.6722424054399,0.0,0.0,0.0
2.652,1.0160367168876072,-17.999786213924725,1.9861990907724527,-1.3537795673768407,0.2378189716965375,106.38652197464612,1.0098377986641307,-17.9998225140781,1.9983502602015535,108.468782069294,-0.004115885498858824,-0.0075184867424903145,0.2629463710459953,0.012036621136943752,0.004365326087677638,0.23688129655574902,-1.6558419513315024,0.035853102691086096,-0.004846344595706802,-0.04155344793855132,672.4180568993991,681.031615070585,560.1037883044493,546.2727786747242,0.0,0.0,0.0
2.7040000000000006,1.01581879119469,-17.999952777913037,1.9978593514809597,-1.244683373804147,0.2542346956677856,107.01738937954482,1.0112513934401786,-17.999789013678384,1.9989707584948548,108.46944059283915,-0.0018992834449541632,0.004664312156123438,0.19933177372649116,0.05055157488128657,-0.002010097669074872,0.19528726743038222,-1.3840951490891193,0.030442686639965025,-0.00552772143846647,-0.03987143560813682,676.8676247384001,683.752431538462,569.0648654876618,557.0552531580352,0.0,0.0,0.0
2.7560000000000002,1.015089499378947,-18.000165707042125,2.006489451278378,-1.0387444881462247,0.24599348807078494,107.53160679258967,1.0124359080257415,-17.999785887178977,1.9993691106817555,108.46807322947988,0.0005091228306978913,0.015482139392538553,0.14504482197180874,0.07887865795609966,-0.009121941434147433,0.15760021210379455,-1.114470987768335,0.02390770008506833,-0.005224385840824301,-0.03719723519376676,679.920137731967,685.0664233294591,579.0471975999803,569.5107414686556,0.0,0.0,0.0
2.808,1.013930636790155,-18.000407542747034,2.012579070166245,-0.7699681868295974,0.21321339789957722,107.94133644954431,1.01331759440403,-17.9998191248579,1.9996212543378067,108.46506116300486,0.00279503201669134,0.023999477471608046,0.09998355324487629,0.09532065238205818,-0.015816630501237654,0.12415748869762815,-0.8591114867634043,0.017250029827006227,-0.004039470457702898,-0.03384918103406445,681.6440516207439,685.2777249894885,589.3890303296595,582.5589553412975,0.0,0.0,0.0
2.8600000000000003,1.0124540158377764,-18.000659894736,2.0165998912010243,-0.47380496973562886,0.1598917107925329,108.25851318926681,1.0138468481163398,-17.99989094619375,1.999778376327457,108.46022749545799,0.00468087971201559,0.02972096781227439,0.06363817504143446,0.10004065530967576,-0.020995650437395187,0.09469569394717721,-0.6263855050695152,0.01122554369390951,-0.002243218971526139,-0.03031810818161922,682.4671159994177,684.9369072007471,599.2878058399587,595.047768580116,0.0,0.0,0.0
2.912,1.0107899162501421,-18.00090743322198,2.018950749269095,0.06218532142946802,-0.08354525500925583,108.35001462085891,1.0138208682303356,-17.94904783259923,1.9998745549770067,-39.23316692868281,0.005849025136903327,0.03250731500802676,0.033439930946942774,0.33829652270867017,-0.1954139727366175,-0.018606722828129495,-0.40263932624855,0.5279960112367341,-0.5641601616408985,-0.08,756.0355404148034,746.9890417306826,691.1190389329576,258.86916870288997,0.0,0.0,0.0
2.9640000000000004,1.0092694927740538,-18.001200574070353,2.019947917072295,2.6129381036976227,-1.7451900795115323,108.1159773440662,1.0132820691607434,-17.84856993541536,1.999932199452256,-39.13451805232558,0.0010147616742579165,0.02528744605421541,0.009847896542891423,1.1807805295483504,-0.793579507354017,-0.09202553640935754,-0.20174497541412276,0.09160402784213567,-0.08443478772323931,-0.08,754.9547857459274,756.7378950136244,558.5127563787464,495.73064952356754,0.0,0.0,0.0
3.016,1.0091565382166228,-18.00187849248845,2.0199907532323005,6.698106602410041,-4.466674493049294,107.50217608835433,1.012421670790139,-17.738251815961732,1.9999658601688621,-39.13451805232558,-0.023576744134011018,-0.011849218343279594,-0.0023702923066233903,1.3703047251920184,-0.9329957652535391,-0.15890347045104888,-0.08289680795586192,-0.16115178902681332,0.3017403341464069,-0.08,742.9435521606323,777.704340198371,445.99660644805175,610.6984486158256,0.0,0.0,0.0
3.0680000000000005,1.012467387691851,-18.003523260598648,2.0193028287231107,10.258989853713864,-6.526839977969662,106.58922433094092,1.0114651191116093,-17.636911601057726,1.9999848600861982,-151.95858420652934,-0.07009556055395112,-0.08386378364392597,0.0041443698782539454,0.9864867269673118,-0.5390353055174045,-0.22471278859762403,-0.12532161321991286,-0.27592517248484566,0.5363157718462109,0.08,491.1702695725022,582.3664673240042,655.7185563576322,857.5288363542737,0.0,0.0,0.0
3.12,1.0208754534385411,-18.006548850495744,2.0176653383048992,12.114392338210571,-6.813138878552207,106.25808247714494,1.0107703984203338,-17.551891372133504,1.9999950877655612,90.66452268796087,-0.1281633811880481,-0.17996996335473775,0.013169292976574265,0.2484556174824588,0.21349982644084925,-0.03424367004426932,-0.1621815882660922,-0.6037234508520366,0.6339820783819512,-0.08,731.4740023304233,739.2096787153622,321.46715955625314,754.1203580793656,0.0,0.0,0.0
3.1720000000000006,1.0350478788593285,-18.010836272106985,2.014950100332652,10.545253438505437,-4.4800400103412965,106.27126328688351,1.0109333567189072,-17.484626116272892,2.000000203852635,91.08252546559943,-0.17859674346645502,-0.2810134284920519,0.008035591822029921,-1.0074159243943133,1.156433457069015,-0.2113190288924533,-0.02521415310860889,-0.14042590628474233,0.41323492200920836,-0.08,730.2477977103525,797.3916412118377,433.5922961405419,629.4198931614835,0.0,0.0,0.0
3.224,1.0540252262717502,-18.015581425997972,2.0116292920578096,6.482287752746926,0.25329824968645825,106.21119613956208,1.0126288775249495,-17.43376284421516,2.0000024428942704,91.70610181208637,-0.1949939981501528,-0.35723760822374806,-0.021820253924266175,-1.4843995661456626,1.7634914743210857,-0.28182769759484627,0.3744577474655518,0.13877987970282818,-0.028677925252551195,-0.08,754.7594867182463,781.7022185878564,573.9154789889969,516.1566331625608,0.0,0.0,0.0
3.276,1.075503453129592,-18.019282256421786,2.0084193014814984,2.23425841188425,5.711890841583982,105.66006287098159,1.01647146588172,-17.396819701682357,2.00000313965557,92.37798503888668,-0.16031001125972527,-0.39251738629569805,-0.05508331755945865,-1.3160677125169722,1.7803652715301446,-0.3492316685626333,0.8042140241288955,0.19619864065526565,-0.275480916176602,-0.08,785.8756450781895,766.6757676141149,631.5901426846689,470.7043227779248,0.0,0.0,0.0
3.3280000000000003,1.0969236805814957,-18.02006177604843,2.005952635827184,-1.2366569095718327,10.452149857086171,104.53414038410399,1.022783392189463,-17.370967338282615,2.0000030702283746,93.12644527070502,-0.07716596136196284,-0.39081988230597786,-0.06036928607606575,-0.9683073687920307,1.4268789678857314,-0.4128621877344691,0.9350196282708072,0.17026801084486648,-0.34818527630741075,-0.08,803.235776868148,760.4563272386897,645.5569789659106,470.9714762395423,0.0,0.0,0.0
3.380000000000001,1.1161560829469206,-18.016157607743395,2.004564982850797,-3.8610718041150216,13.793278591466585,103.05075618977644,1.0316128334093604,-17.35339146278772,2.0000026701603293,93.77012351753734,0.03969379856568077,-0.3615435919369478,-0.03252095796096831,-0.6520064591783474,0.9462729765092661,-0.4395364902893169,0.7053309452817524,0.14178880754268375,-0.3103917768327681,-0.03122891350149411,744.4379373474982,700.568321467283,702.3761370880362,568.6123226690486,0.0,0.0,0.0
3.4320000000000004,1.1317356499228044,-18.006323747359048,2.0040820330176654,-5.659432916306378,15.688353653677087,101.575510033433,1.0424479658630446,-17.341358955540535,2.0000021719317744,94.362509259,0.1744125069011951,-0.3123540904997418,0.013906655771607667,-0.3632324198107909,0.5016063248274295,-0.4110805363040261,0.26387722131677516,0.11111444538333193,-0.22276204982097134,0.0015266787812593214,689.5134847716928,658.3701327002466,723.0402417441729,630.2818945791457,0.0,0.0,0.0
3.484,1.1428805703110352,-17.989955036332386,2.0039544580339683,-6.627226421858594,16.434604971213275,100.28643198636938,1.0546490770557047,-17.33227938268961,2.000001690210258,94.78351619585405,0.31579037361380313,-0.2501264297292179,0.06170042537435818,-0.09582112159002021,0.170837880240101,-0.36807328161580244,-0.20240957277469884,0.2537239046572275,-0.12837160122107194,0.021497786259748148,618.5547947644964,655.5458668850401,746.054256136781,642.6005716914085,0.0,0.0,0.0
3.5360000000000005,1.1494064221961826,-17.966962750539242,2.0034915079293656,-6.39980352181579,16.436170191806397,99.2229769617464,1.0672256541672551,-17.323983842446225,2.0000012737435635,95.09034530746341,0.4566074337115179,-0.1816198269853418,0.09979272784880677,0.3539272817523507,-0.03294204624625755,-0.31928880580042185,-0.5624810866144143,-0.056436105713455545,-0.05004811762127245,0.03226887796407528,628.6963656984792,596.0057468690843,701.432657473906,703.1426232490913,0.0,0.0,0.0
3.588,1.1517087506846753,-17.937524519841496,2.0020817666463544,-5.455573380507141,16.052512332243772,98.35411509992605,1.0792741214014183,-17.31449706742421,2.0000009362494953,95.23963979214753,0.5925885835059466,-0.11693599917455218,0.12211568472039362,0.39659538033499475,-0.13058337922916113,-0.2728829315145506,-0.7369852932867519,0.07120988807985731,0.004404010307682109,0.036542006634462595,588.467160144485,612.1463449116694,711.7981285003525,693.9298910844857,0.0,0.0,0.0
3.6400000000000006,1.150477200177977,-17.901909127242813,1.9993479291380447,-4.269408724436466,15.554737268431012,97.63041377253646,1.0899977452423437,-17.302474890274723,2.000000674296906,95.27548260762235,0.7215983994843347,-0.060706759556398815,0.13108557009098004,0.5017266116565171,-0.1494426961095438,-0.23015165705494395,-0.7375195931290072,-0.09660613960560095,0.03357332403959092,0.03674519472995716,608.4166448004553,588.6183308000944,684.2372450545047,719.1146554712885,0.0,0.0,0.0
3.692,1.1464387770022038,-17.86037912259881,1.9951675372550375,-3.137247796112792,15.08585193808758,96.92661489416375,1.0988380769434354,-17.286880268306472,2.0000004772800226,-21.585514057013963,0.8434268523126265,-0.014914161339783485,0.1314331982983759,0.39951504027252843,-0.14883479193140317,-0.29229234753614197,-0.606618349933537,0.2800089532605706,-0.315823854621123,-0.08,762.1852041577489,753.2997326931595,627.4895430303498,411.97093555814155,0.0,0.0,0.0
3.7440000000000007,1.1402923200023296,-17.813209731798555,1.989440606295951,-1.4854558941300808,13.904846153238475,95.84173186205938,1.1054582454533957,-17.266863287882273,2.0000003326946088,-20.176491851130766,0.9586349151530362,0.0286624994708087,0.11731755773993757,0.9522273422205348,-0.6379620134836526,-0.406798167486921,-0.2835340748416446,0.3599562093231519,-0.7474080178200163,-0.08,808.7016397877511,712.9677443563858,704.8929008766057,283.7670710746869,0.0,0.0,0.0
3.7960000000000003,1.1330271529276479,-17.76083897551667,1.98276727122484,2.3846944186121766,10.333077910789441,94.47441493081567,1.1097122989827808,-17.241607434224232,2.0000002287007392,-18.688085846965624,1.0567208790627038,0.05835546006829771,0.06495453464045878,1.5946832256667665,-1.577476329315551,-0.4536303453061795,0.4465060033549043,-0.05757247974468538,-0.33510037516442126,-0.08,819.2331231274586,723.5361407939744,597.5239180181397,502.68183785071426,0.0,0.0,0.0
3.848,1.1266304142046077,-17.704653073588574,1.9762283624551846,6.772482516534051,4.66385369549879,92.53988761026856,1.1117216085776995,-17.21120187860953,2.0000001551767568,-16.847669093171973,1.109599757903838,0.04992100170905337,-0.0234295227827777,1.4427824095870077,-2.121232440690318,-0.5085863747112835,1.5269288090724598,-0.19230769530069208,0.07316093227018661,-0.08,805.3230831242993,777.0122889364079,532.7091371480099,619.3470321351015,0.0,0.0,0.0
3.9000000000000004,1.123503848350266,-17.647152588173146,1.9713344162845126,10.11474559427784,-1.4175530078815326,89.9791748932645,1.1117722021045735,-17.17537652563095,2.000000103978881,-14.927710321029888,1.100447702197168,0.004353265272329523,-0.09343754043678544,0.9297735131480819,-2.094977297901317,-0.571537675013811,2.3740863297928314,-0.1420990147847209,0.3507543965966473,-0.08,784.101202811872,832.625724185584,518.5808219726254,673.9663415581684,0.0,0.0,0.0
3.952,1.1255921069090726,-17.59146330279127,1.969544711166079,12.245620248383895,-6.487206576547054,87.1184325895074,1.1104999193763914,-17.13483541818192,2.0000000688181236,-12.624593152980047,1.0385237864368944,-0.06264927478545552,-0.10605548495543807,0.477045712268988,-1.6522682567826272,-0.6322630667096024,2.557220783072473,-0.06174919085152704,0.48191690394740067,-0.08,766.4553216613617,863.3827225007205,521.320736041651,690.0612881717694,0.0,0.0,0.0
4.0040000000000004,1.1339645435775145,-17.540524769796797,1.9715399826500855,13.53669056652239,-9.73334331784338,84.30664196080987,1.1087549720762617,-17.090083908397904,2.0000000449827042,-10.332202207420584,0.9457959926642463,-0.13999172504379834,-0.059528058512938097,0.19830186158238958,-0.9982193620820412,-0.6908265009942983,2.037028732962998,-0.011357539468895214,0.49053624476877156,-0.08,753.2688829347804,864.6254171894439,520.2710541215512,677.7798742479703,0.0,0.0,0.0
4.056,1.1488601487375887,-17.496276452836018,1.9769289415445181,14.30730325100069,-10.906205719560939,81.74769036555448,1.1075364523005846,-17.042733919852036,2.0000000290254922,-7.717021822714568,0.8422200467811727,-0.223509471037297,0.02104329113324732,0.050787862693716754,-0.31239827109902524,-0.7488828606679029,1.0728061146192602,0.011463997179558857,0.41477761440534267,-0.08,742.5312285266098,843.5711434244488,513.0312831830391,644.0809013437249,0.0,0.0,0.0
4.1080000000000005,1.169998160034335,-17.459301848399868,1.9844454431150593,14.726609805666902,-10.084749807066023,79.5097782168119,1.1078794274093777,-16.994125955849317,2.0000000184735853,-5.196118314730314,0.7421973404495668,-0.3118531593539647,0.10441824571037377,-0.02796623122143992,0.36836049593245623,-0.8085181717409773,0.012365925580789527,-0.05404937148127431,0.4750808449682583,-0.08,720.690054356463,823.2222538173664,454.5445041365364,636.831793358536,0.0,0.0,0.0
4.16,1.196887628323313,-17.428936284489726,1.9922742861401133,14.485225311928334,-7.2104130249430725,78.02477058826479,1.1105896765497663,-16.946217224898625,2.000000011582606,96.27088302129523,0.6562426895057045,-0.40751755844489584,0.16509294843522165,-0.3224286267387698,1.1201587775523927,-0.6399176226999559,-0.8352037857114767,-0.5764532566861842,0.5473927752579074,0.08,530.8578169232337,520.4649570050987,597.942412039681,883.2226556754964,0.0,0.0,0.0
4.212000000000001,1.2289641032009337,-17.403521709918287,1.9987549106616511,11.79142468400208,-2.2245497134404753,77.44246442633819,1.1162308764584965,-16.90057832913042,2.0000000071403607,97.1989560401522,0.596088262875316,-0.5088016184222816,0.19339413062658922,-1.433308585385895,1.8393356591125347,-0.5365226568761822,-1.3214092895635718,-0.6286034551589089,0.051231473552883156,0.08,602.2840579609345,381.6594955804004,647.1967233803226,821.2612572390332,0.0,0.0,0.0
4.264,1.2651257786492764,-17.38056094804925,2.0031019314664915,5.326071199667361,3.8520241055589994,76.91835781461145,1.1252356210796224,-16.85826338928818,2.00000000431594,99.60736464832954,0.5823666153884021,-0.5876758029427048,0.1609633713757124,-2.5198095609041085,2.012913213540653,-0.4530466860718721,-1.1419797712654254,0.07399808675567776,-0.2830604219027555,0.08,540.9554127049762,462.6325222331805,782.8898944569776,691.8588126744322,0.0,0.0,0.0
4.316000000000001,1.3031936920199896,-17.356979991669352,2.005095038409654,-2.2804652100953677,9.425428990044967,75.85328455529289,1.1381942195407913,-16.819417078854805,2.0000000025470905,101.00306395473362,0.6259149715066454,-0.6014220350555672,0.1035282351321321,-2.3542565581955266,1.710348307581104,-0.37455982983796493,-0.6411817072727197,0.3451851940888112,-0.4120326340769225,0.08,532.8063904276772,508.67390437597305,840.3143764293169,649.1741937225806,0.0,0.0,0.0
4.368,1.340671443457934,-17.32973150686898,2.0051732795464163,-8.180035984136353,13.488870185128327,74.47979873976949,1.1548356316843562,-16.78407511718844,2.000000001458063,102.24619808804572,0.7154721463711231,-0.5466501855318238,0.08386520348346045,-1.5427116858630687,1.1759882983686485,-0.29115767565804557,-0.450539604149724,0.29271646313435484,-0.385359866299111,0.08,551.8941781023582,519.379272360215,840.8956109380833,672.4285673893241,0.0,0.0,0.0
4.42,1.3755938410717707,-17.29635858104075,2.003797545875549,-11.673213933054011,15.847193846494328,73.30162059244665,1.17466950358851,-16.751510795962147,2.000000000800828,102.80928170627676,0.8312146302785864,-0.4493903956287994,0.10819214196446045,-0.7870286510601907,0.6330289545174909,-0.20586173797257482,-0.6459277859863324,0.15579707201093304,-0.2803120687531184,0.08,560.2764844847204,516.8115737687112,815.4438083762659,707.79865186658,0.0,0.0,0.0
4.472,1.4068414738599968,-17.255407819871245,2.000992966103687,-13.327290315987998,16.8218161248994,72.57999783103911,1.1968629491110765,-16.72043697520212,2.0000000004136993,103.30297618698889,0.9584346998495832,-0.332488262580844,0.1476599620164898,-0.3233530559725106,0.21233757413119841,-0.12322363414487829,-0.9442854034066158,0.05024492204439432,-0.16138295361826513,0.08,554.1014507718778,515.0168875771499,786.3723400569261,734.0387928345722,0.0,0.0,0.0
4.524,1.4339671990339211,-17.206382925208622,1.9964798797320071,-13.935071219905703,16.89455212804048,72.3182315230923,1.220425894702468,-16.68932440287054,2.000000000192649,103.80583465549692,1.0882012245742672,-0.20979939582529927,0.17962246810120075,-0.10622515908869981,-0.0498774940585949,-0.044757069997202394,-1.1137789129089177,-0.006525071693618288,-0.06371322950750602,0.08,543.3991413585118,518.5308202814615,765.0432061189618,750.8590583709037,0.0,0.0,0.0
4.5760000000000005,1.4568511654756138,-17.14937077029171,1.9900083416196992,-14.065532169947776,16.51012095813828,72.41868096063185,1.2442864606275679,-16.656628454545007,2.000000000071672,104.24064845597266,1.2150849757706619,-0.08911335173989696,0.19925856423005847,-0.030263032771714476,-0.17339481848585853,0.0299654898954975,-1.0988624580903652,-0.030003573286943613,0.000727215211355034,0.08,536.1272970940568,525.7614120463563,754.064611909747,761.6874007801674,0.0,0.0,0.0
4.628,1.475459675175799,-17.084682298470963,1.9815585852966788,-14.016143995748934,15.971743984658438,72.7925599889475,1.2674932927916287,-16.62096716902144,2.000000000009525,104.68078423621287,1.3365058929746734,0.025566887361340496,0.21205618063627502,-0.01509138724897087,-0.22848165587356375,0.10186784090978143,-0.9527833482936701,-0.03801426478178235,-0.09203535712259998,0.08,556.5020353110049,510.6839075334069,766.7226296467678,753.360851293663,0.0,0.0,0.0
4.680000000000001,1.4897465609989822,-17.012672473126777,1.9713498630206687,-13.851128658553504,15.180242503026783,73.45363442696132,1.289353125335699,-16.580830761982433,1.9999999999808822,105.05878218895924,1.4523058103040936,0.13240814297562306,0.21861297495372325,0.02130108408536559,-0.38055640041237937,0.17131489464840471,-0.6883602590991293,0.06884217961210755,-0.15029018417692022,0.08,553.9358814074326,525.5681556936165,790.6897337087566,736.7497447253588,0.0,0.0,0.0
4.732,1.4996312029276633,-16.933786444879864,1.9598161082989354,-13.18314782558602,13.8256393487883,74.46364177803083,1.309180842421066,-16.535504775764192,1.9999999999705094,105.4366788376715,1.5610025624509105,0.2304599328562036,0.21064663207615902,0.23740366463664295,-0.6205193047375673,0.2405065242885333,-0.23796606406551812,-0.17181918401301752,-0.299024478293743,0.08,624.5742117824803,461.588214100067,786.1002679392104,755.0672741691197,0.0,0.0,0.0
4.784000000000001,1.5051015051218777,-16.84873542807656,1.947665866079273,-12.287932045567462,11.564814181617677,75.8581772097392,1.3265035294610699,-16.48414268672095,1.999999999969468,105.75464975327252,1.6576348719021496,0.3143126558897427,0.17863081458664537,0.10968073285633335,-0.9950908070810687,0.3029369276864453,0.4694195118513751,0.10205028405444477,-0.029184962074123744,0.08,551.3285431036676,575.63816164567,796.7396960486286,765.1482906466206,0.0,0.0,0.0
4.836,1.5060764251030345,-16.75862781286077,1.9359545205176139,-11.374916763978883,8.56660776962145,77.55467115069891,1.3409067314925005,-16.42659090243797,1.9999999999726799,106.06274117862702,1.732080058542476,0.3837621652747745,0.13002062731078184,0.3948749186057188,-1.1344383703146779,0.36841281800563624,1.3265875138320617,0.21076397234871486,0.04976677085007791,0.08,537.3268866535896,621.8322469837334,812.6657831239681,774.5278857501988,0.0,0.0,0.0
4.888,1.502470257839859,-16.664948410839408,1.9260588626117046,-8.981110402914517,5.489387192550406,79.36754202722024,1.352111141357082,-16.362617081124142,1.9999999999773872,106.3062032145521,1.777806442074026,0.4350923252244895,0.07979707008086633,0.9202578551142336,-1.1028341545607803,0.4363502451608884,2.141914209727627,0.0039200823904095294,0.09673363400938673,0.08,579.8616418712004,611.6237581210956,793.8357548497096,815.5191805772663,0.0,0.0,0.0
4.94,1.4949176181132133,-16.56946726769289,1.9193983397851266,-5.7661252855274245,2.597445434289873,81.17070182863199,1.3598978317643522,-16.292566354612585,1.9999999999821905,106.52108132876342,1.794866255261007,0.45426958049276134,0.03973418268399264,1.062656601941583,-0.9883576317638442,0.49738569925516074,2.753879085219362,-0.12327194151258736,0.13565515578455964,0.08,604.5147131027798,608.3534481105919,782.0176897148914,841.9643006174632,0.0,0.0,0.0
4.992,1.4846737227433766,-16.474014696419303,1.9170734548941468,-2.7910522234969046,0.07340529173107282,82.94695200887335,1.3641678459834596,-16.216875915634976,1.9999999999864582,106.68017260137648,1.7864361555343435,0.43824448256394566,0.02408432889626542,0.9069979060780226,-0.8140692719077374,0.5536451892134444,2.9867529165798055,-0.1664168299860455,0.1661525809189253,0.08,610.0123948093363,609.9309539888468,775.8911012148941,852.6707945425319,0.0,0.0,0.0
5.0440000000000005,1.4730998731402474,-16.380205536189067,1.9196163827400843,-0.5986323622561068,-1.9234229201084814,84.75288359426442,1.3649772020416,-16.136380922982944,1.9999999999899754,106.82369056512265,1.7574736075320943,0.3939260079489809,0.03772673987547224,0.6309777448826654,-0.5959509873343759,0.6080966164474715,2.7752115580311125,-0.16073245046218967,0.18919625518554847,0.08,600.1908661838653,609.0410378642944,769.5831246147038,850.7793311529799,0.0,0.0,0.0
5.096,1.4612963538692492,-16.289234270113305,1.9268611533754512,0.6816407379409265,-3.266899530727498,86.66195513185954,1.362507173798301,-16.051537443094823,1.9999999999927374,106.94319027831503,1.713474631715202,0.33082772702943697,0.07444473653956797,0.345746778742496,-0.3472974899965374,0.6625062287817248,2.1854841346607845,-0.13539926635149613,0.1992396419260541,0.08,580.3925238239319,600.7148948996353,760.5323405455619,839.1829478753546,0.0,0.0,0.0
5.148000000000001,1.4499479151432222,-16.201768566148797,1.9379823749602363,1.0973392801068083,-3.8908790689320143,88.72715497967528,1.3573059264650107,-15.964307355655302,1.999999999994833,107.07120167718584,1.6598045651830051,0.25731157609296484,0.12191310635913925,0.04499821140137468,-0.10634748915107425,0.7165679617272915,1.3650844426436797,-0.356686400047861,0.14399542942971993,0.08,604.3029669644212,534.0541754438322,723.5577443760264,843.6727583014386,0.0,0.0,0.0
5.2,1.4392729262033521,-16.11796741501328,1.9516811281824094,0.09862385318885014,-3.8883122134387684,90.95485337693054,1.3498607794056683,-15.875533916151861,1.999999999996382,107.19546172965373,1.6013835995886516,0.18091723036948393,0.1667647546413878,-0.43287759575876866,0.09704910882463685,0.7658962411148773,0.4870322753176317,0.09907108337195561,0.19812543529366758,0.06132243960378992,526.9185940073653,624.006472271469,734.2160072985234,759.1547333187074,0.0,0.0,0.0
5.252000000000001,1.4288840398194795,-16.03761348104293,1.9664421043177054,-1.1467785541908655,-3.152399856225521,93.2345020869997,1.3408195553021827,-15.786899869119972,1.9999999999975027,107.33792201752614,1.542610207218797,0.11568671365913563,0.200306507799012,-0.30025962657966765,0.3337976993979935,0.7599057295055641,-0.3146100000552361,0.07218520424791638,0.12432396352248679,0.019120955921762536,591.5773024091648,651.0359695629226,668.5850632509942,683.0880469631863,0.0,0.0,0.0
5.304,1.4182672807588763,-15.960216428692348,1.98081645721372,-1.925202259315834,-1.7837379701813514,95.39930765449799,1.3307000960113717,-15.699500077958808,1.999999999998299,107.46856573006323,1.4893815211845667,0.06609161794751998,0.2197742154070513,-0.23403768053874718,0.49107500962457207,0.7206650160971977,-0.9661599611117673,-0.10819207480724016,0.05298115308189444,-0.00882448502836081,654.9893988634091,638.9465848684937,596.7180322263331,645.5004432147445,0.0,0.0,0.0
5.356,1.4070732293700603,-15.88510062101264,1.9935690919234115,-2.9449790872984045,-0.12150271397656526,97.38407703250293,1.3197870700901746,-15.613550957992937,1.9999999999988558,107.60034575781457,1.447742697780092,0.029073963191348567,0.22274582366575282,-0.3479270594542581,0.5502476710517618,0.6671082032564046,-1.4040911792378266,0.12526473485344883,0.040894650652564146,-0.027792257206429607,639.80675986306,686.8957804815379,595.6911502567272,568.4419226800248,0.0,0.0,0.0
5.408,1.3948803993647303,-15.811558852527321,2.003798307301657,-3.6842093039372794,1.676121370694446,99.16590911763544,1.3083488298284094,-15.529725429434636,1.9999999999992397,107.70749158951209,1.4210706840909495,0.0073576703566284665,0.21279333701552314,-0.1888764273679271,0.572723813953733,0.6081516890399239,-1.634487631281457,0.092290722219431,-0.0020042950421975125,-0.04108815197869708,664.5466976141462,689.614736938657,571.0631592612344,539.1287393446654,0.0,0.0,0.0
5.46,1.3813248994150298,-15.738903731666252,2.010977554278688,-3.9345858273191987,3.453195311313595,100.75258932426557,1.2965275089911288,-15.448402668044837,1.9999999999995013,107.799020417711,1.4109415459465535,-0.0024638226141108555,0.1949784118022959,-0.06584727579712331,0.5425982531389381,0.5451297982129956,-1.6900923796104115,0.06350902895238021,-0.04338656082487183,-0.049173774391827185,684.5466594797446,690.0506048430121,559.2086561430831,522.0377230886328,0.0,0.0,0.0
5.5120000000000005,1.3661919305774102,-15.66647772356836,2.0149098925662825,-3.9178531446377756,5.028839374461589,102.16173717180857,1.2841015577283739,-15.3683257738606,1.9999999999996767,107.8535079490991,1.4171174230588846,-0.005441020955823911,0.17225834516166566,-0.010897847921527867,0.4561875926950257,0.48085043563665336,-1.5935092640886208,0.06073285453509561,-0.07222032294848578,-0.05388053131869593,697.68562663191,694.5834287227268,559.1286065243514,512.4808765916825,0.0,0.0,0.0
5.564,1.349347513667043,-15.59369579302157,2.015684613378932,-3.755975759060316,6.253768106398085,103.40790451296337,1.2711398884511904,-15.289953650889586,1.9999999999997933,107.87418710049576,1.4373571656874,-0.004373718406489155,0.14684867946552563,0.026532717977069242,0.32766151590186743,0.4173822685996659,-1.3692306971571684,0.057433432889326855,-0.08771721659412401,-0.05619754667027572,708.4415406794959,700.3593543618691,563.9485560192128,513.2872300789616,0.0,0.0,0.0
5.6160000000000005,1.3307080320518148,-15.52008845412432,2.013637207446007,-3.489445074771679,7.034115281500268,104.501143141401,1.2576441282140105,-15.213357273997339,1.9999999999998697,107.75792717297702,1.4678687537031803,-0.0008628378020670644,0.1205312229350362,0.058783937380743015,0.17585204799344317,0.3557304867010696,-1.0453966651972328,0.033915419249576355,-0.09160838119442424,-0.05884580411180223,722.4620704814495,707.2905087471472,565.310709176167,521.9016846746156,0.0,0.0,0.0
5.668,1.3102481808196713,-15.445332043567353,2.0092975318023845,-3.142926279646515,7.334722682367316,105.44399252741479,1.2433992113518741,-15.13760166370417,1.999999999999919,107.25603928026038,1.5040192193020048,0.004055804671730657,0.09465911166913066,0.08771105194764177,0.02000543883189711,0.2956912947690341,-0.6521922360316734,0.03887680801409721,-0.0798967605867515,-0.06717156025004054,738.7641920604797,728.2511393353046,561.0932315202057,519.777604564834,0.0,0.0,0.0
5.720000000000001,1.2880153438479327,-15.369266271319658,2.0033335764462996,-2.729404745190842,7.177644233691276,106.21679147079078,1.2284290411757979,-15.062665915165827,1.9999999999999507,106.61195183889245,1.5410489749712166,0.010094614705679272,0.07059908071550251,0.1177028963017045,-0.12104170005717436,0.22907591870749838,-0.22440185392806672,0.042757732217922964,-0.058820188879337786,-0.07255591448549854,750.4983942557388,746.4640830591295,560.424937688098,525.2471110224702,0.0,0.0,0.0
5.772,1.26414272239072,-15.291895544925344,1.9964934371441567,-2.2565974078226696,6.634392169335155,106.79832260905903,1.2125168467333445,-14.987448388550085,1.9999999999999707,105.95376088027763,1.5746790464200535,0.017214181448112754,0.049852830487005374,0.14682529195117805,-0.23314010921635794,0.16012122227974068,0.19925366161184566,0.04263692279358252,-0.031066928586662185,-0.07338433757367564,755.9140664191324,758.7860029466368,564.9428273675528,539.8601620758957,0.0,0.0,0.0
5.824,1.2388563419591767,-15.213374956914198,1.9895358802198206,-1.7315085633750298,5.812566189998737,107.18524241679044,1.1957328917775705,-14.911857308075437,1.9999999999999831,105.30051852239514,1.6015809278314723,0.025007404369437776,0.03404666225597619,0.1725370132961925,-0.30656624717290476,0.09603377421494112,0.578445561446884,0.15313709693999394,-0.01124626210191916,-0.07177461758335797,744.5061381428504,779.511351901387,591.1638366546562,536.3481280408298,0.0,0.0,0.0
5.876,1.212475321534526,-15.133976784453269,1.9831568920107234,-0.9366099873647209,4.8239276609549595,107.38628556959516,1.1782044793336284,-14.83588100797898,1.9999999999999905,104.56862028487306,1.6196868137767482,0.032446674880210184,0.024123661493855694,0.3411617336157234,-0.34729316814264755,0.03801812887304138,0.8815429182219876,0.09022923578433698,-0.041335949678976996,-0.070161786882338,759.5089237433309,771.5159461974833,595.2167216911004,552.1020354805711,0.0,0.0,0.0
5.928,1.1854944793216766,-15.054020407493091,1.9779327269638045,0.33803924422359916,3.6921306628285104,107.40151835046463,1.1600925619500997,-14.759477805131812,1.999999999999995,103.63123199494785,1.6279139802402827,0.03570045912643203,0.01840781191415517,0.46126106715957826,-0.4043628035363568,-0.01880642215526363,1.1064893662073507,-0.10839612771552054,-0.0548360549237685,-0.06942821163187145,788.19860307642,748.2542973251423,571.5664264349366,588.9192328428511,0.0,0.0,0.0
5.98,1.1586394151788062,-14.973844347845201,1.9742859134024817,1.392327571756806,2.347748414702849,107.21478262207623,1.1413984045710461,-14.681757601845593,1.9999999999999978,102.64244472177225,1.625020429720075,0.03236927845369891,0.013043287416727358,0.25357315590878915,-0.4837052487544907,-0.07960661768993245,1.277580204856546,-0.059465594860249486,-0.03126841059150512,-0.06412408907319914,776.2067398093767,753.9114330998896,587.9759894768438,596.9233027488698,0.0,0.0,0.0
6.032,1.1325834762745317,-14.893920167449142,1.9725211794869653,1.7373523153547847,0.7962737887917765,106.8453820900358,1.122517260104512,-14.603263223308453,1.9999999999999991,101.55267015996024,1.609265196901371,0.02668155798055614,0.007243063760823372,0.04833178085592038,-0.5420471196208276,-0.1300755681588321,1.3926849640482386,0.014933710109042615,0.008628040749673882,-0.06090314257139564,760.4077463729362,766.2106506806394,600.9881296292406,599.0124429008932,0.0,0.0,0.0
6.0840000000000005,1.1077245286044195,-14.81491389798923,1.972838096443994,1.7646847087103072,-0.8312862244957079,106.3219213452317,1.1038402277527164,-14.524298980938193,1.9999999999999991,100.26736775927802,1.5794956167353231,0.023406637212361824,0.0030138152945133052,0.00837661636658187,-0.5497647248328369,-0.18173887517196435,1.4255532593095557,0.16108197451916986,0.04117670658900724,-0.05813791779731258,735.2174189769662,785.2327693354089,623.3536368768437,586.0779816017407,0.0,0.0,0.0
6.136,1.0843124949486516,-14.73757292907794,1.9753020321208414,2.1525710063599623,-2.396143157808873,105.66026371274154,1.0856709858415576,-14.444657841486345,1.9999999999999991,98.86955646034747,1.5359140922386327,0.022670956618656122,0.002245336778956204,0.1991789222233216,-0.5104860933605234,-0.2253532569383403,1.3553853256371204,-0.03966394092594587,0.07984483296066024,-0.05778128138941873,754.1748759333402,764.1250423996776,585.347378881979,622.5470544367047,0.0,0.0,0.0
6.188000000000001,1.0626962832277755,-14.662567066263833,1.979812113950638,2.689970247963778,-3.736477128971813,104.85540333060162,1.0683983147728475,-14.364420764666503,1.9999999999999991,97.47964696103851,1.480111376343104,0.020378039936333435,0.006886061071459809,0.11587295364111028,-0.4203440776974431,-0.27193660764270244,1.1661417003017265,-0.02520742214030244,0.10952497191485139,-0.05318897470473586,739.806171785999,760.9304480630531,585.993871617967,627.7307724841634,0.0,0.0,0.0
6.24,1.0432231254569408,-14.590425764418894,1.9860582420492907,2.8640140563981693,-4.709511162603536,104.03868530243103,1.046764789317865,-14.286012603930704,1.9999999999999991,117.7222532886284,1.414975668638134,0.01519843408292951,0.014835358317782802,-0.013171285505128045,-0.2629107791546331,-0.19555131833344983,0.8883406299819249,-0.2417253666390439,0.4945182310570266,0.08,514.4690882800307,599.7701987424388,682.8291028910131,862.0155130250105,0.0,0.0,0.0
6.292,1.0259725712316923,-14.521483674247817,1.9933704963274768,2.3157721672969522,-4.527976946130542,103.68957728602261,1.0048099549835663,-14.213785286675803,1.9999999999999991,117.77030264570448,1.34571498671851,-0.0001645051266976113,0.039044926186936654,-0.3041098181519875,0.33151268426071756,-0.07807457197351221,0.41600479595517986,0.031380001497111454,0.4562305308609951,0.08,454.2589507755931,624.2471633982678,714.5707398399733,818.7478045714486,0.0,0.0,0.0
6.344,1.0106011556880663,-14.45559361832357,2.0012786159372125,1.4738359019506195,-2.37021552735436,103.67465757021172,0.9550457824992417,-14.145285588313294,1.9999999999999991,117.82563695160668,1.2843778337153458,-0.016022578898384078,0.09449464024852722,-0.2457718108128082,0.951443580881753,0.004413989998417617,-0.38317451995686636,-0.02180325438505193,0.1994731457818436,0.08,489.8930559843074,553.8917632837299,724.0575584772438,779.3943405636605,0.0,0.0,0.0
6.396000000000001,0.9964279547892069,-14.391788269006284,2.008739943215397,0.8338484216011077,1.057202743264025,103.89198211079356,0.905726001152485,-14.078399748015366,1.9999999999999991,117.87868149642856,1.243941224522048,-0.030634054055850624,0.15012666194009255,-0.2110300012698895,1.241336978814791,0.08063962780782055,-1.170212589276076,-0.07322393300679396,-0.004889195066460517,0.08,514.4660460596592,485.08359626646586,727.7404395341504,745.1837725938454,0.0,0.0,0.0
6.448,0.9827568014834726,-14.328630860638107,2.0144057994762985,0.11479280451447298,4.798373420232745,104.29541465027887,0.8607429044276589,-14.012794547808662,1.9999999999999991,117.93766389731665,1.2327786550318014,-0.04476322837873862,0.18626956666930847,-0.28246661738237006,1.2337992850206596,0.15355559179083178,-1.7082466084216323,-0.07212572627810872,-0.13838959359855812,0.08,524.4620042566862,442.61742880044403,735.1218510426196,717.9763510464786,0.0,0.0,0.0
6.5,0.9688947985158721,-14.264708837127678,2.017171123110657,-0.8164520735924153,8.145098765339103,104.86194804913079,0.8212698015427312,-13.947819238428487,1.9999999999999991,117.9934436095135,1.253473891222748,-0.05735645746920788,0.2001379499327062,-0.3658738850309695,1.0256104364491971,0.22279393511385726,-1.9342789918090015,-0.044253237496926306,-0.21128116637544936,0.08,528.6037638100416,428.18841421448644,745.1478150193933,701.7446724478714,0.0,0.0,0.0
6.5520000000000005,0.9541329869627213,-14.198874194170504,2.0164308890365206,-1.8566107520775557,10.664822001271121,105.59680425822074,0.7872836835251479,-13.88357962277969,1.9999999999999991,118.05504307376613,1.3027839005772663,-0.06664826553190306,0.19594350158310536,-0.3986669574928542,0.7034542087545917,0.2887825965147221,-1.870149855584764,-0.016878819196394973,-0.23719817673588248,0.08,532.897438138914,434.10945544286733,755.0465719020976,698.0393738853836,0.0,0.0,0.0
6.604,0.9377768237659482,-14.130314642244567,2.0121253503835272,-2.8245990773030822,12.151880450313987,106.53068742976805,0.7579216517497177,-13.819357510143533,1.9999999999999991,118.11227742566804,1.3730844596398448,-0.07205926269215346,0.17864231457563468,-0.3739296221043662,0.33669163708819366,0.35235398622619507,-1.5625082953369023,0.001909306778532155,-0.22658809458381995,0.08,538.4619148713324,453.28335878457256,763.6235316266122,705.1310044378372,0.0,0.0,0.0
6.656000000000001,0.9192030097077157,-14.058573042591314,2.004673770313881,-3.576407029272687,12.577748433084109,107.69659776782623,0.7322071230205699,-13.755054447446948,1.9999999999999991,118.1734161639785,1.4544411370766273,-0.07475709954332453,0.15178540423200448,-0.30921380412918875,-0.020653530326938136,0.4132722687147223,-1.0595674011475487,0.008375067680018042,-0.190311922864999,0.0689227788735572,564.0792715666508,499.7801908283533,757.165969811279,706.1142629287791,0.0,0.0,0.0
6.708,0.8979197463603132,-13.983556297777506,1.9948763677196613,-4.162847702121115,12.031221953842074,109.03563456958855,0.7090628373793924,-13.690328591535206,1.9999999999999991,118.22763070189164,1.5364595847099038,-0.07556780900441352,0.11808062208177376,-0.32475025792742807,-0.33709511903332107,0.4274162034972598,-0.41350690142765145,-0.08773880022092756,-0.14807597518046506,0.03708913732264419,636.633955788481,562.7081125653534,712.6737916129479,696.5760362563392,0.0,0.0,0.0
6.76,0.8735611728452822,-13.905556716456928,1.9838008277870194,-5.014090096261125,10.6706140991585,110.43483342975064,0.6872401989807924,-13.624103692611278,1.9999999999999991,118.28222314743334,1.6097730050084436,-0.07169644303603569,0.0803715393049261,-0.358601613484881,-0.5828666917660343,0.416968005033838,0.31352347212109843,0.11625191465831039,-0.066478628360224,0.01297533403686536,644.8882323089467,659.2380051051995,712.0564991702244,662.058048301027,0.0,0.0,0.0
6.812000000000001,0.8458019222377776,-13.825254448921322,1.972688494570688,-5.469106306010681,8.78171215552019,111.84218588381637,0.6656713820026613,-13.55567957549656,1.9999999999999991,118.3269823071203,1.6672656662966987,-0.06014140703198291,0.04676153520761502,-0.14469795082460898,-0.7223329981094508,0.3949110576236559,1.0019969525920083,0.08364230925832034,-0.003917985475023755,-0.007280677818351719,682.3030637372658,703.926466577261,685.8345757081872,661.3984222166664,0.0,0.0,0.0
6.864000000000001,0.8145849710952373,-13.743565942347384,1.9627821021380976,-5.399910430435968,6.647152967207654,113.18271250548618,0.6439064152096151,-13.486004168241672,1.9999999999999991,118.36674565069329,1.7051922744925148,-0.04429136230541257,0.023185933896730918,0.019675682072036356,-0.7665923555401304,0.36105023903916195,1.5536038235338212,0.048768497673179215,0.04814048329011972,-0.021951325105287463,709.2465428240056,734.484035905324,664.1669521073673,663.9891696916864,0.0,0.0,0.0
6.916,0.7802114015831811,-13.66148647893404,1.955123335050532,-5.068937660989174,4.5085744577248805,114.39269203688883,0.6209210052491375,-13.414065014356131,1.9999999999999991,118.41081350660643,1.7228651754334123,-0.027205754667370435,0.01254325963725686,0.09754102255159317,-0.7322383846394326,0.3196827152672621,1.9063012421382424,0.019279764780485452,0.09174990114533504,-0.031087554944465686,724.8853605958782,753.1295144994623,647.3473755681518,668.0615033351578,0.0,0.0,0.0
6.968,0.7432111648987224,-13.57998460228714,1.9504261182068563,-4.633091636767391,2.5731838920682684,115.43653689829245,0.5959979316344162,-13.339575963635822,1.9999999999999991,118.41594969698268,1.721890334022294,-0.009894228597185476,0.015981563605576506,0.14005171468624222,-0.6308034614161642,0.2753073994575994,2.025740893989907,0.021734711384824086,0.12860590162510654,-0.036482469112885794,728.079972151207,765.9151243923135,636.318099931476,667.1450271599789,0.0,0.0,0.0
7.02,0.7042083040868481,-13.499899012687377,1.9490122693706156,-4.125938378560881,1.0208110889539879,116.30005742348311,0.569031244893358,-13.263432903626144,1.9999999999999991,118.4103626842074,1.7055168193483183,0.007255278520619654,0.03293041048123147,0.174161712749035,-0.4758042972205529,0.23119026745898502,1.9070389286398313,0.025894093811222665,0.1463879092750908,-0.0384492186605481,724.8027093008254,768.1888384465286,628.1027898206771,663.1868172728765,0.0,0.0,0.0
7.072000000000001,0.6638272674936747,-13.421836769365454,1.950793912273315,-3.5471267613249813,-0.03197115792235182,116.9865791981902,0.5396628878594887,-13.185688267030645,1.9999999999999991,118.39585302408513,1.6779816672905377,0.02369213570721547,0.06014033714373951,0.20453876836857257,-0.29298453132468844,0.18956300971706158,1.5848107084193068,0.026979037878922682,0.14758658881713424,-0.037832870184450605,716.8920216410158,761.2935693369805,621.1034280218854,656.5941447670909,0.0,0.0,0.0
7.1240000000000006,0.6226277560204233,-13.346110991136802,1.9553156405721694,-2.894053125014192,-0.5432499321570077,117.51321698093997,0.5081417329747231,-13.107377246666099,1.9999999999999991,118.3714093245913,1.643801304917123,0.038606111799347906,0.09232633628756406,0.23056512541115018,-0.10667185226504963,0.15179961687716867,1.1255078489653716,0.023029239883331748,0.13479689752459179,-0.0355102764290723,706.4707194789283,747.2889937524708,614.7698691660388,648.046868723322,0.0,0.0,0.0
7.176,0.581066949564043,-13.27273629929743,1.961851029196394,-2.179567817185049,-0.5361294727362603,117.9056472613841,0.4744400215794029,-13.028725439266212,1.9999999999999991,118.34226697024435,1.607337430583342,0.05102456535599827,0.12388080573863684,0.24695071070687868,0.06319413008480113,0.11855926514638344,0.6074865005815513,0.01642599822523362,0.11296996514425635,-0.032146607559525794,694.8952321724016,729.0610955302897,609.5363803073432,638.6184309060617,0.0,0.0,0.0
7.228,0.5394851855878098,-13.201473812143476,1.9695260276422928,-1.4385036898389085,-0.08260540159946156,118.19311189185439,0.439021447053901,-12.950651962614275,1.9999999999999991,118.3053114476433,1.5725807576850068,0.05999513305576022,0.15003896694160757,0.2490916147928775,0.20235011317287163,0.08992227325857631,0.1055928905393293,0.009229282359400667,0.03483359603423529,-0.02844250168723535,690.8443746303677,702.7324157982133,613.8050910420338,621.5975220276388,0.0,0.0,0.0
7.280000000000001,0.49810866338412974,-13.131905657615222,1.977439880963478,-0.7161898125842949,0.6474403684979436,118.40345696674889,0.40204316067728807,-12.873312783944153,1.9999999999999991,118.26777106367652,1.543018072843043,0.06482265652599555,0.1666159042892502,0.23576073250805077,0.2575511887083167,0.06568800479392767,-0.3101267949004731,0.0013257479376621306,0.01738958871156393,-0.024753724681702248,680.4803939491654,685.6312544748329,610.7847741203699,615.7091628222942,0.0,0.0,0.0
7.332000000000001,0.45707621519115993,-13.063539391725175,1.9848014259020226,-0.057523255591898484,1.426702419169802,118.55695981659272,0.3641842351737209,-12.797606839057076,1.9999999999999991,118.2249664753129,1.5206606175880748,0.06519387963323396,0.1704835073329046,0.2081835880484763,0.26115842278361606,0.04532857999520758,-0.5834954579234364,-0.005066145072772865,0.011149172212110828,-0.021405492816264686,671.849786728096,673.5497393781873,609.2813304966635,614.2641330797576,0.0,0.0,0.0
7.384,0.4164752767931408,-12.995904825181485,1.9910325932343924,0.4987150091714724,2.189938731354384,118.66371528430216,0.3253331258808899,-12.722953228591905,1.9999999999999991,118.18472228562558,1.5057591473633916,0.061295848318189475,0.16461471907516664,0.16902504843955005,0.25159714105005637,0.028031259716007527,-0.7251575051330672,-0.008939890615284787,0.0043539030737796275,-0.018149695670605513,665.9428765910214,664.6470198557349,611.3652830258134,615.4394781331802,0.0,0.0,0.0
7.436,0.37635088809306466,-12.928582615249308,1.9957937837159743,0.9244866756294882,2.9058541196954923,118.73082148868386,0.28580040967936754,-12.64940358884999,1.9999999999999991,118.14147836283368,1.4980085007971504,0.05379938031885149,0.15303039511238944,0.1231996633485157,0.23163153354019594,0.013923671300538112,-0.7636967938407263,-0.011028487953578456,-0.0033478631406438225,-0.015294984053175656,662.7512371118854,658.66071465728,615.7740620500665,618.1144560132993,0.0,0.0,0.0
7.4879999999999995,0.33670686572506386,-12.861210511859833,1.9989510113025346,1.2084387791975022,3.542687707126116,118.76380281105499,0.2460346900209845,-12.577205041957647,1.9999999999999991,118.10269817346696,1.4967944023199764,0.04371465540316022,0.13872023712222584,0.07553672468180697,0.200384973897111,0.002567567768561567,-0.7241415309868054,-0.011076027244305148,-0.010891059747936818,-0.012642277295074026,661.264116183175,654.989295764623,622.003651841754,622.0595530653443,0.0,0.0,0.0
7.540000000000001,0.29751028946793645,-12.793489275382594,2.000528953694514,1.352055602267117,4.0670243758385505,118.76699419215821,0.20626283172381113,-12.506221160744763,1.9999999999999991,118.06255010039071,1.5011921486858877,0.032203629917814024,0.12360946304305218,0.030210034650191786,0.15803985908553825,-0.0064462717148860245,-0.6261388204197824,-0.009400486498332665,-0.016460203648304784,-0.01025284617713516,660.8943096846427,653.4968291792923,629.0983958349169,626.985212903834,0.0,0.0,0.0
7.5920000000000005,0.25869952496891396,-12.725190215030974,2.000670880750828,1.368579815488113,4.4500082909826855,118.74459655572336,0.16657584434390166,-12.436117588814875,1.9999999999999991,118.0275537217535,1.5099718568148426,0.0204156778168186,0.1088731539212244,-0.00916366073319556,0.10738271308890428,-0.013217743179024554,-0.4857678686739846,-0.006591930859371594,-0.01866733768712454,-0.008042910363044503,661.0264237669222,653.8033912869552,636.4545765261922,632.8777756505501,0.0,0.0,0.0
7.644,0.22019480839343256,-12.65616155770197,1.9996084386059079,1.2808578830623265,4.674659600961542,118.70151719025289,0.12707886667005738,-12.36662848625722,1.9999999999999991,117.99201563212542,1.5216725019159398,0.00934679223259107,0.09530306025567252,-0.03996850668436576,0.05296369486143141,-0.01808156820921611,-0.3181837856845017,-0.003240922815753184,-0.017120282683900118,-0.006109916247575502,661.4652114733267,655.652923831947,643.4137317119336,639.3456226518423,0.0,0.0,0.0
7.696,0.18190983153413703,-12.586331137376225,1.997629928100215,1.1169772548097006,4.738991358022487,118.64311359843734,0.08783802180232383,-12.297501830643279,1.9999999999999991,117.96133461547836,1.5347407905958865,-0.00023980741439476273,0.0834114994818184,-0.061139174282362166,0.00024336474902060084,-0.02121584715049381,-0.13762518702724302,0.00011138568244068239,-0.012232772517745483,-0.004388735888511399,661.9322816071821,658.480758001702,649.7322562050737,646.1507639139164,0.0,0.0,0.0
7.748000000000001,0.14376250432726173,-12.515703479289924,1.9950533694796773,0.9062360001195167,4.656881856527743,118.57504476491492,0.04883894732650506,-12.228411338861136,1.9999999999999991,117.93015295559663,1.5476872330796356,-0.007858426236482566,0.07369204671961549,-0.07282008946149526,-0.0459230010432017,-0.022987102178968728,0.040883747711518814,0.003256364830353138,-0.0046344188908053405,-0.002973903684353469,662.3509200779313,661.9596787345838,655.0276057672428,652.7590389089384,0.0,0.0,0.0
7.800000000000001,0.1056833984457142,-12.444350947454202,1.9922003825762926,0.6761704325600177,4.454802476135032,118.50242312009122,0.010139836165805481,-12.15926192433352,1.9999999999999991,117.90293000779468,1.5592347513349192,-0.013286671709429012,0.06649805019494369,-0.07581980914035177,-0.08158879364110252,-0.02359341182765029,0.20356588708211276,0.0058359614160010745,0.0043337357109238216,-0.0018073179277223574,662.5949912788687,665.4740842946592,659.2565527185543,658.8280434248198,0.0,0.0,0.0
7.852,0.06762124316459975,-12.372399671329175,1.9893712634240306,0.45067922066226246,4.168521488044277,118.42935637646957,-0.02837239167326687,-12.089713313850849,1.9999999999999991,117.8746812018031,1.568424247530443,-0.01653801712277052,0.062102346476941205,-0.07164146905907347,-0.10454788801587622,-0.023445346205376593,0.3381042499652347,0.00754665095639348,0.013897683844384945,-0.0009275542965011237,662.621908764694,668.6781750312723,662.2041073939425,664.0046392724561,0.0,0.0,0.0
7.904,0.029545249157943623,-12.3000115338209,1.9868210924991676,0.24754748548889635,3.837508560360066,118.35869276429321,-0.06661737145069971,-12.019874895006971,1.9999999999999991,117.8493188094678,1.5746730715641022,-0.017809366277969606,0.060536587187306076,-0.06243904518141975,-0.11400356956283675,-0.02268899830846991,0.4359912441274649,0.008712218419030823,0.022563433797321012,-0.00025974221692428613,662.3292845452352,671.1476724958382,664.0829539580199,667.9925095658328,0.0,0.0,0.0
7.9559999999999995,-0.008555845279795981,-12.227364318428435,1.9847439512567573,0.07909382456832695,3.5009365838153523,118.29187152520514,-0.1047800729627075,-11.949408361477117,1.9999999999999991,117.82214981301676,1.5777773479884956,-0.017414824325394068,0.06168805290629216,-0.0497682673638635,-0.11080063541258259,-0.021639469569164564,0.492085769335066,0.009009175947458453,0.03003459031446118,0.0001841725871118134,661.7256753329955,672.7262937023057,664.7867782229313,670.7060915772012,0.0,0.0,0.0
8.008000000000001,-0.0466771319182278,-12.154632188175045,1.9832634137714378,-0.04804534802323915,3.1934503592969916,118.22952485788566,-0.14272752874885367,-11.878638886442216,1.9999999999999991,117.79697290136755,1.5778785063522345,-0.01574235897515439,0.06516501056955129,-0.03566415357005848,-0.09679612446622168,-0.020349127777126524,0.506246373016749,0.008854468580095455,0.035047232661043905,0.0004885695708619475,660.8221289639885,673.1955024328926,664.681213806532,672.048475190268,0.0,0.0,0.0
8.06,-0.08480241048070472,-12.081968839120867,1.9824282231864112,-0.13216717413241388,2.942108322825336,118.17144921398503,-0.18069512955569403,-11.807213658236066,1.9999999999999991,117.76924511007624,1.5753965667925385,-0.013195636381988524,0.07039331872994094,-0.021514615435577193,-0.07507266157560809,-0.019062318438330245,0.48252356647818073,0.008119934854737198,0.038162512804936106,0.00065292319649127,659.6510052530712,672.7115782801685,663.7615127223428,672.2163697789214,0.0,0.0,0.0
8.112,-0.12290967272503184,-12.009494947921413,1.9822174546091347,-0.17579438453134097,2.76444608888094,118.11736794147802,-0.21847713113455414,-11.735649792288632,1.9999999999999991,117.7429928996851,1.5709443037856483,-0.010166347319438232,0.07666057579199434,-0.008636816152625126,-0.04870926982228728,-0.01774975734349624,0.4285636030562574,0.007207376167554966,0.03847519816122475,0.0007554305553396732,658.3442121419781,671.262227626697,662.486705997476,671.3008332500801,0.0,0.0,0.0
8.164,-0.16097623866738284,-11.937290999021599,1.9825523496949347,-0.18398974799740875,2.668043541572274,118.06668880776448,-0.2563857128209582,-11.663470100341051,1.9999999999999991,117.68570388135998,1.565240526986344,-0.006995763675587942,0.08322911298680635,0.0022915987282977075,-0.02123757125391526,-0.01657227163376746,0.3541204136578622,0.006830062448664081,0.0374929718299555,0.00019578477360384077,657.6328938704064,670.1833596676681,660.1248032280297,668.8000388813301,0.0,0.0,0.0
8.216000000000001,-0.19898275003822238,-11.865395463875553,1.9833124885037006,-0.1638295884523741,2.651863097276243,118.01904800952613,-0.29439889062989705,-11.590834473206057,1.9999999999999991,117.6544190400843,1.5590238406389836,-0.003969524473525514,0.08944283467521169,0.010708393260240246,0.005113827530422305,-0.015472970197602529,0.26948810010866775,0.05746934281097646,0.03733724014621997,0.0001383957198838985,648.54566528583,675.468100136948,665.3757778317014,659.6632436800537,0.0,0.0,0.0
8.268,-0.23691400819098526,-11.793806305703498,1.984353018391482,-0.006541727183842548,2.7113041344924342,117.97558777653573,-0.3323622317065152,-11.518142798389913,1.9999999999999991,117.62466463322109,1.5529948960036801,-0.0013411917212742886,0.09482013954109828,0.10379530318200365,0.02982171543981275,-0.01360223528968671,0.1840355130526663,-0.034323989183207636,0.03047609412350535,-0.0002552886670316558,661.3584472333584,660.2637746823993,650.8121680561968,669.2684179279507,0.0,0.0,0.0
8.32,-0.27471311167671336,-11.722460123988986,1.9855209447433886,0.34645283178616937,2.834390760184395,117.93584403737317,-0.3702779936220046,-11.445470961892182,1.9999999999999991,117.5918297042982,1.5477936188093169,-0.0008812390360244313,0.09907967403045118,0.0953186365505645,0.047693495679302846,-0.013499519125979822,0.10543085434054977,-0.04574619932931294,0.025265135307936587,-0.0001454846803311139,661.870773976929,656.0277335634846,648.3373073123643,668.6107438707722,0.0,0.0,0.0
8.372,-0.3122793811724859,-11.651238719736597,1.9866730675311761,0.44748452254178733,2.9952323272509616,117.89563026686362,-0.408011181388231,-11.37312664526765,1.9999999999999991,117.5616841937481,1.543909438524061,-0.003159950130700578,0.10187343248523983,-0.0026700009653463667,0.05708303176280701,-0.013805063863784193,0.04169140013702122,-0.014473314333193234,0.020142313764198862,0.00017836347194123345,656.3274061993807,657.9491714341979,652.6683680068762,662.5638763632264,0.0,0.0,0.0
8.424,-0.3496047632227108,-11.580054603618532,1.9876888064607212,0.34372587014764217,3.1706226897712844,117.85599262138636,-0.4454657424827963,-11.301294877015202,1.9999999999999991,117.52959483435424,1.541597687779465,-0.00584017543942539,0.10305903289598903,-0.0474477487627252,0.05889494856789331,-0.01341030723410693,-0.0019074954239561848,0.004579244386961152,0.015046372982521677,0.00019494023896642152,653.3762145858686,658.9987697487849,655.2364867064455,658.2327226151284,0.0,0.0,0.0
8.476,-0.3867655975006114,-11.50885862794339,1.9884793132256182,0.1917902429646344,3.338229145849043,117.81774110893063,-0.4828698644279165,-11.229495423385385,1.9999999999999991,117.50033101353057,1.5409060334077231,-0.007449892767278124,0.10271921665514712,-0.04853093816324608,0.053563772827768585,-0.012679610430887367,-0.023318138855034753,0.009775379236104276,0.011532224113208488,0.00011866017057654684,652.8114908789939,658.9189189079791,655.95122893334,656.4545366953156,0.0,0.0,0.0
8.528,-0.4238577746206545,-11.437616452009518,1.9889938613629836,0.06832133185626024,3.480047678997526,117.78124656405956,-0.5200651987669498,-11.157981674941128,1.9999999999999991,117.46859842349551,1.5416870537602887,-0.007775508634745164,0.10112472163882973,-0.03480615090116185,0.04290933268769113,-0.012051862748576163,-0.023562245665603165,0.009247285285939004,0.009188853178233036,-7.549732983279031e-06,653.4428503645514,658.7254628848603,656.0768108306208,656.0600675424715,0.0,0.0,0.0
8.58,-0.4609608335597503,-11.366298401475364,1.9892195869591986,-0.011986835094410652,3.5833210500633235,117.74626412844509,-0.5572127435314852,-11.08640270805791,1.9999999999999991,117.43892758156639,1.5436444578891568,-0.007126838682598854,0.0986265572629246,-0.020797292342004177,0.02881735380546583,-0.011489080596886187,-0.005664913625826107,0.007732697307531745,0.008686730271127234,-9.89155062118374e-05,654.2978720028456,658.9985833276596,656.2403952372854,656.51363780674,0.0,0.0,0.0
8.632,-0.4981285571172111,-11.29488060871791,1.989177578827825,-0.056001542975601386,3.6422127864786495,117.71260214424025,-0.5941915968232295,-11.014982042302305,1.9999999999999991,117.40607466109394,1.5463859128920423,-0.005887985775371774,0.09563826037437684,-0.009945456859399519,0.013613753230552288,-0.011167158890704815,0.025643544909419003,0.006487827215549715,0.009236555196768177,-0.000195622101720418,655.254731337562,659.7506083470223,656.5690569396083,657.3556129204641,0.0,0.0,0.0
8.684000000000001,-0.5353903852971685,-11.223348693773803,1.9889155807727712,-0.07301605999886535,3.6564961769470106,117.67984863554265,-0.6311416908490389,-10.943458473139113,1.9999999999999991,117.37492557099377,1.5494878081320702,-0.0043597372396355655,0.09255058724832708,-0.0020092730591709006,-0.0008981228006794271,-0.0108923664445375,0.06499945278784336,0.005694295447586409,0.011030029143057368,-0.0002588412491378992,656.0843310950426,660.859072084985,656.9941732882703,658.5191641160142,0.0,0.0,0.0
8.736,-0.5727552713761604,-11.15169994188459,1.988498496654184,-0.07011950907475874,3.631380521607071,117.64770847799069,-0.6679937136341638,-10.871994267630717,1.9999999999999991,117.34018189578201,1.5525473424053131,-0.002765328946520624,0.08971608568302325,0.003894321039631463,-0.013154477058051011,-0.010822303513430328,0.10686117373627302,0.004974230859904474,0.01329504852661859,-0.00033440341166251315,656.893374944513,662.1010848885602,657.3862107412989,659.7614091585441,0.0,0.0,0.0
8.788,-0.6102157343448472,-11.079943030336711,1.9879988843879595,-0.05271286549253918,3.5751498639510126,117.61564121847337,-0.7050565596163606,-10.800020819089003,1.9999999999999991,117.3071514930023,1.5552272886046974,-0.0012576415875834677,0.0874008308208509,0.008078324352886062,-0.02217468265728794,-0.01084941348921391,0.14628839200643728,0.004344149596935206,0.016750571509532654,-0.00034070103355268505,657.3564925387951,663.3617544186668,657.6513968063459,661.1882975920341,0.0,0.0,0.0
8.84,-0.6477518981550446,-11.008095974384238,1.9874881786768617,-0.025508887840738258,3.5001107704013354,117.58359959761279,-0.7420755448819385,-10.728066335035505,1.9999999999999991,117.27034100335997,1.5572827982238753,4.636506973107295e-05,0.08582124056665179,0.01075443261306438,-0.026587967716045234,-0.010876355193131581,0.17886153401092764,0.003800548234660377,0.019592931024961194,-0.0004256322746891681,657.8446836547805,664.4961858471567,657.748093897107,662.2463471346508,0.0,0.0,0.0
8.892,-0.6853360035373831,-10.936182437806433,1.987028075595786,0.020811518756589223,3.419772808200971,117.5514823721811,-0.7789794738230389,-10.656295319641135,1.9999999999999991,117.23545948018129,1.5585934145134899,0.001088422583618901,0.08508821864356855,0.03143070123643937,-0.026513230024495293,-0.010688567319091267,0.20150808411685261,0.07446126860083815,0.023461515933815506,-0.0005474159442850372,647.7637055849325,675.5850292815911,667.5273551101202,653.0066798819786,0.0,0.0,0.0
8.944,-0.722922868778943,-10.864219778595091,1.9866635978275435,0.31357521876311173,3.3483088142997883,117.52106949267863,-0.8158459175076631,-10.58457382910897,1.9999999999999991,117.19677170225602,1.559165947455019,0.0013051552595790016,0.08524085555102227,0.1258629710142052,-0.02238864439968402,-0.010262574730396235,0.21239437341191825,-0.053246625482807536,0.021240076314750427,-0.0008699615986259091,667.0129034898558,657.9303089076086,649.3889432960852,670.6055038625755,0.0,0.0,0.0
8.996,-0.760390328343284,-10.792181485054632,1.9864204708184212,0.5457082329128359,3.286772640212178,117.48772235831245,-0.8527073824650829,-10.512843941487896,1.9999999999999991,117.16056138682984,1.5591143669466978,-0.0012503716576797003,0.08601554815820625,0.03650762023464087,-0.019633012161734225,-0.011660578417418611,0.21328197695179263,-0.0313606323410743,0.0220139557139664,-0.00041580591495845405,663.1954963916593,660.5407435163108,653.0827714748406,668.2701925515264,0.0,0.0,0.0
9.048,-0.7976363845451753,-10.720046427843712,1.9863076676780167,0.49853608260067306,3.2344849593551674,117.4511035525609,-0.8896099372824517,-10.440994516679297,1.9999999999999991,117.12168849965242,1.5585407160680975,-0.0051042130184078965,0.0870673641796576,-0.04179309055743253,-0.0162150170606604,-0.012417974543762535,0.20726937750566887,-0.003023422816760532,0.022871905990926616,-0.00018212678267141803,658.5670385217915,664.2087313116191,657.1970588970172,664.5631501977119,0.0,0.0,0.0
9.1,-0.8346662754282019,-10.64784442764331,1.9863190624231222,0.32481514860893246,3.194532663977974,117.41378188108249,-0.9267352049179051,-10.368613164523609,1.9999999999999991,117.08653172750822,1.5575466699704796,-0.008088058390764518,0.08817975973117854,-0.06202336705281206,-0.011440319049045434,-0.012433433243402769,0.19667669611198768,0.0090537320794381,0.024124872966671124,-0.00012748931727315496,656.3290460435078,665.7645319049088,658.5634328828303,662.8516346975832,0.0,0.0,0.0
9.152000000000001,-0.8715416080696974,-10.575627882994935,1.9864382391121056,0.15233680020228568,3.1716987078750516,117.37703590300876,-0.9637494568876606,-10.296284290360033,1.9999999999999991,117.04898214334173,1.5562606851226488,-0.009451092905681066,0.0893296536790389,-0.05184606585174203,-0.0050803758400691885,-0.01225842230335732,0.18225183760182373,0.010858059860253932,0.02422532882787755,-0.0002036083546886839,655.8286492831818,665.8092662084881,658.3686798203142,662.1745887513565,0.0,0.0,0.0
9.204,-0.9083288064906005,-10.503442670268658,1.986641440592694,0.02582708529878317,3.1685106139139214,117.34100571411076,-1.0005096970013592,-10.224235431078203,1.9999999999999991,117.01434076157324,1.554847663093722,-0.009369542601879508,0.09050248132821385,-0.034956048110574775,0.0015061089955929895,-0.012043274549509748,0.16489564144182034,0.009499411973914722,0.022980456114533695,-0.0002491737799407601,655.8755601002823,665.1200134572986,657.9007875004529,661.7417103049374,0.0,0.0,0.0
9.256,-0.9450795509246878,-10.43131692564217,1.98689946292637,-0.053290833300161454,3.1825228696928067,117.30519657011119,-1.0372009954371038,-10.152072340185768,1.9999999999999991,116.9763165217568,1.5534821491734392,-0.008280803561282602,0.09157256017546947,-0.020210823305265656,0.006594553155255915,-0.012020290948382278,0.14677826824053908,0.007945269115335201,0.021744828421978384,-0.0002991462646769901,655.9450822234486,664.3996735677746,657.3869691770918,661.3214260339585,0.0,0.0,0.0
9.308,-0.9818285358370628,-10.359261183316256,1.9871805089744596,-0.034465997502947855,3.2096738642828218,117.27019131563708,-1.0736872712881882,-10.080075579992691,1.9999999999999991,116.94039925081256,1.5523047647192634,-0.006584510343391077,0.09240457914784293,0.049440651501351164,0.011041962001214546,-0.011299516827041452,0.13024944558505824,0.06269289414366726,0.02211066419114565,-0.0005765753784028028,648.0258211609885,672.1771871168722,664.380242105713,652.7961955211406,0.0,0.0,0.0
9.36,-1.0185638153995829,-10.287254989351235,1.9874530373931187,0.2652885383916125,3.2484217474107955,117.23684378101588,-1.1101845144623717,-10.007846967218576,1.9999999999999991,116.90034084807162,1.551427896021655,-0.0057707227619768235,0.0930272068760419,0.0986710809606408,0.013422650116872641,-0.011553962814086934,0.11603926196576697,-0.04944776921109528,0.018090166655646576,-0.0006185577695865824,664.4218914306655,655.4895275579863,648.5396033197163,667.8298739593874,0.0,0.0,0.0
9.412,-1.0551888864378425,-10.21522919628354,1.9876903637636683,0.386427426432358,3.2866667291959692,117.19994092076058,-1.1467935993646214,-9.935225578687243,1.9999999999999991,116.86243349231474,1.5509246287649483,-0.007417064659515321,0.09323489869027944,0.002032513920714403,0.012201853956895959,-0.012828808503361992,0.10702744857562152,-0.019260623789114854,0.018287944274516302,-0.0001705029879241096,659.3050434180813,659.0276391799855,653.3132103573314,664.0299529354447,0.0,0.0,0.0
9.464,-1.0916621479845168,-10.143142838945478,1.9878750575115405,0.27828474858153945,3.320749293272189,117.16060957162543,-1.1832942253396745,-9.862670114275502,1.9999999999999991,116.78325781867655,1.5507673394852592,-0.009509426045840503,0.09304731956265948,-0.052392345814852845,0.010786142641972672,-0.013297150189160178,0.1035824093454375,0.057248352147658346,0.020718229304821555,-0.0008179020953943449,648.7956792596136,671.0066702742137,662.9254733459811,652.4840793836089,0.0,0.0,0.0
9.516,-1.1280285437012345,-10.07100157453898,1.9879971478890301,0.2301897367705161,3.3531234948872277,117.12225498285618,-1.2197565332013693,-9.790029392821538,1.9999999999999991,116.74206194426861,1.5509100564687304,-0.010426362724225285,0.09267274154894267,0.03709515270228505,0.01131374935000651,-0.012200672878389393,0.1039784338102212,-7.900947669942093e-05,0.017424759222186996,-0.001271680670595026,658.1685041755591,663.1044328780185,654.6045359452401,659.6121738962432,0.0,0.0,0.0
9.568,-1.1643071990435079,-9.998798571576302,1.9880540077932396,0.42962677734485866,3.3864405816464744,117.08540349757024,-1.2560823119825397,-9.717477076356452,1.9999999999999991,116.70375648884867,1.551341797878344,-0.011669475689342736,0.09240374509898816,0.05100897230405754,0.010268408512002484,-0.012743274487715376,0.10542505077460307,0.03806584159724834,0.01900353270743406,-0.0010997346388646793,652.2804019226528,668.5258737175158,660.1223044280607,654.6711774136749,0.0,0.0,0.0
9.620000000000001,-1.2004392121828986,-9.926487333502788,1.988047859906848,0.5561207917907339,3.4141377052051354,117.04689064234425,-1.292233452411469,-9.64507392282866,1.9999999999999991,116.66247607155748,1.55204651914244,-0.014358159283064487,0.09209050035096161,0.060715936567975914,0.008792415569376575,-0.012625617662125502,0.10932819178643116,0.025977582352542362,0.01789499808645534,-0.0011953065121156517,654.4160562515196,666.9000855580098,658.526945817476,656.2155310274131,0.0,0.0,0.0
9.672,-1.2363710395157612,-9.85402667404992,1.987985934608135,0.8241542951800307,3.437705791679632,117.00936465214649,-1.3280552571586037,-9.573108625668388,1.9999999999999991,116.62501298526973,1.5529742453852595,-0.018390101225118076,0.09191959019423339,0.10293335406264806,0.006661026372833575,-0.012673835435637654,0.11362342932743563,-0.08918186845512749,0.01353939303160189,-0.0011721150324739815,671.4512848576067,649.928099433879,642.67485201397,672.0509097063084,0.0,0.0,0.0
9.724,-1.2720104183247416,-9.781358617654357,1.9878756106598674,0.9327985803607411,3.4471634233075084,116.96862058922596,-1.363930927228561,-9.500762512265439,1.9999999999999991,116.5859340046273,1.5540776338500464,-0.024699137323328367,0.09157348864090495,-0.027917602068438373,3.167646737862132e-05,-0.014280139476587572,0.12120018721970327,0.03214987799912423,0.016839624784508726,-0.0005477315370024573,653.0809475799473,667.0336947482768,660.7572576097115,656.3868956610011,0.0,0.0,0.0
9.776,-1.307322920555848,-9.70846180034798,1.9877282083775878,0.7788341942205379,3.43878255730533,116.92583934914535,-1.3996662210431197,-9.428368931776108,1.9999999999999991,116.55181660194077,1.555201803954921,-0.03096263047698754,0.09087489348718522,-0.03873709319524027,-0.004568315877330231,-0.013822833555594513,0.1334415093931619,-0.047346224920182645,0.01503981708615093,-0.0005305736152213017,664.908792628114,655.7110939097396,649.8943491004702,667.6966102742261,0.0,0.0,0.0
9.828,-1.3423655925817302,-9.6353699995672,1.987563886891549,0.5747729866730776,3.416999557702416,116.88329339120182,-1.435135501653548,-9.356105379620859,1.9999999999999991,116.51664844554651,1.5562019845647759,-0.035859602845924717,0.09017493872148602,-0.10107865713068749,-0.00964693729235594,-0.014393341087376865,0.1462475585826606,-0.02083763187851511,0.016110938025362107,-0.00016547330022444618,660.7560597409587,659.4098978692164,654.3386279411698,664.869219025171,0.0,0.0,0.0
9.88,-1.3772272170190116,-9.562139912962353,1.9874051489962705,0.15842204549444666,3.3801984508271263,116.83999457731562,-1.470491023194708,-9.283576361201348,1.9999999999999991,116.4852974201566,1.5569538518084076,-0.0383767628511502,0.08928752964330404,-0.15446455971405942,-0.014004229831112902,-0.014240468281119351,0.16072694278236754,0.013839402472751873,0.01804951450082241,3.0472188667683177e-05,655.548862654521,664.6307287896698,659.5900941958882,660.7889401271219,0.0,0.0,0.0
9.932,-1.4120665745908467,-9.48887069243428,1.9872755264030557,-0.28777263975498907,3.3344685664770926,116.79876623758965,-1.505605545508464,-9.211008806644585,1.9999999999999991,116.45127477954625,1.5573333539609862,-0.037033387708873225,0.08852433256102311,-0.1377563256729989,-0.015910331520506357,-0.013540052293659992,0.173057468242917,0.02681441428978511,0.019610458741158875,-7.124053278226468e-05,653.8671408166272,667.0811091578014,661.3346850585731,659.2837022232209,0.0,0.0,0.0
9.984,-1.4470529276394761,-9.415670849094537,1.9871968571457863,-0.6147678096057545,3.2868666889953047,116.76032909062465,-1.5407670150312207,-9.137803437899388,1.9999999999999991,116.41829335555296,1.5572813066702627,-0.03202542969340057,0.08818051166128957,-0.08775794570885606,-0.015484112041239863,-0.012754597412109372,0.17963243538254536,0.025944921863458717,0.02177309756509157,-0.00024039108077012362,654.0638959770141,667.6381876333043,660.8143592993218,659.6264715451102,0.0,0.0,0.0
10.036,-1.4823072197382645,-9.342625058338413,1.9871836533956944,-0.7851303223314022,3.24537638781321,116.72415707896782,-1.575765553010645,-9.064496339136142,1.9999999999999991,116.37933222765749,1.5568067836997268,-0.024596502981683414,0.08832516460989719,-0.03634072271084202,-0.01225553183814007,-0.012182673132962035,0.17930319141809914,0.020838897791896502,0.023046965612004217,-0.0005022135165506638,654.9707999277725,667.4481945185182,659.5345662728549,660.1636466247586,0.0,0.0,0.0
10.088000000000001,-1.5178866788978067,-9.269782593158594,1.9872395544625154,-0.819863608635913,3.217100633474862,116.68895655439711,-1.6105640808922526,-8.991314275728913,1.9999999999999991,116.33944357677889,1.5559929230501475,-0.016122547186332974,0.08888160346397964,0.0045374045450555876,-0.007182127624845072,-0.011947183907629182,0.17270374223669172,0.015668394468741548,0.02306217658769796,-0.0006807623448481905,655.8052248597478,666.8152170489608,658.3941315584689,660.5019074159709,0.0,0.0,0.0
10.14,-1.5537943620148016,-9.197158777375993,1.9873571614603196,-0.7539754715175214,3.204478254151978,116.65352817584836,-1.6452480356946426,-8.918259696070084,1.9999999999999991,116.29145508637463,1.554976053386644,-0.007720377113294219,0.08965720384429254,0.03360380986308832,-0.002083326800385191,-0.012161095847180522,0.16196301178374206,0.011198664168483023,0.022363556607277634,-0.0008580514208642392,656.5434164264601,666.0841432971816,657.3605749725632,660.5457868771762,0.0,0.0,0.0
10.192,-1.589994618029058,-9.124741629962896,1.9875204558805428,-0.6205588068212068,3.2055308720153355,116.61679459685926,-1.6801666287399695,-8.844785793878577,1.9999999999999991,116.24267110542617,1.5538988152360476,-0.0001744661136411814,0.09042268923183643,0.052220235441914654,0.002177298679411457,-0.012615400389306013,0.14984779580324759,0.007513419174474494,0.022367159335505246,-0.0009370730513924433,656.9012198347001,665.3974794012404,656.443756542676,660.6838585833274,0.0,0.0,0.0
10.244,-1.6264271470311154,-9.052499807817563,1.9877089162658566,-0.4477028599402993,3.2188313287406203,116.57845505975196,-1.7151123026644548,-8.771475194407618,1.9999999999999991,116.18520080170761,1.5528804206099678,0.006005077268749035,0.09106504527522008,0.062073880840322226,0.0061396508512466,-0.013241805692594338,0.13812671405863886,0.004498338427276646,0.02175738927560041,-0.0010993786100035778,657.3792098747113,664.8451969085859,655.6063199947073,660.5367200310691,0.0,0.0,0.0
10.296,-1.6630188364541219,-8.980389410291084,1.9879014735905582,-0.25873567851478485,3.2427028329172978,116.53779390634662,-1.7500410207145904,-8.698524592813772,1.9999999999999991,116.12831013172477,1.5520256705270132,0.010565967931392372,0.0915658819120315,0.06476605125187113,0.009229892147426071,-0.014043641990732578,0.12765622790410036,0.0020655083874544615,0.020380773324753857,-0.0011375970456696388,657.7447183623755,664.1291571992422,655.1686155904977,660.403017262937,0.0,0.0,0.0
10.348,-1.6996932567157577,-8.90835976264129,1.9880788605407747,-0.0724276057681431,3.2727393008606915,116.49442090576248,-1.7850798233692382,-8.625731418446554,1.9999999999999991,116.06311785089099,1.551417733102085,0.013446646684867428,0.09188009216134466,0.06169360815895991,0.01041054153715145,-0.015063887394547726,0.11949884397947796,0.0001498845788554283,0.019137707074250526,-0.0012113251901739483,658.1235646252514,663.6101529491948,654.7935942797311,660.2225016995471,0.0,0.0,0.0
10.4,-1.736377587462784,-8.836359146835152,1.9882253009225177,0.09623953838369313,3.3030508703472266,116.44817590241068,-1.820206413128698,-8.553144369585729,1.9999999999999991,116.00025731195663,1.551093533795053,0.014739091991564502,0.09195120520383196,0.05418328654026938,0.009788961082185643,-0.01603031782343428,0.11471771654152274,-0.0009959357513877262,0.018107114223188486,-0.0011969011044349158,658.3181794368725,663.1865043506205,654.7005210405563,660.1630075049051,0.0,0.0,0.0
10.452,-1.773007244552177,-8.76434016954483,1.9883285482433737,0.280683300408095,3.2695964772607633,116.40063414242509,-1.8432401989493505,-8.510903141297833,1.9999999999999991,116.00025731195663,1.5510899138846033,0.01463648090245592,0.09061938579971732,0.09000860182117358,-0.06414631517952128,-0.015522141344434031,0.12511741411412958,0.05281759908443546,-0.4806021178702004,-0.00034635471812697596,718.1639287184179,595.75135146822,730.9936797800418,577.7499055188214,0.0,0.0,0.0
10.504,-1.809475635858061,-8.692303437529599,1.9883770279548563,0.7304363728920449,2.052233999357669,116.3459341239502,-1.843508828411591,-8.52540578813953,1.9999999999999991,116.00025731195663,1.549632592487891,0.01229153378248896,0.06161941864583562,0.18158237527966753,-0.7249042943026384,-0.01350871992734154,0.40944826088080566,-0.013787097215121863,-0.4723575582754127,0.00010160941636386863,730.6394450565178,592.496259036034,727.338809515369,597.1658007873157,0.0,0.0,0.0
10.556000000000001,-1.8453445840717884,-8.620686056975098,1.9886485900107096,1.2485428190388743,-1.4147926097192536,116.24673395001057,-1.8376225670479645,-8.555675100146324,1.9999999999999991,116.00025731195663,1.5290861668741145,0.004995459103783364,-0.017763327724012318,0.15347926914722815,-1.3984520439942185,-0.01188610083105777,1.1822375459382912,-0.04517428324701074,-0.0606154124024304,0.0016162064604664018,694.3300780467041,665.0707616645823,686.3074913202802,682.064783440745,0.0,0.0,0.0
10.608,-1.879687479399311,-8.55081366312255,1.9900522481411087,1.5436332807153308,-5.9716818931354805,116.10189496825683,-1.8342304758746686,-8.58031462842009,1.9999999999999991,116.00025731195663,1.466765883806837,-0.006785238032369363,-0.10114848801220597,0.052780792100719454,-1.553247949462867,-0.00931141166984122,1.9580204511828931,-0.043201963390751844,0.19954799842859744,0.003733873076197126,673.9567910516616,716.2410386232981,672.030310203619,736.813833025627,0.0,0.0,0.0
10.66,-1.9113655496701534,-8.484642673342522,1.993780213352029,1.5350015634405467,-10.25703322272741,115.96321414638406,-1.836569118538177,-8.590980311876931,1.9999999999999991,116.00025731195663,1.3607294216620276,-0.01976323944032504,-0.1417173902747312,-0.048416195027417896,-1.3253286275980787,-0.004930825674125545,2.2378719061640675,-0.027828973885921843,0.30052981910780485,0.005061371013511808,665.9549290512974,738.9363170523841,671.9642580047391,758.2831435029236,0.0,0.0,0.0
10.712,-1.9394012332460973,-8.424168474908756,2.0005567141623555,1.2791270571898063,-13.521207883680587,115.87381497642892,-1.8449522996538243,-8.586356465062105,1.9999999999999991,116.00025731195663,1.22373942379997,-0.031121632912855395,-0.12951005017068276,-0.11631875126864524,-0.9309766487558753,-2.9245375048271572e-05,1.900422077030186,-0.011897577301398135,0.2925296349248712,0.005166222667305052,661.58017006418,737.021869753133,672.384984831115,752.7025038072649,0.0,0.0,0.0
10.764000000000001,-1.9632363790737049,-8.37087635747677,2.0102064165367675,0.8777630386468848,-15.572797635082987,115.8407404162433,-1.8586917772025409,-8.56767225423589,1.9999999999999991,116.00025731195663,1.069622824137468,-0.03953654795810949,-0.08299314367863278,-0.14731740729243448,-0.5313502100438983,0.004111969223542382,1.1328006307889225,-0.0001115563478967449,0.2291169721697347,0.004373268799187848,655.8479494328916,718.4975311498551,667.8939025991291,729.5672150175519,0.0,0.0,0.0
10.816,-1.9827777128702286,-8.325492303336697,2.0217420019413326,0.4263760292053394,-16.565393456936068,115.84670035104085,-1.8761132341275157,-8.538493809239442,1.9999999999999991,116.00025731195663,0.9080835227386318,-0.04456990232439979,-0.02881463228343476,-0.15035638758160802,-0.2126795838289718,0.006964293020745217,0.22871445194488393,0.007382444088126369,0.15022564319278614,0.0032419170223000828,648.3866088045963,692.5771971511515,659.5699961198379,699.0988561537071,0.0,0.0,0.0
10.868,-1.9982678769744244,-8.288076950392608,2.0337534425474546,-0.005364350375463531,-16.799569041090855,115.87038627909318,-1.8957234207229023,-8.502119284435391,1.9999999999999991,116.00025731195663,0.7454215024257369,-0.0461412826680428,0.012910052050010296,-0.13553880481810285,-0.0023930557313634783,0.00860169460591842,-0.5687577860185737,0.011864128195804846,0.07963967963905222,0.0021592674587717115,641.0896192637679,667.3827886544077,650.6538267913097,669.9498975604189,0.0,0.0,0.0
10.92,-2.0101024909091567,-8.258295623784987,2.04483118209168,-0.373753364049737,-16.58854126465715,115.89785409498175,-1.915937552114599,-8.46220640816152,1.9999999999999991,116.00025731195663,0.5858388717792239,-0.04442084710854616,0.03367773431009536,-0.11008789438286284,0.1085981839241831,0.009388313466963907,-1.130709209298416,0.01425114610734127,0.027651909341443688,0.0013037731181863867,635.8208559504536,648.0918161487776,643.7333679613375,647.6350127387819,0.0,0.0,0.0
10.972,-2.0186846622584285,-8.235681794742577,2.0538736691139943,-0.6545962271058077,-16.18425764710073,115.92366303186269,-1.9356696948087142,-8.421372636121465,1.9999999999999991,116.00025731195663,0.4318458026552542,-0.039861442454130216,0.03460542653769843,-0.07893204112552492,0.1458809547324892,0.00961356444764223,-1.4326890094936786,0.015029848284754814,-0.004488835489262211,0.0006840622404204904,633.4503869658184,636.5709980580888,639.8524344092021,634.0918248186175,0.0,0.0,0.0
11.024000000000001,-2.024349470209221,-8.21979541004924,2.060198613650537,-0.8373946186968584,-15.756730106159452,115.94742341879811,-1.9540003853500545,-8.381987387239601,1.9999999999999991,116.00025731195663,0.2843952069451353,-0.03317429700546337,0.021690265718898812,-0.045712307397596866,0.13745217177717306,0.009474270471805974,-1.511664627271876,0.01434071347645108,0.030031963000537697,0.00023738255613213206,626.473995817132,639.6507207363395,631.4501961084244,636.1045472505767,0.0,0.0,0.0
11.076,-2.0273385595723226,-8.210288539027665,2.0635324446267975,-0.9217237608265125,-15.291910413717394,115.9685782895842,-1.9703163386566394,-8.345769516742134,1.9999999999999991,116.00025731195663,0.14335871965177532,-0.025229778248491364,0.00251925756544202,-0.01369319338482033,0.19240107668181225,0.009090299825957323,-1.4333384584648718,0.0123986101386084,0.16867966300390852,-6.699606072096921e-05,607.2951330354314,660.9763624554396,610.9207185148443,657.2542592593799,0.0,0.0,0.0
11.128,-2.0278264847335907,-8.206862631770917,2.0639310681631295,-0.914487705394802,-14.345907638619465,115.97989948110553,-1.9842606734139687,-8.313876405733502,1.9999999999999991,116.00025731195663,0.010295907621565362,-0.016917820707569645,-0.017409551500339706,0.014310402268332694,0.42056347056840576,0.008601364287429018,-1.253434321480138,0.009524685370697292,0.21569455363122028,-0.00013026707090782767,603.5726634907298,670.0586474730044,606.1393026469593,667.0241700354898,0.0,0.0,0.0
11.18,-2.0260151757583236,-8.209083526210646,2.061692357150212,-0.8307815500737502,-12.556803581240574,115.97756178546295,-1.9956496907519172,-8.287052140817842,1.9999999999999991,116.00025731195663,-0.10885585861308293,-0.009025860775885925,-0.038598831269336144,0.03621846297630516,0.7241788865707394,0.00830450883975305,-0.9764225359446042,0.0061515014091672975,0.18504033935419517,1.997976742698377e-05,612.9351574273719,669.0100230790836,614.8783695603564,667.3339432434205,0.0,0.0,0.0
11.232000000000001,-2.0222179095028103,-8.216221166443258,2.0572922637046136,-0.6927124348613971,-9.902597437956628,115.96675452501978,-2.004432054886979,-8.265695360920759,1.9999999999999991,116.00025731195663,-0.20595834229266732,-0.002171504750059064,-0.06337629009572983,0.05103223390520082,0.9932861932126592,0.008314544950939385,-0.5945569292821139,0.0027264238863811165,0.1083180285032257,0.00023330383712785946,630.8098969496072,663.0776463991688,632.2967034373087,662.9477970048013,0.0,0.0,0.0
11.284,-2.0168822352161873,-8.227219918105593,2.0513566551795757,-0.5241088826958369,-6.620429873676214,115.9569298793005,-2.0106204475983183,-8.249989787072549,1.9999999999999991,116.00025731195663,-0.27379187841981106,0.003226482978567393,-0.09034039126962393,0.05856726104289328,1.1576812320298593,0.008518329595589184,-0.14161776181382502,-0.0003187555084184293,0.013850713677223347,0.00035604902164623666,652.5928011669814,656.4793613766143,653.4976294184644,657.5611247722244,0.0,0.0,0.0
11.336,-2.0105662482264766,-8.240766032386839,2.04462602061845,-0.3464437679635497,-3.083952470841803,115.95578799085817,-2.014392391060426,-8.239721276855823,1.9999999999999991,116.00025731195663,-0.30849029286627744,0.006968776762843279,-0.1139366012023858,0.05944264661593375,1.1883486510359162,0.008689168935595135,0.30404547829757544,-0.0027050904376334506,-0.07648182079612892,0.0003100661225220228,673.9370076280654,651.4738281252467,674.0234069494226,653.122307269508,0.0,0.0,0.0
11.388,-2.0038891418479254,-8.255406295466265,2.0378510610500866,-0.17654142497835634,0.308547539892234,115.96615621492435,-2.015898893562386,-8.23466609670683,1.9999999999999991,116.00025731195663,-0.31067186377038797,0.009069309525179352,-0.12753021151368021,0.054856801483216165,1.088726269915229,0.008630893105313365,0.6530901202223792,-0.0043234968122886665,-0.148260449578283,0.00010957178727299217,691.3225458493467,648.5043369191673,690.4360000211069,650.064617036715,0.0,0.0,0.0
11.44,-1.997464253540816,-8.269702159175846,2.0316676859357545,-0.026907553502361254,3.209176598891244,115.9861153063657,-2.015433828199124,-8.234237811237934,1.9999999999999991,116.00025731195663,-0.28498155521754887,0.00971041177303442,-0.12700960137266143,0.04628499039919915,0.8837593010966118,0.008255561836391678,0.8446416120995466,-0.005153591831659168,-0.1930862299360596,-0.00017431047155246158,702.3792708332854,647.1489893966622,700.5438866809245,648.1529438049129,0.0,0.0,0.0
11.492,-1.9918250171368628,-8.282397755447475,2.0264778984751484,0.08756750912429519,5.38183139752338,116.07134449689318,-2.0199119183498517,-8.221131566443182,1.9999999999999991,120.9479263653494,-0.23850682747844365,0.009354404660803981,-0.11382838627745062,0.017239682826379405,0.6304674064334057,0.07461183927495092,0.8800523743420071,-0.17808090373145133,0.17003112291097494,0.07944797973236137,560.6984590490556,557.9929930702818,733.3969497030251,817.7746204355449,0.0,0.0,0.0
11.544,-1.9873893129394793,-8.292554657986326,2.022345635419159,-0.2201017341728003,7.338772897533118,116.46111264493703,-2.047787829040877,-8.148904401188858,1.9999999999999991,123.23525709339413,-0.17667260211702196,0.010695243393444949,-0.09353031560837839,-0.2235406169547781,0.7160855502433251,0.1635308842487852,0.8117505153489118,-0.09725755471469213,0.06231571143890047,0.08,564.0617075228591,552.2934607888316,757.6676109843108,796.2770010144224,0.0,0.0,0.0
11.596,-1.984716395191509,-8.29942989731456,2.0192934315688915,-1.0901044133307118,9.67231134271699,117.05726964860834,-2.0841052064848267,-8.055440974898021,1.9999999999999991,125.06584483020443,-0.09767637488317925,0.017867554742354026,-0.0676757045738976,-0.342855475617625,0.8006110002279948,0.23479175555188422,0.6543054224572208,0.08061098278719626,-0.07293335800789508,0.08,555.3010874487464,557.8942148819513,794.4365696995803,757.2313938288349,0.0,0.0,0.0
11.648,-1.9846366248121359,-8.302311526943242,2.0171149190641837,-1.6829507443220644,11.951120888231479,117.83382937119694,-2.119386233127885,-7.964810464950512,1.9999999999999991,126.75998204981006,-0.0006149324836261466,0.030740220960552882,-0.03666000581133953,-0.1916959077810416,0.7092648282882512,0.302019830105562,0.41817966132011664,-0.04250775276331538,-0.13811670923813907,0.08,583.3434740568821,521.8983243263875,785.3465532014231,762.1166940761598,0.0,0.0,0.0
11.700000000000001,-1.9878881779471873,-8.300533072376199,2.0154549349488105,-2.010182713252264,13.766173764893987,118.81431068626902,-2.149812140784953,-7.886895186810527,1.9999999999999991,128.05519241583082,0.11178628497844448,0.04490617434082694,-0.002053986186224015,-0.18554490926070136,0.5160587131040014,0.3655216064299,0.13018904265691414,-0.005134565182083647,-0.143698759638924,0.06816362928718157,592.1493208416298,542.8462039618884,773.240601241092,738.7849687212884,0.0,0.0,0.0
11.752,-1.9949965740104274,-8.293626532717122,2.013874022896549,-2.2213156153383316,14.967867421937576,119.97341328230128,-2.1746313302209344,-7.823958088387677,1.9999999999999991,129.15787646814584,0.2350533884503759,0.058364686007399615,0.031670926700295074,-0.14906274608963024,0.30498311322187366,0.4082759025392921,-0.1515894884971205,0.020911625745814094,-0.11540374210467917,0.052072662309208026,603.1349700331346,572.926131247615,749.6666027576343,714.6661729245164,0.0,0.0,0.0
11.804,-2.0063002814845934,-8.28140029030936,2.0119155209716015,-2.191757347456634,15.59872202635456,121.24423157569638,-2.1945597456750856,-7.774644063593745,1.9999999999999991,129.88914489863868,0.3644254746039907,0.0694479527741029,0.06008108146727074,-0.07029536481340501,0.12820729912592102,0.426790048242506,-0.36887444440317557,0.025829254434301827,-0.07517265688834257,0.03458070568556214,618.0419907405742,602.8462624754615,719.7961221787857,692.9151782920046,0.0,0.0,0.0
11.856,-2.021926891592605,-8.263859600029033,2.0092058364342242,-1.9049878715013693,15.796613172781516,122.56376566552863,-2.211013113396626,-7.736000839960255,1.9999999999999991,130.36290500517407,0.4956821134207769,0.07625829819472715,0.08124307576254362,0.0034185006224532223,0.006412619447989346,0.42808463636027067,-0.4906242311431159,0.022644268927920628,-0.03703134511592403,0.016875519699611576,635.9326933087542,631.6653328339829,688.9247516407138,672.4435219342912,0.0,0.0,0.0
11.908,-2.041824736598182,-8.241108324697839,2.005511491910578,-1.4452596346538553,15.719821535946473,123.86225924395819,-2.2254201380780247,-7.704896991770371,1.9999999999999991,130.50052468220406,0.6255557910259067,0.07748379705501277,0.09593147202999544,0.05184656516886549,-0.06160284036092458,0.4104042873981343,-0.5169177182253643,0.017105128945832125,-0.007485667432146348,-0.0006398296844954965,656.3911516937146,659.1404244333385,659.500956735631,652.4536671085306,0.0,0.0,0.0
11.96,-2.065832776439986,-8.213279678927519,2.0007567754635938,-0.9221531023647196,15.506372335324707,125.07518488193341,-2.2392591302880485,-7.678231197405568,1.9999999999999991,130.3179893283106,0.7519101861992421,0.07288749130128376,0.10683115101365748,0.07088839826879519,-0.08737976877890348,0.37578844582872356,-0.4716821351800139,0.01660725793202224,0.011827489463111334,-0.01701687427954731,676.8237352121446,684.6760938093505,634.1329487429235,632.7143782510013,0.0,0.0,0.0
12.012,-2.0937468596094764,-8.180500570363607,1.9949999786470087,-0.41998063552336057,15.255761319672338,126.15000316291068,-2.2535398491188317,-7.653688049682736,1.9999999999999991,129.83415499436745,0.873702396540342,0.06333139192300055,0.11694451768185057,0.0705509746380455,-0.08605183052081682,0.32678037161228124,-0.3862694904328525,0.01716329362308013,0.022349666557510216,-0.031702457190917126,696.3305873675635,706.9175996805178,612.7254078571337,614.3145888572703,0.0,0.0,0.0
12.064,-2.1253641173724693,-8.142879407201578,1.9883855308625187,0.0042037252307015925,15.027597261486415,127.03670671806236,-2.269315923506759,-7.629079634639478,1.9999999999999991,128.95199433174764,0.9907372414195834,0.05059050835393817,0.1285959373847184,0.059724894126163185,-0.07076853073204234,0.2625512220856535,-0.2881323282281747,0.023630988644730847,0.02651511966553953,-0.0454113002319302,714.4422288712935,727.5175519397633,594.3897459835504,595.3012302140897,0.0,0.0,0.0
12.116,-2.1605065785183477,-8.100505868822527,1.9810968971331855,0.33943037658408254,14.84966996386022,127.70292863231299,-2.2870371240129406,-7.6031747662178395,1.9999999999999991,126.11045345763803,1.1033682977787707,0.03681326183782848,0.14309682088127035,0.05145044426926931,-0.05102784975046154,0.1881070963458252,-0.19602036093495823,0.044201506269465674,0.026754208375584003,-0.08,756.420946048922,773.8545071329798,544.3618928979982,538.3028711019424,0.0,0.0,0.0
12.168000000000001,-2.199024815202465,-8.053452096694917,1.973319912490088,0.6019769530431384,14.727818561861858,128.11627586792358,-2.3073283920885364,-7.574633279549811,1.9999999999999991,124.13778831644302,1.2122074795739477,0.024293626001032433,0.1608896877732115,0.05542278931059251,-0.032633091483040895,0.10143130202403017,-0.12022168756584395,0.06233389346214509,0.025042348999197616,-0.08,755.7432262034738,777.1742505590997,549.6567275869505,536.7508985995746,0.0,0.0,0.0
12.22,-2.240787381617878,-8.001770029868478,1.9652261722456255,0.8511860094807326,14.650321486769048,128.28436860952965,-2.3302472105491976,-7.54298062468391,1.9999999999999991,121.44008440188965,1.317883463158885,0.014513832034081634,0.1817899047529305,0.08202074425747803,-0.025101478684534467,0.02344417187626407,-0.06440728363958126,0.08381957405602153,-0.05314187265320441,-0.08,763.781290691206,771.2951171445806,567.8158216775352,520.4993910065363,0.0,0.0,0.0
12.272,-2.2856493577104042,-7.945490744845702,1.9569540958588816,1.180523005237231,14.432541406813076,128.2177510076167,-2.3562516304516063,-7.507258172191712,1.9999999999999991,118.26794287547396,1.4210551210810922,0.008132140884633998,0.20138642657814612,0.14286915002876716,-0.12709398628077406,-0.04941623386962575,0.010384680935864976,0.09718614765171757,-0.13960134205845054,-0.08,773.9317614058186,763.5594111886512,585.7037857327748,504.00478841999217,0.0,0.0,0.0
12.324,-2.333369538765406,-7.884662743024222,1.9486497752818353,1.6964756477525629,13.68758987773,127.91838626457995,-2.3852393900574134,-7.467336798672794,1.9999999999999991,113.8005895702441,1.5207075443896527,0.004871640976502398,0.20922579892174284,0.23195326169507258,-0.34771825884163043,-0.11887184550746129,0.2023031065171681,0.11609567941469368,-0.15304359083245428,-0.08,776.1289086335579,767.1272984356445,594.612731761549,502.3668775839714,0.0,0.0,0.0
12.376000000000001,-2.3834844578235135,-7.819436774477353,1.940595040367868,2.4578539014876526,12.224862677185454,127.37777424271796,-2.4170367873813174,-7.423212361127316,1.9999999999999991,113.09735498391844,1.6121580492564611,0.0033633554635289662,0.19937184074560993,0.33825425608371196,-0.5965112791930147,-0.18548635169061523,0.5606918286432645,0.0425180047046303,-0.12369551861602077,-0.08,786.771516417151,767.1297442624932,585.2637642136798,529.1882420467488,0.0,0.0,0.0
12.428,-2.4352354210479237,-7.750117396875301,1.9333080183116276,3.351414149306071,10.095523505475908,126.58361987771161,-2.4514521426129394,-7.374907453674391,1.9999999999999991,112.72628903202937,1.6885040074908417,0.001126238088360184,0.17398205456872845,0.3417049195113738,-0.8076471691031571,-0.2512228637259177,1.0476697070974683,0.19799505095982634,-0.09220275164292047,-0.08,771.6008497002593,796.9592144221682,614.2872862178484,517.9183298032474,0.0,0.0,0.0
12.48,-2.4876002342327395,-7.677205966818685,1.9275179488312373,4.617728586789051,7.458317976403471,125.53022335318464,-2.4887427762211844,-7.321724713690923,1.9999999999999991,112.37074543476345,1.7431595468246954,-0.0027546141461378348,0.1395975205586523,0.6505723042942322,-0.9631470762857743,-0.3117354298219929,1.5754238068004254,0.1573296544845023,-0.001011258689475103,-0.08,773.8742521428604,810.9589603947909,604.6262105289159,553.2082291147045,0.0,0.0,0.0
12.532,-2.539200297145964,-7.6013070610144355,1.924047082799976,6.963707558226819,4.598579907742307,124.19770115332085,-2.5283458954032927,-7.2641339179596915,1.9999999999999991,111.9824963367067,1.7715022515434218,-0.014521848405173596,0.10734438594667668,0.88804038267621,-1.0070464085708253,-0.37101772594376226,2.0080101111406528,-0.0790579169013716,0.08940411855651659,-0.08,799.1055715731295,801.5358455125038,562.4797556479879,616.2161603620557,0.0,0.0,0.0
12.584,-2.5881749552472324,-7.52293793623322,1.9236065603698884,9.18108460861889,1.9192390192386473,122.57952361971729,-2.569702765022998,-7.202500044457789,1.9999999999999991,111.63872345902227,1.7732839074441826,-0.04246043632769167,0.09143231895027301,0.6488934093540584,-0.9243955956164729,-0.43580291470718385,2.182677015993543,-0.15375568679627666,0.15700608356811138,-0.06558075990951755,787.4790204690323,788.2545921088663,567.9483509812037,662.8774454541522,0.0,0.0,0.0
12.636000000000001,-2.6327406088733056,-7.442699432931529,1.9265857551880405,10.339500956465354,-0.2632229598108062,120.84462388589046,-2.612178850649775,-7.137128875634914,1.9999999999999991,111.30691213885248,1.7526949795170217,-0.08433657063708534,0.09775715370041957,0.211583954845085,-0.7398424656768338,-0.4525282032042569,2.028756747561417,-0.4038724825771856,0.20247026301248797,-0.030320573069102998,768.7894632646321,717.8533311438631,573.0121192430024,745.8669605100371,0.0,0.0,0.0
12.688,-2.6717997694910935,-7.361397157503174,1.9328971589372048,9.669548580194217,-1.7589309274325216,119.21164211544975,-2.655349589995251,-7.067685229241215,1.9999999999999991,111.05720556859481,1.7160380037194034,-0.13356217811898188,0.12025429140765517,-0.5594346262249565,-0.4843256003537122,-0.446188131325899,1.6085383638149016,-0.17797430509844853,0.1984846756061807,-0.0038856213826606372,698.3771061373061,703.8765057601452,637.6600200530623,740.3732310433893,0.0,0.0,0.0
12.74,-2.7053860681450983,-7.280041292829294,1.9420205649390279,7.128386491797243,-2.5117987248868654,117.79533460054411,-2.698025555004558,-6.995207618819994,1.9999999999999991,110.8581661674476,1.6695754562443468,-0.17593673489718695,0.14556744525327409,-1.0060222671199406,-0.21055491383250008,-0.42021551846019756,1.0699466728496767,0.035583416206705354,0.17079271436317303,0.011943453359418127,636.427422244594,694.7185071153492,679.7655296955218,716.1826501677799,0.0,0.0,0.0
12.792,-2.7345969508845096,-7.199676165990674,1.9531204731281426,4.16386030799244,-2.578971923003356,116.59082112421741,-2.7394317607066645,-6.919942882717373,1.9999999999999991,110.73422199208727,1.6189862791391978,-0.19904394875573517,0.1668731550870341,-0.9734901091800161,0.03183030705002766,-0.38375012314139473,0.5067986849452735,0.09968553237287975,0.1348599697695925,0.021102822572559937,603.4237888719726,672.536554679008,691.9157922782053,701.4074836566037,0.0,0.0,0.0
12.844,-2.760874998428278,-7.121021224944941,1.965205978440751,1.7243902426511344,-2.0820353405587193,115.54098066651207,-2.7786918011884603,-6.84302517858738,1.9999999999999991,110.64606333316078,1.5693292199858881,-0.200826086649006,0.1834474463180203,-0.7003135289845098,0.22016600951301482,-0.3424337794501826,-0.042053452761644294,0.2795498361950606,0.099609843282277,0.026022440061239785,557.438714806953,673.2722762547484,714.8258939737227,665.8240456194513,0.0,0.0,0.0
12.896,-2.785466569626942,-7.044334216793173,1.977263070898902,0.6291161914663582,-1.2092149125667522,114.61454976587532,-2.8081698463068245,-6.791081280005555,1.9999999999999991,110.64606333316078,1.5249264072374697,-0.18594488260211425,0.19512263858368067,-0.19218347386539525,0.2921307315939714,-0.29881198559606853,-0.5424354420278161,0.01681350642264049,-0.42401242749854084,0.029399867247313954,661.3614515535769,533.1970095632042,742.4283058058977,620.8515777903729,0.0,0.0,0.0
12.948,-2.8090846295589387,-6.969455294542403,1.9883363757139108,0.3498161223327576,-1.195734327999018,113.79895272757607,-2.817896032619615,-6.8001381035058115,1.9999999999999991,110.64606333316078,1.4897591243227508,-0.16638881389425492,0.17383704106649672,-0.0768677439415355,-0.2911883548526228,-0.25776039635824866,-0.687604515467187,-0.03712808325601459,-0.49621419647979004,0.031409062926644436,673.1824000912562,502.639883343915,744.3382287657366,617.6008193796187,0.0,0.0,0.0
13.0,-2.8318972766169814,-6.8964232744062555,1.9978965556636605,0.06996293988538116,-3.390566943197809,113.08714265746299,-2.8201198595928805,-6.827745635189825,1.9999999999999991,110.64606333316078,1.4524417000875587,-0.1480557694105841,0.09351175303220202,-0.12691400132826008,-0.9899551102979766,-0.22180618616725237,-0.20395718965054632,-0.02574556432849385,-0.1307782141071081,0.03311597280385372,627.7000409873152,578.9274943683947,710.9092104564427,682.5697053905562,0.0,0.0,0.0
13.052,-2.8536677862963087,-6.826135176759108,2.0062781988160365,-0.3478803870588143,-6.88780063320037,112.49414707898217,-2.821443802631184,-6.851668975611361,1.9999999999999991,110.64606333316078,1.387968313257304,-0.12992533421084454,-0.003327150955950172,-0.17279381101959457,-1.2366017359193298,-0.18710695874707164,0.47950310811019303,-0.0024964733263508065,0.11806857870716908,0.03281459333837138,604.8868734121778,639.7978507031386,696.3563632057582,728.1775939621381,0.0,0.0,0.0
13.104000000000001,-2.873971261507794,-6.7601464438504175,2.0144181004768584,-0.7985749395117696,-10.432991362993077,112.02529068785005,-2.8248002663107323,-6.862753256378807,1.9999999999999991,110.64606333316078,1.2872512832991376,-0.1107672650362724,-0.0701398221503197,-0.16977852249546277,-1.1195955739764756,-0.1544907577115749,0.8749219521035427,0.012339494153978219,0.2291325445646908,0.030691019349155087,601.7776339547497,672.9975705202447,692.0803028718848,748.6559102370452,0.0,0.0,0.0
13.156,-2.8923871387237976,-6.700134486450625,2.023129131611638,-1.1631808107136568,-13.274738730470526,111.65855086962155,-2.831219248929324,-6.858503117210811,1.9999999999999991,110.64606333316078,1.1572941292091998,-0.09100741326272029,-0.09183985198967375,-0.12932559259910445,-0.825232374777731,-0.12525514165804044,0.8077877132257061,0.016523557269730843,0.24100003862805794,0.02767970720461285,606.2254181412311,681.4204144728277,689.1389900133889,747.8715893551026,0.0,0.0,0.0
13.208,-2.908618006267631,-6.6474038901764985,2.032611938685836,-1.3803508158813689,-15.156183869360925,111.3643509812084,-2.8404721156662,-6.840652819744715,1.9999999999999991,110.64606333316078,1.009528832445944,-0.07177546917943207,-0.07915269579696184,-0.07499042823430004,-0.49921679149385645,-0.09969008870539385,0.37712987377157015,0.01402205791490552,0.19841431047689984,0.02449624674096699,610.4826801637215,672.7269804421841,683.749854926497,732.6951873269333,0.0,0.0,0.0
13.26,-2.922527046669646,-6.602637542131153,2.042417798073455,-1.4457770810835342,-16.145017930571033,111.1227224842605,-2.8519854794356716,-6.812036712356739,1.9999999999999991,110.64606333316078,0.8533678271346077,-0.05397453593927495,-0.05245798787398548,-0.024050459921873827,-0.22549988769150184,-0.07763824143005957,-0.20220014293740285,0.009219331043838423,0.13665068371462286,0.021502366992082318,612.5862306733753,655.8250929030124,676.2661931419357,710.8079915540959,0.0,0.0,0.0
13.312000000000001,-2.9341079234307124,-6.56593923895388,2.051705015587959,-1.3877784398862,-16.46363084812404,110.92564217744253,-2.8648433767865367,-6.776508512492213,1.9999999999999991,110.64606333316078,0.6952572748561653,-0.038133085128761166,-0.028781103258665546,0.016111162779971773,-0.035593354495860936,-0.05875000738990199,-0.7356978777910497,0.004473717383608624,0.07762204059066402,0.018733644078444567,613.7967920715236,638.4458635883642,668.5166298146556,688.7793686830294,0.0,0.0,0.0
13.364,-2.943423738571534,-6.537045930979428,2.059578129440727,-1.2430541101532744,-16.363452986887527,110.77088229059041,-2.87832354348707,-6.737173578959133,1.9999999999999991,110.64606333316078,0.5393847930342245,-0.0245507831642229,-0.016638042712962053,0.04434261395126413,0.07227988043551378,-0.042873583818352295,-1.1107945995254447,0.0005402110128333443,0.031713851601485314,0.016205005325227433,615.6774720944244,625.4484251828519,662.1960979365139,670.9876560736554,0.0,0.0,0.0
13.416,-2.9505531817973663,-6.5155421755580605,2.065320045400609,-1.045643727789181,-16.06107900813295,110.65648780384218,-2.891708598308397,-6.696967208275225,1.9999999999999991,110.64606333316078,0.3881889536629273,-0.013389924652027782,-0.017037881366401268,0.06178070104234773,0.11531474605570069,-0.029750511984298643,-1.2944513556199526,-0.0025210312744187065,0.001846845631325686,0.013817897740110604,619.1589957088689,618.9542628896983,657.9704300767472,659.217213684868,0.0,0.0,0.0
13.468,-2.955555887576452,-6.501009775829702,2.0685110489783036,-0.8233098186234921,-15.702637299526709,110.57839862267633,-2.904380448435912,-6.658346659590031,1.9999999999999991,110.64606333316078,0.24266246001581354,-0.004688727226629963,-0.026249903676566256,0.07017040693395936,0.12594257791549876,-0.01915505545836,-1.3097713575168197,-0.00483195349741183,0.09477271987617657,0.011593719812499508,607.5943323072964,634.8126354456593,640.1079138557741,668.7210305509259,0.0,0.0,0.0
13.52,-2.958462195968841,-6.4930899766163135,2.0690340007703267,-0.5974006869639333,-15.138534767367462,110.52810644569776,-2.915921606437517,-6.622974712734522,1.9999999999999991,110.64606333316078,0.10339525719418889,0.001647241569637982,-0.03879356014265527,0.07127204426521414,0.256890480199562,-0.010720866692043812,-1.2067700339725893,-0.006457369208276772,0.1965213457322275,0.00957703832683112,596.6834389394606,653.828702463297,623.3897156086288,681.8587148086336,0.0,0.0,0.0
13.572000000000001,-2.959310196302488,-6.491404715575942,2.0670274482296787,-0.38343422374534086,-13.913319112871346,110.49718849299055,-2.926007912390923,-6.592074182805684,1.9999999999999991,110.64606333316078,-0.025994185901304517,0.005834183344343996,-0.05212491398175043,0.06718837607677937,0.5276333394422857,-0.004056155847992726,-1.014783135613237,-0.007615817031023979,0.21014069114273548,0.0077970139326772395,600.3767671899845,660.7557760073271,621.3637846031452,684.0802021521055,0.0,0.0,0.0
13.624,-2.9582222725455227,-6.495364704547207,2.0628240827005913,-0.1935492285117357,-11.802807825143386,110.48392993750414,-2.9344360464984582,-6.566367732512631,1.9999999999999991,110.64606333316078,-0.13838342853495572,0.008157304395730624,-0.06847506010985022,0.05923970081576872,0.8274159505864451,0.0010751428212016953,-0.7224180724352595,-0.008229444901187774,0.15934160025262462,0.006203635167107707,615.0621291100691,659.6340208654954,630.7823467452208,678.8889838798153,0.0,0.0,0.0
13.676,-2.955450202516458,-6.504059881126698,2.0569167274844182,-0.036363054404427116,-8.897531770133357,110.48867840069525,-2.941076279873138,-6.546266727658909,1.9999999999999991,110.64606333316078,-0.2258756553967681,0.008935220137270699,-0.0891774742874677,0.04852300540316688,1.0619012288462983,0.004839789805302348,-0.33227417364888,-0.00818048872126656,0.07455348873342682,0.004728707619253551,636.0970950692563,655.4194394608598,647.1714362019096,670.7737668986962,0.0,0.0,0.0
13.728,-2.951373209878868,-6.516274594013047,2.049939821651192,0.08421166845350427,-5.495572022366417,110.5096302821376,-2.945873009204289,-6.531889792094455,1.9999999999999991,110.64606333316078,-0.2824893701907653,0.008510070200922744,-0.11119596911260794,0.036352097762626004,1.1781849707637195,0.007331384705415491,0.10548854964444432,-0.007539795268185854,-0.018877948993327287,0.003375470350653351,658.9520291777299,651.3717456185859,666.1252829706517,662.9177462262776,0.0,0.0,0.0
13.780000000000001,-2.9464663380863576,-6.530579226578398,2.0426106527926766,0.1684288596465103,-1.9843059769264073,110.54219547265548,-2.9488351825966075,-6.523115606015672,1.9999999999999991,110.64606333316078,-0.30604850146844736,0.007231946653083347,-0.1282637584243847,0.02401578300628161,1.1611485269441943,0.008730341226494692,0.5062348940606906,-0.006491092165505289,-0.10262743306939859,0.00217619304028074,679.6644896028455,648.7812385176233,683.7096927588159,656.7444732134093,0.0,0.0,0.0
13.832,-2.941251474933674,-6.545465406619516,2.035615530480718,0.21915282035350941,1.2553965831530782,110.58038163401419,-2.9500889933064434,-6.519466424160563,1.9999999999999991,110.64606333316078,-0.29870674513798423,0.005430150010518015,-0.1343424672348645,0.012569665270062053,1.022791101117606,0.009239692887900813,0.7885337527528554,-0.00523380558278044,-0.16453712100182488,0.0011806798156113675,695.172299831521,647.6368772028512,696.8593837271374,652.4704161850336,0.0,0.0,0.0
13.884,-2.936237001592559,-6.559508701166456,2.029490001661651,0.24036073794756038,3.9119353800330727,110.61855731140443,-2.949833957687254,-6.520256540630979,1.9999999999999991,110.64606333316078,-0.2660525066248303,0.00338664771160468,-0.12677094888064,0.0026916072209003604,0.7930799591136412,0.00908816096272091,0.9089835241893002,-0.0039029119320577437,-0.19866357840402502,0.00042671200828709507,703.7680097757776,647.4008276489577,703.8337478481196,649.7347325138993,0.0,0.0,0.0
13.936,-2.9318559644738973,-6.571531351324523,2.024534595701212,0.23687121577301024,5.7811324038725695,110.65269486154331,-2.9483387222453548,-6.524618404483363,1.9999999999999991,110.64606333316078,-0.21545618548952553,0.0013233791783561512,-0.10739428719756092,-0.0051371230738403275,0.5109607530182428,0.008529165665236982,0.8760332588869579,-0.0026372938141734034,-0.20479637383558658,-9.555696542338198e-05,705.3078193645362,647.663155990839,704.3565912174545,648.1587822804566,0.0,0.0,0.0
13.988,-2.9284170312879043,-6.580726042423855,2.020798844232673,0.21412167664848222,6.779328438123522,110.6809201128751,-2.9459079092280436,-6.531605966705193,1.9999999999999991,110.64606333316078,-0.15459302026793306,-0.0005951850125435228,-0.08152242410075874,-0.010786855757406384,0.2168109769941656,0.007755196719693644,0.7402644401923468,-0.0015076665070029721,-0.18747488614389946,-0.0004135103998770366,701.0363626282817,648.380854886099,699.5523030083709,647.6518279122752,0.0,0.0,0.0
14.040000000000001,-2.9260806511159276,-6.586708656446012,2.0181345936914528,0.1777982735433333,6.933184462065978,110.70326098392471,-2.9429018120457924,-6.54014218325049,1.9999999999999991,110.64606333316078,-0.09060848053654229,-0.002250819086918396,-0.05539000000640869,-0.014385588694099463,-0.05529242860499513,0.006908445258378719,0.5677036182442924,-0.0005234295156852382,-0.15313904728382,-0.0005809492147378628,692.9505684135894,649.9276833969751,691.2740928622403,648.4435026759703,0.0,0.0,0.0
14.092,-2.9248628828849115,-6.589496230179358,2.0162885152220738,0.13363530595606085,6.356121966763898,110.72094409127398,-2.9396510243294047,-6.549257081578361,1.9999999999999991,110.64606333316078,-0.029792561102771585,-0.003562177657464202,-0.03398642839165557,-0.016042855389739243,-0.27968881076804303,0.00607240093434133,0.41551482971327136,0.00026602323483859627,-0.10904979131731729,-0.0006514877989674426,683.2755512254164,652.6596501734676,681.6038497472052,650.7556435126816,0.0,0.0,0.0
14.144,-2.92465955445456,-6.589432052048751,2.014995759201063,0.08685734342049957,5.219252606932685,110.73553880953948,-2.9364913322914448,-6.557998589399085,1.9999999999999991,110.64606333316078,0.022635020587111695,-0.0044831941480104175,-0.01961230576319314,-0.016116540211746938,-0.4416376525638732,0.005279822883656551,0.3147954507465324,0.0008887621830867111,-0.06120876156382907,-0.0006709536543258784,673.7486623336716,656.7023364954927,672.1745053745553,654.5769208353935,0.0,0.0,0.0
14.196,-2.925279994377451,-6.587087962884548,2.0140506060268053,0.041681175367344614,3.7208632075071937,110.74831879989135,-2.9336790078710973,-6.565653917935369,1.9999999999999991,110.64606333316078,0.06279338578312257,-0.005002014093655025,-0.011968671364870087,-0.014933333793813414,-0.5351610566874949,0.004534246296046508,0.2691849276417899,0.0013591011285026206,-0.014682069371638407,-0.0006665522417994398,665.4739750824781,661.699630056388,664.025486902054,659.4684511101251,0.0,0.0,0.0
14.248000000000001,-2.9264813170596717,-6.583168152394391,2.013329392555876,0.001398035664504751,2.0644432731224676,110.75998067789341,-2.931395120658936,-6.571731038394184,1.9999999999999991,110.64606333316078,0.08841877126444239,-0.005139778395741724,-0.009048781865562943,-0.012788931281678217,-0.561457676325827,0.0038310182576476552,0.2628975375851468,0.0016743775695970162,0.026347808729153016,-0.0006519321879329106,658.9621982276125,666.9085751244406,657.6301397024259,664.6459163640627,0.0,0.0,0.0
14.3,-2.928000089270752,-6.578421900768761,2.012781176853623,-0.03161359411653267,0.43784766792136304,110.77065349419381,-2.929741718696557,-6.575964751533743,1.9999999999999991,110.64606333316078,0.09899331301860446,-0.0049467764805290314,-0.00828396936625896,-0.009984117974895027,-0.5280069825038958,0.003168637449800295,0.27228991374430994,0.0018316969885594637,0.058856615634476694,-0.0006299570368046583,654.257677781191,671.4692023714736,653.0228299877637,669.2377925712021,0.0,0.0,0.0
14.352,-2.929580240236365,-6.573567593357984,2.0123972463327853,-0.05583375215270709,-0.9998781151278154,110.78009319770099,-2.928728823901488,-6.578358031980816,1.9999999999999991,110.64606333316078,0.09562254118456559,-0.004494972129228551,-0.007577897127501125,-0.006819959105066123,-0.4463278616070073,0.0025514746641223532,0.27701094975854534,0.0018245633159758323,0.08058952853130845,-0.0005975977123111476,651.2310455057676,674.6022395214686,650.0793785124631,672.4711854849025,0.0,0.0,0.0
14.404,-2.9309968524475463,-6.5692286325492075,2.0121781865262753,-0.07064471785231496,-2.1325371854480384,110.78794495225537,-2.9283144858440684,-6.579051350124944,1.9999999999999991,110.64606333316078,0.08069367922325417,-0.003868342336805386,-0.005855532028831732,-0.003610898379178404,-0.33203123496255305,0.001990469764559382,0.2664579160835078,0.0016727065433649322,0.09113222324632209,-0.000552724730950489,649.6113028502318,675.9348573199591,648.5392188254499,673.9720959151388,0.0,0.0,0.0
14.456,-2.9320742485126168,-6.565885457634325,2.0121108004025716,-0.07629712035582946,-2.8914906506257227,110.7939687106193,-2.928386426225055,-6.5783828666990365,1.9999999999999991,110.64606333316078,0.057400790429125326,-0.0031527697653007795,-0.0031036237547455653,-0.0006356298688728168,-0.2012340921266056,0.0014979246842794865,0.24091572897249056,0.001402664495718633,0.09098155887708922,-0.0004949937944372035,649.2113684516676,675.4334230457719,648.2231054264929,673.7012291198716,0.0,0.0,0.0
14.508000000000001,-2.93269690406598,-6.563847586537287,2.012160843229528,-0.07381041916059686,-3.255457702395637,110.79816010811611,-2.9288069629894604,-6.576754251932333,1.9999999999999991,110.64606333316078,0.02928176067748877,-0.0024276253976184222,1.9329051591758647e-07,0.0018844144047910493,-0.06943072593066549,0.0010811178353214961,0.20814254669695337,0.0010522577937657352,0.08172436272087039,-0.0004280128856224857,649.883452417591,673.4026383379585,648.983370485738,671.9455070436087,0.0,0.0,0.0
14.56,-2.932812541988415,-6.563247249065846,2.012279491733604,-0.06480101683167686,-3.2458883784459096,110.80075992772089,-2.9294306865255453,-6.574579939056347,1.9999999999999991,110.64606333316078,-0.0001793425478025873,-0.0017596805989584182,0.0025838104151557416,0.0037923063206999827,0.050023298671286784,0.0007439409120104922,0.1782797976604525,0.0006692703097762041,0.06570027055114709,-0.0003582601459873355,651.4801883190597,670.3583090090128,650.6676206258353,669.1927304932111,0.0,0.0,0.0
14.612,-2.932427996979315,-6.564052760160331,2.012416857785913,-0.05122074709359819,-2.9181146138113894,110.8021591248258,-2.9301092739710186,-6.572278474256688,1.9999999999999991,110.64606333316078,-0.02786891582115168,-0.0011992086217455333,0.004025994440062276,0.005022186760266186,0.1471078040086535,0.00047718251486528266,0.15903782533966085,0.0002926550071773598,0.04548714188886897,-0.00029081781779500887,653.8164448896765,666.849588909925,653.0871405706299,665.9693514852607,0.0,0.0,0.0
14.664000000000001,-2.931599579451936,-6.566096684250995,2.0125349840985622,-0.03517512809174261,-2.351102732644167,110.80277877245807,-2.930705939455782,-6.570234264843834,1.9999999999999991,110.64606333316078,-0.051282509468121885,-0.0007780709381564798,0.004163441059900042,0.005560856072347122,0.21549221255579676,0.00027226893480531285,0.1532416009668983,-3.6642294781682495e-05,0.023657039572661895,-0.00023506529481393283,656.636715296409,663.3646406095775,655.9715342596414,662.7270011573379,0.0,0.0,0.0
14.716000000000001,-2.930420031397891,-6.569112979470313,2.0126153334388017,-0.018607636949573177,-1.635807313361369,110.80296895422089,-2.931115116672219,-6.568738845437935,1.9999999999999991,110.64606333316078,-0.06868572951207222,-0.0005094273318998932,0.0032706819927258617,0.005489488717654568,0.25249736697656144,0.00011691342291467886,0.15878712605570455,-0.0002989357265323622,0.0026036818104420295,-0.00018755469964983843,659.5947362419993,660.251286775773,658.9895021819596,659.8170194591615,0.0,0.0,0.0
14.768,-2.9290040181137704,-6.572777684953476,2.012658440491679,-0.003156011314934476,-0.8650932455196315,110.80295126350892,-2.9312688315132807,-6.567978246885666,1.9999999999999991,110.64606333316078,-0.07918862843678694,-0.00038972761803465164,0.0018796164757027632,0.0049231136724068965,0.25896296947556163,-2.51034714914886e-06,0.17042687525951983,-0.00048149477104664305,-0.015680034364054005,-0.00014922127463918916,662.3287057451516,657.7255144767369,661.7799948044711,657.4483761257432,0.0,0.0,0.0
14.82,-2.927473649566848,-6.576749073206636,2.012677856658642,0.0099499928390677,-0.12349216216218607,110.80281862432474,-2.9311379715348767,-6.568028628564345,1.9999999999999991,110.64606333316078,-0.08272469056831505,-0.00040192404807001483,0.0005404897980384701,0.004005778502455282,0.23886527963860935,-9.404959650676498e-05,0.18231460935125338,-0.0005822598418839443,-0.029842246718834245,-0.00011958700379863458,664.5340555846975,655.8707268174289,664.0402158660138,655.7043139169018,0.0,0.0,0.0
14.872,-2.925945375956071,-6.580703654006792,2.0126914587078057,0.019923341413545567,0.5195440500636224,110.80257358556311,-2.9307124291774973,-6.568910097796889,1.9999999999999991,110.64606333316078,-0.07993792653359678,-0.0005196018735260585,-0.00036025867186790665,0.0028849040493627966,0.19786342042930086,-0.00016454236325923064,0.19007577704473172,-0.0006054209067725056,-0.03904709437742647,-9.486372856724488e-05,665.987243710342,654.6986578480066,665.5558432918683,654.6076385281001,0.0,0.0,0.0
14.924,-2.9245192073490798,-6.584365498861737,2.0127137714947128,0.026418075338132313,1.013991669020864,110.8021849024524,-2.9300293663320067,-6.570515199604916,1.9999999999999991,110.64606333316078,-0.07201421510820498,-0.0007112974721334871,-0.0006879286247291083,0.001706788761958246,0.1429793620355678,-0.00021680735957446462,0.1919189547605301,-0.0005648576344791762,-0.04301162073138952,-7.403062900543378e-05,666.5904894580302,654.1856468756342,666.2280874956673,654.141115032319,0.0,0.0,0.0
14.975999999999999,-2.923270952828526,-6.587527055077916,2.0127513999413487,0.029487356542947967,1.331906444476556,110.80162414058462,-2.929128153597951,-6.572727492846725,1.9999999999999991,110.64606333316078,-0.06048078081632511,-0.0009446021917126415,-0.0005396184003336889,0.0005946619909727689,0.081773141371561,-0.0002533410763643215,0.1885866331462187,-0.00047740576233182947,-0.04217194982408051,-5.438620718614239e-05,666.3968423921502,654.2547775925132,666.1129269471531,654.2400071146445,0.0,0.0,0.0
15.027999999999999,-2.922247967946028,-6.590060208387407,2.0128024318345803,0.02950005638361404,1.467083419562703,110.80090030736089,-2.928081969748213,-6.575341959891847,1.9999999999999991,110.64606333316078,-0.04700016772150002,-0.0011894842539678019,-0.00014464775443454522,-0.00035866343288945687,0.021231453757312356,-0.0002729569443766875,0.18239527363722777,-0.0003617156516730855,-0.03726354434515623,-3.724066819472526e-05,665.5470907306802,654.8331600798176,665.342609182228,654.8330497982437,0.0,0.0,0.0
15.080000000000002,-2.9214684212398505,-6.591917671181665,2.0128589560924586,0.027021377970925888,1.4324302502833404,110.80003753439809,-2.9269664226579337,-6.578147651006373,1.9999999999999991,110.64606333316078,-0.03318612730395608,-0.0014206767412344116,0.00024860660405330706,-0.0011173478359306432,-0.03266256733238958,-0.0002845885864615291,0.17604163963495872,-0.00022537029154703848,-0.029359772869807184,-1.8986775787936845e-05,664.2405753742099,655.8140191416949,664.1245329132148,655.8257022981109,0.0,0.0,0.0
15.132000000000001,-2.9209236624100168,-6.59312595985943,2.0129109989857445,0.022757289803595118,1.256006381534786,110.79913021815362,-2.9258511598910264,-6.580950818066992,1.9999999999999991,110.64606333316078,-0.0204520736344991,-0.001618668038132856,0.00046737850118233295,-0.0015920588603626586,-0.07547052638466059,-0.00027520845952110957,0.1715453954489618,-0.00010700671013118247,-0.019686092428324486,-6.965976755189153e-06,662.7139178940448,657.0752361103639,662.6643480890674,657.086472695667,0.0,0.0,0.0
15.184000000000001,-2.9205829695896215,-6.593771923744036,2.0129501100949385,0.017544967010339155,0.9761583706710916,110.79823730882411,-2.9247891431260573,-6.583601876035703,1.9999999999999991,110.64606333316078,-0.009899958618062138,-0.001771397031771134,0.0004507800674904126,-0.0018170321460100481,-0.10448731074452755,-0.0002603238096978006,0.16977723280907303,-9.186679789568173e-06,-0.00951222300142357,3.6931377597241265e-06,661.1702489777587,658.4574465113998,661.1778470034836,658.4703214072166,0.0,0.0,0.0
15.236,-2.9203998094625314,-6.5939851828850395,2.0129715672914976,0.012029890236700733,0.6357058054892245,110.7974109602624,-2.9238302991517218,-6.585966487640234,1.9999999999999991,110.64606333316078,-0.002254980053852919,-0.001873710834957591,0.0002413427212954415,-0.0018426466799822253,-0.11893833212915136,-0.0002392514988721661,0.17047115973700702,6.999693125122079e-05,0.00014157307098608407,1.1127748531115662e-05,659.7625977040718,659.8228793226367,659.8133702116995,659.8337631025464,0.0,0.0,0.0
15.288,-2.9203187635900725,-6.5939190319281975,2.0129747008601004,0.006747395213753666,0.27735637761617243,110.79668120256868,-2.923003186775499,-6.587965738870013,1.9999999999999991,110.64606333316078,0.002151115694490435,-0.0019258429978471253,-6.215488164654174e-05,-0.0017028139755678414,-0.11940257298662042,-0.0002157172324424496,0.17267792567896298,0.00012661713532339722,0.00835745722123317,1.6232064548850345e-05,658.6084034520114,661.0256408025278,658.6895898199144,661.0345169717838,0.0,0.0,0.0
15.34,-2.92028234408735,-6.593731803884079,2.012961919917741,0.00211905042802214,-0.06035298218782711,110.79605635221523,-2.922318381419794,-6.589569655610658,1.9999999999999991,110.64606333316078,0.0033588369723423278,-0.0019323742848573245,-0.0003537617106647769,-0.0014377444396635624,-0.10780840708400637,-0.000191310956577547,0.17527884216822318,0.00015893504981058293,0.014493974012492937,1.8975355563619848e-05,657.7777179624759,661.952243469735,657.8758642216188,661.959504291578,0.0,0.0,0.0
15.392,-2.9202370653572416,-6.593570348061902,2.012937108642271,-0.0015635662277650657,-0.3466282466646679,110.79552826101255,-2.921772184627448,-6.590789391371816,1.9999999999999991,110.64606333316078,0.001724279418226646,-0.0019010816487492976,-0.0005612316279035268,-0.0010926827223366041,-0.08713581435695825,-0.0001673802538765675,0.17743926104854454,0.00016716561715458898,0.01826546392327967,2.0056210741804283e-05,657.2898174917796,662.5407622498598,657.393395594099,662.5486632212125,0.0,0.0,0.0
15.443999999999999,-2.9201382385481667,-6.593557043575146,2.012904147343464,-0.004144715835280385,-0.5603220245051703,110.79508074103066,-2.9213479341312363,-6.591671982709498,1.9999999999999991,110.64606333316078,-0.002163896474243786,-0.0018416883563209363,-0.0006613087921339355,-0.0007135232570833424,-0.060757275018364074,-0.00014510674443559166,0.17880637714550024,0.00015406271576920856,0.019634397261052972,1.9881082670590664e-05,657.1363482494314,662.7731942415462,657.2357156187628,662.7843259613378,0.0,0.0,0.0
15.495999999999999,-2.919953191063412,-6.593781139229181,2.012865987556934,-0.005600493350160517,-0.6906599346331156,110.79469679971677,-2.9210196515406084,-6.592289820188608,1.9999999999999991,110.64606333316078,-0.00757776079710685,-0.001764623145265281,-0.000673964656134626,-0.0003422158117928365,-0.03214491933095785,-0.00012469698624575774,0.17948225337014445,0.00012460143496609811,0.01882038842914928,1.8957332461589944e-05,657.2815378182039,662.6779129042923,657.3698895494671,662.6948558043955,0.0,0.0,0.0
15.548000000000002,-2.9196628163825724,-6.594294661478813,2.012824509782388,-0.006017239278809564,-0.7366917074569902,110.79436285708934,-2.9207549228923457,-6.592732283631127,1.9999999999999991,110.64606333316078,-0.013743370598661972,-0.0016799131874069245,-0.000641252054524035,-1.2752420751327909e-05,-0.004459039566987191,-0.00010675332257721966,0.1798204260044646,8.496029322712253e-05,0.016211895802579465,1.745521471234598e-05,657.6730516466009,662.3150198921077,657.7458466544093,662.3390779897651,0.0,0.0,0.0
15.600000000000001,-2.919261546106245,-6.5951126206234205,2.012780838907536,-0.0055634096521423905,-0.7059953366195839,110.79405297307993,-2.920521120785127,-6.593089891473229,1.9999999999999991,110.64606333316078,-0.019924130417589808,-0.0015963191516438838,-0.0006056127636513465,0.0002525558117275336,0.019680264213391963,-9.41421695157986e-05,0.18020243609426356,4.043442402377636e-05,0.01232846800946356,1.7200354767361523e-05,658.2408104976425,661.7639028122456,658.3001198910839,661.7999251948863,0.0,0.0,0.0
15.652000000000001,-2.9187559715014424,-6.59621687716974,2.012735878579164,-0.004453024114236873,-0.6127147271635485,110.79379354115328,-2.9202854124834015,-6.593452335442805,1.9999999999999991,110.64606333316078,-0.025488469680546667,-0.0015207592918503343,-0.0005930970717072483,0.0004409746691112316,0.03835508544635566,-7.89471807271472e-05,0.1808556295305877,-3.545518418345911e-06,0.007745308462579379,1.4405978599637843e-05,658.913405643913,661.118482785979,658.9523564432365,661.1593199193251,0.0,0.0,0.0
15.704,-2.918162441256579,-6.597562762271295,2.012690735387326,-0.0029282298860779897,-0.4752283637830823,110.79357116147976,-2.920022983663333,-6.5938887357613085,1.9999999999999991,110.64606333316078,-0.029957895793919814,-0.001458030322699862,-0.000607985731372213,0.0005476850912158809,0.050500787103117575,-6.740772720857575e-05,0.18178663532595085,-4.2207098769699096e-05,0.003026340851301674,1.2062340383125515e-05,659.6081080149148,660.4580532188044,659.6295052333514,660.5034491884641,0.0,0.0,0.0
15.756,-2.917504024276403,-6.599087399262577,2.0126468669505178,-0.001223300890360658,-0.3137430274432232,110.79338066528851,-2.9197115428026774,-6.594459278413506,1.9999999999999991,110.64606333316078,-0.03303284209495838,-0.001410711879048485,-0.0006369425112090203,0.0005786903760035707,0.05581560101228148,-5.8752521766579604e-05,0.18281744573534509,-7.215420480863462e-05,-0.0013293998598826913,9.592584271063062e-06,660.2526291194456,659.8534485752616,660.2586415957999,659.9005763482571,0.0,0.0,0.0
15.808,-2.9168072291302027,-6.600718652604502,2.012605914320541,0.00046001870367886905,-0.14780271911328047,110.79321705828923,-2.91934220696433,-6.595189661439844,1.9999999999999991,110.64606333316078,-0.03459706200352022,-0.001379366103234525,-0.0006596722441390998,0.000547862012375883,0.05482542357955904,-5.213128152367746e-05,0.1836956261496215,-9.320211157917851e-05,-0.004953762081757667,7.369570913715734e-06,660.7900602174941,659.3526600884591,660.7839304466074,659.3996620110946,0.0,0.0,0.0
15.86,-2.916098863430729,-6.602383662471917,2.0125693720300113,0.001962971735774429,0.0054498231015048535,110.7930727184301,-2.918907143580142,-6.5960999844201575,1.9999999999999991,110.64606333316078,-0.03470147608860419,-0.0013629181869675914,-0.0006585707500193864,0.000469491306047937,0.0485074166005116,-4.787115660451809e-05,0.18419983350043234,-0.0001039323004978485,-0.007594303963072332,5.2297906648376795e-06,661.1801037280928,658.9876498985788,661.1650109470065,659.0318038104123,0.0,0.0,0.0
15.911999999999999,-2.915403315501012,-6.604016207734557,2.012538244463664,0.0031744060044092822,0.13251049562034747,110.7929410381478,-2.918413843113911,-6.597171624164745,1.9999999999999991,110.64606333316078,-0.03353553496257873,-0.001359070794450271,-0.0006259545338048061,0.00036110756418657777,0.03825866522622488,-4.495181589211067e-05,0.18422198343937815,-0.0001059671083554406,-0.009107427323621646,3.5723187339167274e-06,661.399128879992,658.7751717763468,661.3788819007104,658.8153219050532,0.0,0.0,0.0
15.963999999999999,-2.9147404544862443,-6.605562375218944,2.0125128021694043,0.004034473163385947,0.22452923063836283,110.79281469064885,-2.917865834924719,-6.598393084126363,1.9999999999999991,110.64606333316078,-0.031388335795473433,-0.001364774385772842,-0.0005657684125352078,0.0002389634993426386,0.02568565376363257,-4.356965172956044e-05,0.18379190381391491,-9.972585486291731e-05,-0.009533290650682417,-1.005491056281678e-06,661.4572276252306,658.7137560649834,661.4261053916946,658.7394263441619,0.0,0.0,0.0
16.016000000000002,-2.914124290861155,-6.606984158600108,2.0124925603449024,0.004529985380675905,0.27740266041675316,110.79268905529982,-2.9172768405810365,-6.599727296435274,1.9999999999999991,110.64606333316078,-0.028604942185173836,-0.0013766720860462363,-0.0004901593392648459,0.00011861412691222617,0.012369086515563062,-4.276918220618273e-05,0.18304436115218098,-8.760176133241633e-05,-0.008982131451229045,-1.9304526033404705e-06,661.3632601154535,658.780157024331,661.3330233339342,658.7997987071623,0.0,0.0,0.0
16.068,-2.913562412356605,-6.608260953335509,2.012476430972381,0.004689312780018246,0.2915057781673316,110.79255997683832,-2.9166652866001894,-6.601125280017989,1.9999999999999991,110.64606333316078,-0.02554414086685462,-0.0013915082463406801,-0.0004145675625100498,0.0,0.0,0.0,0.1821659240066814,-6.791045981171166e-05,-0.00773599951066909,-1.7641240137471204e-05,661.1860236852905,658.9634432502867,661.1179413468037,658.9338816349689,0.0,0.0,0.0
16.12,-2.9130561409176834,-6.609389100604587,2.0124629970618035,0.00455995732390745,0.2710669040496515,110.79241227676702,-2.916046686099304,-6.602544887325446,1.9999999999999991,110.64606333316078,-0.022540582882550717,-0.0014064305812728757,-0.0003520928760213164,-7.676003924677685e-05,-0.011044552621362405,-4.4690194282041634e-05,0.18133076421464067,-5.484343998904349e-05,-0.0057446757798134285,-1.1265886415536344e-06,660.8591190246539,659.2072920552356,660.840401639402,659.2198082236624,0.0,0.0,0.0
16.172,-2.9126012948719087,-6.610379809139624,2.012450794331214,0.004222051574992882,0.22300107986670786,110.79227659974374,-2.9154361716449753,-6.603945172302382,1.9999999999999991,110.64606333316078,-0.019875546291055292,-0.0014191248922258096,-0.0003105424106978218,-0.00013429916525274454,-0.019170388623337635,-4.371088786986648e-05,0.18066258315292275,-4.030271055376341e-05,-0.003568118335177616,-1.1049992212348696e-06,660.5313853296559,659.5036054655621,660.5168568940147,659.5120310767566,0.0,0.0,0.0
16.224,-2.912189378619596,-6.6112559171266225,2.0124385381340346,0.003750216426135875,0.15625520228277506,110.79214244547687,-2.9148456760471224,-6.605293842141939,1.9999999999999991,110.64606333316078,-0.01775602685438716,-0.0014280847353415381,-0.000291300871289845,-0.00017027187171965216,-0.024165210965113964,-4.2778633102472997e-05,0.18021620999415067,-2.6259649759136815e-05,-0.0013873769835933154,-1.1334577592995998e-06,660.2078674371651,659.8052172585916,660.197251870499,659.8095590720815,0.0,0.0,0.0
16.276,-2.9118090631595748,-6.612047889170832,2.0124252893916963,0.0032208815004952937,0.08024729408170643,110.79201078896602,-2.914283291935638,-6.606568585324407,1.9999999999999991,110.64606333316078,-0.01630380196994,-0.0014324546794627219,-0.0002903187963083954,-0.0001795308119833099,-0.026012817865049657,-4.221404886268729e-05,0.17998198274440094,-1.6275096386760135e-05,0.0005879863737755821,-7.752673399290082e-07,659.9185571400316,660.081400923012,659.9117734177483,660.0838892178185,0.0,0.0,0.0
16.328,-2.911447729272397,-6.612789653346118,2.012410478804892,0.0026989011668153563,0.003912198080737549,110.79188262424618,-2.9137542605674667,-6.607755446009332,1.9999999999999991,110.64606333316078,-0.015556322598258615,-0.001432057954960793,-0.00030123316098283257,-0.00016983862325140267,-0.025000284108596293,-4.1218170957848976e-05,0.17991564989251832,-9.53424751622527e-06,0.0021991854719768684,-7.390535443608202e-07,659.6862212476616,660.3099138974093,659.6814564442031,660.31058245017,0.0,0.0,0.0
16.38,-2.9110929092982025,-6.613514718680085,2.0123938596005306,0.002232072594632936,-0.06507097200054393,110.79175792377747,-2.9132586668285416,-6.608853424838238,1.9999999999999991,110.64606333316078,-0.015475481727543133,-0.0014272271810154915,-0.0003177984579251838,-0.00014614869320781295,-0.021625103450755932,-4.060930149304234e-05,0.1799637838980478,-5.6601194297204095e-06,0.0033287186134254403,-4.2026625895466227e-07,659.5255447772525,660.4720721545979,659.5227666324964,660.4725201003467,0.0,0.0,0.0
16.432,-2.910733508942764,-6.614252895714081,2.01237542836391,0.001854317744393908,-0.12082408921786954,110.79163696342935,-2.9127952644459008,-6.609866464240994,1.9999999999999991,110.64606333316078,-0.015962025443201175,-0.0014186595877460134,-0.00033540879627149897,-0.00011267133364723081,-0.016564158794663972,-3.969853381619381e-05,0.18008128083278557,-5.212132847041192e-06,0.003934780444737475,-4.5869795070076214e-07,659.4422790629536,660.5615571228359,659.4395217504508,660.5617711668979,0.0,0.0,0.0
16.484,-2.9103607215880025,-6.615027845932363,2.0123553464826784,0.0015854555444196421,-0.15965880285552186,110.79151897170165,-2.912357888854418,-6.610810201204412,1.9999999999999991,110.64606333316078,-0.016874197581712953,-0.0014072933092199467,-0.0003516009610218641,-7.491975115601389e-05,-0.010568678580030366,-3.91391541588993e-05,0.18023882010067266,-7.1614915185090786e-06,0.004027727617143257,-2.907690216870547e-07,659.4331167350798,660.578307561769,659.4302691427442,660.5795410362585,0.0,0.0,0.0
16.536,-2.909968580625028,-6.615855603702504,2.0123338771178916,0.0014300580374782342,-0.18011848577073608,110.79140385635806,-2.9119414513014235,-6.61169910652111,1.9999999999999991,110.64606333316078,-0.01804815461967855,-0.0013941662147859458,-0.00036576871362087283,-3.7151897968877774e-05,-0.004380315936240287,-3.843302170472464e-05,0.18042207028405452,-1.1490504111094924e-05,0.00368014616243812,-4.6530429869805906e-07,659.4879308821578,660.5328784851794,659.4833657470544,660.5348611154428,0.0,0.0,0.0
16.588,-2.909554146854153,-6.616744078945668,2.012311343471353,0.001375283759713395,-0.18290654665081738,110.79127547722398,-2.9115368372118486,-6.612556601226773,1.9999999999999991,110.64606333316078,-0.0193177137083041,-0.001380297171752802,-0.0003781294394245691,0.0,0.0,0.0,0.18062285936850098,-1.7869962851583367e-05,0.0035098705631969513,-1.3997441121154329e-05,659.5363636822394,660.5309593660045,659.4924751315012,660.4973093249034,0.0,0.0,0.0
16.64,-2.9091173521901457,-6.617693491647308,2.0122881050142105,0.0013782844723400657,-0.1701881141285751,110.79113255332463,-2.9111386453795918,-6.613398273934039,1.9999999999999991,110.64606333316078,-0.020532746210554016,-0.0013664192223349233,-0.00038901574124660835,1.2380315269002904e-05,0.00617096146324517,-4.231675737385033e-05,0.1808329665619613,-1.6607229663112924e-05,0.0020603448604942613,1.9387097617042104e-06,659.7250892098654,660.3072043925916,659.725728448418,660.3172992527583,0.0,0.0,0.0
16.692,-2.908660617076067,-6.618697420702426,2.012264537746185,0.0014737926860470033,-0.14525121510711952,110.79101336798698,-2.9107408454580965,-6.614240560972542,1.9999999999999991,110.64606333316078,-0.021567083502964116,-0.0013531295661586688,-0.00039835449942054275,4.359766579675956e-05,0.009657531932936638,-3.97230913087704e-05,0.1810396300452647,-2.6949020125640245e-05,0.0010384149825486367,1.1421136096585564e-06,659.8774353624826,660.1655275939486,659.8729215777323,660.1763639417907,0.0,0.0,0.0
16.744,-2.908188261344236,-6.619744332956901,2.0122410121896936,0.0016331425626347372,-0.11258146259714914,110.79089866069891,-2.910337123021045,-6.6150998965671866,1.9999999999999991,110.64606333316078,-0.022332027267025427,-0.0013411947305673913,-0.0004053525205946166,5.746731468253483e-05,0.011651860117850178,-3.8757975109008514e-05,0.1812231606853051,-3.44061950715996e-05,4.8650251242637714e-05,5.883586574597852e-07,660.0238780810612,660.0279351374203,660.0157076874455,660.0393641409044,0.0,0.0,0.0
16.796,-2.9077057640664807,-6.62081956325282,2.0122178634084844,0.001805245942797392,-0.07654378545540967,110.79078658960135,-2.9099234875042104,-6.615986722527921,1.9999999999999991,110.64606333316078,-0.02277975695823333,-0.001330965846582659,-0.00040915536095050226,5.638174414511589e-05,0.01221179195399981,-3.801426673167892e-05,0.1813643864496219,-3.807588272959567e-05,-0.0008302953621502291,2.2301584954925388e-07,660.1528531936349,659.9055210061873,660.142627760032,659.9169855660846,0.0,0.0,0.0
16.848,-2.907219055010656,-6.621907244449533,2.012195358302648,0.001958208395224239,-0.04115821022426416,110.7906756246616,-2.909497303930737,-6.616907853872823,1.9999999999999991,110.64606333316078,-0.022900849735655773,-0.0013223980157911796,-0.00040914904374236377,4.701164378191269e-05,0.011491630609248082,-3.787878513291438e-05,0.18144867302601275,-3.915529949755614e-05,-0.0015318847804768059,-1.6353008836563626e-07,660.2550874979461,659.8076204656506,660.2434861523961,659.8183234248703,0.0,0.0,0.0
16.9,-2.9067338683580926,-6.622992051970865,2.0121736728874096,0.0020762469861273975,-0.009830256125586887,110.79056511297239,-2.909059137537981,-6.617862171656804,1.9999999999999991,110.64606333316078,-0.022719564757481873,-0.0013152248983525675,-0.0004052530917511217,3.434237269587526e-05,0.009734979523195336,-3.76816305402215e-05,0.1814695399764978,-3.8976080101568066e-05,-0.002004061000993573,-3.8745956994646474e-07,660.3229706933575,659.7410690417698,660.310801678485,659.7511016014604,0.0,0.0,0.0
16.952,-2.9062552012684804,-6.624060650235828,2.012152875679569,0.002154683768293633,0.014921668398291683,110.79045387410152,-2.90860910907936,-6.61884882474724,1.9999999999999991,110.64606333316078,-0.022286829516810207,-0.001309092161934851,-0.0003981045812298351,2.061674743334425e-05,0.007269131135676244,-3.7998840435937055e-05,0.18143100984711832,-3.764552380065933e-05,-0.0022381182220182266,-5.908705829663595e-07,660.355532777847,659.7073449107153,660.3431800969997,659.71643523716,0.0,0.0,0.0
17.004,-2.905786919999111,-6.625102736342817,2.012132932603918,0.00219233633473939,0.031590451660385814,110.79034132349807,-2.9081475257698433,-6.619866094521135,1.9999999999999991,110.64606333316078,-0.021671314297625182,-0.001303622215097153,-0.0003888375203048118,7.528602689211412e-06,0.004432790816112103,-3.818581711493087e-05,0.1813452859477244,-3.491508713104855e-05,-0.0022508187958316613,-5.835625480803477e-07,660.3550825909031,659.7040531626691,660.3435274525971,659.7123857186281,0.0,0.0,0.0
17.056,-2.9053315338719314,-6.626111635251329,2.012113720258252,0.002196220721659484,0.03965587849825243,110.79022663164413,-2.9076814515196965,-6.620896868369963,1.9999999999999991,110.64606333316078,-0.02095024565373076,-0.0012984627747168746,-0.0003789090928824748,0.0,0.0,0.0,0.1812306223312208,-3.36115690980209e-05,-0.0014565495069906035,-1.4663799286645813e-05,660.2588098900268,659.8343887937352,660.2086421286072,659.8033422949422,0.0,0.0,0.0
17.108,-2.904890138819295,-6.627084440676067,2.01209505477106,0.0021571583424067828,0.04012223848532029,110.7900634382732,-2.907212339816545,-6.621936411390997,1.9999999999999991,110.64606333316078,-0.02019939269320922,-0.0012933262549853363,-0.000369854175126734,0.0,0.0,0.0,0.18110798656053154,-3.325910985193889e-05,-0.0021455440048223466,-1.35795519508289e-05,660.3526247887678,659.7320637079379,660.305565968969,659.703916159317,0.0,0.0,0.0
17.16,-2.904462581770879,-6.628021594106244,2.0120767249038565,0.002052330721282736,0.033292403778395804,110.78987895541461,-2.9067501588639706,-6.622961126133193,1.9999999999999991,110.64606333316078,-0.019482968333032525,-0.0012877114034383207,-0.0003624609861301731,-3.931521648551522e-05,-0.003322796872701793,-5.2286078051435704e-05,0.1809918901370477,-1.5990192914612708e-05,-0.0012428336119534636,6.863207254032694e-06,660.1907642412418,659.8322125317854,660.205213150426,659.8557805014855,0.0,0.0,0.0
17.212,-2.9040475598284616,-6.6289266364481,2.012058522256136,0.001974011194775626,0.020302513361178963,110.78974180675775,-2.9062930015902766,-6.623973901760942,1.9999999999999991,110.64606333316078,-0.018864096992718314,-0.0012812591266305336,-0.00035703510038472447,-1.6529599193894958e-05,-0.004917761669567057,-4.3625448985532106e-05,0.18089201667131788,-2.3202563529801818e-05,-0.0006816401636314756,4.357603848405712e-06,660.1131072828765,659.9123467876755,660.1185658976073,659.9310264134277,0.0,0.0,0.0
17.264,-2.903642803197034,-6.629805629369505,2.0120402628967216,0.0019507698942429245,0.004215061514587625,110.78961646009112,-2.9058399360806315,-6.624975663603174,1.9999999999999991,110.64606333316078,-0.01838401874081779,-0.0012744542759330162,-0.0003541123488955165,-4.153092624987337e-06,-0.005624482744204783,-4.049615566982346e-05,0.18081953971872908,-2.7714485774437862e-05,-0.00022620895727395313,1.3775439617756853e-06,660.0513971362706,659.9790723459072,660.0473185084136,659.990781829965,0.0,0.0,0.0
17.316,-2.9032455433277433,-6.630665881228762,2.0120218000031067,0.001940800668689114,-0.012741403943594645,110.78949888533492,-2.9053931776377455,-6.625960823815138,1.9999999999999991,110.64606333316078,-0.01805926648468396,-0.001267640735649603,-0.00035355314126602275,-3.658003090037821e-06,-0.005655585026505415,-3.795848606094939e-05,0.1807778060966073,-2.756980956096179e-05,0.00014635679206979977,6.40123922262311e-07,659.9984223269349,660.0322563130507,659.9923422575336,660.0418814772077,0.0,0.0,0.0
17.368,-2.9028529067373356,-6.631514956209055,2.0120030392537798,0.0019263618351000073,-0.028789922130985024,110.7893876264045,-2.904955367151266,-6.626923269566499,1.9999999999999991,110.64606333316078,-0.017888146325790142,-0.0012608539392890852,-0.00035474541678734466,-5.647524576111616e-06,-0.005137997917664155,-3.616690305575773e-05,0.18076383590310366,-2.615366357171779e-05,0.0004307417558260759,2.387346627746867e-07,659.9579976317418,660.0732360345631,659.9512088494253,660.0813457632579,0.0,0.0,0.0
17.42,-2.9024622158996136,-6.632359906497073,2.011983937889346,0.0019084730935815491,-0.04251469657699562,110.78928101855942,-2.904526446086175,-6.6278631768703455,1.9999999999999991,110.64606333316078,-0.01785456566929613,-0.0012540493873115194,-0.0003570696959941535,-5.861800232496604e-06,-0.004200275106947008,-3.465936821611635e-05,0.18077292467134923,-2.5115669361200286e-05,0.0006119832679173497,-3.1319368449427357e-07,659.9330505565455,660.1002071840387,659.9250284573462,660.1064926412658,0.0,0.0,0.0
17.472,-2.9020712154934865,-6.633206676240006,2.011964497846147,0.0018937451468734945,-0.05292747060662919,110.78917790913329,-2.904105992919943,-6.628781822164587,1.9999999999999991,110.64606333316078,-0.0179316990746517,-0.00124722133478087,-0.00035997651438276004,-4.20828006596288e-06,-0.002990576520360459,-3.383717648165435e-05,0.18079962298393548,-2.4880252751522957e-05,0.000687574254412714,-5.118881102263335e-07,659.9231670441195,660.1119209318139,659.9146615284144,660.1175890436125,0.0,0.0,0.0
17.524,-2.901678223444851,-6.634059696088165,2.011944756344649,0.0018850557393396208,-0.05949961217204082,110.78907488612343,-2.903693015439441,-6.629681963045374,1.9999999999999991,110.64606333316078,-0.018086048407491614,-0.0012404117458657507,-0.00036303086120610423,0.0,0.0,0.0,0.18083847364223402,-2.5962837193580337e-05,2.5920084196388172e-05,-1.291446578873933e-05,660.0356285935268,660.0356164166044,659.9924674388594,660.0072455499339,0.0,0.0,0.0
17.576,-2.901282193785703,-6.634921715089448,2.011924775766443,0.001866198295995355,-0.06315306802214715,110.78892869363324,-2.903286794686589,-6.630565881755459,1.9999999999999991,110.64606333316078,-0.018283867887026288,-0.0012336577639482978,-0.0003656362870500541,0.0,0.0,0.0,0.18088162102222757,-2.5316460618392566e-05,0.00047299283559069054,-1.1924528787655118e-05,659.9714733691134,660.0989807739275,659.9312340958629,660.073169895955,0.0,0.0,0.0
17.628,-2.9008825778670646,-6.635794160187576,2.0119045901454977,-0.0002134273434866707,-0.06296945668834138,110.78808658236107,-2.904690436562194,-6.624948302877902,1.9999999999999991,110.5201086262923,-0.018502882471482553,-0.0012277735917089817,-0.00037175455465657356,-0.0033325905379258253,0.002222259396268439,-0.0009697879832447161,0.1809669559527625,-0.09614535360011499,0.21116502397257067,-0.0023309711166866155,646.7342771521226,679.3457728921516,611.223932549636,699.3841638324262,0.0,0.0,0.0
17.68,-2.900490718739389,-6.636671148627755,2.0118717323014286,-0.2426170289052557,0.39390538778119305,110.77714449899516,-2.9236564965361604,-6.556174591339886,1.9999999999999991,110.5230754325895,-0.018067838539205718,-0.0007191501251562786,-0.0009947012491802443,-0.1433962984966632,0.35163655326378296,-0.0038025597413074595,0.18752818158106938,-0.019679714739519787,0.5082604071729997,-0.0010103220507817704,588.073749844902,727.6873131465542,578.5654563498981,730.2291137870574,0.0,0.0,0.0
17.732,-2.900303277145739,-6.637350644961177,2.0118170689672232,-0.7998515212041897,2.6430867185163933,110.74500333924915,-2.9518448023093766,-6.454257928771959,1.9999999999999991,110.52488363412759,-0.007902713841830618,0.0032829182844044597,-0.0013840984037797252,-0.1931063154315204,0.9974817594263273,-0.0033361077625686923,0.19249428543837843,0.044753483667468175,0.160790216565521,-0.0004756865914197065,631.4268647797313,689.9136512336304,643.2631170833374,676.3248406193652,0.0,0.0,0.0
17.784,-2.9008940420339897,-6.636986849869486,2.011745138075055,-1.248290141309709,6.180647505018458,110.67070429900576,-2.9806923760315898,-6.350028163574165,1.9999999999999991,110.520445606742,0.027234099779768282,0.01201260663471715,0.0013458913877912307,-0.10669383466639334,1.2568421459480903,-0.0026593526260525403,0.16733184434400858,0.05415880054715444,-0.09472283121397812,0.0007285505833696769,666.4613232899271,654.9193117109235,683.5180356903996,641.2643179710592,0.0,0.0,0.0
17.836,-2.90299231912251,-6.634192236492152,2.0115968817419136,-1.3632589178124654,9.800604678524587,110.58061578831963,-3.006385787325755,-6.2573143233226824,1.9999999999999991,110.5018729991699,0.09339111585122059,0.023344352795051402,0.012196429075628571,0.013466217957231885,1.149874385189445,-0.0009024141576919511,0.06474139130923963,0.03912424795088023,-0.21294003896850192,0.0015751040136892107,684.5073089284122,634.9790969070636,699.2986017849222,627.8906105299036,0.0,0.0,0.0
17.888,-2.907195398081301,-6.627497821300946,2.0112293740738902,-1.1620515613733184,12.727575135566235,110.51456609061822,-3.0277345963108977,-6.180628270180711,1.9999999999999991,110.4672092888175,0.18707264316625286,0.03429246326390218,0.03220398126679065,0.10561578433708525,0.8558139069378676,0.0010353642644589443,-0.12087780673810378,0.0191832445825023,-0.22867589072067862,0.0015244260909048285,688.6488273844632,628.8652557458983,697.8701443902255,627.5602670392561,0.0,0.0,0.0
17.94,-2.913840653515653,-6.615706908240409,2.0103971793931272,-0.7374256181321706,14.683818460658479,110.50817592746606,-3.0449302231938193,-6.119619967050116,1.9999999999999991,111.8158433736598,0.30056038548198927,0.04256863698901653,0.05693602246416095,0.17556161468037906,0.5234207944114255,0.025279900727776417,-0.33802616156966314,0.06738436483233799,-0.18692973413699843,0.021640995922907042,646.2176087787781,610.4507823016436,722.5282958213998,653.0155673903301,0.0,0.0,0.0
17.992,-2.922992420744701,-6.598040592255461,2.008793952481649,0.05428438167728144,15.724999146465864,110.63826297911417,-3.058830962270422,-6.071614434146637,1.9999999999999991,113.0089072181013,0.425779276124769,0.04573110894904632,0.07964212182306156,0.278144474570123,0.24115413809441835,0.06354417714653939,-0.5104325607069436,-0.115220635796203,-0.1241816245861585,0.030505967603729308,648.6935197222653,575.1452642915801,699.2890285112251,696.8758604811455,0.0,0.0,0.0
18.044,-2.934450121880741,-6.5740944960326,2.006139285775926,0.6733977360317983,16.07046523895396,110.89481699461233,-3.070422366042996,-6.033298483916773,1.9999999999999991,114.16470079486105,0.5557957140655267,0.04082765027071569,0.09699906886957574,0.10343280333745572,0.04453948756123535,0.10053367351635738,-0.5963568010572499,-0.09054005203390382,-0.06375462368306373,0.036430709335770334,626.2030408572083,578.0294591470612,700.9073417236825,708.055061742012,0.0,0.0,0.0
18.096,-2.9479911938057413,-6.543778626127368,2.0022850830565972,0.7587582652451722,15.983133721240119,111.26301403971149,-3.08073941277473,-6.001151874375109,1.9999999999999991,115.05433101332156,0.6854398087338576,0.03000978141620058,0.10914601647735009,-0.06786731108735582,-0.06618920003658921,0.13442679108823402,-0.5923544118708355,-0.04404947256426445,-0.01731352031412687,0.035489015918307984,613.4515836423833,594.3495573245239,699.6433053905993,706.7906489023251,0.0,0.0,0.0
18.148,-2.963560500747921,-6.507245664039445,1.9972263494597655,0.5193157473956994,15.688471695377666,111.71933190681565,-3.0905548181005935,-5.972301511055554,1.9999999999999991,115.70207913423043,0.8114998336662607,0.017299121408080775,0.11785805575786279,-0.14829692868113764,-0.11097464999754003,0.1598635882840863,-0.5156635413562398,-0.0169168822535467,0.012887405615765318,0.030650574774973256,613.2471964013744,612.010709643061,694.0916287536969,702.1175813825463,0.0,0.0,0.0
18.2,-2.981227062274157,-6.464766134221357,1.9910833230643818,0.16960198242065372,15.344202225022466,112.23337917180464,-3.1004893249541636,-5.944354586055161,1.9999999999999991,115.8637334026113,0.9324977325523726,0.0051827250056633006,0.1260286185440868,-0.16834524345343174,-0.11264606703250332,0.17080344905081404,-0.3985467840907433,0.0007361576445759077,0.028686675221635885,0.0195252984691458,626.846077763401,635.6087582371283,681.6104727484435,689.2762575431587,0.0,0.0,0.0
18.252,-3.0011115124988708,-6.416635309115419,1.9840590943672172,-0.18121282197735414,15.04185288816738,112.74833120771561,-3.111101417214503,-5.915204788059313,1.9999999999999991,115.4046177739109,1.0482131597560058,-0.004851366340374663,0.13626706000536093,-0.1560941295051779,-0.09215931386454372,0.16086753347810095,-0.27314047257684115,0.018364721304689947,0.03411637387681379,0.0027610701686544203,649.9388399783704,664.9454874909601,662.88699272382,667.3391345605723,0.0,0.0,0.0
18.304,-3.0233420868957612,-6.363125518064572,1.9763836579856966,-0.47238791141225595,14.817996089901692,113.18496420175998,-3.1228414592208416,-5.883196563456257,1.9999999999999991,114.26713917979022,1.159181090632924,-0.011404574637861615,0.1500803360532622,-0.11796375269504208,-0.06478831033095253,0.12535599200567094,-0.16161158235923034,0.036833386643893816,0.03344216598120997,-0.017525308537704384,677.560121840555,696.785576675063,639.4277987005789,638.4300024623942,0.0,0.0,0.0
18.356,-3.0480228065158514,-6.3044627001430245,1.9682705606364819,-0.5578848752593648,14.671969113901044,113.46207712461673,-3.1358445999893805,-5.847699681795421,1.9999999999999991,112.1428094353738,1.2662603720990577,-0.01297086785722103,0.1676454692835072,0.042427254690638294,-0.04096167700779792,0.05989810488660342,-0.07252809031935215,0.1970003806573554,0.03070502826554635,-0.04461434540998724,693.838421786379,753.010719975023,626.4029667520548,574.3312913516922,0.0,0.0,0.0
18.408,-3.075141552742719,-6.240786837232943,1.9598948636597489,0.08257935599621943,14.586646206688616,113.49504552727952,-3.1503897784482775,-5.807804394824089,1.9999999999999991,109.27000459820431,1.3702590961380838,-0.009139506870998786,0.18898025347179523,0.25879125519110335,-0.0246418968971579,-0.028857606619258097,-0.011666242078152589,-0.03851942775333381,-0.06143445905248368,-0.07410202732096308,773.6637996347675,748.9824438470549,559.6185034354027,551.8670170874998,0.0,0.0,0.0
18.46,-3.1044188984535395,-6.172094537416079,1.9514191267802024,0.6092621090917124,14.364724019079254,113.2887998488904,-3.1664742532251084,-5.763450054272416,1.9999999999999991,108.86034710657242,1.471889350907254,-0.005105377251329206,0.2096470515126861,0.13810120723439306,-0.13217318198463018,-0.08652742966519299,0.05941911837952718,-0.012894290388163303,-0.15370255499958035,-0.057345856785496876,763.0086885671795,720.7944630914576,606.3751472203094,561.0252126965951,0.0,0.0,0.0
18.512,-3.1355362275465497,-6.098453003451345,1.9430088500102465,0.7432952169829348,13.571828503782234,112.94270635619262,-3.1842651156165327,-5.714068307488551,1.9999999999999991,108.5459764826258,1.5700010525622605,-0.0016049942273532389,0.21702265466295279,0.0409739251641779,-0.36982343427591624,-0.12210175811334818,0.25959345220958596,0.01846018489238119,-0.16705946157230317,-0.04369020604455349,747.2215836714796,708.8506727345234,636.8354266842492,579.4886592412225,0.0,0.0,0.0
18.564,-3.168224375733189,-6.020212998665573,1.9349581857740161,0.7196114743642325,11.998581864916172,112.49762952823919,-3.2036118318790723,-5.659879119309677,1.9999999999999991,108.15718891169746,1.6594561928962637,0.0038033630299616353,0.20440226052009963,0.022853691731127272,-0.6358125385533162,-0.14777110365550145,0.6453607681386875,0.028582381397960068,-0.12623879582790246,-0.033125793284535354,733.6116851708811,708.1447180940993,654.0888582121693,607.9655302919656,0.0,0.0,0.0
18.616,-3.2021569787292323,-5.9380496504777005,1.9278214818733592,0.7218752488981361,9.709998034312369,111.98472561624615,-3.2243359624692034,-5.601098367739498,1.9999999999999991,106.65618573040989,1.7325700557375332,0.011713097954440718,0.174590417481232,0.042932908153886375,-0.8504148128183049,-0.16520968501760558,1.1713055532887828,0.0451633755410395,-0.05491730169604414,-0.04752756996124908,748.3899312901545,745.9357731879331,635.0733613349166,604.7226881321602,0.0,0.0,0.0
18.668,-3.236881601316484,-5.852934697661884,1.9223916494479196,0.8191164378734582,6.949014521603041,111.38949862407298,-3.24654257263666,-5.536966444227923,1.9999999999999991,105.46026748291061,1.782134753926795,0.022015429144881655,0.13707362007339013,0.07571203559799176,-0.9677065758009384,-0.19384439602185305,1.718587169012812,0.049378250002399184,0.02596708466492581,-0.04989487191331393,749.1581114057519,767.8323055728047,630.3958797781161,623.3752981808223,0.0,0.0,0.0
18.72,-3.2718185118225067,-5.766068520728897,1.919531710192647,1.0516116099471675,4.040580121455941,110.69469979955241,-3.2699522480677414,-5.467834967876024,1.9999999999999991,104.11272476830203,1.8039935951747892,0.03408645762194614,0.10340799698525964,0.1160790105408285,-0.9720459436168408,-0.2239547299054161,2.145710826574086,0.12870266491524104,0.09757531979015005,-0.05281345459614693,740.5374467020954,795.9098010548946,635.3831644735075,626.1057494769353,0.0,0.0,0.0
18.772000000000002,-3.306294507495611,-5.678754870699588,1.9199791858237514,1.7011546007298828,1.3210022686608496,109.89728203591427,-3.2941969437072123,-5.394230481579951,1.9999999999999991,102.94588745895862,1.7981879298537677,0.04625790461013775,0.08390613928497323,0.36516470493766223,-0.8695054730708115,-0.25437749870223747,2.3274005249817793,0.14987905258311518,0.13438151183599614,-0.04961883772667727,732.1269691960882,801.8023892348735,641.0668540253196,636.506007584932,0.0,0.0,0.0
18.824,-3.339463843036316,-5.592182412446749,1.9241274681918743,3.304438826330429,-0.9499982816439678,108.9882322777571,-3.318853323383017,-5.316845849004277,1.9999999999999991,101.57445865492177,1.7685378091066315,0.0524108517557742,0.08218387514300737,0.6141598782714349,-0.7039201656917137,-0.2806930827356907,2.215273754573563,-0.18153524829248852,0.11550489762108099,-0.04988433463578502,774.3437675432762,758.1437683129856,590.7523214462866,678.727032396538,0.0,0.0,0.0
18.876,-3.3702046970348976,-5.5072085548277165,1.9318891757143801,4.762978791622544,-2.6859075187395587,107.95993476729714,-3.343393817693418,-5.236649412168324,1.9999999999999991,100.24994587373632,1.7208716391486303,0.04568814240293025,0.09535562407054247,0.30980929737854845,-0.5408114650034863,-0.309808993334606,1.840328132352161,-0.14599536594962048,0.10159982541739795,-0.04566606789571797,760.3845845320604,749.3281943126532,596.949051768084,670.4027010748667,0.0,0.0,0.0
18.928,-3.3976373413118526,-5.424456785025426,1.9427404166016502,5.010618417861842,-3.944367553739825,106.86035135899147,-3.3672713169788917,-5.154624075005689,1.9999999999999991,98.81389049381147,1.6606660214960782,0.030271379915836,0.11557910059709464,-0.07528399004139627,-0.3939869869253268,-0.3405024070707203,1.296349880859563,-0.017275899591093366,0.09033471949997397,-0.04172387229010208,730.5410476205038,749.1055365663099,612.0962279605682,644.2992845019763,0.0,0.0,0.0
18.98,-3.421576218322497,-5.344464892584044,1.9558331786620051,4.594929096993321,-4.799439917378695,105.71947174156784,-3.390113964196431,-5.070818154111692,1.9999999999999991,97.52172885569068,1.592203675913116,0.01550703703910004,0.1326037204621393,-0.20301089508883824,-0.26611006739188314,-0.36614313675705634,0.7112566470861379,0.03810217184110203,0.09321568742214931,-0.035746901446939504,703.4463920993715,737.7059876953151,615.2073323598416,631.8241947188634,0.0,0.0,0.0
19.032,-3.4422727737655276,-5.267628346503346,1.9701573274821196,4.111916117916107,-5.2898561292132245,104.55873670780389,-3.411338988969681,-4.986575797760641,1.9999999999999991,96.16647652286245,1.5187978647318328,0.00508810158170816,0.1415510717933532,-0.1794934049047905,-0.14085512230508607,-0.3818096132074971,0.16537257578829956,0.18102185708161822,0.0826321440060496,-0.03430491218205009,671.7892627180395,741.9098772761402,627.6551774449274,597.4597484433953,0.0,0.0,0.0
19.084,-3.4600682034599703,-5.194141777903499,1.9847111316771706,4.100555594030115,-5.427099121032687,103.37892114337018,-3.4305436222741847,-4.902563238616732,1.9999999999999991,94.95258407213262,1.4434503975063704,-0.0012644322385455052,0.14182907902006786,0.05587965884338939,-0.027607812227738032,-0.3978398541600278,-0.3033603121940476,-0.05734344925757825,0.09209450095705403,-0.029365701239529425,686.7252401677961,696.1733721824756,585.3862526853482,631.5561818152095,0.0,0.0,0.0
19.136,-3.475145471883745,-5.123977693700338,1.998605013173139,4.305188720405175,-5.2217991106701644,102.18324146847655,-3.447397466717965,-4.8200465141680064,1.9999999999999991,93.67839634978182,1.3691816079839556,-0.008760263098092354,0.134691791315599,-0.020778367945014843,0.0859241815622205,-0.4121895453301736,-0.6787110383015329,-0.04713750635482064,0.0790356956125682,-0.025957015425921243,674.3981848445596,683.2320925335482,584.9761217426307,624.2083437919388,0.0,0.0,0.0
19.188,-3.4876155320135984,-5.056949886544322,2.0111227747762,4.098269752254938,-4.698147938706316,100.97301289248644,-3.4616484289373526,-4.741659959064284,1.9999999999999991,92.5562695801706,1.2990064118865212,-0.018041157571826096,0.12165310589258886,-0.15138985407857936,0.1838305892052914,-0.4229024590574856,-0.9525281616114469,-0.003638207797355103,0.059149899261754804,-0.02037654336793587,657.0241432721486,672.7199889211679,596.5071784754184,615.9773388871326,0.0,0.0,0.0
19.240000000000002,-3.497741418100378,-4.992793400944269,2.021730037369196,3.6461228926036338,-3.939917402179557,99.75554077362169,-3.4730820529238664,-4.673818772911106,1.9999999999999991,91.41143504073793,1.2356118788597672,-0.025680487950865517,0.10291496485854293,-0.1932388014919248,0.24991247552643361,-0.42923427795252334,-1.1095580042933202,0.016045072836626442,0.019902362548878963,-0.016696317471571978,650.6909184459167,660.9949319509813,606.9542076068941,608.147750083405,0.0,0.0,0.0
19.292,-3.505872591679987,-4.931186516621956,2.0300841479547884,3.158440276088707,-3.0860561287656485,98.53217257800891,-3.4818936987674203,-4.618804629674431,1.9999999999999991,90.41647379388583,1.1807865558366286,-0.02996532949228612,0.07906226403886277,-0.18247816502640035,0.2633555179892134,-0.42844988512548826,-1.1444454367031174,0.017167792821216568,-0.023474905430281592,-0.012333999697335445,649.4440634427411,647.6157994508367,618.9847294422965,606.5155620508024,0.0,0.0,0.0
19.344,-3.5123445250058953,-4.871787756943139,2.0360513319797575,2.731615625463954,-2.3145287656106075,97.3001673179288,-3.488485227536716,-4.576083932566945,1.9999999999999991,89.39137700085504,1.134833040332783,-0.030818192935617432,0.05085567969204232,-0.1355381226350562,0.2096195815443347,-0.4279526047764987,-1.0602570487052452,0.0753241569473877,-0.06986716881223151,-0.008282566178363693,643.6009681988622,645.1929491723519,642.0775965765582,598.0586536105839,0.0,0.0,0.0
19.396,-3.517421905826118,-4.814296994909839,2.039702697483359,2.5813094584244167,-1.8360768791433686,96.06136184292735,-3.4933015205738123,-4.543941686449082,1.9999999999999991,88.47712599793847,1.0961082965354907,-0.029434106709035367,0.01897138436940788,-0.041510059570356014,0.0884556817806186,-0.42174754205409226,-0.865803249901097,-0.040854804163301554,-0.085383262861316,-0.003819663774134458,660.5662566337645,623.605963559101,637.983731171006,624.7249736090184,0.0,0.0,0.0
19.448,-3.521236638985488,-4.758527153453441,2.0413073675330224,2.3859578256969693,-1.8068981087811093,94.84676508266182,-3.4967529736039906,-4.520346512561551,1.9999999999999991,88.47712599793847,1.061028076919607,-0.028329749416681687,-0.015082072564543705,-0.10742660406520206,-0.0974881745775555,-0.3956717225819883,-0.5844479646078262,-0.013139038802337535,-0.4778069688824356,0.011940658778620494,695.8983617024804,547.4368646403694,723.1782661712208,590.1521067251222,0.0,0.0,0.0
19.5,-3.5238946507344804,-4.704504395886397,2.0412903023045335,2.0347519596570307,-2.970480983117708,93.67895668304857,-3.4991853536177775,-4.5033714274381,1.9999999999999991,88.47712599793847,1.0226572585922773,-0.026980660568155162,-0.05949156138424191,-0.14304096167368016,-0.6340176972336227,-0.36360059484618995,-0.14920002873423233,0.006366791810602436,-0.23989313235893037,0.020974106009618784,657.5532427171528,587.0045197060682,715.154970929172,647.1916711166255,0.0,0.0,0.0
19.552,-3.5255223674281773,-4.65277341668267,2.0402851279562166,1.7017768286987842,-5.55912870691671,92.578522489587,-3.5008742372102395,-4.491367453803813,1.9999999999999991,88.47712599793847,0.9658873094158901,-0.02487489910164659,-0.1123117710677656,-0.13099889231723857,-1.000707427700898,-0.32343465517867165,0.40053405757510385,0.00936641067680738,0.006774747406576853,0.029853014766959084,621.8767097639527,626.7371418990003,706.6739586113168,705.984179816476,0.0,0.0,0.0
19.604,-3.5262264000254255,-4.604523135870328,2.039112907937918,1.4828981989988803,-8.642565405529787,91.59830752293676,-3.502030993829625,-4.483006988766181,1.9999999999999991,88.47712599793847,0.8813593345746742,-0.02329180891262957,-0.1493934551321335,-0.10192968036436759,-1.031420024564784,-0.28017005534728406,0.8008679680069581,0.0024628931288356234,0.1705014447186005,0.03501428266037615,602.165324472857,653.9378781277122,701.0943835523947,744.7905696519938,0.0,0.0,0.0
19.656,-3.526099307731265,-4.561225119784223,2.0385279316344587,1.3703588246070801,-11.357114666746266,90.76017625549454,-3.5028131571749994,-4.477264330105171,1.9999999999999991,88.47712599793847,0.7716857490358928,-0.023592949823648752,-0.15595726658883063,-0.0778253543706838,-0.8160691218447924,-0.23688978677369815,0.8821896652118101,-0.007160371832173058,0.24977474098012997,0.03719800824817924,593.1052744477925,665.5770223861646,696.4690531323486,762.6745085077446,0.0,0.0,0.0
19.708000000000002,-3.5252369093360585,-4.524167492937004,2.0388884402808003,1.3091742275403906,-13.184679805501263,90.06946342485331,-3.5033354904032805,-4.473370741448303,1.9999999999999991,88.47712599793847,0.6458175886263829,-0.026334275609501114,-0.1346616436564098,-0.06654781386416324,-0.47502224635022194,-0.1956521423200071,0.6591089673383329,-0.015196750373057535,0.26331703596979067,0.03694928460633399,589.6775496303344,664.0848216181624,690.7127248404364,762.7585129614556,0.0,0.0,0.0
19.76,-3.5237462252858203,-4.494115064279718,2.0400588377431825,1.2405362720236544,-13.928824694125264,89.52228790057504,-3.5036800271536315,-4.470763658102646,1.9999999999999991,88.47712599793847,0.5134330752958145,-0.031203493575521345,-0.09884597194002442,-0.0675633098223076,-0.10506924284040398,-0.15791428543218547,0.26715277584318364,-0.019620920150824308,0.2330303448866128,0.034950493375142874,589.5102708456569,654.0341731303926,684.0440600376972,750.2725408813767,0.0,0.0,0.0
19.812,-3.521744117370388,-4.471196988884637,2.041544028198254,1.1247306731346212,-13.62746704220205,89.10592974278428,-3.503904451489468,-4.46903941104885,1.9999999999999991,88.47712599793847,0.3828886991843977,-0.03735544171022798,-0.06362464015477834,-0.07625670490753259,0.22798884145790116,-0.12466627814201867,-0.12913363566704195,-0.020196060762850163,0.17911215081058188,0.03176824138237036,592.4992633658065,640.9408268941627,677.9376530033967,731.1196779636373,0.0,0.0,0.0
19.864,-3.519351780557292,-4.45499437130337,2.04272735971827,0.948020243738372,-12.461401900437545,88.79905389727374,-3.504048734797077,-4.467913194850029,1.9999999999999991,88.47712599793847,0.2612146964304578,-0.04373159126101518,-0.039467370078233796,-0.08701914227601845,0.4875062744812876,-0.09629024504608145,-0.4069634066786,-0.01780978972141556,0.11694382483100829,0.028039969785786698,598.9131974531905,629.2612663779448,674.1725204492516,710.7557041820367,0.0,0.0,0.0
19.916,-3.516689207568842,-4.444720040801175,2.04309299420055,0.718047519013855,-10.678316411163351,88.57658109980842,-3.5041402030673154,-4.4671870564521825,1.9999999999999991,88.47712599793847,0.15422939972865327,-0.049301128936835754,-0.029959402360412633,-0.0952573880903704,0.6597361789650554,-0.07262929189272095,-0.5144793608726007,-0.013721713071366451,0.05639364238233707,0.024334391563338643,608.389589724675,621.4352884832214,673.7505169501696,693.0382015538434,0.0,0.0,0.0
19.968,-3.513871569165192,-4.439390329841318,2.0423611993326234,0.45469368890182166,-8.538713543056945,88.41534595388856,-3.5041973001173017,-4.466725283723412,1.9999999999999991,88.47712599793847,0.06618521064351776,-0.053234854269018306,-0.03301863864447755,-0.09819102554691828,0.7455934399851374,-0.0531423088878669,-0.4631328996571377,-0.00906683238321003,0.003265530787393889,0.02067011614800789,620.3090460837752,618.5483984384999,675.9730602850733,679.3940966375894,0.0,0.0,0.0
20.02,-3.5110073109632363,-4.437945764276732,2.040515041627302,0.1819138799699047,-6.283564272921458,88.29761533351456,-3.5042323211246766,-4.466436028714885,1.9999999999999991,88.47712599793847,-0.0007030320348962932,-0.05501767856353253,-0.04348718648177731,-0.09483065087257829,0.7547961152296109,-0.037217619701968255,-0.3030607674375643,-0.004671341475772972,-0.03919273029042353,0.017382932153717213,632.8453688116864,619.6782314283852,679.9154065270361,670.3025441896807,0.0,0.0,0.0
20.072,-3.5081965209758397,-4.439329524757181,2.037748777407246,-0.0776251099352061,-4.115399890502805,88.21200637719242,-3.504253361740104,-4.466257900151203,1.9999999999999991,88.47712599793847,-0.04640988474369833,-0.054484045800177,-0.05569273011768794,-0.08555704408979879,0.7020832084968391,-0.0242658044674408,-0.09624434929233694,-0.0010608382830508065,-0.0693670554894508,0.014489375469054128,644.5002009873431,623.6191227182165,684.0698149032722,665.03347838461,0.0,0.0,0.0
20.124,-3.505528560881867,-4.442545070423021,2.0343778241574952,-0.3054805171592565,-2.1880571859231095,88.15236197926285,-3.504265685660051,-4.466150367442988,1.9999999999999991,88.47712599793847,-0.0728013254592296,-0.05177732362859174,-0.06523423634218029,-0.07169859814131507,0.6048409040615841,-0.013776135893803425,0.10393780549780884,0.001511578931220267,-0.08697993984549138,0.01194307374705281,654.1661641548304,629.125353003415,687.1410762195302,662.4888993679945,0.0,0.0,0.0
20.176000000000002,-3.503078961649494,-4.446705545379601,2.030744533143127,-0.48912409679892466,-0.6017087152698352,88.11557688138053,-3.504272670382758,-4.466087005476147,1.9999999999999991,88.47712599793847,-0.08302468020630709,-0.04725826506544785,-0.06975493991753093,-0.0551065528319586,0.48112154843222854,-0.00543965528194299,0.26333487938934597,0.003040477700311732,-0.09302429313100725,0.009691843486544317,661.2688463900146,635.1724899740562,688.3682372335417,661.6132543222012,0.0,0.0,0.0
20.228,-3.5009064954192817,-4.451075236513596,2.0271487553064826,-0.622309725814334,0.5950364232600382,88.09962289640033,-3.5042764525601493,-4.466050808932994,1.9999999999999991,88.47712599793847,-0.08083415487544339,-0.04139984355279112,-0.06886824717757199,-0.03767659811678849,0.3476187389348211,0.0009990470476706425,0.36852425293914826,0.0036833339252576175,-0.0894466018058098,0.007689681647294079,665.7542334037695,641.0796820380273,687.5502142279493,661.5965642212998,0.0,0.0,0.0
20.28,-3.499051418553591,-4.455096571483092,2.0238106911559632,-0.7045815022644044,1.398816536555405,88.1020941053849,-3.504278362802492,-4.466030985948998,1.9999999999999991,88.47712599793847,-0.0700364529936845,-0.034698543144614874,-0.06354272890739701,-0.021027504673449597,0.21837393240142045,0.005753103442692455,0.42195742168862227,0.0036877300574232963,-0.07883932614901876,0.005907973906169086,667.9586949009927,646.4619763998002,684.9478452079201,661.9099417794961,0.0,0.0,0.0
20.332,-3.4975354031584405,-4.458397702352133,2.0208620938177777,-0.7399619761663357,1.8414849880090052,88.11984890336588,-3.504279215021049,-4.466020792013191,1.9999999999999991,88.47712599793847,-0.05412088263178538,-0.027614414566512084,-0.05543426567995683,-0.00627567242743471,0.10361571848002711,0.009054149647412127,0.43567704559971665,0.0032978135950002107,-0.06388102073758814,0.004329410695707607,668.4438761282488,651.1827336635304,681.0906534154634,662.2887367339437,0.0,0.0,0.0
20.384,-3.4963630679424744,-4.460780757993561,2.0183580758073516,-0.7353445096978649,1.9787133800555856,88.14890704191238,-3.5042794966043096,-4.466016084698026,1.9999999999999991,88.47712599793847,-0.03605617518272345,-0.020539708594786626,-0.04617910329509807,0.005934061219201198,0.009982961682354496,0.011063697018296825,0.4239879994994024,0.0027253947108793392,-0.04712531032940459,0.0029806563709451777,667.7822568988631,655.1637383648699,676.6494265928668,662.6548295788036,0.0,0.0,0.0
20.436,-3.4955245961771912,-4.4621953755979025,2.0162992487795366,-0.6989368944085861,1.8794325512725893,88.18511766771668,-3.5042794918406153,-4.466014371180568,1.9999999999999991,88.47712599793847,-0.01819511233764957,-0.013786589359516788,-0.037050516571083915,0.015422334282648966,-0.05961903805200795,0.012057090649419988,0.3993726581080295,0.002100691160321482,-0.030609898866246644,0.0018476115325301793,666.5337305358983,658.443796565073,672.1692388925768,662.9576579208924,0.0,0.0,0.0
20.488,-3.494998788420548,-4.462704077009175,2.014653454138539,-0.6398244785709442,1.614894041998778,88.22466983503867,-3.5042793609584435,-4.4660141883784785,1.9999999999999991,88.47712599793847,-0.002252111801943005,-0.007587579338868312,-0.02881768141242787,0.021073919075112683,-0.10599457831048528,0.012251870309793288,0.37040731525046855,-0.0024667339475774683,-0.01842905012945098,0.0009350554913059982,666.024712527245,660.1003376142341,667.8920702498928,663.3839432402207,0.0,0.0,0.0
20.54,-3.4947570553482445,-4.462446400206321,2.013373319544792,-0.5815619168602421,1.2452529189640507,88.26454970081858,-3.5042791900215393,-4.466014704818418,1.9999999999999991,88.47712599793847,0.010644662986579023,-0.0020490123483424536,-0.02180820695285657,0.016673740548590464,-0.13444093965943935,0.011862088451066236,0.34181498761613194,-0.006073747957881503,-0.009607083815034584,0.000227813254202208,665.5742126583716,661.1303234513219,664.4834379450937,663.4830553095926,0.0,0.0,0.0
20.592,-3.494773124654181,-4.461608437422692,2.012407455044428,-0.5517601309498119,0.8157646863097594,88.30277567778145,-3.5042790219266196,-4.466015468503417,1.9999999999999991,88.47712599793847,0.01982450639780234,0.0029659375346738443,-0.01605102870525339,0.0058121812829581565,-0.14867692369221333,0.011053740810678345,0.31551216159751955,-0.00037122934684985444,0.0024155723070282964,-0.0002940139701728741,663.1588867421059,663.7381618518235,662.2426178694488,663.0332384489353,0.0,0.0,0.0
20.644000000000002,-3.4950334659725293,-4.46039952152312,2.011706007451924,-0.53850462467269,0.3739030587998152,88.33808897360171,-3.5042788753110465,-4.466016249707855,1.9999999999999991,88.47712599793847,0.025000716943012778,0.007712642608189173,-0.011404458052757948,0.005694747586968254,-0.14560278245503586,0.009994192271093463,0.2916901947993544,0.007211987522955441,0.015516319398375507,-0.0006625732326904489,660.175815168907,666.616506365555,660.3949390214079,662.7546786315406,0.0,0.0,0.0
20.696,-3.495531450190082,-4.459029807016314,2.011223308090954,-0.4962038165700193,-0.024942650240436938,88.36940937128466,-3.504278755836767,-4.466016944684165,1.9999999999999991,88.47712599793847,0.02633070201078728,0.012187040491599332,-0.0076745027043771,0.02203281435436069,-0.12340907821231731,0.008801716879416452,0.2698941011081763,0.01148999041557869,0.02709365510735081,-0.0008964499886250089,657.7455929240751,668.6823343158194,658.5378426555357,662.9772278584373,0.0,0.0,0.0
20.748,-3.4962469278520225,-4.457685681410553,2.0109176126799455,-0.3868836226976703,-0.3273999491061521,88.39582498538483,-3.5042786627437414,-4.466017517903502,1.9999999999999991,88.47712599793847,0.024454146548245334,0.01598440784995301,-0.004706665982158567,0.04589054547632164,-0.08569680815623557,0.00756788631580575,0.2499337286119987,0.004733459137982381,0.027586139271252745,-0.0010125359390718743,658.3585328940877,667.523468580598,656.8972960350983,663.4050643392046,0.0,0.0,0.0
20.8,-3.49713011173766,-4.456507307568347,2.010751006734701,-0.22717082658938392,-0.5117775546316622,88.41726665775334,-3.504278592522013,-4.466017968293911,1.9999999999999991,88.47712599793847,0.020376277653105672,0.01854348335229098,-0.0023875641369577125,0.056411433307538825,-0.04642955503524806,0.006377707735144201,0.23190250919168004,-0.0025569958009902007,0.02219667938870049,-0.0010373484969820863,659.8041107207779,665.3763250435265,656.1918676783956,663.245603907051,0.0,0.0,0.0
20.852,-3.498108399136469,-4.455579325181318,2.0106894932281927,-0.06569950257417133,-0.5904596229367841,88.43451722654282,-3.5042785408672,-4.4660183101575175,1.9999999999999991,88.47712599793847,0.01514137762779726,0.01961425758560878,-0.0006418211709530527,0.05126283996078468,-0.013979498827421763,0.005279126118514867,0.21614389187364588,-0.005125804014047894,0.01627642411504694,-0.0010069566783905528,660.6235919431086,663.7891043898863,656.3650737020762,662.4665926418891,0.0,0.0,0.0
20.904,-3.4991076062446247,-4.454936283719594,2.0107029422278964,0.06644731739557846,-0.587442985222718,88.44847427373013,-3.504278503641258,-4.466018562878015,1.9999999999999991,88.47712599793847,0.00961472465973859,0.01933633568841501,0.0005963155489847034,0.039398731031647774,0.010041022829527933,0.004288545595097296,0.2029735373075571,-0.005044518093910563,0.010747921544248308,-0.0009445872233197815,661.0205324944336,662.6405720842238,656.961410429298,661.4650296387545,0.0,0.0,0.0
20.956,-3.500066622660759,-4.4545740379638685,2.0107657205201264,0.16160681755442396,-0.5273453152509006,88.45978769685064,-3.5042784772775417,-4.466018745755519,1.9999999999999991,88.47712599793847,0.0044321085051698,0.018030355065628285,0.0013968976708051985,0.0271119295137497,0.02603870100709742,0.003405594687320045,0.19252193107091173,-0.0041985916490592185,0.005935640437464085,-0.0008655366840103709,661.2417203335978,661.7353804379459,657.6456553252074,660.5362277057512,0.0,0.0,0.0
21.008,-3.5009414928259015,-4.454461694896305,2.0108571313174943,0.22313246960553026,-0.4322589451128558,88.46886073303064,-3.504278458891291,-4.466018875731345,1.9999999999999991,88.47712599793847,1.0646427269823515e-05,0.016032074959990875,0.0018379315991073589,0.016595072666952197,0.035051214865894874,0.0026311069244593296,0.1846840588465686,-0.003337686760231122,0.0019710251779494325,-0.0007775726643165317,661.3845966140834,660.9960234071838,658.2796077954175,659.793928502027,0.0,0.0,0.0
21.06,-3.501704090387581,-4.4545523327406125,2.010961215878791,0.2569872925874819,-0.3208792265015708,88.47595950731949,-3.5042784462464738,-4.466018966665131,1.9999999999999991,88.47712599793847,-0.0034223265919219844,0.01362943202738246,0.0019986892138735756,0.008109906050772251,0.03827715887933708,0.0019634852051063387,0.17919132288464656,-0.002601884768587196,-0.0010745555949987235,-0.0006868264257284405,661.4626248356863,660.4169323662892,658.8198981362509,659.2555712012701,0.0,0.0,0.0
21.112000000000002,-3.5023393699547616,-4.454791968212226,2.011066258907069,0.2688792667861433,-0.20822877387846658,88.48129835054527,-3.5042784376630816,-4.466019029385732,1.9999999999999991,88.47712599793847,-0.005795638547904149,0.011053105499642394,0.001956215198657367,0.0014384087618423973,0.03699971989815657,0.0013964700146520518,0.1756615415061205,-0.0019674345353077475,-0.0031893714301864315,-0.0005947998085993351,661.4651295968749,659.9979134091964,659.2586311501899,658.9100963761922,0.0,0.0,0.0
21.164,-3.5028426765359275,-4.455126631971806,2.0111644212089446,0.2637161769751703,-0.10520967250327053,88.48508134463248,-3.504278431909217,-4.466019072078339,1.9999999999999991,88.47712599793847,-0.007157957503326059,0.008482308081600849,0.0017832735403475915,-0.003676004040940546,0.03260925222810557,0.0009261558258434703,0.1736307291679672,-0.0013915938018688248,-0.0044720950310649064,-0.0005050466906395061,661.3949138111867,659.72614320266,659.6011525599629,658.7226001981826,0.0,0.0,0.0
21.216,-3.503217406812831,-4.455507439350928,2.011250898760705,0.2458672452334703,-0.018953196184727624,88.4875304385533,-3.504278428099445,-4.466019100773794,1.9999999999999991,88.47712599793847,-0.007639983661859894,0.0060519504467078985,0.0015350861939265512,-0.007378391855430072,0.02629655337937118,0.0005459970370459644,0.17271036222745617,-0.0008790786920349724,-0.005025446163142038,-0.0004208843720551525,661.2630643037655,659.5823212968385,659.8482128259767,658.6658483736003,0.0,0.0,0.0
21.268,-3.5034729340145154,-4.45589382710811,2.0113231784088317,0.219250877755876,0.046747139580897226,88.48887547900308,-3.5042784256081365,-4.466019119824256,1.9999999999999991,88.47712599793847,-0.007421327209551862,0.00385747628950108,0.0012535337371062873,-0.009828102436908523,0.01912627238935756,0.00024729229993974993,0.17256981047511472,-0.0004364553996446265,-0.0049909963364535535,-0.00034074260479434356,661.0808227361247,659.5356123679587,660.0136944766975,658.7151481558178,0.0,0.0,0.0
21.32,-3.503622744564424,-4.456255203871383,2.011380411858161,0.18731218907814554,0.09090514316202068,88.48935008557456,-3.5042784239998763,-4.466019132315596,1.9999999999999991,88.47712599793847,-0.006701695998255465,0.001959610165467302,0.0009671442353007415,-0.011191111390487191,0.01195375505719504,1.979719123406128e-05,0.17295643831439123,-7.273872838059383e-05,-0.0045180359236185,-0.00026804295282703214,660.8695242831084,659.5623354727392,660.1070182525165,658.8398279260235,0.0,0.0,0.0
21.372,-3.5036827977490175,-4.4565712834212965,2.0114228995721066,0.15294945972799825,0.114705944750027,88.48917513870911,-3.5042784229757875,-4.4660191404021985,1.9999999999999991,88.47712599793847,-0.005677867800111381,0.000389358378157081,0.0006944606719017514,-0.011656142397373526,0.005423787513895566,-0.00014481139864846968,0.1736789726610653,0.0002120294994905356,-0.00375606231474045,-0.00020439385270234656,660.6482314350633,659.6389839922108,660.142854078727,659.0118756684209,0.0,0.0,0.0
21.424,-3.5036701368021324,-4.456831410913322,2.0114517025454783,0.11851201539607575,0.12088159819349083,88.48854688267609,-3.5042784223333583,-4.466019145567141,1.9999999999999991,88.47712599793847,-0.0045266616257409326,-0.0008465522555252548,0.00044650760960067827,-0.011408003637351786,-3.251139147299595e-05,-0.0002579385156695115,0.17459565044523076,0.00041944126017499483,-0.0028431267796891198,-0.00014981717514901948,660.4331869612,659.7429269112118,660.1378642128121,659.2081077128394,0.0,0.0,0.0
21.476,-3.503601760024878,-4.4570331865823265,2.011468335159408,0.08579654360280992,0.11308594804668878,88.48762913565591,-3.504278421937076,-4.4660191488180745,1.9999999999999991,88.47712599793847,-0.0033938310127293357,-0.0017603585496989039,0.00022929325153055587,-0.0106308230461069,-0.004184838870975562,-0.0003295050128031951,0.1755994334349642,0.0005572775945799236,-0.0018959213218014844,-0.00010423046419279683,660.2374417613311,659.8561752879883,660.1075394269131,659.4085245422774,0.0,0.0,0.0
21.528,-3.5034937530162553,-4.457180682032592,2.011474546490236,0.05607452506047843,0.09534177756700893,88.48655093449393,-3.504278421697373,-4.466019150831084,1.9999999999999991,88.47712599793847,-0.0023884769155606573,-0.002378081062211078,4.545649136608706e-05,-0.009492835661921231,-0.0069735140520702996,-0.00036786761864964797,0.17660880811977372,0.0006359081023862121,-0.001005239969565168,-6.726617629074686e-05,660.0702117245046,659.9650156336335,660.065046249121,659.5974691554678,0.0,0.0,0.0
21.580000000000002,-3.5033606710480854,-4.457282507287101,2.0114721601493875,0.030162253195719062,0.07161660090840362,88.48540837571991,-3.504278421555782,-4.466019152054217,1.9999999999999991,88.47712599793847,-0.0015820381298978475,-0.0027348427113610004,-0.00010478961983123444,-0.008136342900952524,-0.008470050259807465,-0.00038134310362690634,0.17756363788134136,0.0006647520181913566,-0.00023662961258890747,-3.8033150067079036e-05,659.9370028927597,660.0589478088696,660.0210169218325,659.7642294832123,0.0,0.0,0.0
21.632,-3.5032151419125146,-4.457349930184589,2.0114629347152677,0.008493600803436257,0.04547378914899955,88.48426908904956,-3.504278421474633,-4.466019152780736,1.9999999999999991,88.47712599793847,-0.0010107861508985236,-0.0028709339323523394,-0.00022301146641367045,-0.006681211193261437,-0.008843716144825705,-0.0003761980077455937,0.17842328424449583,0.0006534866074792158,0.0003713037623370237,-1.55927950635068e-05,659.8397852925456,660.1316884758171,659.9827561944921,659.902373453138,0.0,0.0,0.0
21.684,-3.5030676564247076,-4.457395203774095,2.0114484899526133,-0.008817172968498111,0.019863807431698896,88.48317777924686,-3.504278421429989,-4.466019153200129,1.9999999999999991,88.47712599793847,-0.0006808589947454391,-0.0028285512174056086,-0.0003120213199995506,-0.005225182119335989,-0.008324629345324524,-0.0003581768739741744,0.17916373205302347,0.0006121387421376585,0.0008038027154126564,1.09216765022786e-06,659.7772763786064,660.1805999155264,659.9546961517963,660.0092903819094,0.0,0.0,0.0
21.736,-3.5029265162277845,-4.457430198862722,2.0114302456724698,-0.021904508172448385,-0.0029983263545648297,88.48216239592618,-3.5042784214068674,-4.466019153433187,1.9999999999999991,88.47712599793847,-0.0005747769761358727,-0.002649183810389619,-0.0003753966953836706,-0.0038423387247229408,-0.007163120384021332,-0.0003315767973364518,0.17977483294686805,0.0005497531643596366,0.0010635262528536187,1.3087964875185028e-05,659.7460891228143,660.2056254931466,659.9389719068246,660.0853101284929,0.0,0.0,0.0
21.788,-3.502797905623822,-4.457465391266309,2.011409395203915,-0.031082571412819948,-0.021648626846271505,88.48123861707924,-3.504278421396049,-4.466019153555762,1.9999999999999991,88.47712599793847,-0.0006584584501785799,-0.00237167415548934,-0.0004174117553859596,-0.002584192092181533,-0.005610647824204711,-0.00029974940769271605,0.18026049326159932,0.00047371675977778203,0.0011687559288382702,2.1186750500237352e-05,659.7415221758023,660.2093744259464,659.9351782748845,660.1331399924048,0.0,0.0,0.0
21.84,-3.502686054309248,-4.457509207689246,2.011386906231622,-0.03679038532921837,-0.03532467834592935,88.4804143273935,-3.504278421391975,-4.466019153614711,1.9999999999999991,88.47712599793847,-0.0008880619035111703,-0.002030890257607139,-0.00044213555051879263,-0.0014864522471965938,-0.0038898193853826105,-0.00026530092491088236,0.18062978840665492,0.0003914565034394761,0.0011449824685332505,2.6254631991424447e-05,659.7578520302588,660.1955001555247,659.9421075455533,660.1567225673982,0.0,0.0,0.0
21.892,-3.5025934631776945,-4.457567702871815,2.0113635345072733,-0.03954096626387244,-0.043870220028001304,88.47969156506913,-3.5042784213913754,-4.466019153638419,1.9999999999999991,88.47712599793847,-0.0012160323831350932,-0.001656869681621129,-0.0004536652527852348,-0.000566308337168971,-0.0021894825943038604,-0.00023035941177304166,0.18089882845033528,0.00030831670598333814,0.0010239218604341314,2.8944195760051347e-05,659.7892253306287,660.1687065197328,659.9572388660135,660.1610504917887,0.0,0.0,0.0
21.944,-3.502521169372423,-4.4576445233554045,2.011339839003947,-0.040007820586491924,-0.047981805148191774,88.47890988557435,-3.5042784213923857,-4.466019153643679,1.9999999999999991,88.47712599793847,-0.0015964704083053622,-0.0012743030364476425,-0.0004556987688712822,0.0,0.0,0.0,0.18108607815326197,0.00030058901949625447,0.0006036160879218751,-3.8364954509503325e-05,659.9475930554681,660.2051131521165,659.9269568908016,660.013273724202,0.0,0.0,0.0
21.996,-3.5024690926228166,-4.457741288621785,2.0113162192481076,-0.03873064179906364,-0.049231372062228225,88.47798063051535,-3.5042784213939866,-4.466019153640148,1.9999999999999991,88.47712599793847,-0.0019958197281725546,-0.0009006153815838448,-0.00045111202874646255,0.0,0.0,0.0,0.18120700968882456,0.0004576573121143148,0.0009553436442709352,-1.8610992497467407e-05,659.8504423331732,660.2528839374731,659.9292690243276,660.0710278236913,0.0,0.0,0.0
22.048000000000002,-3.5024362604525234,-4.457858193145566,2.0112929446748127,-0.03484396456397169,-0.04679654522862562,88.47706528302764,-3.5042784213956564,-4.466019153633152,1.9999999999999991,88.47712599793847,-0.0023869502205776665,-0.0005534701323924762,-0.00044238297347307256,0.0017323939350587022,0.001423512648718895,-0.0002927369315691273,0.18127733867438622,-0.00016071433708771848,0.0006282455150610975,0.000107601872173153,659.8118414245158,659.9450355237635,660.0640939851522,660.2887578559233,0.0,0.0,0.0
22.1,-3.5024205261171035,-4.457993791737174,2.011270179871908,-0.02903927589137298,-0.04036276606364191,88.4765031777418,-3.504278421397155,-4.466019153625462,1.9999999999999991,88.47712599793847,-0.0027344408826710975,-0.00025614292333819453,-0.00043152308658896273,0.001887756255942337,0.0025369791786643797,-0.000147992632381033,0.18131154644756853,-0.0002761363506810928,0.00023984784881504555,6.698763614743285e-05,659.940570593321,659.9302333209804,660.0474419809298,660.1943857773724,0.0,0.0,0.0
22.152,-3.5024189521474884,-4.458144945489388,2.0112480121986973,-0.024247869676200132,-0.03188216240050464,88.47615494889354,-3.5042784213983986,-4.466019153618392,1.9999999999999991,88.47712599793847,-0.003010200591726089,-1.3095585043456476e-05,-0.0004197183393573244,0.0014248166888208992,0.0029905661181833737,-9.575028546387487e-05,0.1813184662316869,-0.0001370734373148789,-2.0942728061501418e-05,5.5463862270529596e-05,659.9739763120821,659.9289643584153,660.0885360099586,660.1216089157605,0.0,0.0,0.0
22.204,-3.5024289632531325,-4.458307589016763,2.0112264765597145,-0.02052632409732446,-0.022801281749211075,88.47594036696627,-3.5042784213993787,-4.466019153612448,1.9999999999999991,88.47712599793847,-0.003203075120077034,0.0001873920974112616,-0.0004078466030193608,0.0011648603683278654,0.0030422930513816374,-5.525866071330015e-05,0.18130558103253633,-4.977963345869122e-05,-0.00020698449844064857,4.533469474227367e-05,660.0017479763111,659.9286085280481,660.1131148211583,660.0683434191726,0.0,0.0,0.0
22.256,-3.5024484992086014,-4.458477424477939,2.0112055637983985,-0.017208915936922364,-0.014085187653814515,88.47583071155115,-3.5042784214001257,-4.466019153607716,1.9999999999999991,88.47712599793847,-0.0033129448666674097,0.00035311781362697164,-0.00039651419188483055,0.0010932484723975334,0.0028157137533911377,-2.380058703143486e-05,0.18127911625486992,-3.361229868627008e-05,-0.00033066944188777606,3.626202614690447e-05,660.0290144755637,659.9252504383988,660.1198588207592,660.0352562853245,0.0,0.0,0.0
22.308,-3.5024757445303383,-4.458650382335079,2.0111852354590605,-0.013996567377942755,-0.006393985274468472,88.47580133253305,-3.504278421400679,-4.4660191536040905,1.9999999999999991,88.47712599793847,-0.0033470774762171668,0.000486936525044357,-0.00038611062331642273,0.0010671650205440267,0.00240345815648686,-2.198176344952186e-07,0.1812441064252699,-4.6795644331586975e-05,-0.0003986502616327031,2.833228270164702e-05,660.0507645968015,659.9238832666441,660.1158942577293,660.0156834930474,0.0,0.0,0.0
22.36,-3.5025089893709707,-4.4588229264234585,2.011165433661735,-0.010903138548689276,-0.00013637812528019942,88.47583114404254,-3.5042784214010796,-4.46601915360139,1.9999999999999991,88.47712599793847,-0.0033175271151586077,0.0005902707313475143,-0.00037687618326820807,0.0010132241415987612,0.00188582223224322,1.6875963413301457e-05,0.18120474412722318,-6.173214640783019e-05,-0.00041856208682554424,2.1497865295770804e-05,660.064312484708,659.9275066961455,660.1062624117677,660.004633046515,0.0,0.0,0.0
22.412,-3.502546628826709,-4.45899223176199,2.0111460897892792,-0.007799633735214539,0.004754145059054971,88.47591605397088,-3.504278421401365,-4.466019153599422,1.9999999999999991,88.47712599793847,-0.003238769952485283,0.0006649686699536226,-0.0003689313009477461,0.0002422518354522344,0.0003197997364447172,8.21911384898337e-06,0.18116439089416053,0.00018027918280313918,-2.1875885782518097e-05,2.2872548575451687e-05,659.9705536158119,660.0156729994618,660.0852447993993,660.0276687454632,0.0,0.0,0.0
22.464,-3.5025870503761367,-4.459156100159973,2.0111271311337693,-0.003889063973772661,0.009231786646265946,88.47603678164566,-3.5042784214015654,-4.466019153598016,1.9999999999999991,88.47712599793847,-0.003119530843440182,0.000707573130197878,-0.0003623666260070245,0.0,0.0,0.0,0.1811262503448073,0.00015907693508307718,-0.00012905883617499178,2.3248355737241976e-05,659.9874739393408,659.9960242722321,660.0971645879828,660.0151002154412,0.0,0.0,0.0
22.516000000000002,-3.502628407132567,-4.459312668467788,2.011108486760888,6.116966897233583e-05,0.012562675772051798,88.47621338074968,-3.504278421401703,-4.466019153597028,1.9999999999999991,88.47712599793847,-0.002967228053328924,0.0007153505488849132,-0.00035705490257830424,0.0,0.0,0.0,0.1810913293617653,1.301624553496206e-05,-0.0003478867582007336,1.9482866392670918e-05,660.0438827712101,659.9484991462339,660.1015421878086,659.998751940731,0.0,0.0,0.0
22.568,-3.502668810449458,-4.45946058446329,2.0110900910487284,0.0044727619659339045,0.014785701070181307,88.47643452240986,-3.5042784214017972,-4.466019153596343,1.9999999999999991,88.47712599793847,-0.0027918259856782213,0.0006861539806339598,-0.0003528811958302267,0.0,0.0,0.0,0.18106058908524178,-0.00018849955246635975,-0.0005502785118613637,1.4775853516875417e-05,660.1072402651724,659.8968105491217,660.0944729052815,659.991432050571,0.0,0.0,0.0
22.62,-3.5027062681450634,-4.459599064969119,2.0110718853022296,0.008290907019827131,0.015120831537661163,88.4766790406947,-3.5042784214018607,-4.466019153595874,1.9999999999999991,88.47712599793847,-0.0026060213190084057,0.0006196332304541617,-0.0003496602746512566,0.0,0.0,0.0,0.1810340800390282,-0.00040281852321981556,-0.0006915950955971154,9.559642728002315e-06,660.1645161802342,659.8527922063048,660.0762708499491,659.9940213547993,0.0,0.0,0.0
