Time_s,X,Y,Z,Roll_deg,Pitch_deg,Yaw_deg,Ref_X,Ref_Y,Ref_Z,Ref_Yaw,vx,vy,vz,p,q,r,T_pert,tau_x,tau_y,tau_z,RPM_0,RPM_1,RPM_2,RPM_3,Wind_X,Wind_Y,Wind_Z
0.051999999999999824,-2.999999999998616,-17.999999999998984,0.010058993331619692,1.4413676424774564e-09,1.0563835125346447e-09,89.99999999958123,-3.0,-18.0,0.014468576071479895,89.99999999971945,1.561454377791432e-11,-2.1292543307890634e-11,0.0009999554890382026,0.0,0.0,0.0,0.1317018279873709,-8.598840092660493e-11,-6.303315136043938e-11,2.869389050069503e-12,658.9280681659064,658.9280681233907,658.9280681493337,658.9280681558829,0.0,0.0,0.0
0.10399999999999987,-2.9999999999982814,-17.999999999998742,0.010110992686459602,1.7900849718195359e-09,1.3124448993958767e-09,89.99999999963464,-3.0,-18.0,0.02787551996334139,89.99999999971945,-2.281766708282417e-14,-1.789643829221195e-12,0.0009999979719380395,0.0,0.0,0.0,0.5603678075132118,-8.346807319999993e-11,-5.992963498125321e-11,1.7606173976218066e-12,668.3729303448923,668.3729303045592,668.3729303262304,668.372930332851,0.0,0.0,0.0
0.15599999999999992,-2.9999999954516894,-17.99999999659672,0.010366540764863647,0.00012391077561426208,9.301025978114049e-05,90.00004572236811,-3.0,-18.0,0.04988303004772189,89.99999999971945,1.9597385258136013e-07,-2.61888934218777e-07,0.010863993427821388,0.0,0.0,0.0,1.1615272449798344,-5.710720734188997e-06,-4.286005580551106e-06,-9.492228901079866e-07,681.4005206405677,681.3977626386378,681.3963987663599,681.3967918332203,0.0,0.0,0.0
0.20799999999999996,-2.9999999306051652,-17.999999947713448,0.011849316218420355,0.0003074946524500151,0.0002380319028669978,90.00011574594652,-3.0,-18.0,0.07930389840894236,89.99999999971945,1.4543124034336675e-06,-1.9251532251569855e-06,0.043267418116109665,0.0,0.0,0.0,1.7395240795683522,-1.5478392761779988e-05,-1.1945354813686316e-05,-2.4029440851336305e-06,693.6972700533717,693.6898381938962,693.6867436014334,693.6877010665335,0.0,0.0,0.0
0.26,-2.9999997169579045,-17.999999782669367,0.015635065527331717,0.00041338217467659275,0.0003498851634374173,90.00017673404511,-3.0,-18.0,0.11472102372075471,89.99999999971945,3.815331004023899e-06,-4.922678109204752e-06,0.09530382289074765,0.0,0.0,0.0,2.2429343021914576,-2.3344712113350247e-05,-1.9388229332741472e-05,-3.6690846284404223e-06,704.232303340084,704.2208958865539,704.2165480245089,704.2176042121314,0.0,0.0,0.0
0.31200000000000006,-2.9999992999819898,-17.999999443270244,0.022668313145371217,0.00037196450533813973,0.0003914934581111919,90.00022379873543,-3.0,-18.0,0.1547860687343112,89.99999999971945,6.929904218761091e-06,-8.533829601048036e-06,0.164357009240834,0.0,0.0,0.0,2.6238977966060713,-2.5657583833771854e-05,-2.4752541805458035e-05,-4.646168911175573e-06,712.1007654226574,712.0874572406757,712.0820654677947,712.0823044012548,0.0,0.0,0.0
0.3640000000000001,-2.9999987008489946,-17.999998906848052,0.03370970141736419,0.00014653222062276645,0.0003350976732135903,90.00025519015414,-3.0,-18.0,0.19834332614553446,89.99999999971945,1.0308605935246264e-05,-1.17737916170409e-05,0.2462539554820699,0.0,0.0,0.0,2.8619544855416144,-1.983266113350703e-05,-2.639233206512028e-05,-5.2978689778056835e-06,716.9726512970692,716.9605309157786,716.953944238202,716.9522242333916,0.0,0.0,0.0
0.4159999999999999,-2.999998040062112,-17.999998204001557,0.04928062222655411,-0.0002497770138677645,0.00016632652630944826,90.00027022346029,-3.0,-18.0,0.24446134838122793,89.99999999971945,1.3376174791587344e-05,-1.3530507891562461e-05,0.33622608431940837,0.0,0.0,0.0,2.957380617003053,-5.188207069056796e-06,-2.3077858815521546e-05,-5.609967220580543e-06,718.9142357088564,718.906844272164,718.8986151488285,718.8939370003903,0.0,0.0,0.0
0.46799999999999997,-2.999997530993252,-17.99999742757538,0.06964948093554173,-0.0007437208883400488,-0.00010990728087390384,90.00026916916718,-3.0,-18.0,0.292419963301495,89.99999999971945,1.548578027140517e-05,-1.26473114112048e-05,0.4294169806790049,0.0,0.0,0.0,2.9262183752201896,1.6513991984824574e-05,-1.4253167519674504e-05,-5.588079618630651e-06,718.2761109219008,718.2767026382762,718.2662123165968,718.2581595938703,0.0,0.0,0.0
0.52,-2.999997436759595,-17.999996728638244,0.0948464560879709,-0.001207285791324146,-0.00046575686480999386,90.00025316626252,-3.0,-18.0,0.3416791128349371,89.99999999971945,1.5923693901445177e-05,-8.041057826684586e-06,0.5215027246234255,0.0,0.0,0.0,2.7926995728288366,4.111720673039847e-05,-2.0815047996709805e-07,-5.255852071282036e-06,715.5473371771503,715.558084892969,715.5447134299004,715.5338561388719,0.0,0.0,0.0
0.5719999999999998,-2.9999979959104492,-17.999996297880084,0.12470126348952042,-0.001478554581786005,-0.000849947959684882,90.00022412429658,-3.0,-18.0,0.3918433980731823,89.99999999971945,1.3939824724297623e-05,1.0535648052641878e-06,0.6089573601118284,0.0,0.0,0.0,2.5842840033768146,6.262901946452117e-05,1.7838734018083353e-05,-4.652927707956874e-06,711.2695820033559,711.2908496528022,711.2741775799498,711.2623392961345,0.0,0.0,0.0
0.6239999999999999,-2.9999993331822847,-17.999996333956943,0.15888777622259587,-0.001396996074051293,-0.0011909178876912776,90.00018457808757,-3.0,-18.0,0.44262898997818617,89.99999999971945,8.838008898495363e-06,1.4667952846847616e-05,0.6891693157574585,0.0,0.0,0.0,2.3325554441425496,7.42194502691641e-05,3.770517650338699e-05,-3.831930501569025e-06,706.0703202689716,706.100119625042,706.0801610007092,706.0704391265865,0.0,0.0,0.0
0.6759999999999999,-3.0000013795406715,-17.99999700350902,0.19698084841670407,-0.0008883850298578685,-0.0014285353254345871,90.00013167860318,-3.0,-18.0,0.4938355673980697,89.99999999971945,3.7073738976554817e-07,3.121703514516017e-05,0.7607374719427474,0.0,0.0,0.0,2.064657611584882,7.102883855758218e-05,5.723386593758658e-05,-2.7337132522915966e-06,700.4967145857466,700.5311354654722,700.5086430271476,700.5049409382954,0.0,0.0,0.0
0.728,-3.000003845141496,-17.999998410511235,0.2385085282481462,4.607904094312637e-05,-0.0014931093305943165,90.00007613937802,-3.0,-18.0,0.545323855245352,89.99999999971945,-1.1489543454123401e-05,4.7884999995693176e-05,0.8229748690620087,0.0,0.0,0.0,1.7879418320899365,4.999426879557282e-05,7.365879350241527e-05,-1.580693788762295e-06,694.6955861460075,694.7290470926298,694.7049559020068,694.711359642631,0.0,0.0,0.0
0.78,-3.0000062304124873,-18.000000560924608,0.2829744326770491,0.0013700369391773531,-0.0012756350687198373,90.00001778711948,-3.0,-18.0,0.5969983425879779,89.99999999971945,-2.6754431945702e-05,6.133235280488612e-05,0.8756042292045985,0.0,0.0,0.0,1.5178491812995585,8.699475196839947e-06,8.222439933331311e-05,-3.6927447923065667e-07,688.9899405683441,689.0147487869215,688.991334543967,689.0113955564535,0.0,0.0,0.0
0.8320000000000001,-3.000007869399124,-18.0000033196451,0.3298856011306279,0.0027932990663986075,-0.0007655120984379867,89.99995981321396,-3.0,-18.0,0.6487943715704672,89.99999999971945,-4.348666202132895e-05,6.527094128570664e-05,0.918876283564385,0.0,0.0,0.0,1.2655289638990723,-4.71914373012948e-05,8.041803990244829e-05,8.342900510384946e-07,683.620344573518,683.6294816319347,683.6095978742795,683.6446893778385,0.0,0.0,0.0
0.8840000000000001,-3.0000080716869313,-18.000006405597503,0.37877191576006003,0.004042716929884956,8.934831141932576e-05,89.99990992728884,-3.0,-18.0,0.7006687133801335,89.99999999971945,-6.009871371373463e-05,5.550347828829329e-05,0.9533925985296143,0.0,0.0,0.0,1.0386563388974537,-0.00011084908238371076,6.397314155745467e-05,1.8699444451596977e-06,678.759999707126,678.7470166712982,678.7343338233225,678.7827532538242,0.0,0.0,0.0
0.9359999999999997,-3.0000062697198486,-18.00000938237477,0.4292058472789503,0.004723345573048093,0.0012562689187203865,89.99986891441388,-3.0,-18.0,0.7525928207419088,89.99999999971945,-7.347847667550575e-05,2.830255523346984e-05,0.9800494421967226,0.0,0.0,0.0,0.8411332771066249,-0.00016944410249635096,3.063367574787176e-05,2.7213903007577276e-06,674.5030591323341,674.4643700020735,674.4632068847069,674.5189717920634,0.0,0.0,0.0
0.9879999999999998,-3.0000021995737645,-18.000011680626447,0.4808075552307687,0.004416960344541102,0.0026227951485217056,89.9998383323139,-3.0,-18.0,0.8045480763480225,89.99999999971945,-7.960214229976766e-05,-1.730494657095159e-05,0.9998138683525951,0.0,0.0,0.0,0.6749732665864219,-0.0002060046614315485,-1.945129540640499e-05,3.356288544649263e-06,670.902539986057,670.8393626844608,670.8539585578727,670.9062338571306,0.0,0.0,0.0
1.0399999999999998,-2.999996083391126,-18.00001265775761,0.5332537320580695,0.0028056961953354114,0.00400289627265762,89.9998190640455,-3.0,-18.0,0.8565224959877692,89.99999999971945,-7.430159365521805e-05,-7.744578880918826e-05,1.0138138194014652,0.0,0.0,0.0,0.5390229405721847,-0.00020255355520444273,-8.317459603631831e-05,3.7563065213033265e-06,667.9408667002641,667.8604438414341,667.8941359928963,667.9277366351686,0.0,0.0,0.0
1.0919999999999999,-2.9999887566762715,-18.00001168855074,0.5862765899558968,-0.000206301179023237,0.00514448285088323,89.999811319837,-3.0,-18.0,0.9085084719116434,89.99999999971945,-5.4038967470550646e-05,-0.0001423907550773495,1.0230709394385307,0.0,0.0,0.0,0.43154782958296956,-0.00014427242778553885,-0.0001539134365750161,3.9170797970048675e-06,665.585441946445,665.5012153866007,665.5554495958723,665.5527264088485,0.0,0.0,0.0
1.144,-2.9999816879727494,-18.000008281884828,0.6396612762645446,-0.004383683082827844,0.00575255229919478,89.99981467518144,-3.0,-18.0,0.9605012479123867,89.99999999971945,-1.6850258183893277e-05,-0.0001968613148075123,1.0285970478157593,0.0,0.0,0.0,0.3493147262183047,-2.4546408222308013e-05,-0.00022145186625283788,3.84742132622864e-06,663.7691034095333,663.6994285395165,663.7727464298497,663.7169771639416,0.0,0.0,0.0
1.196,-2.999976846066897,-18.000002213299428,0.6932405976871648,-0.009085206045037023,0.0055251813972436725,89.99982820688442,-3.0,-18.0,1.0124979015962163,89.99999999971945,3.6723200079007094e-05,-0.00022189826760135183,1.0312416719608581,0.0,0.0,0.0,0.28922567145232136,0.00014976741537939083,-0.00027244920995532073,3.566497045227931e-06,662.4269589700141,662.3921419272993,662.4793010285294,662.3594779041318,0.0,0.0,0.0
1.248,-2.999976386333525,-17.999993656963863,0.7468892704776221,-0.013270595752722441,0.00420562803928112,89.99984953517004,-3.0,-18.0,1.0644966734891261,89.99999999971945,0.00010282849805123755,-0.00019861109127465625,1.031780841703623,0.0,0.0,0.0,0.24760525970290992,0.00035456375371425514,-0.0002917332948013699,3.1237121781284476e-06,661.4818536424456,661.4997096672662,661.5912425838541,661.4075713857624,0.0,0.0,0.0
1.3,-2.999982163141729,-17.999983294157207,0.8005181905149551,-0.015614691532094865,0.0016456247562440956,89.99987739020322,-3.0,-18.0,1.1164965303061323,89.99999999971945,0.00017382607775931797,-0.00011341899452851113,1.0308601229633694,0.0,0.0,0.0,0.2209289321312049,0.0005477122721895273,-0.0002644366686816961,2.5454290762433384e-06,660.8613487319979,660.9419256572869,661.0241737814032,660.7931628241221,0.0,0.0,0.0
1.352,-2.99999512457998,-17.99997237008444,0.854068355285447,-0.014753625969858304,-0.002128078630214828,89.99991083648794,-3.0,-18.0,1.168496884362751,89.99999999971945,0.00023837368964138274,3.592417836354478e-05,1.029002848999638,0.0,0.0,0.0,0.2059264004426815,0.0006731323990756279,-0.0001788914885349413,1.8510690604313942e-06,660.5002549162932,660.640910768762,660.696935249218,660.4544599385798,0.0,0.0,0.0
1.4039999999999997,-3.000014701856669,-17.99996266864649,0.9075038580389319,-0.009916436879344947,-0.0066649344496777785,89.99994147897547,-3.0,-18.0,1.220497415825163,89.99999999971945,0.00027999160397877156,0.000231945987346601,1.0266108185755773,0.0020160377364699137,-0.0014693656205775542,7.817165891283844e-06,0.1997925914720824,-9.597499290896878e-05,0.0005290006213333455,-1.633548945781626e-06,660.3779811372698,660.5012401921725,660.3461373483805,660.5240354361804,0.0,0.0,0.0
1.4560000000000002,-3.0000386012776614,-17.999956231861173,0.9608069567486096,-0.003788268184445998,-0.009933426612376957,89.9999615685575,-3.0,-18.0,1.2724979618438212,89.99999999971945,0.00026405282185875767,0.0004024389904838543,1.0239959663751619,0.0019907919856625702,-0.0008205392729422922,5.987636531349389e-06,0.2000297640195683,-0.00015269133684111473,0.0004260533514250789,-1.3839628148677452e-06,660.4056111314375,660.4834219838789,660.3583136421801,660.5230507913985,0.0,0.0,0.0
1.5079999999999998,-3.000063902064035,-17.999954538049913,1.013973367075729,0.0020078742974841595,-0.011322545569466626,89.99997993947913,-3.0,-18.0,1.3244984486163276,89.99999999971945,0.00019252289061789127,0.0005105038470785124,1.0213827092885852,0.002107785406005665,-0.0002787080576854826,6.597191710467e-06,0.20457252385300784,-0.0003054179408715304,0.000342192156594574,-1.987464861684166e-06,660.5406902178931,660.5511561701288,660.448261202618,660.6325727566201,0.0,0.0,0.0
1.5599999999999998,-3.000087771393568,-17.999958190240143,1.0670081011015058,0.008236626964805776,-0.011386606072880731,89.99999405326338,-3.0,-18.0,1.37649885061685,89.99999999971945,9.098104661031981e-05,0.0005718733149855532,1.0189215069525228,0.0,0.0,0.0,0.21178610583094937,0.0003327433248812573,0.00033887437207808896,1.2345112070605005e-07,660.6071166239196,660.7982138653746,660.7021414487898,660.7038859316913,0.0,0.0,0.0
1.6119999999999999,-3.000107352689343,-17.999967121681596,1.1199221758998406,0.013906094652586161,-0.01004825929121747,90.0000084579976,-3.0,-18.0,1.4284991667498494,89.99999999971945,-2.8956489128230478e-05,0.0005686230716956883,1.0167054637539605,0.0020218048016514387,0.0006522380617246123,4.320813438947507e-06,0.22040755141414436,-0.000660988452794028,0.00015683248471421785,-1.7500417643303287e-06,660.9677450265063,660.8243381068219,660.7748797538819,661.0075102273789,0.0,0.0,0.0
1.664,-3.000120037243207,-17.99998061317614,1.1727300073000737,0.01877509154135725,-0.007423646218050347,90.00001907977834,-3.0,-18.0,1.4804994068605395,89.99999999971945,-0.0001530899242038857,0.000505331052886741,1.014784524229603,0.0,0.0,0.0,0.22948905157242194,-0.0001321759200116311,0.00043216397967041673,-3.9611066218140977e-07,661.0524226157705,661.1377283828101,661.0137377102318,661.1742158575205,0.0,0.0,0.0
1.716,-3.000123647620567,-17.999997332177557,1.2254477112229802,0.022139772342346292,-0.0032489490785379154,90.0000305370905,-3.0,-18.0,1.5324995844503793,89.99999999971945,-0.00027312844223978367,0.0003786600820217047,1.0131783159280796,0.0,0.0,0.0,0.23832577159916468,-0.0003903011758864628,0.000390493241431399,-6.339696505379194e-07,661.2908075161251,661.2908621164597,661.1780908384733,661.4000554291382,0.0,0.0,0.0
1.768,-3.0001167712634884,-18.00001524323974,1.2780914285608638,0.023424040799632954,0.0025286598536644824,90.00003945220438,-3.0,-18.0,1.5844997130142664,89.99999999971945,-0.0003770841434769967,0.00019653484266994012,1.011877854253346,-2.136581187022011e-06,0.0016152423207158877,1.1140043035403023e-06,0.2464926898537314,-0.0006266413546854909,-0.0003557558875570539,-1.2249790635348476e-06,661.611799308359,661.3326002921414,661.4303350853086,661.5073216017228,0.0,0.0,0.0
1.82,-3.000099049271554,-18.00003166998023,1.3306764286329376,0.020792557719717594,0.008088967551947952,90.00004419476087,-3.0,-18.0,1.636499804420751,89.99999999971945,-0.00042639445569426035,-4.759923294708705e-05,1.0108610600084773,-0.0014251584595503957,0.0017720569921627163,4.4717339790961893e-07,0.2537207008962241,-0.00022175383321794114,-0.0005851443650827854,-1.0804528139670066e-06,661.7463963806482,661.5171298046934,661.6804119333193,661.5771601501013,0.0,0.0,0.0
1.872,-3.0000718688338783,-18.000044028110686,1.383215869709911,0.015495825935432934,0.012165782997327122,90.00729285745778,-3.000000477751648,-18.00000023606552,1.6884998683910228,159.8909792540156,-0.00040574448536645605,-0.0003051498769422167,1.0100332898683235,-0.0016196679599948503,0.0010629755553432803,0.012648908790075885,0.2605214629112549,-0.00020264507217425658,-0.0004893335596878212,0.08,540.2339253551241,539.9930757179998,764.3548260833852,764.284312364526,0.0,0.0,0.0
1.9240000000000002,-3.0000353494852057,-18.000050450668716,1.4356384166868565,0.09282570307306699,0.01364286354589476,90.30335649030468,-3.000007985418337,-18.000004192771105,1.7404999125267282,159.89099039942784,-0.0003155977916187078,0.0005429442277078143,1.0072554553645263,0.05041292884286106,0.00021628380071767283,0.14046302425875692,0.29023149374969215,-0.02289538354782039,-0.00030867701130210664,0.08,544.9350388370935,536.8704327794507,762.1074177008398,767.6587369306911,0.0,0.0,0.0
1.9759999999999998,-2.999950951897527,-18.000049967612995,1.4880116718266458,0.3141120341966625,0.011035798675320013,90.85487450392127,-3.000016064790204,-18.000011239791274,1.792237021042669,159.89107239838484,-0.00016955672042768337,0.0027320905074776944,1.0072933951351777,0.08347842894632695,-0.0004301365620720074,0.21376191401469322,0.2853620376312378,-0.043445935967733065,-9.342813925549269e-05,0.08,548.3070934905359,533.1703321161856,759.45212332932,770.108653728159,0.0,0.0,0.0
2.0279999999999996,-2.9997197077852658,-18.0000419546027,1.540396405233194,0.5525474459413395,0.0036957728568329778,91.61253819495973,-3.000016322485186,-18.000019116529252,1.8400654457371055,159.8913702457656,-2.6396675272548662e-05,0.0032608347865255615,1.0072499583988417,0.07350427860786055,-0.00048052690843180813,0.2815100121502799,0.15534284919133334,-0.050010269366754206,9.969868358724534e-05,0.08,545.9392485176731,528.4733969244176,756.1140412748617,768.4718246437917,0.0,0.0,0.0
2.08,-2.999235103875724,-18.0000250714689,1.5926627212471915,0.7236648676192599,-0.00793845064537637,92.56931273844049,-2.999991124182784,-18.000025702056764,1.8804669274767019,159.89199162179452,1.5461125747929173e-05,0.0007732395296294397,1.0027452320465957,0.045604413460663094,-7.131994650680373e-05,0.34787370076962276,-0.16581563906295926,-0.049972769948027254,0.0004191810545342122,0.08,537.2188704439544,519.5890703921652,749.8513147619915,762.380165624259,0.0,0.0,0.0
2.1319999999999997,-2.998426411514888,-17.9999973016206,1.644389634297465,0.8059252121378417,-0.02231248290772386,93.72210788215894,-2.9999149462569825,-18.000029459246647,1.9127221006323225,159.893197328541,-0.00016120916679291305,-0.004417744982164283,0.987724964533857,0.015835610468696658,0.0007732965781483668,0.41330117080082074,-0.6285343988129615,-0.04835062648609563,0.0009498269938815434,0.08,524.093709621583,506.80599467540367,740.9163208522341,753.3214005682528,0.0,0.0,0.0
2.184,-2.997270379589926,-17.999956710353622,1.6948694599856529,0.804148418157019,-0.03671763215871037,95.06813809860684,-2.999744659973958,-18.00002871358805,1.937492695193717,159.89486483782682,-0.0006681393472384347,-0.01139002166306793,0.9573873254600995,-0.010783077435161026,0.0022005667686556167,0.47773744948501096,-1.141985324396412,-0.0463852187660303,0.0016610139541640837,0.08,509.07146078798775,492.27858613510296,730.8731013966077,743.1285639553785,0.0,0.0,0.0
2.2359999999999998,-2.995785151146359,-17.999902064801567,1.74323863121666,0.7303216598826452,-0.04715079530894724,96.60416421059783,-2.9994286858651944,-18.000021770956447,1.9559718875091925,159.89729393953792,-0.0015882899166573712,-0.01912340677124583,0.909945179099102,-0.03296854165960627,0.004392377036391998,0.5409916146610745,-1.6228403507625764,-0.0440135701600164,0.0024223061854954687,0.08,494.4637676646262,478.38980399380677,721.3929965829458,733.3941375105853,0.0,0.0,0.0
2.2880000000000003,-2.994018962031838,-17.999832979014887,1.7886305432163674,0.5992917041912471,-0.049048962022522805,98.32627502577277,-2.9989240806588047,-18.000007024010543,1.9694444474851107,159.90005301620974,-0.002941578524636606,-0.026646324951194972,0.8463962619855913,-0.04981339633641797,0.00735339929820644,0.6028320594500499,-2.012017190168063,-0.04115804900078099,0.0030773906679226223,0.08,482.12275035932186,467.03818033361745,713.7432396450556,725.3007586648738,0.0,0.0,0.0
2.34,-2.992039107750836,-17.99974968456563,1.830295863067251,0.4292164867210051,-0.03800320045529873,100.2299177830396,-2.9981975715992415,-17.999983032189466,1.9790811110266961,159.90352065898736,-0.0046630610291492494,-0.03309685684923715,0.7696825505384595,-0.060252198637401146,0.010943460251370128,0.6630692433837397,-2.27687696460615,-0.03803084060148387,0.0034348199514926047,0.08,473.3195200265823,459.3733214310896,708.6566244077877,719.5725116479036,0.0,0.0,0.0
2.3920000000000003,-2.9899225954294155,-17.999652477416728,1.867678423674577,0.24102540837492586,-0.010680005167122447,102.30992215880119,-2.99723398010605,-17.999948591006632,1.9858613204029523,159.90706087256626,-0.006595462327051417,-0.037809027123639864,0.6839593677424843,-0.06365555884049337,0.014808776971303539,0.7215319230869717,-2.408967123199587,-0.0349951249190498,0.0033247941017857307,0.08,468.62707981619343,455.7453568793124,706.3395508203661,716.4657727738818,0.0,0.0,0.0
2.444,-2.9877485998712072,-17.99954088865865,1.9004525385051658,0.056343912317767815,0.034217749255126086,104.56075897541031,-2.9960316455221037,-17.999902510000627,1.9905620541966798,159.91112957718502,-0.008502721015458112,-0.040400781839373755,0.5937697821481993,-0.06022191777344489,0.01840456682682318,0.77814614246676,-2.417477960880163,-0.03241443616176738,0.0026429758348883317,0.08,467.97705021137364,455.8606729535564,706.5953835380541,715.8617401345076,0.0,0.0,0.0
2.4960000000000004,-2.985592556420992,-17.99941270745373,1.9285203786463934,-0.10514228646568909,0.0952699332810376,106.97685729191232,-2.9946125724439137,-17.999844321756203,1.993777241742985,159.91499917023765,-0.010106504414569279,-0.040817731599651394,0.5033607460780802,-0.05095695661645494,0.02107176095015773,0.8329290058434984,-2.3218302144261553,-0.03061628166999682,0.0013902001423996852,0.08,470.8482223231345,459.03108315838347,708.9771792546593,717.4137839643232,0.0,0.0,0.0
2.548,-2.9835214389181073,-17.99926302959213,1.9519832008818427,-0.22805022350766535,0.16812457754384036,109.5528479153355,-2.9930044903351747,-17.999772871976393,1.9959483738203379,159.9192130524252,-0.011138038272700242,-0.03931379501474237,0.4163007002440627,-0.03758825159982887,0.022164631632335816,0.885942960357039,-2.1460272122655377,-0.029783797336341962,-0.00031779820808090775,0.08,476.45284452584565,464.42396730851493,712.9312066029946,720.6591590165463,0.0,0.0,0.0
2.5999999999999996,-2.9815900110264155,-17.99908355448302,1.9711039472728233,-0.3030757508687983,0.24576842433783044,112.2836565372541,-2.991257410896638,-17.999687517203665,1.9973963845320648,159.92304721556368,-0.011392286841159935,-0.03637805348365154,0.3354064106747462,-0.02222480554305866,0.021144765631051173,0.9372795766135237,-1.9157277601335845,-0.029975942634643545,-0.0022325582303756395,0.08,483.88283752850054,471.2035101566109,717.8676405567818,725.0965407692075,0.0,0.0,0.0
2.652,-2.979838111446591,-17.99886242049755,1.9862618407252184,-0.3278819866137873,0.3194616072043815,115.16461151864138,-2.9894147966258653,-17.99958560021227,1.9983502602015488,159.92709911531065,-0.010772911006561383,-0.03262796950677168,0.2625237712044727,-0.007116995895652163,0.01780337282749032,0.9870551501741662,-1.6537268818540274,-0.03103747894127172,-0.004057927958420511,0.08,492.29152241864074,478.7020604218934,723.2863694432517,730.2650394415143,0.0,0.0,0.0
2.7039999999999997,-2.9782892395480136,-17.998584790861653,1.99790813096274,-0.3068398000943813,0.38010549167107965,118.19130330770494,-2.9875374255374685,-17.999464978167257,1.9989707584948524,159.93073506675017,-0.009315092165492336,-0.028693792770910092,0.19875195455525088,0.005809788261318701,0.012271365148648499,1.0353447630121504,-1.3799879254373115,-0.03272180130966723,-0.005469418163892653,0.08,500.93942194971754,486.3959814971603,728.7655705852549,735.7619810542933,0.0,0.0,0.0
2.7560000000000002,-2.9769506638638967,-17.998234244873128,2.006530829117081,-0.24965880682963792,0.41969720889981543,121.35955139214055,-2.985668506444435,-17.99931892726599,1.9993691106817537,159.9346138485392,-0.007182195338337831,-0.025119561553955082,0.14448667398534773,0.01520582553951785,0.00507071510170448,1.0822516428249451,-1.1103416790492713,-0.03469215642669837,-0.006205500640148813,0.08,509.24951833817704,493.9212927635658,733.9980954206205,741.2581909478547,0.0,0.0,0.0
2.808,-2.9758149073519813,-17.997794848181154,2.012619797274467,-0.16930171775267433,0.4327861547764766,124.66532112920757,-2.983862395205615,-17.999142234503296,1.9996212543378054,159.93817329391922,-0.004638761507935064,-0.022297212196481057,0.09955894657643015,0.020445103808514956,-0.002948316521750268,1.1278310793048623,-0.856277082792284,-0.03664866940132442,-0.006109972693801475,0.08,516.8305574938281,501.03622396974004,738.780306634473,746.5108008420225,0.0,0.0,0.0
2.8600000000000003,-2.9748624183291454,-17.997253466124313,2.0166452855222756,-0.07981333905677573,0.41743672008353566,128.10469706400818,-2.982149127321519,-17.99892283811921,1.9997783763274561,159.9420943380778,-0.0020060681792260925,-0.02043864776282369,0.06343528239254569,0.021563478624007294,-0.010748260024798615,1.1721450691916688,-0.6258841958900601,-0.03830130554389904,-0.005173813337188532,0.08,523.4350708846026,507.58089289190497,742.9975951908491,751.3326854044185,0.0,0.0,0.0
2.912,-2.974064962384017,-17.996601857357135,2.01904175098231,0.005753470869340084,0.375653215913237,131.67390278910602,-2.9805638342901255,-17.998653343153546,1.9998745549770063,159.95016526401758,0.0003892859994165719,-0.01958003954585693,0.03532374637701026,0.01918337586789195,-0.01726501605930591,1.2152436216379348,-0.4241324322234559,-0.03947612221860619,-0.0035286863304783995,0.08,528.9552559506006,513.4438439967695,746.6010344171654,755.5982619743446,0.0,0.0,0.0
2.9640000000000004,-2.9733893166706835,-17.995838086327325,2.0201955883462848,0.07704016454734146,0.3131110185491874,135.36928398292827,-2.979118578444082,-17.998318456126253,1.9999321994522559,159.95441915586903,0.0022644321031427862,-0.01961074225816652,0.014202677100380793,0.014340221054745528,-0.02160621960307424,1.257036332861099,-0.25258317290272503,-0.04008503423074358,-0.0014206179427366829,0.06689682766222323,555.4075520122466,541.1766111501593,733.4615418408,743.3054560665577,0.0,0.0,0.0
3.016,-2.972801030396217,-17.994967380580096,2.0204250825887144,0.10312672856637876,0.238545741550246,139.07311620512368,-2.9778259822849504,-17.99791326459182,1.999965860168862,159.9593496976342,0.003444711627518257,-0.02028292841732051,-0.0015814512925796894,-0.012016336613109104,-0.023540888876000775,1.2202749453713368,-0.10466560507561798,-0.03127762955652994,0.000913017531878408,0.0013528206021453573,656.1353567430681,647.3770346303193,650.9219231970054,660.1533835789022,0.0,0.0,0.0
3.0680000000000005,-2.972276334946575,-17.994012399930448,2.0199764815040875,-0.02795327385859681,0.16272109665843612,142.5592921624244,-2.9766820299240546,-17.99742747846505,1.9999848600861982,159.96417515798194,0.003937217928627402,-0.020718861796775206,-0.012673862152343817,-0.07371624595080836,-0.024881332567149417,1.1330541067879634,0.018403014317012148,-0.001971167111418204,0.003741255470950216,-0.04102382854214787,711.0054405897334,711.4733022978967,595.6625120120186,597.4626370332312,0.0,0.0,0.0
3.12,-2.9718290295446512,-17.993044891987378,2.0191015034891215,-0.3295198715004965,0.096255866069417,145.74808354935203,-2.975672917670112,-17.996851009598092,1.9999950877655615,159.96943810717613,0.0038999908594976483,-0.019278514226218145,-0.019172756804204664,-0.11906292541988953,-0.025503880552377695,1.026088027718119,0.10972578503639308,0.030244026658496584,0.006457073683059481,-0.07002096537244545,744.7430170284202,753.9503666866941,556.8057898323609,548.7159510394303,0.0,0.0,0.0
3.1720000000000006,-2.9715101618245425,-17.992195103297277,2.0180074068009235,-0.700053296180006,0.048561701083451835,148.60074945089363,-2.974785431836039,-17.996184521974488,2.000000203852635,159.9737978391649,0.0036088350134341153,-0.014793654762238642,-0.022143820369824513,-0.12442941557607043,-0.023437847996328618,0.9118934303251904,0.17326683041463203,0.053194943565634506,0.007646157568605807,-0.08,755.1342231799318,770.131756075295,545.679666471795,529.7553435095488,0.0,0.0,0.0
3.224,-2.9713811178047354,-17.99161897373757,2.0168433027437858,-1.0158153458940633,0.025700479082784167,151.1411702531467,-2.974015133774854,-17.99545339040112,2.0000024428942704,159.9772325297891,0.003364768834573419,-0.0071995694643222615,-0.022535458126255736,-0.08969813489238283,-0.018218773635350204,0.8134555690118196,0.2136481808956614,0.06174224468800378,0.0065604341931059925,-0.08,755.0112111785284,771.8306698649445,548.4470560460671,529.1944295893069,0.0,0.0,0.0
3.276,-2.9714874760303034,-17.991449506936924,2.0157059650819122,-1.1860651961718778,0.02682172563066803,153.39871679919816,-2.973363488152237,-17.994696160679478,2.00000313965557,159.97856688088484,0.003422513141652016,0.002538473333545217,-0.0213074125547933,-0.034866874183417544,-0.011740328254194249,0.7201244928239796,0.23724822373781795,0.05888822857927384,0.0036778390558592673,-0.08,756.1981384263295,771.5953664551336,549.1036395565003,529.8647306292388,0.0,0.0,0.0
3.3280000000000003,-2.971845315558328,-17.991758944660745,2.014652008603938,-1.1959245038336388,0.043034274485525895,155.38244728826487,-2.9728443039954606,-17.993979604213745,2.0000030702283746,159.97757727878584,0.003919449255725618,0.012971946265145038,-0.019176242982683767,0.015786543236496458,-0.006734995129273974,0.6292895473111297,0.24932040003458814,0.05198743683685169,0.0002483998101502618,-0.08,757.7152394800478,770.5661403765358,548.8323836862852,530.8144507234523,0.0,0.0,0.0
3.38,-2.9724427952170456,-17.992550427986256,2.0137127545342226,-1.079540874989308,0.061385379619136524,157.0994781045242,-2.972476825288991,-17.99337990848025,2.0000026701603293,159.9742908321646,0.004837456207397286,0.022780801734966532,-0.016648999752358246,0.0517853946990207,-0.004947502479478927,0.5407258194372013,0.25385594104141423,0.045210632670125595,-0.0025155449007017872,-0.08,758.9737138259325,769.4762701701284,548.2497018547156,531.632860811283,0.0,0.0,0.0
3.4320000000000004,-2.973248188283044,-17.99377196555832,2.0129025658407573,-0.8779512886709251,0.07686617609513527,158.55661972455658,-2.9850297398882706,-17.988327276946503,2.0000021719317744,155.71778180606802,0.0060210464344616355,0.031047507958763175,-0.01406359768237942,0.08091814819391127,0.004874924319496397,0.45443410518361527,0.25371894947031404,0.09191279260977642,0.3091585259384968,-0.08,713.1894640640008,812.0561896584801,500.73453296932524,576.5551144088919,0.0,0.0,0.0
3.484,-2.9742330656502776,-17.995323609997858,2.012210215907325,-0.46245382397081203,0.7288672940455281,159.7527361690098,-3.0608397393574363,-17.96053867635256,2.000001690210258,155.71164525840334,0.008515260541357591,0.036835190026416234,-0.01214769688404924,0.17975794831583392,0.44811588006593633,0.36967733150670234,0.25642497694414035,0.0826273692603466,0.45639910784850346,-0.08,694.825045990351,827.9170841529101,470.51731424106504,601.5965470409864,0.0,0.0,0.0
3.5360000000000005,-2.97564292373574,-17.996907013715383,2.0116254080252873,0.254481650314024,3.2278051846078326,160.70641538784614,-3.1630262451936026,-17.92349348648253,2.0000012737435635,155.70384715926997,0.02312841885258811,0.03761964014739812,-0.009319170225825539,0.2523469515895215,1.0589174602282374,0.28847363587522457,0.2467367548770129,0.03162087522658459,0.11141449331755143,-0.08,746.7204185246198,781.9016989365483,526.3254709937801,554.0934528300548,0.0,0.0,0.0
3.588,-2.9784107055794715,-17.997859094881974,2.0111284691407514,1.0409989459883755,6.829180444043561,161.468821018752,-3.2647338203476592,-17.886985871094932,2.0000009362494953,155.69645471653368,0.06400288821084185,0.031331221533303796,-0.002509916867086557,0.2251293802717226,1.2567122912546496,0.20889908999015594,0.19509927766160215,0.013312811502260019,-0.12322421276746032,-0.08,778.538258578043,751.529765941284,564.5045750250692,517.0394565076941,0.0,0.0,0.0
3.6400000000000006,-2.9839353560787343,-17.997357172078335,2.010621320000036,1.6721318435740256,10.358969774866399,162.04290359517293,-3.354261336607242,-17.85523781075793,2.000000674296906,155.68945607751957,0.1352626275412495,0.018546880296035607,0.012792777247798755,0.15289392492999876,1.109420341788091,0.13083102003629413,0.06026597537561609,0.011942015057155829,-0.22195945684433346,-0.08,790.6682530251188,739.0488985618807,580.675886514525,499.24090504725825,0.0,0.0,0.0
3.692,-2.9936086886398314,-17.994685128975473,2.0099131134656747,2.065789860410386,13.126467531672935,162.39513590316034,-3.4281435878102737,-17.829420379409733,2.0000004772800226,155.68481408376599,0.2324952443791591,0.0015401424716103835,0.03647863598792209,0.07915599633080303,0.8014466698495081,0.054678612470024056,-0.15054743631078205,0.012850943328206056,-0.22532231700428568,-0.08,789.82135586863,737.5175424051793,579.816966555881,496.62721479998,0.0,0.0,0.0
3.7439999999999998,-3.0084947819859247,-17.98935981896638,2.008715064104206,2.205982725872763,14.92179387149273,162.4961781843273,-3.4871918512719433,-17.80910288933672,2.0000003326946088,155.68236084823695,0.3479865541522898,-0.016914691564959665,0.06329694585534316,0.013036455151182836,0.47327811886355653,-0.019482412927454063,-0.37640134811957926,0.01492595990860011,-0.17811702393214618,-0.08,781.7877843373577,741.5086346215068,569.5105367380744,501.75825767613355,0.0,0.0,0.0
3.7960000000000003,-3.0292241564580986,-17.98114780196165,2.0067002858218514,2.121488959448848,15.84057263481621,162.33821622745953,-3.5340712254133755,-17.793165402131,2.0000002287007392,155.68268772680932,0.4740087848042084,-0.03396273847699898,0.08703116057617609,-0.018101648319969237,0.20397036856548603,-0.09185463893861083,-0.5456155498917606,0.05780201797888155,-0.11496541158766385,-0.08,766.8168517492035,752.672314728252,563.2751278875172,502.31587017807686,0.0,0.0,0.0
3.848,-3.0560455323182296,-17.97000790245152,2.0035987777917703,1.9826004299685653,16.116581715623063,161.93405193097863,-3.572181378848408,-17.780219452139796,2.0000001551767568,155.685787725627,0.604139951025377,-0.04733457635630663,0.10445219636689503,-0.021095601102631756,0.02117227879775604,-0.16156327236398077,-0.61770802368287,-0.011327011981207336,-0.05679571331753892,-0.07329881514310499,759.0658348126398,742.002659799332,551.3242115484284,535.5958572429442,0.0,0.0,0.0
3.9000000000000004,-3.0889413645862365,-17.955992044298576,1.9992726293313745,1.606389375195898,16.000446164374978,161.35292113383446,-3.604677934587218,-17.768998433518654,2.000000103978881,155.69103975267515,0.7336452617504479,-0.05619831205788424,0.11572195702131412,-0.10321204125492325,-0.0796945617045945,-0.19764326861459283,-0.5897837107332692,0.012008387699795803,-0.012880294977250732,-0.04797879207949393,719.5605484374568,719.3327188817589,588.9675601432299,580.9690718710556,0.0,0.0,0.0
3.952,-3.127773767981314,-17.939262241162364,1.9937415060202974,1.0603276144459481,15.698237774056418,160.70472163672403,-3.63454011638212,-17.75831620254943,2.0000000688181236,155.69917664576036,0.8594778119794853,-0.059258295815954966,0.12359433090922038,-0.12802187514367477,-0.11731029291514786,-0.21128140381195798,-0.48950042349339196,0.025417891238629996,0.014894726471573323,-0.029384329808244007,691.6248148147396,702.4967957439391,616.8299267819558,613.6143954550178,0.0,0.0,0.0
4.0040000000000004,-3.1723800889171434,-17.920055340203685,1.987165066301383,0.5380480459291686,15.35510747451266,160.04108417842338,-3.663885660097045,-17.74735489529332,2.0000000449827042,155.70854807974357,0.9802491879932873,-0.055988888057377874,0.13178515043001082,-0.1018362877961027,-0.11476329683257414,-0.2127763645538916,-0.3584774068453874,0.026114124037474547,0.029021057275857087,-0.014868682238157089,672.4773281420561,687.7177139331294,638.5042736285252,639.359574304391,0.0,0.0,0.0
4.056,-3.22260105029449,-17.898597720957074,1.9797795219913368,0.14505160058855024,15.053573162981575,159.3938934022295,-3.6947278736393434,-17.735346625118233,2.0000000290254922,155.7201103905251,1.0957368000316783,-0.04739938251652862,0.14295488094815978,-0.05512417001844631,-0.09251054685784113,-0.20552693119328286,-0.23042002949151907,0.019271155907142897,0.03373551101245805,-0.003835575540836803,660.0731928975413,675.0009123720746,654.920039205285,659.0588828286382,0.0,0.0,0.0
4.1080000000000005,-3.2782863236059128,-17.875056763955524,1.9718346220652803,-0.10467308208606027,14.827192457430826,158.7830876760381,-3.7280615022081087,-17.72196727134676,2.0000000184735853,155.73155707673388,1.206383340891912,-0.03524420045142674,0.15825630102833882,-0.018498511130204655,-0.06479944892805381,-0.19232885723791562,-0.12464969316052898,0.004169782626885188,0.033041585461956874,0.004272172289125348,653.1330903257972,663.7572445930964,666.1596590583792,674.2581120830755,0.0,0.0,0.0
4.16,-3.3392967366537842,-17.84953415476645,1.9635536564782525,-0.24787161146398173,14.67822188816821,158.2217999244691,-3.765185048652269,-17.70677303346677,2.000000011582606,155.74442123058816,1.3128941455716898,-0.021184114558446425,0.17766012343658494,0.017517132067235257,-0.039679100936289194,-0.17512873330054773,-0.048022717194578624,0.013350894701155459,0.029936357007076055,0.009922879796162765,645.855721544341,658.3349366164701,677.0709820639905,681.6604495842403,0.0,0.0,0.0
4.212,-3.405503036757503,-17.82207757633578,1.9551135868934304,-0.2418299066914444,14.560782134033937,157.71840861114157,-3.806258337744557,-17.689795920640364,2.0000000071403607,155.75658117289552,1.416046027928653,-0.006538055590222651,0.19987669240225414,0.0622793401464666,-0.053127701761928846,-0.15573619652070447,0.006479715468152403,0.0038223095164251313,-0.1006986937230447,0.01355820674536252,661.999875019305,633.8926958592497,699.4617053514057,670.7820397995083,0.0,0.0,0.0
4.264,-3.4767518861159106,-17.792681413815103,1.9466507546090488,-0.11320251708793803,14.146508388410886,157.2773690711327,-3.851669954135121,-17.670962599069263,2.00000000431594,155.78303033618087,1.5164353241819912,0.007142712052121273,0.21648249768578526,0.09005376209372022,-0.2159019065356796,-0.13572229487753423,0.11734940807385641,0.004658000756533998,-0.16408067370913904,0.01596769425181984,669.4147829113746,623.0376541359061,712.9107505033664,666.9324147242968,0.0,0.0,0.0
4.316,-3.552751155003525,-17.761345737159264,1.938350507768117,0.08784282421368453,13.056981269769636,156.89747905619015,-3.902114413723915,-17.650054404244628,2.0000000025470905,155.79804287463557,1.6116752141627635,0.018565657447544525,0.21626650541080564,0.10081422221050826,-0.4726865422461148,-0.1160828211971289,0.3889186968755647,-0.001666279778839229,-0.15544045379879673,0.01700799562678751,672.2187730547192,626.7444453981453,716.5395647685652,674.9907073367254,0.0,0.0,0.0
4.368,-3.6329472072226463,-17.728155497224552,1.9305991141731418,0.317589087158397,11.18936194778545,156.57108342352356,-3.957928982623247,-17.626973454231585,2.000000001458063,155.81323716646594,1.6954977832526865,0.026842822516840625,0.1961260652079339,0.09825536287331502,-0.7257987834230425,-0.09735397626803469,0.839292289847668,-0.005623099902616682,-0.10108314660562845,0.017273302615940945,672.4485406084877,641.9246784948367,716.3938255106258,690.8898230208367,0.0,0.0,0.0
4.42,-3.716482732758134,-17.693323011526402,1.9240530051166809,0.5407839476130786,8.684799007790932,156.28948193402852,-4.01856761795192,-17.601950939124215,2.000000000800828,155.8315883529916,1.760106612416998,0.0315191951791097,0.1618821092840351,0.08517756583167262,-0.9067698593400475,-0.07968471662385816,1.390092394198889,-0.08297510903661304,-0.022605210139979404,0.017059941384319224,682.0089034094716,652.2574086117642,704.4900058661851,720.4194826477907,0.0,0.0,0.0
4.472,-3.802226342748111,-17.657199931280996,1.9195589363214731,0.5742954318066418,5.828954464908175,156.04869565472202,-4.084517864062175,-17.574761506817485,2.0000000004136993,155.85058205795963,1.799254379212909,0.032603223811621056,0.12462217383361043,-0.03406214073377621,-0.9792618080069493,-0.06418579254926636,1.9049832458277378,0.03415456681880039,0.05317702534998431,0.01680334417731176,664.4273004303682,688.6935759688688,718.1464898786468,723.1089158143969,0.0,0.0,0.0
4.524,-3.888889094021895,-17.620318094397415,1.9179586550719103,0.4500536490317544,2.955511140996456,155.86064685034304,-4.1549866163738205,-17.545683781555752,2.000000000192649,155.87337393093156,1.8104280154832568,0.03242057046490199,0.09594000389195485,-0.015019910343607131,-0.9407438224623185,-0.0479786750077037,2.24276509284271,0.030047183958699063,0.12300712785549164,0.01527225823648085,663.2574311545649,705.3057895943871,712.0671000162273,736.2003288247628,0.0,0.0,0.0
4.5760000000000005,-3.975157981156471,-17.58330876130036,1.9198721438452584,0.5225823989135739,0.3793047590332598,155.72229660169944,-4.229178087974576,-17.514986058403057,2.000000000071672,155.89596009020087,1.7952499503487924,0.031555387656080736,0.0837908484859917,0.04513825521552126,-0.8013843624127219,-0.03393126306303178,2.305110306994221,-0.0867566006479535,0.17659701164191635,0.01349212734332713,675.4457862134226,700.0039197410551,687.7006186015639,756.2728688812307,0.0,0.0,0.0
4.628,-4.059814446522731,-17.54669434412457,1.9255120251250892,0.48019635463336113,-1.6356563820946217,155.6210353579799,-4.306289591109779,-17.482948762900385,2.000000000009525,155.921691628402,1.7585039928553077,0.028759756367182095,0.09092598762584872,-0.06836799583712957,-0.5839044709129806,-0.02345222613956539,2.057937552555112,0.04051236629433355,0.20201269818991383,0.012307220979025382,650.1127230637978,716.8206761767278,694.8891407408549,737.2871324721858,0.0,0.0,0.0
4.68,-4.1419529916488225,-17.510916982863723,1.9345967434588685,0.304705458489396,-2.9201633412733554,155.56216242267558,-4.385885328401052,-17.4497112410095,1.9999999999808822,155.94634662797785,1.7066555900593525,0.025950118722321107,0.11401412129887549,-0.03300953328913083,-0.32404557738145323,-0.012549142354587196,1.5428658057483329,0.028466652542996337,0.20902503944569556,0.010065570541518947,642.6779323333917,708.7508664867439,678.6275421909273,726.9265751702401,0.0,0.0,0.0
4.732,-4.221092932143798,-17.47629135737846,1.9463784675777331,0.3261641262139902,-3.4017785098329467,155.53728784531953,-4.466451372545016,-17.415886975402284,1.9999999999705094,155.97339068467056,1.6465320143804631,0.02353402207476459,0.14548886060580063,0.0213752683271146,-0.05230603654692767,-0.004552316491709065,0.8581701135368407,-0.09281017327006784,0.1946038348304409,0.00822642601814379,649.6687277168811,678.4851904719712,645.9476290567289,724.7835217631887,0.0,0.0,0.0
4.784,-4.297146587468659,-17.44287505110195,1.9597655971333239,0.17443077064819285,-3.0999483618496093,155.5335316412371,-4.547655390897078,-17.38160160879506,1.999999999969468,155.99836540674337,1.5847406368508508,0.020236885895546165,0.17716040074320294,-0.10390489189835464,0.2003856278876886,0.0004214825428047398,0.11934196082306459,0.05382129756538455,0.12954756348871616,0.0070076781084609735,622.2390652759507,675.3703057204804,658.0545798903271,679.3435268190311,0.0,0.0,0.0
4.836,-4.370413868008871,-17.41061429111159,1.9735117060708318,-0.061680506980394866,-2.1579617657260943,155.54566648089306,-4.62893675717438,-17.347095758395223,1.9999999999726799,156.02535200891384,1.5274969492152155,0.018221166587048244,0.20125513894219602,-0.042247727841394786,0.38097009619146754,0.006228659917682495,-0.5571895793726054,0.03674255677217218,0.08696137362250647,0.005196893420145834,617.7210415835366,654.2857741452578,643.7332724155408,658.235484598038,0.0,0.0,0.0
4.888,-4.44144690524575,-17.379368897139845,1.986398095061982,-0.03365268862712912,-0.8228355333307975,155.5698241739149,-4.7094925687015134,-17.312727603506804,1.9999999999773872,156.04986242249626,1.4799615672476483,0.01789528239411497,0.21152651187948296,0.035943648559030074,0.4856869290716742,0.010068200512430002,-1.0708420420979623,0.003637350148202486,0.050089305058987454,0.0038023626259565324,618.0687929185749,634.1997697412236,630.2992841548929,644.0049210147333,0.0,0.0,0.0
4.94,-4.510858591210635,-17.34885442117839,1.997416665852215,0.08609616546064353,0.7255599114342367,155.60443934441253,-4.788692432172428,-17.278796288753416,1.9999999999821905,156.0759165407756,1.4454527948989082,0.01701111302651751,0.20849946898151894,0.018065672272935412,0.5359633373207777,0.011858781062941545,-1.3943469863672027,-0.09196124003269504,0.016309951088722463,0.0029692157911311743,631.1763371610501,608.2268995646074,612.0967835859435,644.4925229448564,0.0,0.0,0.0
4.992,-4.579273586794135,-17.318749318269006,2.005878074604071,-0.13850953786040507,2.3345086115032236,155.6399767184304,-4.866192792086554,-17.245483958683554,1.9999999999864582,156.0998799318968,1.4257751613415217,0.014878635819161625,0.19552568094549835,-0.11681466908351675,0.5353013122445899,0.012262974315680738,-1.5384304601847723,0.06204579124880766,-0.02225033027925785,0.0025789367241677613,611.1217616019259,623.2433143358622,637.3585985984134,611.990249014968,0.0,0.0,0.0
5.0440000000000005,-4.647343443721178,-17.288843291559708,2.011415290158686,-0.385742764302049,3.845467427377285,155.67290864325554,-4.941962842912974,-17.212832778417653,1.9999999999899754,156.12600455810937,1.4212506737174784,0.014987794157623427,0.1758035570363061,-0.07128741199357176,0.4820107443757208,0.014082836125076752,-1.5226295260364238,-0.040357722214164865,-0.04664074407777452,0.0017715218941162405,632.2990434467096,605.8812804706391,625.3835137017338,623.4919639263703,0.0,0.0,0.0
5.096,-4.715677591072619,-17.258977865473472,2.0139622028205357,-0.6723027860727977,5.126476245365446,155.7037048712127,-5.015987068613711,-17.180875090013732,1.9999999999927374,156.15008654117264,1.4305682838774938,0.017215314515215095,0.1524692607120403,-0.09189916234209902,0.38929894046630437,0.014624155968047425,-1.3755173127271114,0.07702120155327594,-0.06894083582833813,0.0014321536217390936,622.5471871855581,624.982464829808,649.4299802872123,605.7062306702435,0.0,0.0,0.0
5.148000000000001,-4.7848008194205045,-17.229031364536343,2.013708034370859,-0.7073268632437294,6.072037482593205,155.7388678435406,-5.088673597828316,-17.149467074103015,1.999999999994833,156.1758983134645,1.4510898827703997,0.021892057264011965,0.1277539549436929,0.0418971324439888,0.26549588332082735,0.016458433971430438,-1.124963852089689,0.0318493138023496,-0.07567361547557325,0.0005667095833657891,637.8957428326884,624.8470063041847,648.8124106508889,616.8717357583151,0.0,0.0,0.0
5.2,-4.8550894367798865,-17.198852508522766,2.0110482626648456,-0.42712973806745996,6.623542788051416,155.7833367638858,-5.160154961996111,-17.11859236255544,1.999999999996382,156.19922429789304,1.4791814486494432,0.026113326951524095,0.10323324498014844,0.11365237921805096,0.12992446751654702,0.016839032130013625,-0.7990266504626036,-0.0032002526910020826,-0.07195263946816853,-1.3553617780799956e-05,651.0501044104124,628.9753731189987,650.0872622471296,629.8918256507726,0.0,0.0,0.0
5.252000000000001,-4.926734125477515,-17.16823774528649,2.0065276841860626,-0.14809998831804683,6.7760943578123065,155.83124964952822,-5.2311068876882345,-17.088010118557246,1.9999999999975027,156.22415363204493,1.5108073320483952,0.027410600584017987,0.08044058388153523,0.04137386225020071,-0.00014650280759207334,0.015491891745686725,-0.4301664978193075,-0.08003574657616838,-0.05630201969232561,-2.646166204121024e-06,668.0791712021236,628.5452099885555,645.1573575014636,652.036422673082,0.0,0.0,0.0
5.304,-4.999783221543881,-17.13705379129337,2.0007850649497487,-0.26512053902412674,6.5716238246222956,155.87519311581656,-5.301612378431312,-17.057718696384132,1.999999999998299,156.24742893763042,1.5421258478785653,0.027170817881984922,0.06101847885776501,-0.056190275032803515,-0.11289550562018782,0.014206316554027296,-0.054964570253836165,0.05791943846038825,-0.04143131605245602,3.4084050243357415e-05,654.5268942188018,659.2455618902454,671.0490217967013,642.6138681495428,0.0,0.0,0.0
5.356,-5.074197707159993,-17.105353536188375,1.9944898400364615,-0.2697987961793464,6.06914868157634,155.92149996732147,-5.3724433012443935,-17.02740503925442,1.9999999999988558,156.27340273112983,1.5699184924699643,0.028016847757450985,0.04557837104586603,0.03589692894630622,-0.20254812720651896,0.014739721065427452,0.29912181815394967,0.02448547606373054,-0.017686076138194687,-0.0005853446827370078,664.3446867988316,666.2659547350581,669.6417709913128,657.6962140026593,0.0,0.0,0.0
5.408,-5.149798113032863,-17.073221884105962,1.9882886889405782,-0.04939638874159308,5.356698481329325,155.96710444776448,-5.4434633254448235,-16.99712407774026,1.9999999999992397,156.29790484813955,1.5917527035407626,0.02814532044809684,0.03493226870870305,0.08709660071214607,-0.2592854362437308,0.014252728572534578,0.6033581480122354,-0.003994613571495068,0.0063883984570351215,-0.0008487590826743389,671.5997304451703,672.2694553755147,668.1627201500432,671.0776838782264,0.0,0.0,0.0
5.46,-5.226264120092095,-17.040699618438374,1.982749059497072,0.20564084140165886,4.536293257723859,156.00680009939015,-5.514816844411578,-16.966808884933407,1.9999999999995013,156.35074926469144,1.6062083051176899,0.026138314979284955,0.029971780714182317,0.07681930563010009,-0.28175329813308164,0.01322961634053954,0.8307382443388032,-0.013271666594535804,0.027963342700628085,-0.00020895614690511237,673.5583575051169,677.6464292723381,669.2735182980944,680.7574527825979,0.0,0.0,0.0
5.5120000000000005,-5.303206162176481,-17.00783352373697,1.9783162139399482,0.37788772759873457,3.7060802264600055,156.04044281300972,-5.587751134439795,-16.93592391530811,1.9999999999996767,156.3799859048327,1.6128828000911635,0.022187706245949283,0.03107201226189186,0.04260959781949808,-0.2723631150593286,0.01226645926332889,0.9632323896869655,-0.011345051832788625,0.0469160815161134,4.722561324162471e-05,672.8309320177272,682.6972752314814,669.7824730861212,685.9400583345518,0.0,0.0,0.0
5.564,-5.380233935069294,-16.974709194887566,1.9752758665799606,0.44683847311229724,2.9541648190282075,156.07061507488964,-5.6616305667840905,-16.904709305942553,1.9999999999997933,156.41087758203213,1.6122510219985877,0.017172248539001088,0.03781879249127229,0.009995501860795281,-0.23543085983059314,0.011636794602061063,0.995677378795778,-0.007008731587081958,0.0601390945016379,0.00028810834051230805,670.4949872587277,685.2296310476528,669.3142922020394,687.9157437761328,0.0,0.0,0.0
5.6160000000000005,-5.457006305217117,-16.94144451455211,1.9737397222402004,0.43397573479201756,2.349458025416113,156.10022089323084,-5.736455465644873,-16.873124157692416,1.9999999999998697,156.44093789962304,1.605468675073526,0.011938400578616785,0.04913784181580439,-0.013496077772491094,-0.17877333758987646,0.011318652389368111,0.9349789215798263,-0.003228967573128793,0.06716488536826261,0.0004100715639591911,667.3132353846577,685.0881546376136,667.5268123204119,687.0654592117368,0.0,0.0,0.0
5.668,-5.533263711833521,-16.908165860416347,1.973651076841734,0.3668240240737682,1.9351029350694415,156.1310381053086,-5.812000117258138,-16.841217716364103,1.999999999999919,156.4723718632114,1.5941300892754653,0.0070891034147864285,0.06337822629926484,-0.028269843084598033,-0.1111308087116,0.011134733486169104,0.7991199424970938,-0.0004571120316551047,0.06806522766483594,0.0004863395182434513,663.6068521879322,682.49070627845,664.8158650970278,683.9176684229799,0.0,0.0,0.0
5.72,-5.608844791312881,-16.8749855452851,1.974811646503439,0.2675158779827541,1.7280955635193038,156.1632826384126,-5.887522130610329,-16.80926187149165,1.9999999999999507,156.5077633492421,1.5800363972702245,0.003008888885606178,0.07866912390352518,-0.036992646094083495,-0.041515820311948226,0.011123589717324456,0.6127979717893455,-0.09218005931549672,0.0661637408920453,0.0005517322435263606,672.5673718852246,665.2557202266025,647.8469969569121,692.2718589111435,0.0,0.0,0.0
5.772,-5.683690960730005,-16.841992679338027,1.9769191796920538,-0.04291564087885082,1.723319167874983,156.1944930393976,-5.963359221550588,-16.77707663877249,1.9999999999999707,156.54142304721174,1.5650005584005462,4.4710028448123086e-05,0.09316994729142061,-0.1663227322043774,0.024600465564764334,0.009899238110198898,0.4037637320224283,0.06101169184617693,0.052862504995991766,0.0010449139120327056,647.3216894850037,679.5882171396926,667.6711039955092,665.3726372924208,0.0,0.0,0.0
5.824,-5.7578698473687835,-16.809320792714576,1.9796156995457552,-0.52020438098804,1.8916967164274827,156.22523858059142,-6.0390397688490545,-16.744845102134388,1.9999999999999831,156.57839498928973,1.5507117087836808,0.0005572762703793643,0.1054120188569897,-0.12004458408684267,0.07545587555877617,0.011336371466632335,0.19791565779023457,0.0634263185548025,0.04150426675037927,0.0006463287138697869,644.5703343036566,674.4798322711895,664.5908300415548,658.3605775410805,0.0,0.0,0.0
5.876,-5.831542100448782,-16.7771183802139,1.9825355349412856,-0.6426702937080413,2.1802782920086874,156.25847182977037,-6.114738515962627,-16.712492307377296,1.9999999999999905,156.6120128748624,1.5385308498595902,0.00457529432515604,0.11415922639640445,0.0029766900932665778,0.10909890502407224,0.012509806676629931,0.019130489214191693,-0.07025172368183512,0.034110673120301645,0.00022293356421723871,661.5286071891445,651.1771443899175,641.8891108607713,671.7589818043675,0.0,0.0,0.0
5.928,-5.9048607984225585,-16.74538766393169,1.9853445091391384,-0.7420812762502811,2.5465765325786105,156.28984875408403,-6.190065120284832,-16.68022012439918,1.999999999999995,156.6473313223152,1.529364749596067,0.009139889197540767,0.11908722800836322,-0.08001298862813189,0.13027953475280424,0.011530213971224048,-0.11867682326286944,-0.029977915559242462,0.022109592532546726,0.0006577231453292385,653.9103296889424,651.6443529072552,647.095058996632,662.054407809639,0.0,0.0,0.0
5.98,-5.978000563017727,-16.71410379189551,1.987774164351668,-1.1279899071088637,2.9484564653537833,156.31705286321971,-6.2651834129611,-16.648015285216285,1.9999999999999978,156.67882057960887,1.5237643240077947,0.015042659469436254,0.12068153283939495,-0.14467697027696397,0.13545330678486625,0.011409654102005557,-0.21165170339459471,0.1129222323140871,0.008139141816594926,0.0007870601475487532,632.9236303659454,667.9141818938009,667.7772737225031,637.5969060316963,0.0,0.0,0.0
6.032,-6.051185883591786,-16.683327693030904,1.9896312316691265,-1.2794741287433609,3.332473492559999,156.34648631870004,-6.339872123741591,-16.61604051722011,1.9999999999999991,156.71118849128678,1.521896985969925,0.024257727056314866,0.11905870125354745,0.028929325031225833,0.12190384436693506,0.013624719405561356,-0.25471163288572685,0.06284554744364831,0.0014521801759320371,3.7188559188370586e-05,641.5233560447957,660.0962628593536,659.7855969374527,642.0546429137622,0.0,0.0,0.0
6.0840000000000005,-6.124593389526294,-16.653037589201972,1.990811768622283,-0.9164423363850991,3.6544200798357465,156.38250182458958,-6.414710707557879,-16.584130702000458,1.9999999999999991,156.73884405584275,1.5234313827645898,0.033646800368157495,0.11450934452873118,0.16594081988103765,0.09728866947132533,0.014444674245511584,-0.24734580515780458,0.0051457068739255984,-0.0012776886424686398,-0.0004382685566993042,651.2229671265113,652.3386102745394,651.4781974006677,649.6220081217091,0.0,0.0,0.0
6.136,-6.198290117956505,-16.62303161765607,1.9913006168422467,-0.3661800633683863,3.8933166092897227,156.42171580703257,-6.4892065041860985,-16.552570784946386,1.9999999999999991,156.76673252096649,1.5276768786640558,0.03913840819190208,0.10802530242614701,0.18334980078135338,0.0679532273154088,0.01380956265222347,-0.1987884345778722,-0.01819598981972645,-0.0021362225256061178,-0.0004451121807541505,655.8564615846697,650.0024074407371,649.3682194435014,654.0009829883035,0.0,0.0,0.0
6.188000000000001,-6.272276000438616,-16.59304420859758,1.9911594705672695,0.11533199386884388,4.040997210962598,156.46048616932228,-6.563267803267125,-16.521461233407198,1.9999999999999991,156.7916385288216,1.5337855104108962,0.03971013542874394,0.10092074895893441,0.14154077353982802,0.03701456821872899,0.012717667140891833,-0.12391285181209444,-0.020617166973926557,-0.0015679783352428225,-0.0003378805351078218,657.6955492670716,651.3234185067207,650.8275612761988,656.3068549017648,0.0,0.0,0.0
6.24,-6.346525960215125,-16.562850980214684,1.9905060802293937,0.44543907896075674,4.096687249635522,156.49676235071036,-6.637120208619125,-16.49073368309699,1.9999999999999991,156.81906181903787,1.5408689919257061,0.036310087414966094,0.09414590733014842,0.08888532928939132,0.00657827477022719,0.011770633590012932,-0.035816329779571277,-0.016535554602201637,0.000770877197030877,-0.00017967774046054145,658.5529076203309,654.0372157792493,653.3130810558487,658.2741890797331,0.0,0.0,0.0
6.292,-6.4210048928771535,-16.53230557011341,1.9894896216557796,0.605062348310173,4.067002916955815,156.52973542952168,-6.7109056049920515,-16.460306244799902,1.9999999999999991,156.8457649796307,1.5480727923904383,0.03036801946036715,0.08822312821931683,0.011413917730439021,-0.01992952736048605,0.010643386609517917,0.055597091364235185,-0.09388405309928473,0.007793278602576715,9.78977682186714e-05,670.1347607905062,645.5322765664806,643.5368450157611,672.5835492686655,0.0,0.0,0.0
6.344,-6.4956791157123215,-16.501359579921054,1.9882700543058285,0.34292675077065404,3.9725630210344773,156.55785582526877,-6.784807357483731,-16.43004037488888,1.9999999999999991,156.87696795090403,1.554661324793978,0.02396477156073842,0.08373722994591656,-0.1261946723964294,-0.03932304654814796,0.009646238678473987,0.13945455519898864,0.05949081146664453,0.008052795342896447,0.000521722265145734,649.4734082277834,668.7383372084071,667.9001021630667,653.2616022392157,0.0,0.0,0.0
6.396,-6.570551241125905,-16.470124805934276,1.9870011420127236,0.10255560609143313,3.824289244216483,156.5882439884147,-6.858765502225346,-16.399877347462827,1.9999999999999991,156.90798569949396,1.5601057635599473,0.020348157686870576,0.08048598220034733,-0.04090350832587806,-0.05597896038403686,0.010913183904946337,0.21281617102229033,0.03320534399396595,0.013685958654574944,6.963926316128207e-05,654.6685098601475,667.9979010583397,664.3267959056834,658.7800334436367,0.0,0.0,0.0
6.448,-6.645603358581619,-16.438727979128444,1.9858209606647752,0.06800990565240121,3.640511527613501,156.6209909986446,-6.932995442709009,-16.369649141309207,1.9999999999999991,156.94327443500347,1.563986739333544,0.018224685778441007,0.0784378773672996,-0.028956731642934608,-0.06378736176911862,0.010819348386878773,0.27155852730588026,-0.06842192169501116,0.02254359387377321,0.00015262211414411413,668.9607768275827,655.941342155278,649.8776695907451,675.6792754660484,0.0,0.0,0.0
6.5,-6.720774525489975,-16.407237946636542,1.9848404329772085,-0.2466458116762748,3.4534306248826963,156.65129380831326,-7.007282905852718,-16.339390083018696,1.9999999999999991,156.97696817846213,1.5661015949998984,0.01688661090077428,0.07809063699550081,-0.15151175909660047,-0.06126801866105479,0.009866028155248332,0.30721716769024465,-0.009837256066620358,0.025612382722138807,0.0005665997795116146,660.3946564959372,664.8701253485505,659.1614521694473,669.1952522456816,0.0,0.0,0.0
6.5520000000000005,-6.796041815588242,-16.375817913227024,1.9841364716839733,-0.7125659710605504,3.2825205362460825,156.68347102628766,-7.081918836006125,-16.308952644791997,1.9999999999999991,157.01444792952952,1.5665341333469867,0.019006124983812468,0.07925718276102718,-0.11733572980371958,-0.05503746714083104,0.011064482166744948,0.31915088370923783,0.09482640463701646,0.025177126186823964,0.00023576107883762406,646.0913833500956,680.1127677946275,673.7574425993384,654.0352733752543,0.0,0.0,0.0
6.604,-6.871408540588378,-16.34467542520637,1.9837419691799894,-0.7995685829471466,3.1339308472684033,156.72093110438777,-7.156548254351531,-16.278480273127307,1.9999999999999991,157.0490506821151,1.5654938506735347,0.024314441331120294,0.08122326268559968,-0.00712733857068374,-0.04539056429006836,0.01191925755926775,0.31331458634393194,-0.0351387945259958,0.03095360444774809,-0.00013892326840439203,664.258414123181,663.0729069512449,653.8499640331361,672.5841222340894,0.0,0.0,0.0
6.656000000000001,-6.946834394581792,-16.31388926692832,1.9836565864801698,-0.8257243012756508,3.0241727783623498,156.75797655589835,-7.231558613418699,-16.24784616744351,1.9999999999999991,157.08542460300902,1.5632519943982077,0.030065366908155977,0.08391064892222012,0.01720544839321783,-0.03176263639930515,0.012205716358010444,0.2904723993125351,0.059048262775616055,0.028396713051774505,-0.00026134136323131656,650.7885904594691,675.5765122004519,666.911939209892,658.2150632804321,0.0,0.0,0.0
6.708,-7.022270700291203,-16.28347406060404,1.9838504394698064,-0.6537448573006052,2.9548541536250186,156.79566518878767,-7.306467706339478,-16.21729824224879,1.9999999999999991,157.1176626938427,1.5601913600425314,0.03543639341849614,0.0867386911468343,0.04695696818520102,-0.01693776800175644,0.011929197929095794,0.25728007071938586,-0.05046172136303182,0.03151613986556081,-0.0002773663706133558,665.2358656517367,659.860241422938,650.0400091107224,673.3307545588789,0.0,0.0,0.0
6.76,-7.097662187184657,-16.25337950914931,1.9842694884799015,-0.5717704086029342,2.9323222065616923,156.8311080321073,-7.3817737791312235,-16.18669990178139,1.9999999999999991,157.15108716807728,1.556704352389298,0.03946499800890004,0.08967237991080783,0.046564081856906865,-0.002303366351509093,0.011981664850494985,0.2158034021430204,0.04780387203556413,0.026853348324662508,-0.00034214827780594884,651.022609873243,672.2352957127621,663.7417201062062,657.7811397820236,0.0,0.0,0.0
6.811999999999999,-7.172976665507527,-16.22355528189018,1.984846220631184,-0.26763850183448346,2.945926278694329,156.86789583929968,-7.456863109259754,-16.156344421881887,1.9999999999999991,157.18089765315875,1.5531956839244143,0.042349102943743555,0.09208198925890436,0.13211928142997703,0.00881609748534655,0.012382585773522541,0.1743942484097104,-0.047430390210830224,0.028937428902698313,-0.0006399852017569519,663.82378405689,658.5658471933037,648.4515017830257,670.2256042912386,0.0,0.0,0.0
6.864000000000001,-7.2481675683859494,-16.193873914961475,1.985506636997753,0.029628463037112505,2.992159451166994,156.90256926425207,-7.531700601937115,-16.126279333454175,1.9999999999999991,157.24137346384867,1.549964829308383,0.042169923133878386,0.09387984175888578,0.03903947730206646,0.020240093342225325,0.010754712982278192,0.1362841432659958,-0.014435801005798166,0.0217561551794331,0.00048559658688140375,657.7609047000758,659.8497839006917,654.9786416057667,665.2853413149008,0.0,0.0,0.0
6.916,-7.323207245134298,-16.164213872102184,1.9861792042213569,0.0015231528200087257,3.065633972488416,156.93403451185466,-7.606794613068391,-16.096316442764667,1.9999999999999991,157.27362192616448,1.5472898175783414,0.040316291668254886,0.09541218125279063,-0.0016369646960407006,0.026317994229512413,0.010703077835762914,0.10036076508787306,0.04496176256780837,0.01903787882248921,0.0005170455708780356,648.7789129122212,667.0658605719346,663.1056796071001,655.7150293953844,0.0,0.0,0.0
6.968,-7.398123590604244,-16.13455455920335,1.9868001492747338,0.1435251951159118,3.145165313006938,156.96783788662282,-7.682321047947332,-16.066370886713734,1.9999999999999991,157.3042664748323,1.5453577960846778,0.038535708842773755,0.09594926842931034,0.07610354506995558,0.02666905596122899,0.011376145063811061,0.07585089181771787,0.007579355743873195,0.018431611889635307,0.00020276566734254032,654.1760219528227,661.6086096188094,656.9149432159879,660.0132632653779,0.0,0.0,0.0
7.02,-7.472927328748467,-16.104827122858847,1.9873202851237142,0.418477561968903,3.222730365611958,157.00233539274592,-7.757713921715782,-16.03662957305034,1.9999999999999991,157.33875114108213,1.5441775909885194,0.035159665514358326,0.09559701589277769,0.09278978378670144,0.025550662849941997,0.011238583110898025,0.06329560119232192,-0.01402995555036193,0.017544898432302267,0.00024874899423441314,657.0892886770811,658.0941364777724,653.7588826416497,662.7761979546472,0.0,0.0,0.0
7.072000000000001,-7.547606044177539,-16.074910663919777,1.9877097697821642,0.6453151247084,3.2946669580409846,157.03605061023208,-7.833261324483165,-16.00693983326278,1.9999999999999991,157.37249140566692,1.5437006836927265,0.02945435794853941,0.09479522007355339,0.06003771508847646,0.023270264548373127,0.010769231620138035,0.059332593204091566,-0.017342290825636913,0.016973871505166306,0.00041650290282148035,657.3587294845568,657.2533604219716,653.5462726960005,663.3438234791311,0.0,0.0,0.0
7.1240000000000006,-7.622152619341759,-16.044703326232476,1.9879566108086386,0.7456425824405541,3.358065174570046,157.06861034957888,-7.9085665321230785,-15.977406075589117,1.9999999999999991,157.41190409960802,1.5438509259690543,0.022102960116529284,0.0938056837633778,0.01315126741391289,0.020062535637192697,0.010501534650023356,0.061778629087417825,-0.10944436472430479,0.01968238402210156,0.0006518909111328445,669.7791952462129,644.0925254267928,640.1859902457079,677.0432624834947,0.0,0.0,0.0
7.176,-7.6965813365491025,-16.01416351784876,1.988061092905319,0.4902971124087544,3.4155157007519192,157.09824295258704,-7.983970157127916,-15.94783397685573,1.9999999999999991,157.45482427903212,1.5445367235301237,0.014448597130747563,0.09286657342741904,-0.16414635539564226,0.019174381279723814,0.00919187833471713,0.06828917424195902,-0.039437858010996044,0.017789040012460705,0.0014001473745626804,659.2627446622814,653.0603161132125,651.8573601880621,668.1574405685699,0.0,0.0,0.0
7.228,-7.770965376147648,-15.98339644920149,1.9880343931616429,-0.21121878404801422,3.4693904584297455,157.12602312966516,-8.059584502518113,-15.918112535653858,1.9999999999999991,157.4973119666155,1.545702073751776,0.010267281639330566,0.09214935440884121,-0.2631122727784875,0.017056876040510704,0.009580777895244814,0.07682589259469186,0.023024404281184574,0.016425360928347097,0.0015590022553434403,650.4711189247054,661.7742229397603,661.4142584684288,659.5359675047204,0.0,0.0,0.0
7.279999999999999,-7.8454471454960535,-15.952677925382082,1.9878913590620602,-0.9509451523029357,3.513332911696263,157.15662105918884,-8.134926768523295,-15.888384859779729,1.9999999999999991,157.54111361974353,1.5472986972576366,0.012582999611857682,0.09153293361789874,-0.22177719126130774,0.012654884674239832,0.011174899343568028,0.08810987287639271,0.13875851500860165,0.011764068100536701,0.0012473257688989112,634.9876613097168,678.0879586199951,678.1888585501151,642.0220869880295,0.0,0.0,0.0
7.332000000000001,-7.920168746420212,-15.922296187776933,1.9876489991039386,-1.2047542046490038,3.535320687072658,157.1948592603272,-8.209455726216444,-15.858856655255078,1.9999999999999991,157.5877793431839,1.5492239048210825,0.02064282579651218,0.09082018666919106,0.014860785721980125,0.002914226948744658,0.014127124376302294,0.10353994939572775,0.06587877754675511,0.011885139102740281,0.0003412993957839345,647.3345917620438,669.5371485395242,667.1274950044219,651.7349140885119,0.0,0.0,0.0
7.384,-7.995180892857548,-15.892348905203121,1.9873346195638601,-0.8520787353662418,3.525567259996466,157.23957214213326,-8.283853274576005,-15.829296474408764,1.9999999999999991,157.62862534782704,1.5512384096741259,0.029248493555596982,0.08963842156487836,0.16475356104865352,-0.007808195506090475,0.015259590405863232,0.12591036728521987,0.0012778268168947837,0.013347474262865358,-0.00015621512468202287,657.5895247218406,661.7573945754784,657.5205984446435,660.9624202762575,0.0,0.0,0.0
7.436,-8.07041984901891,-15.862698023891541,1.9869849933143766,-0.3142344352189899,3.486271155307022,157.28475214152357,-8.358508945409618,-15.799635053904984,1.9999999999999991,157.6706177848537,1.5530537489464624,0.033958370450144125,0.08813878479469697,0.17614470444721103,-0.016734492549577745,0.014890201808569831,0.15255670139333566,-0.021302232045518357,0.01592655771207505,-9.249913524876554e-05,660.8997116879591,659.3688392170566,654.5540417459044,665.1604241763567,0.0,0.0,0.0
7.4879999999999995,-8.145775189596554,-15.833126716957622,1.9866438629047862,0.13300174404445478,3.4258655894259658,157.32751771948648,-8.43340255966506,-15.769968308346634,1.9999999999999991,157.70865124782077,1.5544204544020475,0.03396534103734738,0.08685395978841597,0.12773178253928835,-0.022152425366144275,0.014080460913536064,0.17683542289086562,-0.021411202072140225,0.018763819733013373,0.00010005460658737324,660.758465504129,660.0048323141733,654.9177629057125,666.3500626513587,0.0,0.0,0.0
7.540000000000001,-8.22114267402398,-15.803456272404077,1.986353817638519,0.3932046912996008,3.3566942940522804,157.36747925272672,-8.507967374704192,-15.74057055592544,1.9999999999999991,157.7507515409949,1.5551822492487415,0.03038494608263117,0.08615134488900197,0.04115104156944237,-0.022931028198044386,0.013112703893348999,0.19376366306738546,-0.10234699173185641,0.02372058004521043,0.00049237511602093,671.2986353860487,648.9065069161358,643.3981104610591,679.2351631263931,0.0,0.0,0.0
7.5920000000000005,-8.296453169391619,-15.773601003003641,1.9861470529003562,0.18052778973117337,3.2956485331976273,157.40343639060765,-8.582770810309436,-15.71123370619997,1.9999999999999991,157.79164689058905,1.555312707703822,0.025482028633547614,0.08636215540414878,-0.12171784595379168,-0.01896740574618504,0.012166107778623769,0.1990461521440614,0.0650044743081747,0.019909795114363256,0.0009352391533780204,647.4624822011632,671.665093142891,668.6308937777511,655.8295770856968,0.0,0.0,0.0
7.644,-8.371711698861661,-15.743645932116761,1.98603935459376,-0.048037735220475816,3.241225589359267,157.44251654621664,-8.65803127912911,-15.681844382176788,1.9999999999999991,157.83857112117235,1.554916582937547,0.023017196448268506,0.08692582487959946,-0.03332647399333545,-0.01779983600664764,0.013918181346952585,0.19768572364918824,0.03846318839982719,0.021897143804902704,0.0004543988390154586,651.6417412472396,668.828397000523,663.8973166613215,659.1897253653677,0.0,0.0,0.0
7.696,-8.446934100838753,-15.713693386268725,1.9860343077294116,0.01518964985129857,3.1931271961904697,157.48558105206726,-8.733424725824902,-15.65248564674395,1.9999999999999991,157.88355400047624,1.5540582147066848,0.021869607294304594,0.08748092856257958,0.04660705527969784,-0.014653579478603459,0.014778630291121267,0.19311738872662565,0.003377462841482458,0.02354688071457814,0.00017565291754845875,656.7172922626683,664.3799368619251,658.1714199618539,663.9073569448577,0.0,0.0,0.0
7.747999999999999,-8.522093051454641,-15.683733557696655,1.9861255906293112,0.18567865275809126,3.158809233102279,157.52984775780175,-8.809011781215037,-15.623101418427401,1.9999999999999991,157.933611502007,1.5528180794512505,0.019808595039072695,0.08815452262788359,0.055501665587407656,-0.009136469228573085,0.014967572138532555,0.1842889617680029,-0.010045266334922526,0.024460189018216134,0.00022142173932096195,658.2361235331598,662.3402160903788,655.9782094691983,665.7934213189525,0.0,0.0,0.0
7.800000000000001,-8.597147296007893,-15.653706071663706,1.9862996333151193,0.31192514539230964,3.1436464782582547,157.5742268742957,-8.885062130152232,-15.593566846160988,1.9999999999999991,157.981368078659,1.5513385821346923,0.016312515631331046,0.08903660962099895,0.030117459289431985,-0.0020518909426084095,0.014906412167826713,0.1707459531559513,-0.009952307355268473,0.02511804402094741,0.0003084816314560968,657.7048475598784,662.0254733845278,655.7145000999776,665.6931467130382,0.0,0.0,0.0
7.852,-8.672070502456249,-15.623563280878932,1.9865351528850228,0.351941578232943,3.1513801576440192,157.61888012856255,-8.960929179816713,-15.564114678795974,1.9999999999999991,158.03541733317263,1.549803706536086,0.01193396347625735,0.09010568509529535,0.0014528378914389953,0.005853217304170488,0.015057501332630271,0.15337928433062586,-0.005951076442720253,0.024296714050619377,0.00044244661667744607,656.6805456172367,661.9116171806197,656.2082892607788,664.8172511096373,0.0,0.0,0.0
7.904,-8.746860731293092,-15.593289575156383,1.9868041689825453,0.31969938481305504,3.181215159970633,157.66432158480274,-9.036316218523362,-15.534839548531615,1.9999999999999991,158.08789103376932,1.5484199023918725,0.007422714107541783,0.0912254319267774,-0.019324725413283245,0.012683819304925995,0.0153142276602499,0.13442559466765558,-0.0021822056893428523,0.022020043207690437,0.0004890247118633892,655.9875220567102,661.6481852393306,656.7243863894498,663.6162721018829,0.0,0.0,0.0
7.9559999999999995,-8.821537756591612,-15.56289645369594,1.9870747219320286,0.24130124295164815,3.2266115261019177,157.71119654537165,-9.111733524161831,-15.505517790536675,1.9999999999999991,158.1477208963621,1.547370456193225,0.003347331691410949,0.0921734796567599,-0.03146548977732765,0.016654355997694038,0.015838173784703,0.11709736609209376,0.0006205245273793285,0.02001991006468949,0.0005603689099258403,655.398465852068,661.2923740110422,657.1370001884735,662.6634729722806,0.0,0.0,0.0
8.008000000000001,-8.896136050890126,-15.53241329678027,1.9873149784229276,0.04311741990291049,3.281140023971396,157.75852644855513,-9.186778889143106,-15.476286938463517,1.9999999999999991,158.2056889895524,1.5467688117266316,4.167561472846423e-05,0.09278796560419393,-0.12326446389991041,0.01987533855262169,0.015408102746546087,0.1040094805112185,-0.06354787598183266,0.0208193800313539,0.0009314584670924967,663.6400091214381,651.4237244056541,648.0203188072476,672.049847310634,0.0,0.0,0.0
8.06,-8.970718706312358,-15.501928439125304,1.9874975454955877,-0.46798968255945805,3.3420361928300286,157.80569725128993,-9.261999562466046,-15.446917278062143,1.9999999999999991,158.27125904567959,1.54668923080399,-0.000648601576412524,0.09314135570425956,-0.15647928639966804,0.01938572114849668,0.016559074861660635,0.09533071782712099,0.0730387647424586,0.014838553994751986,0.000886715165331186,644.7742737387612,669.9061516912993,668.1592888022413,651.5784977325555,0.0,0.0,0.0
8.112,-9.045389976294548,-15.471626545592384,1.9876037113608105,-0.8123981197567335,3.393527634568253,157.8574135536256,-9.336913352545336,-15.417599213754215,1.9999999999999991,158.4015911210608,1.5471392583968075,0.0027302512703906504,0.0930795279320771,-0.12297002235310964,0.016025091598520752,0.017535525591449476,0.09318141230976473,0.025391691855477534,0.013308061870121693,0.00214846580544316,650.1243058948284,661.2201350941369,663.3722655011156,659.9390288495817,0.0,0.0,0.0
8.164,-9.120234583409502,-15.441654981881443,1.9876264566605462,-1.1270761282689468,3.4332527260650942,157.9121171840709,-9.412023808549502,-15.388159908480075,1.9999999999999991,158.4632614176427,1.5480264827032264,0.009117428721775817,0.0927803041219184,-0.058234692925253594,0.010009911224042682,0.01924893153637964,0.09604183383326692,0.07156302212904622,0.013191624646261058,0.001661878928680055,644.2322609872488,668.5069350165625,669.3408289292723,652.7407490302679,0.0,0.0,0.0
8.216000000000001,-9.195313824852208,-15.412119876861013,1.987569482270957,-1.025268633292971,3.448949893483655,157.9730523514108,-9.48690213948305,-15.358820371551069,1.9999999999999991,158.5277127221572,1.5492113616136811,0.017299936088072777,0.09203178223246403,0.08526044932645785,0.001485182640442482,0.020866118668228278,0.10588202929539892,-0.08579266410375483,0.018231407813919152,0.001138411496470042,667.013608025071,647.6922585046073,645.610047657502,675.2211698293646,0.0,0.0,0.0
8.268,-9.270618191863093,-15.382980866558846,1.987446605002533,-0.8413174353850854,3.445959253662654,158.03487607540902,-9.562023567213098,-15.329473995704365,1.9999999999999991,158.58508238685408,1.5504660408214734,0.023757617524400188,0.09095016609701974,0.0055122273929324745,-0.002327612232212921,0.01982023346679443,0.12111919062914589,0.04961270928717748,0.014638013182287912,0.0014206577020602542,648.1003639168597,666.4767576264998,666.2441174059163,656.3012485173887,0.0,0.0,0.0
8.32,-9.346117456963983,-15.354167910778719,1.9872796855838157,-0.8839752788744151,3.432925441291552,158.09536399918218,-9.637018180811127,-15.300339850536686,1.9999999999999991,158.64567234311951,1.5516504553098562,0.029265264677769316,0.09015003224738426,0.011804253802686676,-0.006936139086018288,0.020586137225589503,0.13500878894929325,-0.04998928433664858,0.019328618551467606,0.0011369439921916189,662.4206535994276,653.6614029438501,651.2775169126248,670.9879023193421,0.0,0.0,0.0
8.372,-9.421804746813695,-15.325682040497885,1.9870940304924911,-0.8610018470161784,3.4085096194704585,158.15737299878285,-9.712300366425737,-15.271326522264795,1.9999999999999991,158.700112632879,1.552662566527302,0.034664050751139666,0.08946715888759915,-0.023530127135776048,-0.008792568490332872,0.02011474021935397,0.1483556175614511,0.07611448354022768,0.015955831760270447,0.0011455247125072504,645.0506712064902,671.3473410461019,669.9969452994546,652.8991265473546,0.0,0.0,0.0
8.424,-9.497666322775165,-15.297519779416941,1.9869142534914581,-0.8442110072039436,3.378374320621026,158.21987751972844,-9.787544147468267,-15.242600001540401,1.9999999999999991,158.75753150624703,1.553431550120455,0.0400989871146783,0.08907994573382218,0.05344341263124974,-0.01200044503352365,0.02133209423152351,0.15861493823957384,0.05308226817638172,0.01724026628030535,0.0005899687220471527,649.214421273782,669.2678464703282,666.0286725930999,655.8339768653116,0.0,0.0,0.0
8.476,-9.573678743980247,-15.269661245735572,1.9867618604263815,-0.4682156375745301,3.3374978207457926,158.2854936306547,-9.86308205048594,-15.214069847192002,1.9999999999999991,158.80902515094306,1.5538971671328843,0.044490624828009695,0.08849407868089777,0.1609572611782797,-0.01492671280783676,0.021818094933190486,0.16995820669080075,0.0014831520451443966,0.0194869095698884,0.00011396080944090945,657.197544660776,663.1689089416114,657.9383463689222,663.0625735560037,0.0,0.0,0.0
8.528,-9.649762791059073,-15.241958292868889,1.986656639599601,0.04962010157711159,3.2924698455052255,158.34982554905343,-9.938296418142597,-15.185975284145828,1.9999999999999991,158.86424090718393,1.553972288111209,0.04504016072193834,0.08792371497243383,0.16855489224825262,-0.015030263279805802,0.02112339219591806,0.1796415529501474,-0.02177847278287008,0.020382298960701394,0.0001717063290264005,660.4976406025304,660.1001404782273,654.7491996816757,666.7445183549967,0.0,0.0,0.0
8.58,-9.725814121323648,-15.214203221726372,1.9866152821964853,0.469637984569742,3.2497539602167964,158.4111383213368,-10.013639329134424,-15.158155289842705,1.9999999999999991,158.91666888933224,1.5536396666681624,0.04116932378688924,0.08773885373503372,0.11165711952863695,-0.013349057952225827,0.02025072489835262,0.1834865104003235,-0.12756636194041893,0.02500836392155944,0.00029941530978122447,674.6479054207547,645.4376195805894,638.9691639331678,682.3834062248629,0.0,0.0,0.0
8.632,-9.80174934870454,-15.18623632073556,1.9866431307975696,0.43737541225234644,3.220375651754828,158.46700546705645,-10.089387715732316,-15.130480393845705,1.9999999999999991,158.9772965574639,1.55294722139319,0.03438341498241035,0.08822261063207375,-0.09265163101510514,-0.007355793200652572,0.018290617439974587,0.17853298462559097,0.053315765385510014,0.02013673383316844,0.0011057467423072494,648.4039915664249,669.3613640688757,666.720272901502,657.2983848120504,0.0,0.0,0.0
8.684,-9.877559370142732,-15.158070349370343,1.9867353019636818,0.2005746206888928,3.201965521501905,158.5231740648186,-10.165480890576545,-15.102910511859813,1.9999999999999991,159.03786161579472,1.5520346293521108,0.028972858759902114,0.08899863680809823,-0.04719878191807656,-0.00538494839903752,0.01957311787015731,0.16863642123138867,0.040745156269472005,0.021199071444830964,0.000722969054515269,650.3715019848623,668.03673122025,664.0373421081459,658.4805189708478,0.0,0.0,0.0
8.736,-9.953273256739447,-15.129800711953925,1.986881984199155,0.20400286842412252,3.1901893704212765,158.5829780398113,-10.241657149930816,-15.07546192680247,1.9999999999999991,159.10774283055596,1.5509912229762404,0.02514766199251973,0.08954057415167876,0.008930074566978835,-0.002284661631126454,0.02033130610765857,0.1592865269755941,-0.09349828576217098,0.025973138619776803,0.0006481483140864958,668.7153596890869,649.4550924813818,643.7359228413334,677.727951760224,0.0,0.0,0.0
8.788,-10.028895066925884,-15.101450001185485,1.9870649466929344,-0.01507318542597593,3.1967513758980015,158.64101764870318,-10.317896897348353,-15.048076334073366,1.9999999999999991,159.17579545253082,1.5498948834609865,0.021464269126302046,0.09024069877366755,-0.12078427767548439,0.0050574292793322765,0.019487725935950124,0.14720722103320372,0.06952623707000193,0.020187965761123288,0.0011558630983639585,645.2431706765005,670.8723982292677,668.3599426583428,654.3352780007077,0.0,0.0,0.0
8.84,-10.104461099126581,-15.073102269846306,1.9872641655933538,-0.2323035571996882,3.2163219349549768,158.70205585652002,-10.394120816944568,-15.020735594362915,1.9999999999999991,159.2532422420881,1.5489216291052803,0.020187386770262782,0.0909433904690902,-0.02686937854971111,0.007027150696254597,0.02149048824000342,0.13457075206683278,0.040691085836304826,0.019979944497395753,0.0007581480008760359,649.7440703323765,667.0671929280132,663.5044345787487,657.610139276191,0.0,0.0,0.0
8.892,-10.180013640205827,-15.044840997176507,1.9874602447727934,-0.1373343038743504,3.238856394607115,158.76788686600082,-10.470460186758753,-14.993366751530116,1.9999999999999991,159.33338954195904,1.5481554354774947,0.020061403528356374,0.09127257652296039,0.0586958298406679,0.007796130747403205,0.02271228985111008,0.12569890236519332,0.0024749441687094975,0.02020582360509671,0.0006012730706033555,655.2430134752218,661.7182122447792,657.6260802768605,662.6753147166337,0.0,0.0,0.0
8.944,-10.255549952502987,-15.016630338998807,1.9876355183503471,0.029922536261276764,3.2650855794376272,158.8354394279817,-10.547110520675322,-14.965897030016583,1.9999999999999991,159.40942577359246,1.547611562523906,0.018660822897898367,0.0913417114114161,0.018331399610758574,0.01019395358500136,0.02247611443169614,0.12004330800016827,-0.10215430207899653,0.02434217007300528,0.0008550372610888445,669.0409736096468,646.8073721177998,642.1318816115559,678.1547691812543,0.0,0.0,0.0
8.996,-10.331061883417448,-14.988414416719433,1.9877755788204667,-0.23022633160333578,3.3051047997910827,158.9001514551559,-10.62328080011533,-14.938618212948828,1.9999999999999991,159.48820117020745,1.5473349075332359,0.016536493906932584,0.09167573300409504,-0.12674243681077133,0.014719365233037986,0.022050936889811187,0.11290401847534914,0.07257384442450322,0.017383152795682418,0.0012932101168092649,644.2728071039527,670.0072850092233,668.6566173847899,652.955514440938,0.0,0.0,0.0
9.048,-10.406600839164664,-14.960277328938071,1.9878687448149408,-0.43024168912682303,3.3463401510720567,158.96952995406855,-10.69931237340421,-14.911418453086318,1.9999999999999991,159.5770755927461,1.5474365919664095,0.017003642152578685,0.09191734498724626,-0.017972666952241596,0.012457530471758882,0.024396861237412866,0.10817295289401263,0.039291356828679236,0.01663129990281962,0.000833303111331422,649.7804121959851,665.7631401078629,663.3504634495372,656.8972816045862,0.0,0.0,0.0
9.1,-10.482214929013745,-14.932293191814736,1.987908703895137,-0.30909036037907606,3.376874243147849,159.04416777745726,-10.775089949215339,-14.884349537702033,1.9999999999999991,159.66128249273373,1.5478865495751488,0.018388757161757772,0.09172401869272735,0.06644025187559813,0.008359148867148978,0.025622052240705268,0.10942490229504631,0.002263885811825593,0.016235017928462638,0.0005762122507057535,655.5640415699793,660.8475528016202,657.8160049117703,661.7966501013013,0.0,0.0,0.0
9.152000000000001,-10.557899802242892,-14.904413363237271,1.98789420888493,-0.1580241707882198,3.3961207040371275,159.12067557630624,-10.850977728490772,-14.857304702902027,1.9999999999999991,159.75426138543622,1.5485720678755996,0.01824043793747299,0.09121181773199534,-0.003940717715112667,0.005808834585574498,0.025334737883234905,0.11556099801095299,-0.09117587654218548,0.020048532465056054,0.0010125837535129717,667.8317769131472,647.5002717359014,644.5312001941412,676.1944747910709,0.0,0.0,0.0
9.204,-10.633646205857271,-14.876589095369958,1.98783069226762,-0.4401327896485696,3.41197886246722,159.19532558260673,-10.926674865177088,-14.830412563371482,1.9999999999999991,159.84254806921908,1.5494042171503313,0.01765966120108404,0.09091030430443885,-0.11098271515401092,0.0037413636271466356,0.025562801381459603,0.1212001885143752,0.07476464201092943,0.014395458367366937,0.0012028400836678254,644.7498452016735,670.2425345520861,669.4848135003342,652.3129017714442,0.0,0.0,0.0
9.256,-10.709495966954085,-14.848912947881796,1.9877283559705945,-0.5531223746031564,3.4121790675300794,159.27630266147304,-11.002616721685484,-14.80353989853289,1.9999999999999991,159.94149496760136,1.5503372985862174,0.01950300879491617,0.09045247964419792,0.013156607467521389,-0.0029092495181004046,0.02799466882907679,0.12962754837364998,0.033688209195561314,0.015813914115135268,0.0006788504207872427,651.4368319303522,665.568860821647,662.9614366529329,657.8734174245952,0.0,0.0,0.0
9.308,-10.785466480971714,-14.82143193094299,1.9876035230969442,-0.35515884741085496,3.3942515695267703,159.36226441335924,-11.078356274543427,-14.776857647716852,1.9999999999999991,160.03479677322287,1.5512129243299608,0.021451622355536472,0.08970903064423831,0.08719139672841354,-0.008233434468168098,0.029067487647980134,0.14159280252895912,-0.0016237460914951332,0.017082297669046072,0.00043003067162592336,656.9286127918322,661.3375512349221,657.6600911414442,662.9856348929917,0.0,0.0,0.0
9.36,-10.861520492049406,-14.794071391252535,1.987475410228385,-0.08083063225273457,3.3638418781609447,159.4507816581617,-11.154437468555946,-14.750202286376878,1.9999999999999991,160.13754083243245,1.5518778618270708,0.02126238201475015,0.08894067735357539,0.08525137404391045,-0.011434376694289723,0.029614888405996187,0.15391503424886777,-0.014199700025205219,0.018864962129266555,0.0005038734336818887,658.6263636295262,659.9566248201493,655.9663757015572,665.3748121998138,0.0,0.0,0.0
9.412,-10.937603053037318,-14.766724258819798,1.9873640197705666,-0.010356751967944038,3.3312618972139747,159.53852210888368,-11.230359244255174,-14.72376343896701,1.9999999999999991,160.34557749062967,1.5522370916727517,0.018736494284448423,0.08847778557748051,-0.05837678060979421,-0.009463128926894115,0.02861939691282897,0.16270192900918645,-0.02738154525119154,0.01851858201264015,0.0033518722056047577,656.7865343997341,654.2447762467051,658.2759567371154,671.2562163777569,0.0,0.0,0.0
9.464,-11.013694262606785,-14.739378373893977,1.9872841552388198,-0.363470255969307,3.3077689406777204,159.6264583746959,-11.306615029707917,-14.697380561180237,1.9999999999999991,160.45282730363996,1.5523152241373759,0.016795911297933085,0.08861564598963818,-0.10707758424786569,-0.007908362612473224,0.029979658238328894,0.1645721702801417,0.06732721408057044,0.018695295489414232,0.0032453888007853943,643.256331418395,667.9234379633137,671.5333249885105,657.7782501351924,0.0,0.0,0.0
9.516,-11.089830379402349,-14.712163456583502,1.9872439466339977,-0.45212015224740354,3.2834076602954556,159.72140565886374,-11.38272981359289,-14.67120725567499,1.9999999999999991,160.57313803409767,1.5521865779356514,0.017553329393721926,0.08881175389220908,0.017081333646871158,-0.008652692843526821,0.032270227322666316,0.16459963712457015,0.023944663542282193,0.019641239389091163,0.002924090208663482,649.8758819502369,662.3641184997074,664.8543145574434,663.6363799319879,0.0,0.0,0.0
9.568,-11.166016364706035,-14.685125141731602,1.9872472978957998,-0.273793681522099,3.258822765071279,159.8221180326732,-11.459343807696444,-14.645027023002609,1.9999999999999991,160.68735531165404,1.5518441379256105,0.018259762837639876,0.08891362516422976,0.07408865137732104,-0.008098596002707245,0.03389784636306612,0.16415682404742837,-0.005341395392319946,0.02115336197620459,0.00259885321310306,654.3104535676698,658.8377661393946,660.0111447456886,667.5150130024003,0.0,0.0,0.0
9.620000000000001,-11.242216100850406,-14.658197833016107,1.9872936738384586,-0.05272133788855657,3.2391115005485815,159.92532347998437,-11.535923232573786,-14.619024137570207,1.9999999999999991,160.81573355766173,1.55129686020866,0.01710534258133416,0.08906900364050466,0.06527692660700068,-0.005462437840736882,0.03419956753065508,0.16180525266132684,-0.013272064903734816,0.02175929875227607,0.0029974468157885218,654.7429951644549,657.1753543258782,659.2846888494566,669.1991498546569,0.0,0.0,0.0
9.672,-11.318387928075559,-14.631293124909424,1.9873796230515943,0.09396776332564499,3.2289595600024916,160.03030115810884,-11.612040416316626,-14.593349466530338,1.9999999999999991,160.9402987767418,1.550601939587772,0.014094483928058019,0.08940455362223607,0.03424246718744587,-0.002053448929757273,0.035217247423626544,0.1564075159550724,-0.011054734269936507,0.020881546469528587,0.0030196342822513037,654.395856476973,657.2127908305542,659.633716099555,668.6734193276842,0.0,0.0,0.0
9.724,-11.394505511086699,-14.604351486944804,1.9874973390248216,0.14888954182386302,3.227053616828097,160.13830498964617,-11.688269813210075,-14.567815470849034,1.9999999999999991,161.0836423888126,1.5498466213297801,0.009954169265187626,0.08982053867097699,0.0053280785739677145,0.0003023741791633187,0.03664437696599433,0.1491934457016435,-0.006961759999089049,0.020272649988451883,0.0032176100308016014,653.4568400167592,657.2750654334383,660.4174344383931,668.1248880266803,0.0,0.0,0.0
9.776,-11.470560624007513,-14.577351830268727,1.9876352666834993,0.13298412446452057,3.230444404538232,160.25047435536848,-11.76481619328328,-14.542346930199212,1.9999999999999991,161.22493798088414,1.5490981873121696,0.005448808297291526,0.0901623289222493,-0.01497250379337193,0.0018528700459478423,0.03800963888523688,0.14205371345613826,-0.003961664748005134,0.02030877858155771,0.003309375233670091,652.7322158009158,657.4234436933874,660.8087085898889,667.6776364557795,0.0,0.0,0.0
9.828,-11.546558692604131,-14.5503033890524,1.987780677296916,0.07035867383713929,3.2382308718968633,160.367251006436,-11.841321534772128,-14.517046075003998,1.9999999999999991,161.38860051875346,1.5483999064157579,0.001152643741604342,0.09038348592715786,-0.027988507010657398,0.003211954643900082,0.04012111100838517,0.13585301179161702,-0.0015610194532013396,0.020070715352831038,0.0034955111032453396,652.0225715780228,657.3376354364816,661.305761454321,667.426757898206,0.0,0.0,0.0
9.88,-11.622514287939689,-14.523235145378347,1.9879219261756902,-0.02022855852780363,3.249693439929628,160.49003458488843,-11.91806575637669,-14.491808957573562,1.9999999999999991,161.56387656495068,1.5477877762824344,-0.0026086790084323573,0.09049064672273702,-0.035302710906742286,0.004318004784956263,0.04220344538544382,0.13089976611533116,1.3426435776646081e-05,0.0201307024572704,0.0038074202432805356,651.2415699040249,657.0307714958865,661.8456712642375,667.5353538700016,0.0,0.0,0.0
9.932,-11.69844767601547,-14.496187433954132,1.9880494091883558,-0.12449972921681335,3.26472274071439,160.61977880090978,-11.995180157261338,-14.46658674619191,1.9999999999999991,161.73625340733147,1.547291364935505,-0.005652312774955806,0.09052088803178626,-0.03847969259601798,0.005484259525380684,0.04476409207401163,0.12713801583416973,0.0013196305496236422,0.020551449344677272,0.0037406874001463916,651.0070748031108,657.292452551585,661.8016864925728,667.2423183325087,0.0,0.0,0.0
9.984,-11.774382403951305,-14.46920559590288,1.9881557361067046,-0.2321269789924652,3.28424681566856,160.7571242858714,-12.072479683581635,-14.441441410334681,1.9999999999999991,161.91901447718908,1.546940816006495,-0.007911394384415887,0.09054313734617483,-0.038578695788192605,0.007100026740855886,0.04759190747315287,0.12412785574276985,0.002347820179376448,0.02077996303793991,0.003633278377256237,650.917148732104,657.5627654304789,661.7086324850663,666.9246500057853,0.0,0.0,0.0
10.036,-11.850343969267067,-14.442335272125963,1.9882352978027102,-0.33522926255376084,3.3093786354558197,160.90212214887265,-12.149453311303962,-14.416547269770074,1.9999999999999991,162.12891936293653,1.5467762946502794,-0.009391464498135658,0.090625673948169,-0.03630851753793897,0.008866999630326455,0.050361206666309666,0.12137892050639709,0.0029457942290498015,0.019914223311363395,0.003948934397643215,650.4620033501125,657.0356142524641,662.3026440587764,667.101667771039,0.0,0.0,0.0
10.088000000000001,-11.926358923857228,-14.41561886173963,1.9882834726457301,-0.4278009243962887,3.3383700954060194,161.0551609511371,-12.226043810952088,-14.391942543162937,1.9999999999999991,162.33388074054875,1.546843828539113,-0.01017216338620254,0.09075330202874808,-0.032354487614657056,0.00950966229139941,0.05294977437510763,0.11919057165985514,0.0031710602820134003,0.01833822746447511,0.0040614589312213244,650.4632209709996,656.6502347787459,662.6782301272857,666.9670422449916,0.0,0.0,0.0
10.14,-12.002453200116863,-14.389093289180577,1.9882962869729623,-0.5352062638976354,3.3666935312580324,161.21711006483758,-12.302466115593225,-14.367590741936757,1.9999999999999991,162.568460694984,1.5471654910042996,-0.010413171008409827,0.09080279944659425,-0.06680223757630566,0.009010091798628935,0.05598360396592211,0.11890426767773365,-0.11900000535352137,0.021779378853516586,0.004438493467345329,666.8916631109096,638.898408493349,645.1578255616615,684.9520357107168,0.0,0.0,0.0
10.192,-12.078659993898684,-14.36281814689049,1.9882693590537035,-1.0767236015059418,3.3986902186629484,161.3844211018438,-12.37883099777445,-14.343491356556228,1.9999999999999991,162.79709829044165,1.5477371808084694,-0.009294323517426479,0.09084603554997114,-0.235381258925842,0.009811564701885208,0.05794327689008645,0.11995563860925929,0.10828490901930227,0.01364572853975474,0.004972945550910992,634.5643575396081,669.7132108075004,679.3858834467917,652.6733063257082,0.0,0.0,0.0
10.244,-12.155062160098325,-14.336999530099863,1.9882003441988225,-1.5060142736384163,3.420195055310183,161.56607571228085,-12.455293220082371,-14.319642350283894,1.9999999999999991,163.05695070526468,1.548591648174748,-0.0033240342338868327,0.09084444117966911,-0.06788328031359052,0.0025054529976208098,0.06407885485871817,0.12280151898487313,0.06816172712193638,0.01400189309382335,0.004332707904489131,641.4706690976018,665.1140903222843,673.0168437899023,657.7145953547559,0.0,0.0,0.0
10.296,-12.231724680749675,-14.311807906700345,1.9880980591714075,-1.399921834902276,3.418539484765565,161.7638639580466,-12.531772072769687,-14.296118551111322,1.9999999999999991,163.30396214407833,1.549594139473652,0.004774946473809507,0.09056305728098606,0.08335349165522257,-0.005314659621022603,0.06842824431264127,0.12947224152740733,0.013180753415400523,0.015283920222662383,0.00374324745460545,650.2548344683169,658.4326741580746,664.4332558233743,665.0280495217438,0.0,0.0,0.0
10.348,-12.308630937285445,-14.287203999464223,1.9879749363272925,-1.0483297702957466,3.3963505993995877,161.9784527791299,-12.608489049821767,-14.272932969548583,1.9999999999999991,163.72756413730352,1.5505379632481535,0.010685838282341585,0.08984474014808269,0.1215235034885003,-0.011177892498819906,0.07516626786254527,0.14111600755818243,-0.013139251485215261,0.017204377231584685,0.0056848689960406484,651.2628505868903,652.4352222204005,663.3142176972879,671.8589460828313,0.0,0.0,0.0
10.4,-12.385720147491542,-14.263041529538029,1.9878477945376003,-0.7096887356529605,3.36057061266323,162.22283575567167,-12.685233276097799,-14.250215974608565,1.9999999999999991,164.4593921398632,1.5512504843172434,0.012546052305532709,0.08895465775103725,0.09445903305609368,-0.014192636605959074,0.08864138109958816,0.15458509020425337,-0.02379472025707128,0.01928092295524315,0.011139123605841511,645.0778231787339,643.7610475859457,669.2541268336778,681.2465051512524,0.0,0.0,0.0
10.452,-12.462928290651606,-14.23917942703743,1.9877355605437155,-0.5802172135837586,3.321088791043816,162.51460785019952,-12.762320959685693,-14.227951242151686,1.9999999999999991,165.26263541587505,1.5516273738390853,0.010288295845463043,0.0882505240817849,-0.04371478142435183,-0.013686288730643602,0.10532429434970761,0.16575274990575917,-0.13915574431310057,0.023807853385772956,0.01593989242780057,654.5873268697042,620.5769164325912,659.1183339659561,704.0657207915409,0.0,0.0,0.0
10.504,-12.540226570010846,-14.21558878448469,1.9876550985767687,-1.2042720553179203,3.2932357085108506,162.85645786524879,-12.839400498171953,-14.206267504382906,1.9999999999999991,166.02179820780887,1.551656557766581,0.006840576567609079,0.0882548569160922,-0.3135686213069954,-0.009231063322193686,0.12228753736855338,0.16893632228707878,-0.01944560859902733,0.022342211849703683,0.018660816477435317,633.5905975962795,634.449461560384,679.9599428820477,691.4166897084447,0.0,0.0,0.0
10.556000000000001,-12.617681528260597,-14.192533134559827,1.987614360181922,-2.1346421688618604,3.2840629738629863,163.26456056671358,-12.91688350748241,-14.185093900943826,1.9999999999999991,166.86711853676,1.5515053557825698,0.008524845757600385,0.08886713653488373,-0.24863859324976473,-0.006024698847927543,0.14605536817907844,0.16486741613185774,0.14538820985284417,0.020336429031617594,0.019331945044831704,608.0157557650788,657.2616108876557,703.5764802809961,669.3298929298187,0.0,0.0,0.0
10.608,-12.695397384229702,-14.170385065321282,1.9876067254692285,-2.302258286118313,3.2881293256813287,163.74227133331107,-12.994283267006285,-14.16457505748027,1.9999999999999991,167.65800356312857,1.551381425829709,0.015324890228891924,0.08991385351086782,0.044466850130753466,-0.004261933493325149,0.16817351643802955,0.15546349981469254,0.04147509376244245,0.019875605496150726,0.018003653913160993,625.7060531696951,643.8749039691071,687.6912549560448,681.7611159868492,0.0,0.0,0.0
10.66,-12.773392601500616,-14.149230916428678,1.9876260002863295,-2.0465811403204737,3.2973134111988234,164.2786491849584,-13.072142398849003,-14.144651498023316,1.9999999999999991,168.4047616151778,1.55136840889531,0.02034158343118795,0.09063910595312522,0.022216499663199236,-0.0036343367390073425,0.1841257333246585,0.14835772418145687,-0.1130313684332525,0.019392511886098567,0.016737552001643327,650.1391861477986,622.4743628744495,664.3581542754036,700.8287238102947,0.0,0.0,0.0
10.712,-12.851636450365236,-14.128989744840954,1.987657465673328,-2.1924586919594002,3.2699811478412304,164.8537383983701,-13.149941848797091,-14.125509920020647,1.9999999999999991,169.76973510723204,1.5514833611294672,0.022835673175840256,0.09041864288662274,-0.05462646905973476,-0.03385412798173794,0.1960878971193956,0.1501624440022573,0.05901201253777129,-0.06593489625499994,0.029061924106020563,619.6237350450544,617.5197856339537,715.7966717026211,682.1927493731424,0.0,0.0,0.0
10.764,-12.930111069030767,-14.109698874533539,1.9876990976029263,-2.0761229996980073,3.047061224817291,165.4790220142742,-13.228197849802454,-14.107133630025837,1.9999999999999991,170.45652076668387,1.551144639993376,0.025236346477644722,0.0854056224811158,0.07925010701142546,-0.12371371273926082,0.20918061088441608,0.19878429842206036,0.0018460292235063618,-0.08314404132128467,0.02571025525805882,636.6634152058203,612.1875729423263,707.1246165365425,684.1567012617526,0.0,0.0,0.0
10.816,-13.008693457294045,-14.091338951048568,1.9878037821457941,-1.6994199300580903,2.5045786322894967,166.1432929919217,-13.306431366074898,-14.089684520461732,1.9999999999999991,171.2297087888717,1.5481625155361183,0.02502144440295883,0.07318172908073739,0.12439796226956908,-0.23532928812839576,0.2181673066179191,0.3163135141127553,-0.03406067823236547,-0.07916303278999828,0.02485540595750595,645.0203759147167,611.1309858224234,702.9301203946732,690.7626440516628,0.0,0.0,0.0
10.868,-13.08709797495877,-14.07381572561947,1.9881186542068316,-1.3613958323456747,1.6281860132837769,166.84126506276826,-13.385096593671681,-14.073158576570798,1.9999999999999991,171.98342134900864,1.539411533132299,0.02064324663324959,0.055318910195067704,0.08519901772229857,-0.34096241594274534,0.22629211543097982,0.48255681557700547,-0.03975401660716608,-0.047114962381191755,0.023203590379768872,647.0463575522667,621.2951951709192,698.9629436774452,696.9803478692725,0.0,0.0,0.0
10.92,-13.164898353601219,-14.057076872828233,1.988878774951003,-1.2009964332359655,0.4984610768928838,167.56218740647105,-13.46372664262236,-14.05768992646965,1.9999999999999991,172.8603058787967,1.5218675194194407,0.013314366296073719,0.03563999949478262,0.025022844924721434,-0.4071421458184535,0.2347020282074621,0.6523459510526195,-0.03210135433368122,-0.014032873489883912,0.023547474918726056,644.3281312151048,630.7242265919089,699.4093107134051,704.2491232623026,0.0,0.0,0.0
10.972,-13.241571678419735,-14.041163263953328,1.9903503377968825,-1.2194318924993552,-0.7530053758511175,168.31123057589846,-13.5426323958132,-14.043299234152816,1.9999999999999991,173.73797079465467,1.4936628875433162,0.004798735508534125,0.018299313263266778,-0.023484449234505895,-0.4289942892275141,0.24320280435596162,0.7762390324183925,-0.022667795191879114,0.025392298533704144,0.02328265324343783,640.3959583089529,641.1952515970048,697.6391315106168,710.471773922196,0.0,0.0,0.0
11.024000000000001,-13.316555067828968,-14.026194660398522,1.9927521679202282,-1.3631419521370975,-1.9730570360589719,169.08537799765475,-13.620937563834335,-14.030152463459913,1.9999999999999991,174.77151106034572,1.4544376381703403,-0.003122668522990843,0.006506781177678148,-0.05197496266390602,-0.3975330251355942,0.25091443507315286,0.8155918044250622,-0.014564616757936213,0.05191308468908165,0.02603643710292102,632.4330348549979,643.4391477621737,699.7705219892574,717.4073296840063,0.0,0.0,0.0
11.076,-13.389313584939858,-14.012328262348127,1.9961845244389544,-1.5775673098135377,-3.0264858674480686,169.8933367643392,-13.697120936257212,-14.018445879849038,1.9999999999999991,175.8044808816432,1.4053958784055378,-0.00953954748558147,0.0015368778043482925,-0.06306808297730211,-0.3297668126180165,0.2665239665106693,0.7545968100159032,-0.007743175505819978,0.07274642391014724,0.025182329165835852,628.4550010862923,647.6077610578171,695.7767247537732,717.1945210245607,0.0,0.0,0.0
11.128,-13.459404735869677,-13.999718009437242,2.0005901993290083,-1.8129900380074415,-3.831832879774429,170.7406461777269,-13.764858057156301,-14.008641289180252,1.9999999999999991,177.00785244201174,1.3487357972736895,-0.0141148895639509,0.0022985169548533453,-0.05898560502767255,-0.2396779232304143,0.2835275621099414,0.6057705778893072,-0.003331394645585458,0.06914189394209704,0.026543408648614236,623.2084545217023,642.7537742277015,695.8253316099494,715.1374866947698,0.0,0.0,0.0
11.18,-13.526518391218849,-13.988484455483617,2.0057562543131406,-2.0265516846832323,-4.362224615561824,171.630867098757,-13.82070938928836,-14.000857716773783,1.9999999999999991,178.19250803359347,1.287086768905006,-0.016856377598052398,0.006168583216688063,-0.043070057253824574,-0.15295023615143064,0.2999365285950223,0.40170658021933353,-0.00019650767280482082,0.05056895357712887,0.026808012578058656,620.6227960942532,635.6979189294622,695.0559442820227,708.6534568566561,0.0,0.0,0.0
11.232,-13.590483620910414,-13.978697914795823,2.011356872842688,-2.1886298205261077,-4.673315211154527,172.56649447228125,-13.864583010043797,-13.99490469436345,1.9999999999999991,179.55067945608675,1.222866199110636,-0.017982273248335737,0.009522167459075314,-0.019606739698315535,-0.09460702171080225,0.32010856229670326,0.1884908838515828,0.0017610262040980368,0.019057911549345555,0.028331906100341326,617.995758741538,624.296665761574,697.2487907012023,701.8968677510115,0.0,0.0,0.0
11.284,-13.651234026356805,-13.970376860259394,2.017023596960073,-2.2783894971629928,-4.883864834598528,173.55599347820768,-13.897879176197408,-13.990477734583783,1.9999999999999991,-179.1302104351207,1.157673462485976,-0.018049600308502903,0.00891782679462595,0.009223891950974596,-0.07979090633127836,0.3380288578166974,0.011792006345226883,0.0004214768329640745,-0.0045086643281126715,0.02867920782553762,617.2008183492037,615.9546547325434,697.0939510725482,695.7631254909576,0.0,0.0,0.0
11.336,-13.708744849597545,-13.963494837822916,2.0224196955243956,-2.2923000571859182,-5.114381675494559,174.58492156375414,-13.922489893573502,-13.987258533420528,1.9999999999999991,-179.1302104351207,1.0919576391946098,-0.017341039862218813,0.0028155413804641385,0.03391012650226451,-0.1047205816157543,0.3369347951851,-0.10242587830716796,-0.005685244752489476,-0.2937627875335332,0.007702371264894356,686.7354882973693,599.1812973195647,705.4262481940846,623.950238296237,0.0,0.0,0.0
11.388,-13.762960949087981,-13.957993206272018,2.0272898596304425,-2.279076567197291,-5.923502333755731,175.5956273631274,-13.940297128172267,-13.984960966007595,1.9999999999999991,-179.1302104351207,1.024294959157579,-0.014877596467743953,-0.015486089124646597,0.036520145472460734,-0.45595710867774003,0.3196237734863716,-0.08002317042179782,-0.0002536887058539137,-0.217729841040855,-0.003564532695799695,691.4673932791071,629.4195973514096,681.9095635196365,619.0583912046282,0.0,0.0,0.0
11.44,-13.813546615490951,-13.953826931406311,2.031548255392551,-2.2884755582495617,-7.883318063268698,176.59018837332033,-13.952952002136945,-13.983347565866465,1.9999999999999991,-179.1302104351207,0.945652924221832,-0.010321557600957923,-0.04970917504409873,0.03716652032979254,-0.7789320600314946,0.2935637651518437,0.11840135751592423,0.008090858660665291,0.007317050745713483,-0.01529910543941036,680.7011059783978,684.9431432226842,640.6761846039619,640.4490883815439,0.0,0.0,0.0
11.492,-13.859659505898609,-13.950993595367647,2.0353658842840012,-2.3106715471858177,-10.284016718560316,177.51701825247432,-13.961804871736403,-13.982230962354619,1.9999999999999991,-179.1302104351207,0.8475379843180415,-0.003081128023758819,-0.07835946713422501,0.04578279081262675,-0.8058823200804264,0.2611246432640343,0.27594394368040465,0.015519619679258984,0.15632700378166425,-0.023241620241012482,675.3535555343076,721.6050538135582,613.9800197108207,655.6772555402324,0.0,0.0,0.0
11.544,-13.900227974446695,-13.949488411416633,2.039009085420936,-2.3070242519010855,-12.345292018199357,178.33314610872534,-13.967910573363039,-13.981468490087016,1.9999999999999991,-179.1302104351207,0.730785225675116,0.006858527802666455,-0.08660819097284202,0.062164408614294266,-0.6097030273178765,0.22615339262771736,0.23819738257645207,0.02069688060035743,0.22587479358357332,-0.027960075190314078,672.8813451594749,738.5635319232721,598.611150331532,659.9081300186867,0.0,0.0,0.0
11.596,-13.93435790652399,-13.949257728258134,2.042555453122531,-2.23934608650438,-13.604576833570945,179.01300785558126,-13.972066295824296,-13.980954425850854,1.9999999999999991,-179.1302104351207,0.6022195258013932,0.018938777782867424,-0.07549844807426241,0.08260386591101271,-0.3019269154720596,0.19123964302334162,0.012937961690783317,0.02335694781265859,0.23503361476855145,-0.029769099486001767,670.3168460742378,739.2395840487578,590.9969863846823,654.877309454786,0.0,0.0,0.0
11.648,-13.96160380430394,-13.950185376461375,2.045794840319443,-2.0838214254434173,-13.894814382343394,179.55095659414891,-13.974859331771816,-13.980612109731267,1.9999999999999991,-179.1302104351207,0.47012044781441065,0.03218790941887598,-0.055346740894290335,0.10388182358619351,0.028409530432627193,0.15836665607371891,-0.29159377026412814,0.02330871913122954,0.20477421027903797,-0.02933264269322383,667.4942492504284,728.9059630441601,589.1339322450195,644.4429770510553,0.0,0.0,0.0
11.7,-13.982040964753491,-13.952105341145995,2.0483232428361884,-1.8360391690347335,-13.26131671796387,179.9600741761808,-13.97671345553291,-13.980386962841399,1.9999999999999991,-179.1302104351207,0.3422199468952679,0.04541565169800411,-0.03758183197382996,0.12306130395983961,0.3217439154805675,0.12894919418535183,-0.5499761938155567,0.020750318290904783,0.15345777769655217,-0.02737975009682221,665.6694905231338,713.1726110313361,592.3035568166429,633.0239073929853,0.0,0.0,0.0
11.752,-13.996181431043006,-13.954824247562158,2.0497236907626655,-1.5095188420266528,-11.878038905733087,-179.73457746031065,-13.97792911392085,-13.980240741718713,1.9999999999999991,-179.1302104351207,0.22522640301629765,0.05740469888638845,-0.029457004350280046,0.13729504732202893,0.5448447456887863,0.10346499889076247,-0.6774242382388862,0.016389437873079303,0.09500308680862793,-0.024659056346082963,666.1717707393215,696.8977948731996,599.832543991597,623.9843631098406,0.0,0.0,0.0
11.804,-14.00482793819737,-13.958140802935548,2.0497264328835203,-1.1296829407045885,-9.979008597555284,-179.5048827505254,-13.978716044672375,-13.98014703107294,1.9999999999999991,-179.1302104351207,0.12451535556346618,0.06709232232988808,-0.03246492819324335,0.14446924102742587,0.6855628175475671,0.08185520463196298,-0.6505283014772678,0.011123294689621095,0.03846351399887071,-0.021710739090118402,669.3820985875753,683.1663023609839,610.6431386143042,619.0028299979971,0.0,0.0,0.0
11.856,-14.008939748678547,-13.961857810117412,2.048291966087437,-0.7266850720363647,-7.808969899806598,-179.32707345032316,-13.979218620538205,-13.980087826656817,1.9999999999999991,-179.1302104351207,0.043655112841426355,0.07372238628558819,-0.04370514813636304,0.14347766205326828,0.7451861193750058,0.06358234251442546,-0.49647754642428743,0.00582512496988704,-0.010500165531856231,-0.018873796550301348,674.6252538391399,673.3212433944988,623.1461112877811,618.2014578145609,0.0,0.0,0.0
11.908,-14.009536639804445,-13.965788349080519,2.045602618885509,-0.32999281408137365,-5.591643784614246,-179.18505330496617,-13.979534925994379,-13.980051011534588,1.9999999999999991,-179.1302104351207,-0.015949265582518406,0.07693344795877607,-0.05824876965816465,0.13450109569992846,0.7341824697974125,0.048165083735817536,-0.2695399994451769,0.0011440510893096847,-0.04885355499940855,-0.016298323844991924,680.6168795269948,667.3090504575524,635.67799793229,620.7159264890334,0.0,0.0,0.0
11.96,-14.007630083067175,-13.969759996903068,2.041995443342512,0.034831701966744566,-3.5118735014366615,-179.07017402326466,-13.979730766068073,-13.980028531232703,1.9999999999999991,-179.1302104351207,-0.055008431205844546,0.07676122621705686,-0.07125360653365406,0.11862111226375713,0.6669556259262635,0.03513813336809442,-0.028111275552079484,-0.0024415759828455078,-0.07486085318649921,-0.014018526127964694,685.9133818945763,664.3890120851413,646.7693826279808,625.3656601600002,0.0,0.0,0.0
12.012,-14.004166310603374,-13.97361941760054,2.0378715885176617,0.3480813371375032,-1.7059147413964106,-178.9794117392985,-13.979849747652926,-13.980015097635146,1.9999999999999991,-179.1302104351207,-0.07591404133473786,0.0735675817786671,-0.0794752277646226,0.0978461505449825,0.561185367642014,0.024126109135403,0.18305321248675943,-0.0047584138078572286,-0.08855126350230874,-0.012005482296235994,689.4746318031957,663.5453298802995,655.5126795508971,631.0247035144832,0.0,0.0,0.0
12.064,-13.999975695903117,-13.977237454678692,2.033611421687521,0.5973684523056841,-0.25645289271399396,-178.91223964521046,-13.9799204103445,-13.980007282739178,1.9999999999999991,-179.1302104351207,-0.08207298084020956,0.06792288347583567,-0.08157661652854811,0.07454116059150524,0.43450608519167516,0.014987345894058857,0.33860804669795086,-0.005873989011477489,-0.09118630676097349,-0.01010726238340647,690.6423632720029,663.6971008229151,661.6861051491874,636.9870570186077,0.0,0.0,0.0
12.116,-13.995732410536549,-13.980513350212359,2.029522771954374,0.7776315164593534,0.803424798627358,-178.86844201284205,-13.979961194018756,-13.980002893923054,1.9999999999999991,-179.1302104351207,-0.07726750455363222,0.06048700753280036,-0.07797833205855331,0.05098759131148271,0.302936726527639,0.007573675333058971,0.4328077246533848,-0.006023727884803201,-0.08500405676783632,-0.00834245125585103,689.5199765074393,664.2385776338982,665.338165478256,642.6348919869702,0.0,0.0,0.0
12.168,-13.991931665577495,-13.983376838970026,2.0258138076708643,0.8904157891382078,1.483145778858891,-178.8466648893787,-13.979983851694444,-13.98000054892182,1.9999999999999991,-179.1302104351207,-0.06516752856780009,0.05191525989822621,-0.07019681876949863,0.02903255953666012,0.17940344277560008,0.001773498422539312,0.4738727590603605,-0.0055213329010539765,-0.07275133401935076,-0.006694823249130205,686.5474198640569,664.7692521679204,666.9307919799113,647.7031234124465,0.0,0.0,0.0
12.22,-13.988887669041716,-13.985787475514405,2.022596731320045,0.9422551541999729,1.8239140431272747,-178.84392102514894,-13.97999576395599,-13.979999390292816,1.9999999999999991,-179.1302104351207,-0.049031120613377,0.04279946922528957,-0.06007821449657121,0.009908747312176046,0.07304571354852364,-0.0025444489941036244,0.47633911084992275,-0.0046685466772764216,-0.05721592064617191,-0.005182321983630812,682.3904656143756,665.1234718410522,667.0502700922221,652.0729541263252,0.0,0.0,0.0
12.272,-13.986750440518087,-13.9877316033619,2.019906610937139,0.9425904083787405,1.8863593406344834,-178.85611541744694,-13.980001488955343,-13.979998895947075,1.9999999999999991,-179.1302104351207,-0.031553616159592776,0.033638933503908446,-0.04929672350719608,-0.005821078428639693,-0.011277065586168932,-0.005550305227770074,0.4555236583418395,-0.00367135615634079,-0.040657829002193085,-0.0038292523358615716,677.7092508984988,665.2990332559781,666.2661522103227,655.747128338177,0.0,0.0,0.0
12.324,-13.985535306886236,-13.989217895095466,2.0177261557111748,0.902012670752568,1.7397724641325347,-178.878664145418,-13.980003787736521,-13.97999875497744,1.9999999999999991,-179.1302104351207,-0.014815210147494522,0.02483219862197308,-0.03903592944202609,-0.01803441409679158,-0.07192439791754023,-0.007457727150089098,0.4235973137734087,-0.002666089468810788,-0.02483787912855684,-0.002654620129796903,673.0560911351425,665.3295980474353,665.054441393421,658.7573084872367,0.0,0.0,0.0
12.376,-13.985158060928121,-13.990272411277877,2.016008644411673,0.831003122341517,1.4536419317792835,-178.90718015818538,-13.980004294074272,-13.979998787314528,1.9999999999999991,-179.1302104351207,-0.0002832446219033968,0.01667948107538266,-0.029970505076351267,-0.026880045066142454,-0.10964719945003956,-0.0084523448268902,0.38867120546186645,-0.0017367694954054224,-0.011016695409746702,-0.0016858197943075454,668.8563926885932,665.2621938633324,663.7415946373407,661.1080161391985,0.0,0.0,0.0
12.428,-13.985470178670797,-13.990933838277497,2.014694235757692,0.7392223150007303,1.091963137946659,-178.9380292918319,-13.980003946449271,-13.97999889243939,1.9999999999999991,-179.1302104351207,0.011152121152997494,0.009390110527602923,-0.02234663971846975,-0.03270448237784617,-0.12711597340094707,-0.00876828593755739,0.35506538642784996,-0.0009155553600540996,9.132706065344276e-05,-0.0009127276577934382,665.325809870551,665.0928787446026,662.5537527513694,662.8393818063784,0.0,0.0,0.0
12.48,-13.98629053499607,-13.991249201742269,2.013721525944446,0.6349782284773474,0.7080752046422356,-178.968558036488,-13.980003262815908,-13.979999017121939,1.9999999999999991,-179.1302104351207,0.019108122968941828,0.003093562523089407,-0.016120705663015773,-0.0359457753287872,-0.12829415086677515,-0.008596181859204128,0.3243022844109462,-0.00019904743550440591,0.008318220587106469,-0.0003251399293840315,662.5309883460037,664.8307924035785,661.5767789478116,663.9926079420565,0.0,0.0,0.0
12.532,-13.987431173302179,-13.991270256636271,2.013032517000261,0.5252442168428377,0.3431883636563089,-178.99704267605557,-13.98000251276034,-13.979999135458204,1.9999999999999991,-179.1302104351207,0.02361317370949656,-0.0021481468461534,-0.011129394481572737,-0.037016658165118996,-0.11731293467147832,-0.008089804800768976,0.29662081012785835,0.0004102833976235426,0.013722373062177114,9.880200963455294e-05,660.4529481043079,664.4634955003281,660.8430630305851,664.6191953962077,0.0,0.0,0.0
12.584,-13.988716623710783,-13.991050485834885,2.012574065227426,0.4158127219276832,0.02637033653329349,-179.0225432437891,-13.980001823549092,-13.97999923675068,1.9999999999999991,-179.1302104351207,0.025003492410723242,-0.006328983464944286,-0.007188114555743319,-0.03627367958695712,-0.09818187320794472,-0.007385803608773674,0.27189759154140614,0.0008905886431556671,0.016542594301293918,0.0003861208934338629,659.0255560880372,663.9798686687681,660.3492257883449,664.7901848221086,0.0,0.0,0.0
12.636000000000001,-13.989997062513499,-13.990642602251922,2.012298544502793,0.3112837137252775,-0.22492810548337638,-179.04474041679435,-13.980001244170445,-13.979999318316734,1.9999999999999991,-179.1302104351207,0.023819778912779293,-0.009488531895537384,-0.004114298557513237,-0.03413942233954777,-0.07469115452895118,-0.006579424904832229,0.24985469406417973,0.0012535256423516807,0.017212058021592168,0.000566978007755743,658.1364761613844,663.3900578938213,660.066412051227,664.5959727729506,0.0,0.0,0.0
12.688,-13.991155807384281,-13.990096554066811,2.0121637917972364,0.215090078387095,-0.4034533552125968,-179.06368452379158,-13.980000783085872,-13.979999381342564,1.9999999999999991,-179.1302104351207,0.02070940249849767,-0.011700987603590913,-0.0017750322631008314,-0.03097528949926746,-0.049980406352531107,-0.005739520179459473,0.23052960727550167,0.001501230850974776,0.01620867363350474,0.0006653140025275476,657.6814315722697,662.724294470699,659.9557102539652,664.1319820950413,0.0,0.0,0.0
12.74,-13.992111966866215,-13.989458029413095,2.0121326873207335,0.12965486012237343,-0.510085388325381,-179.0796400233181,-13.980000429808213,-13.979999428583387,1.9999999999999991,-179.1302104351207,0.016343827352964642,-0.013065335183372986,-6.161211210886594e-05,-0.027117988372708617,-0.026503539468194327,-0.0049121401054916785,0.21403817199592842,0.0016402343985269484,0.01402321720800572,0.0007053364242869049,657.5550494708358,662.0180030818397,659.9802216738337,663.498067401077,0.0,0.0,0.0
12.792,-13.992819302561157,-13.988767401008035,2.0121733509399498,0.05647364564794302,-0.551804505889726,-179.09294575951122,-13.980000166728269,-13.97999946315718,1.9999999999999991,-179.1302104351207,0.011354308584679593,-0.013696593419727357,0.0011129501340691676,-0.022867513765814786,-0.00603982721010563,-0.004127655847566066,0.2005434563969145,0.0016797389583006628,0.01113579444654682,0.0007037163308289225,657.6658444435989,661.3189753153067,660.0973740427472,662.7849277194732,0.0,0.0,0.0
12.844,-13.993262331070921,-13.988059084329265,2.0122592241013653,-0.0037804174027696127,-0.5396114667577673,-179.10394235426472,-13.97999997520417,-13.979999487967309,1.9999999999999991,-179.1302104351207,0.006285772609421163,-0.013717985098651292,0.0018375653334796363,-0.01849110010261993,0.010362983949236229,-0.00340294969598268,0.190020322898854,0.0016348482167720122,0.007951751741131599,0.000675198717461436,657.9321000457745,660.6656098064368,660.2709265707056,662.067024957472,0.0,0.0,0.0
12.896,-13.993450681746145,-13.98736126561886,2.012369285345112,-0.05113912720564141,-0.4865419071526802,-179.1129327453013,-13.979999838379776,-13.979999505472925,1.9999999999999991,-179.1302104351207,0.0015697014576556046,-0.013254084359161802,0.0021984824460472216,-0.014208525110136002,0.02223787646158314,-0.0027488923108835695,0.18229332088531397,0.0015217596881621272,0.0048068182166104804,0.0006290772900152267,658.2871783142249,660.0919993185133,660.4649335998841,661.3993158842515,0.0,0.0,0.0
12.948,-13.99341264462719,-13.98669594988453,2.0124875966879165,-0.08620995539960863,-0.4061868561701794,-179.12017381274165,-13.979999742216828,-13.979999517640788,1.9999999999999991,-179.1302104351207,-0.002487187595480232,-0.012425111455047422,0.0022805062405527317,-0.010198099939180617,0.02959345600775613,-0.002168320511894057,0.17703899166229645,0.0013598478912252103,0.00196359375032841,0.0005728043971987783,658.6742019122709,659.6220601255204,660.6489435798685,660.8207206963988,0.0,0.0,0.0
13.0,-13.99318860949552,-13.986079268742877,2.0126028915411904,-0.11003412392675858,-0.31135259927694015,-179.1258831651397,-13.97999967561263,-13.979999525983205,1.9999999999999991,-179.1302104351207,-0.0057013254929651445,-0.011342387965470761,0.002164987097595493,-0.006584905590206594,0.03283727756709835,-0.0016626785755305192,0.1738186147096226,0.0011657027260163016,-0.00040862055448442555,0.000510781559509235,659.05170118717,659.2676201289864,660.798555189121,660.3505217456058,0.0,0.0,0.0
13.052,-13.992824988003418,-13.985521985239872,2.0127078197224115,-0.12394828358556971,-0.21319146577410558,-179.130253969353,-13.979999630098959,-13.979999531629494,1.9999999999999991,-179.1302104351207,-0.008000213733138254,-0.010105129470226893,0.0019231718672120715,-0.0034538541011463015,0.03261112392126977,-0.0012302414070304716,0.17216762653123488,0.0009559434040392885,-0.0022099318813185703,0.0004471216626607367,659.3876631838602,659.0300538410634,660.8979376577042,659.9967941968289,0.0,0.0,0.0
13.104000000000001,-13.992369005067065,-13.985030134553407,2.012798193723817,-0.12947132979535456,-0.12060393324469806,-179.13346337901413,-13.979999599391919,-13.979999535403651,1.9999999999999991,-179.1302104351207,-0.009403861637966297,-0.008798356611498876,0.00161489516916538,-0.0008466969177526488,0.029741118848701946,-0.0008668963396512963,0.1716325045822889,0.0007441319166086443,-0.003425667268557588,0.0003836079462822921,659.6657842394604,658.9011571418118,660.939567055252,659.7524817796683,0.0,0.0,0.0
13.156,-13.99186460768519,-13.984605747677607,2.012872176746002,-0.12818300476864214,-0.039984342996562686,-179.13568425286925,-13.979999578930014,-13.979999537895472,1.9999999999999991,-179.1302104351207,-0.010001931936649985,-0.007491939228842977,0.0012839505684193917,0.001225630813574673,0.025055886781017105,-0.0005687311531324376,0.17184222143847278,0.0005422894854824904,-0.00408214908547692,0.0003228748123510826,659.8761781555771,658.8669388121397,660.9242158035248,659.6075410564051,0.0,0.0,0.0
13.208,-13.991349582726695,-13.984247606452257,2.0129295510913234,-0.12164230357656698,0.02470523779324351,-179.1370824603595,-13.979999565462562,-13.979999539520161,1.9999999999999991,-179.1302104351207,-0.009930547970919967,-0.0062405434641001215,0.0009604485368367062,0.0027851573896358487,0.019364161086289404,-0.00032969653345735824,0.17250843080334302,0.00035778405712088863,-0.004251668423946989,0.00026596732555783306,660.020040431935,658.9100234476442,660.8579957609663,659.5454603444153,0.0,0.0,0.0
13.26,-13.990853835799108,-13.983951990118014,2.012971154625568,-0.1113074375042781,0.0717523445179129,-179.13781728577516,-13.979999556709876,-13.979999540565746,1.9999999999999991,-179.1302104351207,-0.009350306295595457,-0.0050843820719100275,0.0006626925250250192,0.0038720269343697953,0.013372863572771801,-0.00014293934649984745,0.17342503239740598,0.00019604811033694476,-0.004030564073269356,0.0002139791610303935,660.1039830846239,659.0110433290099,660.7520248839452,659.5484088187766,0.0,0.0,0.0
13.312,-13.990398723936682,-13.983713377543127,2.012998444763254,-0.09849172086980415,0.1013137131579236,-179.13803775020762,-13.979999551096155,-13.979999541229326,1.9999999999999991,-179.1302104351207,-0.00842715959851809,-0.004050515408238541,0.00040007456905467983,0.004539764107611066,0.0076537848982831435,-2.339999541157259e-06,0.17445364022090756,6.038991018931031e-05,-0.003526361621374769,0.0001678748007038348,660.1382439414369,659.1504792345341,660.620101703346,659.5986361133021,0.0,0.0,0.0
13.364,-13.989997256256467,-13.983525083326402,2.0130132037755173,-0.0843367348419447,0.11498540201001242,-179.1378774280273,-13.979999547546573,-13.97999954164406,1.9999999999999991,-179.1302104351207,-0.007317225653333639,-0.003154467758115255,0.00017598912764411385,0.004850602335026854,0.0026262498209269403,9.962843087890421e-05,0.17550435396474917,-4.786964552422096e-05,-0.0028466607956027547,0.00012732479485930707,660.136310233159,659.3114996098501,660.4751474423206,659.6780443332411,0.0,0.0,0.0
13.416,-13.989654950234137,-13.983379812607975,2.013017317681573,-0.06978303008928187,0.11532132509309485,-179.13745062997452,-13.979999545337266,-13.979999541898806,1.9999999999999991,-179.1302104351207,-0.006155911417944312,-0.0024020719163268213,-1.0129856755962125e-05,0.004872949709394198,-0.001450328038184373,0.00016926219294950874,0.17652280675342297,-0.00013054345438229665,-0.002086620750556264,9.286378923845776e-05,660.1100214847916,659.4782969600861,660.3299532913487,659.7728360425338,0.0,0.0,0.0
13.468,-13.989371117291995,-13.98327012189074,2.013012660394658,-0.05557903105083852,0.10542042520084874,-179.13685311369343,-13.97999954398673,-13.97999954205212,1.9999999999999991,-179.1302104351207,-0.005051349938015704,-0.0017914209374260439,-0.0001603815449019397,0.004669376173954589,-0.00444492646634563,0.0002129355180064408,0.177470003124562,-0.00018865481368073207,-0.0013311484798378672,6.424022003274966e-05,660.0711329182275,659.6381433302109,660.1952871045432,659.869880194631,0.0,0.0,0.0
13.52,-13.98914037688315,-13.98318878650162,2.013000998689915,-0.04228553678784886,0.08852106320949658,-179.13615945238163,-13.979999543178625,-13.979999542142114,1.9999999999999991,-179.1302104351207,-0.004081503366704515,-0.001314685380510466,-0.00027828142365290487,0.004302201241449346,-0.006361345804561698,0.00023592961086062436,0.17832422387148142,-0.00022550679833759405,-0.0006397720354556565,4.1069260623150613e-05,660.0287016554709,659.7822040477517,660.0782075881193,659.96021349672,0.0,0.0,0.0
13.572000000000001,-13.988954214854349,-13.983129077157802,2.01298394711298,-0.030294435406567292,0.06771194444447307,-179.1354270857205,-13.979999542707729,-13.979999542193264,1.9999999999999991,-179.1302104351207,-0.0032946377220531555,-0.0009598386689184338,-0.00036734280374352697,0.0038246625628089136,-0.007281660652476774,0.00024338929685701187,0.17906852646703775,-0.0002436413507155527,-5.780238544564982e-05,2.2758938160839756e-05,659.9900403941555,659.9041715769728,659.9836739534203,660.0366067105857,0.0,0.0,0.0
13.624,-13.9888024474704,-13.983084952779496,2.0129629305860575,-0.019847205561880465,0.04570161439441779,-179.13469749981596,-13.979999542442673,-13.979999542221076,1.9999999999999991,-179.1302104351207,-0.002712039262539471,-0.0007121555402806656,-0.0004314727194700754,0.0032850677557215353,-0.0073575868195418365,0.00023926483753296317,0.17969584883286271,-0.00024672449675454573,0.00039059935919535634,8.690988472403277e-06,659.9598452549442,660.0008271720711,659.9136347890906,660.0951661608318,0.0,0.0,0.0
13.676,-13.988674490004335,-13.983051178477252,2.0129391664073175,-0.011057240117570961,0.024678475852698323,-179.13399936563837,-13.979999542300579,-13.979999542235218,1.9999999999999991,-179.1302104351207,-0.0023324339826217766,-0.0005555248823842667,-0.00047451074092111443,0.0027224338974140795,-0.006776651237122708,0.00022695666121045062,0.1802050608746699,-0.0002379338869943578,0.0006975865751354948,-1.6974256400509362e-06,659.940450459696,660.071374778707,659.8679668139209,660.1344359478827,0.0,0.0,0.0
13.728,-13.98856036724237,-13.98302337914892,2.012913663301995,-0.003935674764907384,0.006245209360830686,-179.13335104664478,-13.979999542229983,-13.979999542241607,1.9999999999999991,-179.1302104351207,-0.0021372828894645063,-0.00047351215430861004,-0.0005002534861600378,0.002168089947129115,-0.005739822584302998,0.00020933821413498792,0.18060124696520996,-0.00022035212551452233,0.0008691672871402564,-9.123694484571842e-06,659.9325366955825,660.1173354296278,659.8444893760507,660.1548235543619,0.0,0.0,0.0
13.78,-13.988451439043983,-13.982998040984784,2.0128872192650484,0.001585976176615764,-0.00859440135610082,-179.13276320930004,-13.979999542199508,-13.9799995422438,1.9999999999999991,-179.1302104351207,-0.002096362382904627,-0.0004501896142319321,-0.0005124869643837265,0.0016456175934782581,-0.004443940497283491,0.00018865385935269905,0.18089610435490563,-0.00019672430453556735,0.0009230209192692191,-1.411818309734637e-05,659.9349520467061,660.1418152156356,659.8398010510878,660.1587448090839,0.0,0.0,0.0
13.832,-13.988340840980992,-13.982972472221583,2.0128604390701894,0.005633916046529458,-0.01937914365483825,-179.1322410298242,-13.979999542190455,-13.97999954224387,1.9999999999999991,-179.1302104351207,-0.0021731152857452337,-0.0004707503731701065,-0.0005146037570199217,0.0011716846225953246,-0.003059639891614203,0.000166435071326088,0.1811036259125827,-0.00016945058970324416,0.0008817815416146294,-1.7182242562096527e-05,659.9457992575796,660.1486820161248,659.8499322027723,660.1493607956214,0.0,0.0,0.0
13.884,-13.988223669088324,-13.982944734199704,2.012833760710484,0.008373390991439425,-0.02609999642559034,-179.1317849170659,-13.979999542191969,-13.979999542242997,1.9999999999999991,-179.1302104351207,-0.002329248574935951,-0.0005219275927586121,-0.0005095642966878617,7.902984338553936e-05,-0.0001835885037634578,1.45936040509184e-05,0.18123887988712517,0.00012017939169998129,0.0001776243996235893,2.841682347322579e-05,659.9447052122893,660.0295320171111,660.0576374836683,660.0739982407404,0.0,0.0,0.0
13.936,-13.988096938164123,-13.98291353992444,2.012807482207381,0.010516540271413837,-0.029754095909607967,-179.13124071604705,-13.979999542197975,-13.979999542241806,1.9999999999999991,-179.1302104351207,-0.0025294795876044844,-0.0005930749995867468,-0.000499844315846319,0.0,0.0,0.0,0.1813166403968412,2.0702353226578693e-05,0.00043613080694529456,2.2164926127821093e-05,659.9324479228229,660.0625708035624,659.9997344569731,660.1180527505542,0.0,0.0,0.0
13.988,-13.987959108572317,-13.982877908545557,2.0127817862952044,0.012960521101198627,-0.03151337081473414,-179.13063493188707,-13.979999542205245,-13.97999954224062,1.9999999999999991,-179.1302104351207,-0.0027518206730507188,-0.0006829511872291516,-0.00048742393349243164,0.0,0.0,0.0,0.18135049437056935,-0.0001484368371174034,0.000725944194803684,9.274161763668463e-06,659.933870889742,660.0983615814739,659.9172739278704,660.1663130848852,0.0,0.0,0.0
14.040000000000001,-13.987809622113822,-13.982836821188297,2.0127567667361936,0.01490876335144854,-0.030461457925890577,-179.1300462632593,-13.979999542212202,-13.979999542239579,1.9999999999999991,-179.1302104351207,-0.0029766402040604734,-0.0007918356520055781,-0.0004738858412028644,0.0,0.0,0.0,0.1813529680584927,-0.00032391238355264595,0.0009188563473530524,-3.2962021463351907e-06,659.9488501596359,660.1183028151296,659.8474437892188,660.2014155795919,0.0,0.0,0.0
14.092,-13.987649208808117,-13.982789530174282,2.0127324518568614,0.015148285171756658,-0.025597275945756406,-179.1295143579733,-13.97999954221818,-13.979999542238726,1.9999999999999991,-179.1302104351207,-0.003175366539482903,-0.0009108624601863204,-0.000460460448460321,-0.00024705205439219674,0.0022002139932920427,0.00016281671912399712,0.18133521962157134,-0.00035037224221561844,9.645908001863995e-05,-7.397329393171216e-05,660.1671877801981,660.0948786046315,659.8625252608679,659.9898130091619,0.0,0.0,0.0
14.144,-13.987480265909024,-13.982736094118849,2.012708824949458,0.012912054421542429,-0.01774463836272144,-179.12922086745013,-13.979999542223009,-13.979999542238062,1.9999999999999991,-179.1302104351207,-0.003314860456802289,-0.0010211888717052166,-0.00044789474926183677,-0.0010369114136220211,0.0027440515739388625,7.320372065910493e-05,0.18130509715546728,-6.257838114555987e-05,-0.00025658009576808667,-4.768742547678816e-05,660.1393990260977,660.0485042391562,659.9895176098771,659.9342558058518,0.0,0.0,0.0
14.196,-13.987306415197704,-13.982677654232512,2.012685840792583,0.009252421214201044,-0.009901621435206094,-179.12906530723293,-13.979999542226748,-13.97999954223756,1.9999999999999991,-179.1302104351207,-0.003381024820972963,-0.001103516806904932,-0.000436487250458416,-0.0012859071813198294,0.0025084058543989414,3.8598158030805346e-05,0.1812669538494843,9.622539640466806e-05,-0.0003650295427921281,-3.843605686308643e-05,660.1185607545093,660.0420050515253,660.0395290423996,659.9081419636104,0.0,0.0,0.0
14.248000000000001,-13.987131287994538,-13.982615982894686,2.012663435048177,0.005605359768963302,-0.0032004370449825953,-179.12899732491113,-13.979999542229555,-13.97999954223719,1.9999999999999991,-179.1302104351207,-0.00338035170519402,-0.0011512767497330587,-0.00042638794707366214,-0.0011513801359805975,0.002058998401421419,1.2600278116025657e-05,0.18122429850825866,0.00013240700387520666,-0.00039675981038320336,-3.0451103498420548e-05,660.105919524751,660.0306301983886,660.0593045201579,659.9085752562128,0.0,0.0,0.0
14.3,-13.986957950864733,-13.98255284011374,2.012641533179555,0.002589173210047432,0.0020659330752261346,-179.12899541378948,-13.97999954223161,-13.979999542236923,1.9999999999999991,-179.1302104351207,-0.003325602787286741,-0.0011680646742843013,-0.0004176837624609961,0.0,0.0,0.0,0.1811803505198801,-0.00022540282514502922,0.00020481163410022746,-2.5928020433969024e-05,660.0639703134295,660.0581057496275,659.9279584216226,660.0505008549338,0.0,0.0,0.0
14.352,-13.986788809316337,-13.982489712432569,2.0126200560654572,-0.0007308584903686655,0.006971321303532163,-179.12905017934085,-13.979999542233086,-13.979999542236733,1.9999999999999991,-179.1302104351207,-0.003228012826289552,-0.0011580872446648094,-0.00041046976286141895,-0.0012101524427099164,0.0016628711618436932,-2.301320137500792e-05,0.18113856058178793,0.00036208471168326916,-0.0006522125703617606,-1.6401249892773792e-05,660.0882380956059,660.0056052006173,660.1459388438677,659.8570314248782,0.0,0.0,0.0
14.404,-13.98662598463182,-13.982428120504808,2.0125989261802286,-0.003874112289563629,0.011186946089433818,-179.12915119352863,-13.97999954223413,-13.9799995422366,1.9999999999999991,-179.1302104351207,-0.0030903717754413307,-0.0011185420914725333,-0.00040464672475109533,0.0,0.0,0.0,0.18110042102679752,3.9420265402718105e-05,-0.00024342243101482453,-2.2657877791803288e-05,660.0837963739839,660.0256940952269,660.032277653081,659.9517129805654,0.0,0.0,0.0
14.456,-13.986471279518062,-13.982369520397787,2.0125780719274093,-0.006742920523066729,0.01450219560373058,-179.12931217278657,-13.979999542234856,-13.97999954223651,1.9999999999999991,-179.1302104351207,-0.002921316706097437,-0.0010531465842895994,-0.00040006296493504524,0.0,0.0,0.0,0.18106672171007498,0.00019792540724927567,-0.0004738181090253917,-1.9254513239835626e-05,660.0885805965601,660.0100023762379,660.0916305527035,659.9002928521008,0.0,0.0,0.0
14.508000000000001,-13.986326022922075,-13.982315172035834,2.012557428900811,-0.008766441878241243,0.016327518564534713,-179.1295132240449,-13.979999542235355,-13.979999542236447,1.9999999999999991,-179.1302104351207,-0.002730678516512783,-0.0009658568267395358,-0.0003965348517286093,0.0,0.0,0.0,0.18103771095884078,0.0003454348102466812,-0.000671042192674441,-1.4993660920583868e-05,660.0891221861664,659.9963835891322,660.1459789104231,659.8564505118958,0.0,0.0,0.0
14.56,-13.98619083970763,-13.98226590727427,2.012536941132582,-0.008912135050142472,0.015758588458030666,-179.12973882318119,-13.97999954223569,-13.979999542236403,1.9999999999999991,-179.1302104351207,-0.0025351840363179935,-0.0008681150284205475,-0.0003938636163362362,0.0,0.0,0.0,0.18101322047000085,0.0004272207685257768,-0.0007808502473925792,-1.0193902403843865e-05,660.0859235569859,659.9852026865547,660.1793602389585,659.8352623059327,0.0,0.0,0.0
14.612,-13.986065271986435,-13.982221679550364,2.012516561317135,-0.0064064196043100066,0.012143291273437553,-179.129973999945,-13.979999542235916,-13.97999954223638,1.9999999999999991,-179.1302104351207,-0.0023585810794729085,-0.0007797043729323536,-0.0003918842674555027,0.0008807705275197697,-0.0011793718821832937,-5.5239641019967505e-05,0.18099313885773444,5.1763968946270304e-05,-0.00029787483112153764,1.5072998427963135e-05,660.0351750829587,659.9650739382372,660.0916589214504,659.9920756286774,0.0,0.0,0.0
14.664000000000001,-13.985947525960977,-13.982181248673726,2.012496250355404,-0.0020097432405951645,0.006092556523975941,-179.1301365568834,-13.979999542236065,-13.979999542236357,1.9999999999999991,-179.1302104351207,-0.002227323348042017,-0.0007236782803851242,-0.0003905065705128068,0.0014311464800877357,-0.0021107366646567617,-4.369829022465618e-05,0.18097782895820938,-0.0003053120155011025,0.00022978306060418585,1.4335117815431916e-05,660.0115572031649,659.9900438870609,659.9642940403915,660.1166988658408,0.0,0.0,0.0
14.716000000000001,-13.98583482038476,-13.982142610725079,2.012475977242983,0.0012528723044604904,0.0002605617727471958,-179.13024408190017,-13.979999542236163,-13.979999542236346,1.9999999999999991,-179.1302104351207,-0.0021526311979516302,-0.0007050108375411716,-0.0003897024016617982,0.0004389056627638302,-0.0009140648860180225,-1.5996246751212745e-05,0.1809680066016795,-5.251487475681357e-05,-2.2675241705728615e-05,6.538471481926024e-06,660.0220855790851,660.0006691193524,660.0252358129937,660.0337348258572,0.0,0.0,0.0
14.768,-13.985724427344387,-13.982104190904822,2.0124557202994944,0.0032690983046371903,-0.0048715387401253,-179.13034790485077,-13.979999542236225,-13.979999542236346,1.9999999999999991,-179.1302104351207,-0.002127385195785792,-0.0007099795401185258,-0.00038930069518914895,0.0,0.0,0.0,0.18096268354930456,1.9167203757996632e-05,-0.0001511663975513252,2.9189500092097713e-06,660.0350715355357,659.9974743807109,660.0486142845508,660.0000989856139,0.0,0.0,0.0
14.82,-13.98561391330472,-13.98206496969127,2.0124354664461124,0.005244744226547243,-0.010381949819969805,-179.13044060472413,-13.979999542236268,-13.979999542236346,1.9999999999999991,-179.1302104351207,-0.0021493404747965003,-0.0007324254643001017,-0.0003890748689798561,0.0,0.0,0.0,0.18096005022837425,-9.521169518754642e-05,0.00013676850258469354,4.901894143725732e-06,660.0075557750371,660.0193923954168,659.9940120183475,660.060085550816,0.0,0.0,0.0
14.872,-13.985500828049807,-13.982024051685928,2.012415208828607,0.006488405215129136,-0.01497865769464153,-179.13050888079715,-13.97999954223629,-13.979999542236346,1.9999999999999991,-179.1302104351207,-0.002217155401757765,-0.0007698488738585688,-0.0003889624449661571,0.0,0.0,0.0,0.18095971209008238,-0.00019552430259421299,0.0004356435320381063,6.35708433442868e-06,659.9772606031814,660.0456539429929,659.9391719930578,660.1189432058145,0.0,0.0,0.0
14.924,-13.985383128090138,-13.981980869215754,2.0123949452234218,0.006608913530780017,-0.017962519687685852,-179.13055823393648,-13.979999542236314,-13.979999542236346,1.9999999999999991,-179.1302104351207,-0.0023193406395395277,-0.0008139981446018916,-0.0003889143725749251,0.0,0.0,0.0,0.18096125826316153,-0.00025772777490174257,0.0007074629540575581,7.414150552304728e-06,659.945981222171,660.0740799067047,659.8930983782258,660.168006422334,0.0,0.0,0.0
14.975999999999999,-13.985259560498271,-13.981935398334807,2.012374677096368,0.005142650811247347,-0.01822617191625214,-179.1305838693235,-13.979999542236314,-13.979999542236346,1.9999999999999991,-179.1302104351207,-0.0024373578784739032,-0.0008531769392841202,-0.0003889296349400434,0.0,0.0,0.0,0.18096463198146853,-0.0002504210293758725,0.0008882599876968511,7.964473653572419e-06,659.9185013574154,660.1001780881124,659.86922239086,660.1935439657177,0.0,0.0,0.0
15.027999999999999,-13.985130119111219,-13.981888348182864,2.012354409221087,0.0019418626141539416,-0.014814764350439274,-179.1305859408089,-13.979999542236314,-13.979999542236346,1.9999999999999991,-179.1302104351207,-0.0025433317472559292,-0.0008726182739588485,-0.0003890200043971192,-0.0012904093561875063,0.0016926141539396326,2.2782920621488458e-06,0.18096979594356763,0.00034444961245638306,0.0002586613036257349,7.183642115791979e-06,659.9246368477769,660.0964216228773,660.0426465902153,660.0182121443835,0.0,0.0,0.0
15.080000000000002,-13.984996428557196,-13.981841193705206,2.0123341493090012,-0.0016077327375950796,-0.008229377004736263,-179.13057085887795,-13.979999542236314,-13.979999542236346,1.9999999999999991,-179.1302104351207,-0.0026044961257278066,-0.0008598630749601663,-0.00038912621778182084,-0.0009424095737728567,0.0023896420121393724,6.600159236882125e-06,0.18097591942624813,0.0003534558306843033,-0.0001588358183913861,5.290740437808624e-06,659.9855665846734,660.0410001950416,660.1008887036776,659.954975932146,0.0,0.0,0.0
15.132000000000001,-13.98486144822915,-13.981795514132413,2.0123139071053475,-0.003028087232685635,-0.0011923579760979854,-179.13054640451674,-13.979999542236314,-13.979999542236346,1.9999999999999991,-179.1302104351207,-0.0026032606693396462,-0.000822912590395989,-0.0003890514542938695,-0.00019759323247769056,0.0022811920106714013,9.298286436251125e-06,0.18098075277739598,0.00014023697825369318,-0.0003392265375897419,3.7879789048820367e-06,660.0438073650112,659.9871293643647,660.0942374886622,659.9576745365804,0.0,0.0,0.0
15.184000000000001,-13.984728374682753,-13.981752018214335,2.0122936917330203,-0.002881560055752816,0.0049215102193052385,-179.13051499308443,-13.979999542236314,-13.979999542236346,1.9999999999999991,-179.1302104351207,-0.0025426430148401875,-0.0007804889675178008,-0.000388752144496065,0.0,0.0,0.0,0.1809835733772921,7.619928902340091e-05,0.00030129169291355355,6.5091709989885056e-06,659.9580017541357,660.0655227433265,659.9977346729553,660.0618461299762,0.0,0.0,0.0
15.236,-13.984600003063152,-13.981710677700631,2.0122735092763624,-0.002060403673885428,0.010759185463918079,-179.1304677690354,-13.979999542236314,-13.979999542236346,1.9999999999999991,-179.1302104351207,-0.002431612346980542,-0.0007428481026519925,-0.0003883129848032983,0.0003359732807483335,0.002016793036504978,1.5361299172055003e-05,0.18098501751762142,-7.288338919065271e-05,-0.000751438352488522,-9.104957832040315e-08,660.1383243039154,659.903535495106,660.1173164177502,659.9240458007779,0.0,0.0,0.0
15.288,-13.984478904301934,-13.981671136030881,2.0122533629029937,-0.0010558600030793712,0.01602173182006182,-179.1304179229336,-13.979999542236314,-13.979999542236346,1.9999999999999991,-179.1302104351207,-0.0022719368395757718,-0.0007141278090464384,-0.0003877742750468359,0.0,0.0,0.0,0.18098537814189028,2.1799690055839915e-05,-0.00028210808257667053,4.446643796721718e-06,660.0517424940168,659.97759902077,660.0702652011406,659.9837049593035,0.0,0.0,0.0
15.34,-13.984367364140082,-13.9816329337618,2.012233253913969,7.86311729236728e-05,0.02025146530971182,-179.13035517700516,-13.979999542236314,-13.979999542236346,1.9999999999999991,-179.1302104351207,-0.0020723480067283678,-0.000695210616510246,-0.00038714276733788305,0.0,0.0,0.0,0.1809846779802588,-2.678340340581073e-05,-0.0005940225531068225,3.111391960653477e-06,660.1049186201807,659.9280953478832,660.1059066696653,659.9443428638301,0.0,0.0,0.0
15.392,-13.984267122305106,-13.981595562243339,2.012213181729147,0.0011668439580012201,0.022570780679581483,-179.1302883457196,-13.979999542236314,-13.979999542236346,1.9999999999999991,-179.1302104351207,-0.0018448779672714858,-0.0006867349508763692,-0.00038643642990857465,0.0,0.0,0.0,0.1809831104655464,-8.31291632488596e-05,-0.0008646199694165798,1.6893525502838387e-06,660.1534111916296,659.8834659522985,660.1344158841983,659.9118272068355,0.0,0.0,0.0
15.443999999999999,-13.984179008092415,-13.98155853410061,2.0121931442596583,0.0018429232416444377,0.021737138359629014,-179.13022207798477,-13.979999542236314,-13.979999542236346,1.9999999999999991,-179.1302104351207,-0.0016112779743173568,-0.0006868806487243796,-0.0003856756917024863,0.0,0.0,0.0,0.18098094173910842,-0.00013026093490295008,-0.001020387353488547,2.748162945369128e-07,660.1842087691933,659.8564731674356,660.1478760565979,659.8943443906912,0.0,0.0,0.0
15.495999999999999,-13.984102405586809,-13.981521535902093,2.0121731383855406,0.0017493925526749518,0.016850752860053803,-179.13016067315493,-13.979999542236314,-13.979999542236346,1.9999999999999991,-179.1302104351207,-0.0014029681824736025,-0.0006905597300925986,-0.00038490513380541255,-0.00015842419493701827,-0.00222528794242891,1.9141709129483292e-05,0.18097870876797614,-8.720884936482001e-05,-0.00013521695171138024,-8.009876383268806e-06,660.0634493423227,660.0000975850204,660.0164284450465,660.0027542226703,0.0,0.0,0.0
15.548000000000002,-13.984034904990907,-13.981484575648988,2.012153160411566,0.0008357925503628663,0.008950500122832397,-179.13012553217902,-13.979999542236314,-13.979999542236346,1.9999999999999991,-179.1302104351207,-0.0012545540527891847,-0.0006902510636827605,-0.0003841923625139864,-0.0003735785077902035,-0.0027405857528889697,9.091290998894787e-06,0.18097719366876136,1.6316005185555813e-05,0.0002678818132286718,-5.110255256813101e-06,659.9872408063958,660.0681870899093,659.9777349571959,660.0493884060927,0.0,0.0,0.0
15.600000000000001,-13.98397283951882,-13.9814479928884,2.0121332071654554,-0.000311159316701596,0.0012861636984102503,-179.13010551402442,-13.979999542236314,-13.979999542236346,1.9999999999999991,-179.1302104351207,-0.001179430207217697,-0.000680602101566337,-0.00038357561349499877,-0.0003705039079350529,-0.002403260076022924,5.288564098437289e-06,0.18097687303373827,5.445771685541632e-05,0.00039444307155198067,-4.156566496312735e-06,659.9624515095289,660.0903093660925,659.966451513346,660.0632892955668,0.0,0.0,0.0
15.652000000000001,-13.98391262032709,-13.981412238412338,2.0121132771156565,-0.0012449701116638975,-0.004882650478205913,-179.13009481071722,-13.979999542236314,-13.979999542236346,1.9999999999999991,-179.1302104351207,-0.0011685327249033027,-0.000661572575503076,-0.0003830150628864082,0.0,0.0,0.0,0.18097740302564788,-4.890948953499026e-05,-0.00028022969098238974,-2.4623231260046044e-06,660.0709223497066,659.9771751790936,660.0501736203863,659.9842870906093,0.0,0.0,0.0
15.704,-13.98385134510367,-13.981377687324542,2.0120933703334467,-0.0021049686808760236,-0.010349761563184817,-179.13008890526206,-13.979999542236314,-13.979999542236346,1.9999999999999991,-179.1302104351207,-0.0012081876584588258,-0.0006352981000401877,-0.0003824518389335561,0.0,0.0,0.0,0.1809782010151778,-5.0415911818345056e-06,-9.870654494938669e-06,-2.5902098494304044e-06,660.0263732129495,660.0221258291763,660.0177638258226,660.0163883718149,0.0,0.0,0.0
15.756,-13.98378648889506,-13.98134467959483,2.0120734879353104,-0.0030903617011846826,-0.01601799672592996,-179.13008954734704,-13.979999542236314,-13.979999542236346,1.9999999999999991,-179.1302104351207,-0.001296376961261018,-0.000601387268608983,-0.00038183870612397533,0.0,0.0,0.0,0.18097876525518192,5.336685399981869e-05,0.0003232645728472221,-2.5800508224974885e-06,659.9706164819532,660.0778906132812,659.9786720620572,660.0555465729705,0.0,0.0,0.0
15.808,-13.983715552609269,-13.981313588084506,2.0120536310192914,-0.0038981633356617745,-0.02080289904876325,-179.13009697736527,-13.979999542236314,-13.979999542236346,1.9999999999999991,-179.1302104351207,-0.0014308810512475166,-0.0005597435897613035,-0.00038118840929393514,0.0,0.0,0.0,0.1809791845671383,0.00011383097645799654,0.0006737824299755595,-2.425313923773842e-06,659.9118842411908,660.1362164768598,659.9375933313398,660.0970833017367,0.0,0.0,0.0
15.86,-13.983636493788286,-13.981284702420957,2.0120338004604736,-0.00411768158271518,-0.023221236289424144,-179.13011047591087,-13.979999542236314,-13.979999542236346,1.9999999999999991,-179.1302104351207,-0.001597989282183057,-0.0005134868604136974,-0.0003805395463599128,0.0,0.0,0.0,0.18097980920102003,0.00015593680577192707,0.0009671437840058992,-2.1407830598762454e-06,659.8637248117069,660.183606779533,659.9022190541008,660.1332735431233,0.0,0.0,0.0
15.911999999999999,-13.983548385498736,-13.981258057777195,2.012013997561164,-0.0034006130228300536,-0.021881353250505657,-179.130128945021,-13.979999542236314,-13.979999542236346,1.9999999999999991,-179.1302104351207,-0.0017712132242305115,-0.0004691976880950077,-0.0003799412292912124,0.0,0.0,0.0,0.18098107907023067,0.0001582799225176171,0.0011188774864652684,-1.739782430081158e-06,659.8412460335804,660.2050133008444,659.8815198932963,660.1551247704012,0.0,0.0,0.0
15.963999999999999,-13.98345202485079,-13.981233293698335,2.011994224672136,-0.001647265307425358,-0.015933236528132857,-179.1301492392872,-13.979999542236314,-13.979999542236346,1.9999999999999991,-179.1302104351207,-0.0019135953304810099,-0.00043578743939573733,-0.0003794634878557925,0.0006850823462568111,0.002574761967506276,-5.699230919780522e-06,0.18098360610460926,-0.000156082638273988,6.50000554627047e-05,7.693793596716809e-07,660.0326957528713,660.0067529575998,659.9903694011091,660.053339558236,0.0,0.0,0.0
16.016000000000002,-13.983350209378509,-13.981209654930222,2.011974484718972,5.7528921068222685e-05,-0.0074124131896492204,-179.130163436936,-13.979999542236314,-13.979999542236346,1.9999999999999991,-179.1302104351207,-0.001989004516191988,-0.00041958440084819977,-0.00037905446424729147,0.00045225353605748975,0.002910937475617173,-4.364669097025689e-06,0.18098678462069331,-0.00013005105596183524,-0.0002920112401745069,5.864000369420698e-07,660.0801427826938,659.9599280254668,660.0447269996607,659.9985964724173,0.0,0.0,0.0
16.068,-13.98324685388356,-13.981186421131007,2.0119547824358817,0.0008690967457584636,0.0007664615597718212,-179.13017514141418,-13.979999542236314,-13.979999542236346,1.9999999999999991,-179.1302104351207,-0.001987723313549786,-0.0004156272689140771,-0.0003785731049590723,0.0001673727418439399,0.0025806367614247877,-3.686651468150512e-06,0.1809890732381653,-5.615778165112226e-05,-0.0004444515470226097,5.887937877758973e-07,660.0913725179231,659.9487854508258,660.0770092883556,659.9664130028051,0.0,0.0,0.0
16.12,-13.983145709810817,-13.981163252992362,2.011935122012494,0.001083344647741469,0.007443718669394412,-179.1301848926476,-13.979999542236314,-13.979999542236346,1.9999999999999991,-179.1302104351207,-0.0019190442390319429,-0.0004164947651452265,-0.000377971229347049,1.19744887657054e-05,0.0008111926558850922,-1.2397397897460308e-06,0.18098986142196818,-1.0922580887995825e-05,-4.172063722015162e-05,-9.450453826710573e-08,660.0285463014117,660.0135521121136,660.0251735651335,660.0164014557079,0.0,0.0,0.0
16.172,-13.983049806129111,-13.981140083036733,2.011915505495951,0.0010667574785577514,0.01288486084600529,-179.1301958683768,-13.979999542236314,-13.979999542236346,1.9999999999999991,-179.1302104351207,-0.0017983835340234656,-0.0004182259228188933,-0.0003772799747761769,0.0,0.0,0.0,0.180989387510745,-1.229271077601799e-05,-8.522233741890388e-06,-3.1294702566663326e-07,660.024311106293,660.0183824589034,660.019943135458,660.0210170685717,0.0,0.0,0.0
16.224,-13.982961597383218,-13.981116952571883,2.0118959326679096,0.0009568660459955055,0.018403340760295126,-179.1302079101965,-13.979999542236314,-13.979999542236346,1.9999999999999991,-179.1302104351207,-0.0016317808833637613,-0.0004194378631321362,-0.0003765712592961294,0.0,0.0,0.0,0.18098836368779125,-1.444272534172624e-05,-0.000344826241849889,-5.600291755297235e-08,660.0721396829648,659.9698103098323,660.0678712305779,659.9737691812675,0.0,0.0,0.0
16.276,-13.982883433282622,-13.981093948935332,2.011876401870925,0.0007504317738319858,0.023108445258682976,-179.13021929150523,-13.979999542236314,-13.979999542236346,1.9999999999999991,-179.1302104351207,-0.0014214308920046913,-0.0004193321800465462,-0.0003758359132928513,0.0,0.0,0.0,0.18098675070860384,-1.1780624964278332e-05,-0.0007016067127436029,1.8652397436769427e-07,660.1222033100678,659.9190114777838,660.1193648697805,659.9228840668358,0.0,0.0,0.0
16.328,-13.982817237246353,-13.981071195777469,2.01185691051265,0.0004513136880818985,0.025504152420837707,-179.13022934600238,-13.979999542236314,-13.979999542236346,1.9999999999999991,-179.1302104351207,-0.0011803870899726272,-0.000417073871980947,-0.0003750626935791951,0.0,0.0,0.0,0.18098451905300827,-3.522661286522934e-06,-0.0010043038854225229,4.014048011467614e-07,660.1637865333759,659.8767303717498,660.1638948272935,659.8788458436079,0.0,0.0,0.0
16.38,-13.982763848454276,-13.981048839924483,2.011837455188228,9.790909634550769e-05,0.024160709983655746,-179.13023756808613,-13.979999542236314,-13.979999542236346,1.9999999999999991,-179.1302104351207,-0.0009347183117206271,-0.0004119906457444609,-0.00037427650072100263,-9.65069151562479e-05,-0.0008674017434131074,-1.9582561048742896e-06,0.18098202099279667,4.663769432130756e-05,-0.0008334502245346441,1.2904932773230802e-06,660.1310276253155,659.9069217760684,660.147882196869,659.8972103079298,0.0,0.0,0.0
16.432,-13.98272240909209,-13.981027022263442,2.0118180322386183,-0.0001600211443056142,0.018677805382208194,-179.1302416561645,-13.979999542236314,-13.979999542236346,1.9999999999999991,-179.1302104351207,-0.0007206018091363449,-0.00040400223913876607,-0.00037351717432747186,-4.80745217117476e-05,-0.0022522793383204206,-8.812346875107137e-07,0.18097976410882696,3.957500412071835e-05,-0.0002707005078381431,9.865227784469664e-07,660.052257933257,659.9864270695631,660.066261248754,659.9778866640523,0.0,0.0,0.0
16.484,-13.982690274796088,-13.981005807717446,2.011798639415285,-0.00014190772641975687,0.011039371003273441,-179.13024300621947,-13.979999542236314,-13.979999542236346,1.9999999999999991,-179.1302104351207,-0.0005679844594470405,-0.00039486518114950864,-0.00037283912709797274,3.480551400494966e-05,-0.002691126803761226,-2.0458215685661562e-07,0.1809783542143274,8.377044916587275e-06,6.618719141141742e-05,7.692826447493349e-07,660.0089824461771,660.0302203713462,660.0134989978515,660.0299648488085,0.0,0.0,0.0
16.536,-13.982663836331316,-13.980985131235995,2.011779272695452,1.307181277292924e-05,0.0030515657390318396,-179.13024271063404,-13.979999542236314,-13.979999542236346,1.9999999999999991,-179.1302104351207,-0.0004878853778371782,-0.00038667459178343345,-0.00037228170715894156,5.653834758049407e-05,-0.0026191085728548297,2.7632339511068683e-07,0.18097830603938994,-6.040559395802385e-06,0.00028154143320038914,5.882128253178329e-07,659.9806092720014,660.0590793948984,659.9805177722726,660.0624287233945,0.0,0.0,0.0
16.588,-13.982639364919399,-13.98096486183581,2.011759929799472,0.00016174716331876098,-0.004102898328372237,-179.13024127645562,-13.979999542236314,-13.979999542236346,1.9999999999999991,-179.1302104351207,-0.0004775163015933488,-0.00038005607527385164,-0.00037176399827337146,4.2914036113508454e-05,-0.0022203687484623215,6.096245637704105e-07,0.18097889548289248,-8.004124021990157e-06,0.0003978276353217777,4.3654452264458044e-07,659.9645504840632,660.0755827581726,659.9634795862556,660.0790712304592,0.0,0.0,0.0
16.64,-13.982613562975496,-13.980944875634693,2.0117406109358895,0.00025176237981918857,-0.00971865046774525,-179.1302390680181,-13.979999542236314,-13.979999542236346,1.9999999999999991,-179.1302104351207,-0.0005254506137045321,-0.00037468221135841947,-0.0003712383050099697,2.1736386830771537e-05,-0.0016419040888750278,8.267082540908553e-07,0.1809796454163571,-5.71241955907373e-06,0.00043542254584636906,3.1057068627274414e-07,659.9590645627692,660.0814575870218,659.9582975469216,660.0839445095359,0.0,0.0,0.0
16.692,-13.982583884102525,-13.980925086545671,2.011721317142293,0.0002848117559816821,-0.013473152015335289,-179.1302363772012,-13.979999542236314,-13.979999542236346,1.9999999999999991,-179.1302104351207,-0.0006156571782217239,-0.00036999494856107047,-0.0003706897776397725,2.1972716530303506e-06,-0.00041463539525016084,3.7930915114572934e-07,0.1809803751720772,-2.3219215707418525e-06,0.0001889893499221233,4.1645033644631024e-07,659.9935533456465,660.0467212697237,659.9940453535788,660.0485358743621,0.0,0.0,0.0
16.744,-13.982548665198838,-13.980905448472283,2.0117020496586666,0.0002785114688345296,-0.01565662662145843,-179.13023244171222,-13.979999542236314,-13.979999542236346,1.9999999999999991,-179.1302104351207,-0.000731098337235765,-0.0003655366560245031,-0.0003701185582872334,0.0,0.0,0.0,0.18098104500195772,-4.2450421943566885e-06,0.0002204036533901094,4.7128744961389585e-07,659.9892953201826,660.0508631348866,659.9893914243826,660.0533773180588,0.0,0.0,0.0
16.796,-13.982506976015904,-13.980885945325477,2.011682809715184,0.0002393912018746487,-0.01689831997981225,-179.13022724534736,-13.979999542236314,-13.979999542236346,1.9999999999999991,-179.1302104351207,-0.0008604426867288874,-0.0003609984575111422,-0.0003695251911632933,0.0,0.0,0.0,0.1809816193633113,-5.647610364095112e-06,0.0003953263340064928,3.6106060160058235e-07,659.9647494987329,660.0757405034063,659.9641407911464,660.0783488061551,0.0,0.0,0.0
16.848,-13.982458383101847,-13.980866584175532,2.011663598420394,0.00015916630766765153,-0.016672736746815492,-179.13022145153596,-13.979999542236314,-13.979999542236346,1.9999999999999991,-179.1302104351207,-0.000993758246873031,-0.0003560637022868774,-0.0003689289148635155,0.0,0.0,0.0,0.18098225045643823,-4.989458721093218e-06,0.0005226661360276087,2.376717096449784e-07,659.9467035591827,660.0941517905635,659.9459405588412,660.0962309042714,0.0,0.0,0.0
16.9,-13.982403130788853,-13.980847400612653,2.0116444168772314,3.8000418639598074e-05,-0.014348477159679037,-179.1302154598776,-13.979999542236314,-13.979999542236346,1.9999999999999991,-179.1302104351207,-0.0011157176348932805,-0.0003503680345058572,-0.0003683535881233318,0.0,0.0,0.0,0.18098313605439062,-1.8703398834876333e-06,0.0005599036415911331,1.1015348494772227e-07,659.9411481611457,660.1000909976143,659.9409204740329,660.1009286823876,0.0,0.0,0.0
16.952,-13.982342407271423,-13.98082846224911,2.011625266458478,-0.00010877277705226645,-0.009590035960893967,-179.13020964015283,-13.979999542236314,-13.979999542236346,1.9999999999999991,-179.1302104351207,-0.001206581074949658,-0.00034360546324231015,-0.0003678157150884884,0.0,0.0,0.0,0.18098439285607823,3.418691993433039e-06,0.0004717198008817737,-1.4128499580870684e-08,659.9531490426059,660.0884811763142,659.9540837445707,660.0874684165805,0.0,0.0,0.0
17.004,-13.982278469559201,-13.980809863065934,2.011606148937532,-0.0002297195257031676,-0.0031291754959685628,-179.13020560919335,-13.979999542236314,-13.979999542236346,1.9999999999999991,-179.1302104351207,-0.001246139806269163,-0.00033568787400940477,-0.00036730145339836426,-2.6279164778195107e-05,0.002121626766855099,9.95353507501656e-07,0.18098582609356045,1.89197203856258e-05,-0.0005487315514503362,-4.6358982909798387e-07,660.0969164725651,659.9460120602375,660.10102094532,659.9393385455073,0.0,0.0,0.0
17.056,-13.982214219819399,-13.980791691853165,2.0115870663581865,-0.00023633936811957536,0.0023881696434946437,-179.13020286528314,-13.979999542236314,-13.979999542236346,1.9999999999999991,-179.1302104351207,-0.0012304644168460361,-0.00032723645430117183,-0.0003667351181313597,0.0,0.0,0.0,0.18098662386160788,9.910176685585047e-06,5.48688413899258e-05,-1.600653340424122e-07,660.0118402938191,660.0302910814081,660.0142197140068,660.0270251462975,0.0,0.0,0.0
17.108,-13.982152245758185,-13.980773985032762,2.0115680203553254,-0.00016104097750353001,0.007753386538153003,-179.13020027493982,-13.979999542236314,-13.979999542236346,1.9999999999999991,-179.1302104351207,-0.0011677384919602297,-0.0003191980216117966,-0.000366130466564885,0.0,0.0,0.0,0.18098686714014509,7.257022831214817e-06,-0.00019759369358090436,-2.1530572308649753e-07,660.0482562810231,659.9940433407977,660.0497269364877,659.9913799577645,0.0,0.0,0.0
17.16,-13.9820949493738,-13.980756737533497,2.0115490115383894,-2.9189694959869076e-05,0.012733890385158295,-179.13019840252798,-13.979999542236314,-13.979999542236346,1.9999999999999991,-179.1302104351207,-0.0010595092960503842,-0.00031218857183036363,-0.00036549412243055057,0.0,0.0,0.0,0.1809865995928315,1.325159830675025e-06,-0.00048249617675734315,-2.5567519634027035e-07,660.0897270494572,659.952676772088,660.0893964483937,659.9515911417905,0.0,0.0,0.0
17.212,-13.982044492151662,-13.980739915784271,2.0115300395786937,0.00011862505621369964,0.016099743453976075,-179.13019746095702,-13.979999542236314,-13.979999542236346,1.9999999999999991,-179.1302104351207,-0.0009137483663571846,-0.0003065836383416206,-0.0003648174316075195,0.0,0.0,0.0,0.18098574469905732,-6.557969882941016e-06,-0.000742053357447636,-2.768304879197213e-07,660.1278242773864,659.9145999042202,660.1251901495496,659.9157013008659,0.0,0.0,0.0
17.264,-13.982002238296698,-13.980723469974743,2.0115111032831687,0.00020015130634729205,0.01621803014209696,-179.13019737696288,-13.979999542236314,-13.979999542236346,1.9999999999999991,-179.1302104351207,-0.0007515738058476665,-0.0003021920279863699,-0.0003641036287424254,0.0,0.0,0.0,0.18098437067744294,-1.2703838913869658e-05,-0.0008869775853074699,-2.786607875645696e-07,660.1493071314754,659.8930539732718,660.1449178451737,659.895901177344,0.0,0.0,0.0
17.316,-13.98196810117244,-13.980707356327539,2.0114922007409466,0.00019806499626334119,0.01276720200177339,-179.1301979426317,-13.979999542236314,-13.979999542236346,1.9999999999999991,-179.1302104351207,-0.0006037702299423792,-0.0002983308962633523,-0.0003633967907382756,-1.424675338622772e-05,-0.0015999649097899389,-2.325350561856371e-07,0.1809829706424547,-1.028985074464774e-05,-0.000258589339422833,-1.8190207578877695e-07,660.0593138255573,659.9827298744297,660.0558794262303,659.9851570679722,0.0,0.0,0.0
17.368,-13.98194040993067,-13.980691546465778,2.0114733295925493,0.00010536958949537553,0.007032960560906285,-179.1301988102697,-13.979999542236314,-13.979999542236346,1.9999999999999991,-179.1302104351207,-0.000498830331765545,-0.0002941902927294036,-0.0003627386655161372,-3.964031046193281e-05,-0.0020535843110590967,-3.196045522549869e-07,0.18098202931265248,5.665173916649671e-07,5.965202482281502e-05,-1.3172565976059247e-07,660.0123509388935,660.0295027852479,660.0121474895888,660.0289766267299,0.0,0.0,0.0
17.42,-13.981916486129899,-13.980676035925923,2.011454487801386,-2.3824960328699636e-05,0.0009285201634073139,-179.1301998739034,-13.979999542236314,-13.979999542236346,1.9999999999999991,-179.1302104351207,-0.0004487869903499871,-0.0002891349904517157,-0.00036213228840459744,-4.341163033744884e-05,-0.0019950207621960273,-3.755872311719667e-07,0.18098164033667885,5.547123334462363e-06,0.00024333464193383432,-8.865069375189986e-08,659.9854111735057,660.0562993435677,659.9867457000969,660.0544739577576,0.0,0.0,0.0
17.472,-13.981893495255624,-13.980660834599913,2.0114356741160133,-0.00013973310710556222,-0.004453985281120868,-179.13020103893234,-13.979999542236314,-13.979999542236346,1.9999999999999991,-179.1302104351207,-0.00045159853699130884,-0.00028305671063925654,-0.0003615550200846185,-3.496958446471984e-05,-0.0016512722946957687,-4.0249042642188875e-07,0.18098161968026155,6.2814400266176215e-06,0.0003345983150201552,-5.404961070299939e-08,659.9722611791082,660.0693528394269,659.9739007325757,660.0674141702467,0.0,0.0,0.0
17.524,-13.981868966102924,-13.98064595209027,2.0114168880495367,-0.00022378838432969054,-0.008528760781848761,-179.13020223715841,-13.979999542236314,-13.979999542236346,1.9999999999999991,-179.1302104351207,-0.0004975699099399062,-0.00027617654009613,-0.0003609856626215082,-2.3631032143768033e-05,-0.0011639158262910715,-4.067221934119861e-07,0.18098177299087667,5.417832227174565e-06,0.00035722411034765783,-2.6941697367193693e-08,659.96913023544,660.0724203530735,659.9705988788006,660.0708027209008,0.0,0.0,0.0
17.576,-13.981841059288124,-13.980631392756383,2.0113981296186805,-0.00027912956718507796,-0.011165320873210255,-179.13020361270335,-13.979999542236314,-13.979999542236346,1.9999999999999991,-179.1302104351207,-0.0005733624571487708,-0.0002687981763267643,-0.0003604147105497787,0.0,0.0,0.0,0.18098200478195042,-7.410448608379754e-07,9.107795446309888e-05,-1.4593189975319958e-07,660.0080845240919,660.0338148835963,660.0074692933296,660.033621807501,0.0,0.0,0.0
17.628,-13.98180859206304,-13.980617158249185,2.01137939909495,-0.0003345249841851896,-0.013080072262436371,-179.13020547507887,-13.979999542236314,-13.979999542236346,1.9999999999999991,-179.1302104351207,-0.000668042222041046,-0.00026108750861060455,-0.0003598343595484865,0.0,0.0,0.0,0.18098222811468148,2.779024751631626e-06,0.00026753122734295213,-1.0627224510125783e-07,659.9824052871829,660.0593968569322,659.9829025420959,660.0583110647179,0.0,0.0,0.0
17.68,-13.98177077953425,-13.98060325430035,2.0113606968451077,-0.0003847279638893671,-0.014074040917892262,-179.1302075129054,-13.979999542236314,-13.979999542236346,1.9999999999999991,-179.1302104351207,-0.0007751254801126264,-0.00025303462940011684,-0.0003592490603833914,0.0,0.0,0.0,0.1809824735307053,6.708083598417844e-06,0.0004254437218527861,-6.290604345585593e-08,659.9593018852177,660.0823902564002,659.9610384718226,660.0803055918703,0.0,0.0,0.0
17.732,-13.981727282885267,-13.980589690222732,2.011342023267755,-0.00040345039246880655,-0.013464475461990005,-179.1302095802188,-13.979999542236314,-13.979999542236346,1.9999999999999991,-179.1302104351207,-0.0008839167226077102,-0.00024477830962022043,-0.0003586744442761588,0.0,0.0,0.0,0.18098288051439237,9.794817690190985e-06,0.0005253874907658142,-1.8791408520865484e-08,659.9445745158171,660.097008737395,659.9473126104922,660.0941671919854,0.0,0.0,0.0
17.784,-13.981678496380285,-13.980576471935622,2.011323378965609,-0.00036545788103814367,-0.010716951226246708,-179.13021148311262,-13.979999542236314,-13.979999542236346,1.9999999999999991,-179.1302104351207,-0.0009781534195465423,-0.00023669332560902851,-0.0003581266987468539,2.1574370323865466e-05,0.0012219242574846028,-5.225514292891824e-07,0.18098358744508433,2.286707421305171e-06,5.786769955065343e-05,2.1221125353704833e-07,660.0119216233843,660.0290552136931,660.013160660019,660.0289916048836,0.0,0.0,0.0
17.836,-13.981625745709161,-13.980563594732724,2.011304764891162,-0.0002773449857293977,-0.006385765236825143,-179.1302127035513,-13.979999542236314,-13.979999542236346,1.9999999999999991,-179.1302104351207,-0.001040030099896405,-0.00022928984336270208,-0.00035760000956000184,0.0,0.0,0.0,0.18098450499856597,8.859163993704724e-06,0.00043848147885964514,4.802590698769946e-08,659.9570220617131,660.0844366418105,659.959678644403,660.0820465460744,0.0,0.0,0.0
17.888,-13.981571088747867,-13.980551041970143,2.011286182359972,-0.00014000159898320286,-0.0005430320308899027,-179.13021382119658,-13.979999542236314,-13.979999542236346,1.9999999999999991,-179.1302104351207,-0.0010576892356344908,-0.0002229652743879268,-0.00035708525619704306,5.125877958704541e-05,0.0021364198886843567,-2.7762385175633987e-07,0.180985499611862,-1.55134339695622e-05,-0.000576335070387621,1.7309934095081677e-07,660.1048610121661,659.9362866882468,660.100922249374,659.9411853255544,0.0,0.0,0.0
17.94,-13.981517166814545,-13.980538786914975,2.011267632717196,-1.8505468012661486e-05,0.005166649197525147,-179.13021438316173,-13.979999542236314,-13.979999542236346,1.9999999999999991,-179.1302104351207,-0.0010217904260257115,-0.00021799799484659464,-0.0003565463408422984,0.0,0.0,0.0,0.18098617131977798,-8.795496675543772e-07,8.091205307528371e-06,8.406145154715215e-08,660.0196916947265,660.0217457671758,660.0196739783734,660.0222290884708,0.0,0.0,0.0
17.992,-13.98146750906376,-13.980527035619886,2.0112494383848567,7.062264551926504e-05,0.009921480659102616,-179.13021470350765,-13.979999542236314,-13.979999542236346,1.9999999999999991,-179.1302104351207,-0.0009413353597649262,-0.0002141238965342664,-0.000357472895914202,2.662045717794419e-05,0.0014157684882944459,-5.317903636915626e-08,0.18099080785202545,-1.5383129812917477e-05,-0.000779951876354334,1.103527107144435e-07,660.1340452651297,659.9075125995781,660.1299700403298,659.9122005288449,0.0,0.0,0.0
18.044,-13.981422230252784,-13.98051531478012,2.011230863290019,0.00010012133858637489,0.01243143320216974,-179.13021471563084,-13.979999542236314,-13.979999542236346,1.9999999999999991,-179.1302104351207,-0.0008253287162776944,-0.0002108792226611944,-0.00035713803214239205,0.0,0.0,0.0,0.18099622519518188,-7.76319622152798e-06,-0.0004196840983228112,9.134774120107619e-08,660.081809190538,659.9600608060599,660.0798511847763,659.9625251757781,0.0,0.0,0.0
18.096,-13.981383422817748,-13.980503856255801,2.011212329895282,6.169966837872012e-05,0.012675082034885123,-179.13021448936644,-13.979999542236314,-13.979999542236346,1.9999999999999991,-179.1302104351207,-0.0006978670302930239,-0.00020770082136682325,-0.0003561767924212925,0.0,0.0,0.0,0.1809951121545924,-7.494529822096551e-06,-0.0005250602791462813,8.662402446870126e-08,660.0967585430163,659.9450727319997,660.094864015814,659.947447542327,0.0,0.0,0.0
18.148,-13.981351088952383,-13.980492673968557,2.0111938468493094,-3.232205011559375e-05,0.010806456209162247,-179.13021405669414,-13.979999542236314,-13.979999542236346,1.9999999999999991,-179.1302104351207,-0.0005777566630817743,-0.00020404705637704,-0.00035516876163043065,0.0,0.0,0.0,0.18099289009637767,-4.337506116969387e-06,-0.0005406324546898063,7.74817627927502e-08,660.0984876508846,659.9432656643875,660.0974669135012,659.9447158516616,0.0,0.0,0.0
18.2,-13.981324258710645,-13.980481792029758,2.011175412012685,-0.00015153697722341367,0.006946738338845051,-179.1302135740531,-13.979999542236314,-13.979999542236346,1.9999999999999991,-179.1302104351207,-0.0004840085558014867,-0.0001994866930478966,-0.00035422192913102184,-3.433513366406627e-05,-0.0014301797645994577,1.4436416450971605e-07,0.18099068741461244,1.4058462515749604e-05,9.792407155684199e-05,1.4606503048263123e-08,660.0049680446659,660.0368636565522,660.0090128068063,660.0328999671963,0.0,0.0,0.0
18.252,-13.981301131711614,-13.980471230042886,2.011157021479436,-0.0002048049057110263,0.0027636756844169287,-179.13021313707165,-13.979999542236314,-13.979999542236346,1.9999999999999991,-179.1302104351207,-0.00042841341816487295,-0.00019414685165904444,-0.0003533614528645562,-7.214226694670045e-06,-0.0013437952174906176,1.4073932882681435e-07,0.18098887455568477,6.798835131185784e-06,0.00019772800738105246,6.5856949692143036e-09,659.9917569529968,660.0500116545439,659.9937117646757,660.0480934854352,0.0,0.0,0.0
18.304,-13.981279749383576,-13.980460978528008,2.0111386716209823,-0.000195209792968688,-0.0007690270841825514,-179.13021271636512,-13.979999542236314,-13.979999542236346,1.9999999999999991,-179.1302104351207,-0.0004088688971012327,-0.00018868565199386893,-0.00035257782904349756,8.275378074283572e-06,-0.0010650454530896423,1.3386805302188497e-07,0.1809874722876612,1.555961961359177e-06,0.00022663568897089923,1.227041862952897e-10,659.9883641388982,660.0533592114915,659.9888076799043,660.0529163934724,0.0,0.0,0.0
18.356,-13.98125888174064,-13.980451193889575,2.0111207385388363,-0.00016820256089279694,-0.003297980763971605,-179.13021233620077,-13.979999542236314,-13.979999542236346,1.9999999999999991,-179.1302104351207,-0.00037569177603824136,-0.00016520336188127928,-0.0003156082102512599,7.123280119044803e-06,-0.0006507159605308267,1.1105992016855087e-07,0.18061768134689152,1.9502676571646917e-05,0.00014602682790681464,2.9924338289247075e-10,659.9890959066025,660.036243712617,659.9946518621648,660.03068976461,0.0,0.0,0.0
18.408,-13.981235648237252,-13.9804410877076,2.011101809987681,-0.00013624734019410312,-0.00507562578241584,-179.13021187712656,-13.979999542236314,-13.979999542236346,1.9999999999999991,-179.1302104351207,-0.0005345562414496959,-0.00021440268059792086,-0.0004204754692311576,0.0,0.0,0.0,0.18167607496910043,-3.000399610478366e-05,0.00012782368576036922,3.103561976565847e-08,660.0221456255784,660.0500066417504,660.0136856001182,660.0586380942559,0.0,0.0,0.0
18.46,-13.981211847886907,-13.980431751603284,2.0110839553064688,-8.55272583264728e-05,-0.006467741832824376,-179.13021134372818,-13.979999542236314,-13.979999542236346,1.9999999999999991,-179.1302104351207,-0.00043840746302357204,-0.0001567974662762195,-0.00031469979526877953,0.0,0.0,0.0,0.18062881497471167,1.903746841400914e-05,0.00010336574692075792,1.9696659077318747e-08,659.9954592940551,660.0303234177238,660.000936409898,660.0249556423918,0.0,0.0,0.0
18.512,-13.981185116686278,-13.98042240427342,2.0110657996684687,-2.126568425719729e-05,-0.007393189195448314,-179.1302107862334,-13.979999542236314,-13.979999542236346,1.9999999999999991,-179.1302104351207,-0.0005382495089324198,-0.00017044203350924465,-0.0003485593464633059,0.0,0.0,0.0,0.18096578425470927,-1.3041914745493737e-07,0.00024959282710937657,7.516771754314332e-09,659.9848467101555,660.0559003146172,659.9848303796364,660.0559582756181,0.0,0.0,0.0
18.564,-13.981155535286193,-13.9804131922379,2.0110476829940818,4.2154777648350374e-05,-0.007383741995932522,-179.13021025174297,-13.979999542236314,-13.979999542236346,1.9999999999999991,-179.1302104351207,-0.000594098523901398,-0.00016726727238871824,-0.0003482738095946527,0.0,0.0,0.0,0.18096655871356773,-3.3007872130471106e-06,0.00031879292221116294,-3.866987331850246e-09,659.9754755319432,660.0653361744972,659.974524604194,660.066265554136,0.0,0.0,0.0
18.616,-13.981123167769951,-13.980404084443594,2.011029568734295,9.105323497679464e-05,-0.006085240962329256,-179.13020976753435,-13.979999542236314,-13.979999542236346,1.9999999999999991,-179.1302104351207,-0.0006445743660266044,-0.00016467576778283658,-0.00034827373299333624,0.0,0.0,0.0,0.1809710106924134,-6.385493521407399e-06,0.00033188444524169866,-1.4204665873251869e-08,659.9741624026719,660.0668732399499,659.9723041706673,660.0686525335678,0.0,0.0,0.0
18.668,-13.981088659941472,-13.980395066079552,2.0110114579816782,0.00010507951146258661,-0.003333880365784091,-179.1302093637105,-13.979999542236314,-13.979999542236346,1.9999999999999991,-179.1302104351207,-0.000677645817554292,-0.00016245884552050795,-0.0003481802735846286,-1.5904034263640833e-06,0.0011124750759017087,1.1212752118573983e-07,0.18097537827722535,-7.718014395034684e-06,-0.0001587271988741815,-6.367369248618921e-08,660.0443870086364,659.9969789566593,660.0420124522259,659.9990009829377,0.0,0.0,0.0
18.72,-13.98105328095634,-13.980386147984387,2.0109933580010586,7.079548975038147e-05,4.769661524239982e-05,-179.13020917133662,-13.979999542236314,-13.979999542236346,1.9999999999999991,-179.1302104351207,-0.0006823107056169372,-0.00016024094683214518,-0.0003479563078597254,-1.7243019187871216e-05,0.001068366894089242,4.388363461497457e-08,0.18097906270657263,-1.564805929829527e-06,-0.00025649408275008506,-4.293956242573771e-08,660.0574857779592,659.9839837047666,660.0569211921376,659.984310503023,0.0,0.0,0.0
18.772,-13.981018546803444,-13.980377365791385,2.0109752757302854,3.3826542817893368e-06,0.0028015221246170735,-179.13020907681047,-13.979999542236314,-13.979999542236346,1.9999999999999991,-179.1302104351207,-0.0006591390116040504,-0.00015763580451095996,-0.0003476002138913445,0.0,0.0,0.0,0.18098182457141995,-6.267815497332726e-06,4.098344022196879e-05,-2.897001599478445e-08,660.0158340146346,660.0257219523659,660.0139685260115,660.0274269481134,0.0,0.0,0.0
18.824,-13.980985737934866,-13.98036876766435,2.0109572167109286,-0.00010185754335244085,0.0054977782044680285,-179.13020904606267,-13.979999542236314,-13.979999542236346,1.9999999999999991,-179.1302104351207,-0.0006127769352720276,-0.00015436201253485562,-0.0003471441838730074,0.0,0.0,0.0,0.1809838015910859,-2.012348637312379e-06,-9.426788558764205e-05,-2.964012345042161e-08,660.034535303291,660.0071121212986,660.033880059483,660.0076032154914,0.0,0.0,0.0
18.876,-13.98095604625758,-13.980360416351274,2.010939184981088,-0.00023324997685634664,0.008046927433751506,-179.13020909962134,-13.979999542236314,-13.979999542236346,1.9999999999999991,-179.1302104351207,-0.0005436519708675283,-0.00015011124662882652,-0.000346612849652862,0.0,0.0,0.0,0.1809851051238906,4.428351119492928e-06,-0.0002490450689435619,-2.8512088542227737e-08,660.0556886754373,659.9860153043877,660.0568709621497,659.9846749572364,0.0,0.0,0.0
18.928,-13.980930118851536,-13.980352232698388,2.0109208271243175,-0.0003553422793980365,0.009862855853682666,-179.1302092300643,-13.979999542236314,-13.979999542236346,1.9999999999999991,-179.1302104351207,-0.0005465363268357147,-0.0001737391824136353,-0.0004159342737626354,0.0,0.0,0.0,0.1816849736645711,-1.5952082520039388e-05,-0.00030911068755876836,-2.5748527079362854e-08,660.082646215314,659.9900618356975,660.0780317433578,659.9945342991872,0.0,0.0,0.0
18.98,-13.98091001070433,-13.98034472926603,2.0109031643769772,-0.00041242869427337176,0.010213058173465565,-179.1302094070031,-13.979999542236314,-13.979999542236346,1.9999999999999991,-179.1302104351207,-0.0003209404970135113,-0.0001247502885878869,-0.0003117375732718362,0.0,0.0,0.0,0.18065654056590905,3.030632816078963e-05,-0.0005301900664159368,-2.198943603033096e-08,660.0847537703546,659.9423719653404,660.0933240378574,659.9336779246927,0.0,0.0,0.0
19.032,-13.980894716888319,-13.980337610586734,2.010885522266127,-0.00037132225029723004,0.008690307973145071,-179.13020961177415,-13.979999542236314,-13.979999542236346,1.9999999999999991,-179.1302104351207,-0.00023887951445083791,-0.00011928775111931464,-0.0003110546993328031,2.6953790016880227e-05,-0.000730744947157876,-6.768572368939293e-08,0.18064667027215547,2.1023086371146426e-05,-0.00025970768232926365,7.038068344193226e-09,660.0472977768833,659.9793132551796,660.0533049365284,659.9733444078353,0.0,0.0,0.0
19.084,-13.980882929624553,-13.980330453403631,2.0108669623443336,-0.00024337212805864916,0.0053383627654423425,-179.13020976496418,-13.979999542236314,-13.979999542236346,1.9999999999999991,-179.1302104351207,-0.00019291333955882885,-0.00012705588009190863,-0.00034186312957389586,4.270274468789564e-05,-0.0011885653043237532,-4.989342403507129e-08,0.18097700172985498,-6.53151842104559e-07,1.4803439477309335e-05,3.838256934913954e-09,660.0186115723031,660.0226419533257,660.0184361664157,660.022838617654,0.0,0.0,0.0
19.136,-13.980874317665243,-13.980323847140326,2.0108492303996948,-0.00012035808562415241,0.0017431214303058377,-179.13020989217858,-13.979999542236314,-13.979999542236346,1.9999999999999991,-179.1302104351207,-0.0001547193701970076,-0.0001229513216698251,-0.0003407455242277344,3.9619387001603704e-05,-0.001188379123153608,-4.422288440755803e-08,0.18096762493171173,-2.9609716352708682e-06,0.00012597927235184986,4.4896699745944866e-09,660.0028971532362,660.0379360722512,660.0020662002048,660.0387918471661,0.0,0.0,0.0
19.188,-13.98086699044874,-13.98031767832768,2.0108321970053686,-1.895524208767588e-05,-0.0014039073068492708,-179.13020999678676,-13.979999542236314,-13.979999542236346,1.9999999999999991,-179.1302104351207,-0.00011839027974186883,-9.60033798182482e-05,-0.0002725163119933916,2.558130720362532e-05,-0.0008148151190281864,-2.9626518824978505e-08,0.18027655966354272,2.2042582431652634e-05,7.355772662385185e-05,1.4065056034817448e-09,659.9914955681037,660.018725737516,659.9977780287463,660.012451266825,0.0,0.0,0.0
19.24,-13.980858562018383,-13.980311140404522,2.0108137283670278,7.266887837177166e-05,-0.004110236243289838,-179.13021010572348,-13.979999542236314,-13.979999542236346,1.9999999999999991,-179.1302104351207,-0.00020124305743888398,-0.0001414903389845937,-0.0004112035625023676,3.2444905761706655e-05,-0.0009211486806563288,-3.904125389246723e-08,0.18166795400885513,-2.9879026741564736e-05,0.0003012367956945329,7.159699891580521e-09,659.9972837680209,660.0745719388818,659.9887928941406,660.0831013622953,0.0,0.0,0.0
19.292,-13.980848948742624,-13.980305024845286,2.010796228810504,0.00013770304382158455,-0.005893527236253864,-179.13021020858835,-13.979999542236314,-13.979999542236346,1.9999999999999991,-179.1302104351207,-0.0001868650487337816,-0.00010489052062097654,-0.0003089858800693102,0.0,0.0,0.0,0.18065934439294967,1.2729956627784606e-05,3.330562564473195e-06,-4.877206869305787e-09,660.0113143630348,660.0158888778726,660.014926729694,660.0122495018925,0.0,0.0,0.0
19.344,-13.98083693183025,-13.980298922612848,2.0107787331511635,0.00020305634945865677,-0.007367583124165906,-179.13021033405303,-13.979999542236314,-13.979999542236346,1.9999999999999991,-179.1302104351207,-0.00023399651591987248,-0.00010422313453317465,-0.00030862003932906085,0.0,0.0,0.0,0.1806534775226511,8.758447942828878e-06,0.00010883549892730188,-2.208347130956173e-09,659.9967215870714,660.0302158568807,659.9992101972576,660.0277151319705,0.0,0.0,0.0
19.396,-13.980820922227256,-13.980292433086088,2.0107602523841037,0.00026520623779880125,-0.008491747458835923,-179.1302104657999,-13.979999542236314,-13.979999542236346,1.9999999999999991,-179.1302104351207,-0.0003900782228853298,-0.0001387739685141184,-0.00040988209825201024,0.0,0.0,0.0,0.18167989829534098,-2.9131267925650717e-05,0.0003093241401802887,5.957844613281177e-10,659.996301981025,660.0761065342524,659.988005907558,660.0844048001104,0.0,0.0,0.0
19.448,-13.980802278112966,-13.98028624428228,2.010742850739515,0.0002885669699453179,-0.00868484918780608,-179.13021057702835,-13.979999542236314,-13.979999542236346,1.9999999999999991,-179.1302104351207,-0.00035629695622260867,-0.00010432653383469871,-0.00030688707349882155,0.0,0.0,0.0,0.18066329188481817,3.7385586300228134e-07,0.000294255470420597,2.9798097172317477e-09,659.9717193097933,660.0556385188019,659.9718340548502,660.0555402922375,0.0,0.0,0.0
19.5,-13.980780189498883,-13.98027998692686,2.0107254829009777,0.00025376025376904946,-0.0076310771681232055,-179.1302106675745,-13.979999542236314,-13.979999542236346,1.9999999999999991,-179.1302104351207,-0.00041497251557302145,-0.0001045836614493843,-0.0003060536177228005,0.0,0.0,0.0,0.1806515088541684,-5.970757974764349e-07,0.00031832635250130393,4.918064637669451e-09,659.9681647002913,660.0586634996275,659.9680082449286,660.0588471724758,0.0,0.0,0.0
19.552,-13.980753642739689,-13.980273313763107,2.010707145080256,0.0001466881555853998,-0.005056303181927939,-179.13021072366848,-13.979999542236314,-13.979999542236346,1.9999999999999991,-179.1302104351207,-0.0005128720811222117,-0.0001159029883317761,-0.0003385497420788011,0.0,0.0,0.0,0.18099966369845583,-9.632062146667944e-06,0.00032097362764417454,6.132601569094904e-09,659.9767848345818,660.0654631868581,659.974058162336,660.0682234467911,0.0,0.0,0.0
19.604,-13.98072620440295,-13.98026690692071,2.0106896735760578,8.130092697564546e-06,-0.001816350434859339,-179.13021074984252,-13.979999542236314,-13.979999542236346,1.9999999999999991,-179.1302104351207,-0.0005367969704925541,-0.00011453132055919385,-0.0003351452641678486,-4.381490293056918e-05,0.0011006231824761937,-6.1910046900555955e-09,0.18096777796681804,1.188522084290192e-05,-0.0001967197419375247,8.958096743514416e-09,660.0467364558872,659.9940906153229,660.0501463503972,659.9907300512338,0.0,0.0,0.0
19.656,-13.980698419021335,-13.980260601300605,2.0106722570830033,-8.349134841788774e-05,0.0011315194689770457,-179.13021075964485,-13.979999542236314,-13.979999542236346,1.9999999999999991,-179.1302104351207,-0.0005320788469790823,-0.00011208133204700168,-0.0003348963657398119,0.0,0.0,0.0,0.18096607972512566,-1.3446140955272064e-06,0.00011956271496749283,6.919878644572087e-09,660.0035430961182,660.0372147911005,660.0031792686575,660.0376169271647,0.0,0.0,0.0
19.708,-13.980671661640615,-13.980254459290283,2.0106548414478636,-0.0001483197756265107,0.004057116701690989,-179.13021075803823,-13.979999542236314,-13.979999542236346,1.9999999999999991,-179.1302104351207,-0.0005021866734434273,-0.00010900635681948508,-0.0003349720342464343,-2.0960089252652845e-05,0.0010132493327750696,4.492200518547248e-09,0.18096845709899279,9.84069909677305e-06,-0.0004011523322334384,5.254611472675911e-09,660.0761605792977,659.9647045096535,660.0789777833155,659.9619159250648,0.0,0.0,0.0
19.76,-13.980647674340954,-13.980248639132196,2.0106377010891228,-0.00017783527403952227,0.00642372452431664,-179.13021074682058,-13.979999542236314,-13.979999542236346,1.9999999999999991,-179.1302104351207,-0.00040341606027504415,-9.497404637875781e-05,-0.00030335422921430025,0.0,0.0,0.0,0.18065111774293427,1.4031659805947746e-05,-0.00018689353915483107,6.657694126118755e-09,660.0380213802038,659.9887851469198,660.0420362928907,659.9848067884332,0.0,0.0,0.0
19.812,-13.980626906862293,-13.980243045470488,2.010620506662482,-0.00015653757903801553,0.007494602341014031,-179.1302107158674,-13.979999542236314,-13.979999542236346,1.9999999999999991,-179.1302104351207,-0.0003419540376694816,-9.187709533631514e-05,-0.0003033918858818004,0.0,0.0,0.0,0.18064782911662194,1.3849868627559086e-05,-0.0002749789550239849,6.0091940298237985e-09,660.0505201546238,659.9761427727386,660.0544814190555,659.9722143247285,0.0,0.0,0.0
19.864,-13.980608902701148,-13.98023736352353,2.010602317734589,-0.00010047665142829328,0.007578325097140723,-179.13021066311543,-13.979999542236314,-13.979999542236346,1.9999999999999991,-179.1302104351207,-0.00036582014811647676,-0.00011870688458393008,-0.00040409744682824174,0.0,0.0,0.0,0.1816676703698465,-1.6554814380625406e-05,-0.00024308449362218126,4.8707767316412816e-09,660.0729021309807,659.9989516142647,660.0682007212548,660.0036804965953,0.0,0.0,0.0
19.916,-13.980595626769029,-13.98023219679812,2.010585160972318,-2.5025155223534183e-05,0.00647835040156228,-179.13021060163368,-13.979999542236314,-13.979999542236346,1.9999999999999991,-179.1302104351207,-0.00021101082860276727,-8.675405408211619e-05,-0.00030262017193906035,0.0,0.0,0.0,0.18066638296029813,8.412971619469048e-06,-0.000335839045508321,3.5597026909255946e-09,660.0603749386397,659.9671142481926,660.0627808874493,659.9647276690457,0.0,0.0,0.0
19.968,-13.980585421060603,-13.980227179971411,2.010568084399823,4.460135466611528e-05,0.004201084871082862,-179.1302108485542,-13.979999542236314,-13.979999542236346,1.9999999999999991,-179.1302104351207,-0.00016318030063040012,-8.519674194399339e-05,-0.00030050611770184667,1.6114845680342132e-05,-0.0007917220796086983,-2.9038716701474074e-07,0.18064088818877216,-1.2858412967870202e-06,2.405464776724102e-05,1.1449743065140313e-07,660.0097839450543,660.0162691858202,660.0097347957346,660.0169525255687,0.0,0.0,0.0
20.02,-13.980576823404496,-13.98022198003339,2.0105500920539425,5.7667594121085705e-05,0.0015429912132996835,-179.13021110009427,-13.979999542236314,-13.979999542236346,1.9999999999999991,-179.1302104351207,-0.00018000376535234436,-0.00011203723614849382,-0.00039921196408603703,-6.059291149814823e-06,-0.0009772131216469466,-3.74488424567125e-08,0.18163748294128257,-2.1133683914819806e-05,0.00022616784983608694,2.78226374930116e-08,660.0060249808894,660.0644229129229,660.000082436363,660.0705189727097,0.0,0.0,0.0
20.072,-13.98056946874527,-13.980217055247186,2.010532831516455,1.6270227605362853e-05,-0.000544701205812557,-179.13021115517566,-13.979999542236314,-13.979999542236346,1.9999999999999991,-179.1302104351207,-0.00016905419818940168,-0.00011039999344216364,-0.0003978968832555578,-2.06701018955633e-05,-0.0007487590462479113,-1.379023541950899e-08,0.18162757060145568,-1.4252620619340817e-05,0.0002157295631400537,2.038330191005397e-08,660.0063221789377,660.0637069590555,660.0023190021308,660.0678226560774,0.0,0.0,0.0
20.124,-13.980562036361155,-13.980212213473758,2.010515979914232,-7.180401399473722e-05,-0.00194995998483683,-179.1302111693237,-13.979999542236314,-13.979999542236346,1.9999999999999991,-179.1302104351207,-0.00017780782899871883,-0.00010821490537039869,-0.0003808742854873509,0.0,0.0,0.0,0.1814509206612867,-1.8367176145582297e-05,-5.917056911242831e-06,1.5666477678321817e-08,660.0345667500826,660.0276500597454,660.0293787627593,660.032924833724,0.0,0.0,0.0
20.176,-13.980553865871288,-13.980207485430176,2.010500012341467,-0.0002649373497222835,-0.0030086320942984877,-179.13021115375344,-13.979999542236314,-13.979999542236346,1.9999999999999991,-179.1302104351207,-0.00019936157279747628,-0.00010475779635261925,-0.0003616674037961601,0.0,0.0,0.0,0.18122526367762173,-8.622869319306075e-06,5.8830670862194875e-05,1.5337578864989952e-08,660.0189596759762,660.033260084185,660.0165461177419,660.0357585323079,0.0,0.0,0.0
20.228,-13.98054448001587,-13.980202948765145,2.010484662315717,-0.0005458042832436179,-0.003878742594496914,-179.1302111021452,-13.979999542236314,-13.979999542236346,1.9999999999999991,-179.1302104351207,-0.00023111817043532977,-9.892121463810411e-05,-0.0003505904977427664,0.0,0.0,0.0,0.18106057657279437,7.4650948352640014e-06,0.00012728269839409342,1.4248135459360125e-08,660.0032731122349,660.0416527870361,660.0054388839619,660.0395660505337,0.0,0.0,0.0
20.28,-13.980533508231046,-13.980198719332153,2.0104696011149086,-0.0008244058382490287,-0.004308324127165786,-179.1302110131378,-13.979999542236314,-13.979999542236346,1.9999999999999991,-179.1302104351207,-0.00026999719704288105,-9.013334938569488e-05,-0.00034636853623891596,0.0,0.0,0.0,0.18095484521632937,2.6693268660246092e-05,0.00018611056511974952,1.2359641424580414e-08,659.9898167996254,660.0504290790358,659.9974542992788,660.0428606485849,0.0,0.0,0.0
20.332,-13.98052078761065,-13.980194912314527,2.010454594824979,-0.0009772237571060998,-0.004024726833622779,-179.13021090707505,-13.979999542236314,-13.979999542236346,1.9999999999999991,-179.1302104351207,-0.00031009384808990923,-7.894429488995366e-05,-0.0003466761764834954,0.0,0.0,0.0,0.18089269484162832,4.331819423879544e-05,0.000218052652219947,1.0099683895286423e-08,659.9815258921894,660.055971523545,659.9938926616793,660.0436618561304,0.0,0.0,0.0
20.384,-13.98050648196303,-13.980191588660736,2.0104394974929627,-0.0008809570758161996,-0.002836807724182755,-179.13021079813797,-13.979999542236314,-13.979999542236346,1.9999999999999991,-179.1302104351207,-0.00034297993182264,-6.723504294901807e-05,-0.0003496990775320518,8.6385870491063e-05,0.0006266676156250031,5.307125658310855e-08,0.18086096378305602,1.7015453927302463e-05,-3.4588041994768206e-05,-1.1558386770567533e-08,660.0205789235617,660.0155737603477,660.0253933532595,660.010695237589,0.0,0.0,0.0
20.436,-13.980491154788284,-13.980188703915069,2.0104242283608653,-0.0005395428439632274,-0.0010371878481516953,-179.1302107319896,-13.979999542236314,-13.979999542236346,1.9999999999999991,-179.1302104351207,-0.00035947772370160296,-5.788874729522506e-05,-0.00035412960299609794,0.00015177745611097009,0.0007184962932587625,3.0515586080564924e-08,0.18084938799939135,-1.3538134772528524e-05,-0.00012172321674900878,-4.7665588002556275e-09,660.0370729418493,659.9985467206869,660.0332038027424,660.0023896608567,0.0,0.0,0.0
20.488,-13.98047561712539,-13.98018611549386,2.0104087509308606,-0.0001910725363423141,0.00049563119068061,-179.1302106729034,-13.979999542236314,-13.979999542236346,1.9999999999999991,-179.1302104351207,-0.00035722202111495996,-5.25299021155584e-05,-0.0003590985545342919,0.0,0.0,0.0,0.18085059868458522,3.581280760516456e-05,9.768292566470165e-05,5.095202355143816e-09,659.9988112887996,660.0368346116788,660.0090261053055,660.0266484469853,0.0,0.0,0.0
20.54,-13.98046058342308,-13.980183668090602,2.0103930574761963,0.00018495738961909304,0.0018569764650671898,-179.13021058493558,-13.979999542236314,-13.979999542236346,1.9999999999999991,-179.1302104351207,-0.0003400372030816197,-5.086470859422704e-05,-0.00036405238483873636,0.00012026078592262848,0.0003896310193662096,2.5246203147448877e-08,0.18085940970236586,-2.4031005634034205e-05,-0.00011619547015733565,-5.9691851420142535e-09,660.0380038139119,659.9980633998414,660.0311427533753,660.0048917408891,0.0,0.0,0.0
20.592,-13.980446679253022,-13.980181194118623,2.0103771580489243,0.0006147461477916596,0.003190121052668206,-179.13021050615026,-13.979999542236314,-13.979999542236346,1.9999999999999991,-179.1302104351207,-0.0003083720461719569,-5.36724583318576e-05,-0.0003686601369803996,0.0,0.0,0.0,0.18087225378184715,1.9126412154943994e-06,-4.4279155647236345e-05,1.542626471776532e-09,660.0243419684499,660.0122748077008,660.0248910087998,660.0117343013882,0.0,0.0,0.0
20.644000000000002,-13.980434486045583,-13.980178511439703,2.0103610727048524,0.0009668554421455574,0.004189601365101259,-179.13021041712827,-13.979999542236314,-13.979999542236346,1.9999999999999991,-179.1302104351207,-0.0002646344710178562,-6.058300014587049e-05,-0.000372742426634048,0.0,0.0,0.0,0.18088673276682277,-1.9343507150086477e-05,-0.00012154702877136567,-3.479799887154765e-10,660.0386966608269,659.9985671402737,660.0331862759042,660.0040758867657,0.0,0.0,0.0
20.696,-13.980424431361003,-13.980175469554059,2.010344826287033,0.0012344812105149203,0.004788533957781022,-179.1302103348347,-13.979999542236314,-13.979999542236346,1.9999999999999991,-179.1302104351207,-0.00021249807909611658,-7.085203872651198e-05,-0.0003762267281740137,0.0,0.0,0.0,0.18090134482810194,-4.081295133081475e-05,-0.00019248292334269278,-2.1041072148591454e-09,660.0521823639041,659.9857332804834,660.0405523683066,659.9973525872631,0.0,0.0,0.0
20.748,-13.980416744066298,-13.980171960468118,2.010328445004684,0.0012833616775519946,0.004692193091665905,-179.13021027643939,-13.979999542236314,-13.979999542236346,1.9999999999999991,-179.1302104351207,-0.00015748683137246588,-8.302199690032281e-05,-0.0003791004898746831,0.0,0.0,0.0,0.18091513291339328,-5.541182481357159e-05,-0.00023934490412924828,-3.3615776128089534e-09,660.0612418847919,659.977287098205,660.0454505856802,659.9930614080885,0.0,0.0,0.0
20.8,-13.980411331851931,-13.980167972421173,2.0103119545253443,0.0009917275991296118,0.003649390823450834,-179.13021024884495,-13.979999542236314,-13.979999542236346,1.9999999999999991,-179.1302104351207,-0.00010809405665265816,-9.421908174284233e-05,-0.00038139723150992284,-0.000122186967042745,-0.0003984567641667754,1.1532129445927597e-08,0.18092760920792994,-8.089426156894478e-06,-8.96656785450073e-05,-8.164609567380374e-09,660.0334699233981,660.0056266051,660.0311432678952,660.0079081269233,0.0,0.0,0.0
20.852,-13.980407679324474,-13.98016363789918,2.010295378319885,0.00044798562234234484,0.0018295914242977326,-179.13021024943305,-13.979999542236314,-13.979999542236346,1.9999999999999991,-179.1302104351207,-7.439008830188411e-05,-0.00010079112698958685,-0.0003831765396928739,-0.00021083676679075546,-0.0007590910399197192,5.413504777374035e-09,0.18093861154642216,4.1040542131049186e-05,9.161503408393502e-05,-5.936121223707662e-09,660.0008963090361,660.0386802191526,660.0125695609717,660.026974549888,0.0,0.0,0.0
20.904,-13.98040495269088,-13.98015918349296,2.010278737371975,6.454471364694531e-05,0.00011555496556446563,-179.13021025002752,-13.979999542236314,-13.979999542236346,1.9999999999999991,-179.1302104351207,-6.071661020972401e-05,-0.00010190912600812328,-0.00038449667676405215,-0.00011908669819085353,-0.0006328707947502795,1.161570317572202e-09,0.18094804341348408,1.8515278086316556e-05,9.83976296366562e-05,-4.373110172294984e-09,660.003344959429,660.0366449196692,660.0086066124147,660.0313592684788,0.0,0.0,0.0
20.956,-13.980402352630332,-13.980154776970974,2.0102620498504096,-0.00015706914685835734,-0.0012754634487356315,-179.1302102511958,-13.979999542236314,-13.979999542236346,1.9999999999999991,-179.1302104351207,-6.395017819277446e-05,-9.975482032828115e-05,-0.000385424446146785,0.0,0.0,0.0,0.18095598164610066,-1.8604560524465124e-05,-8.809129939740629e-05,-3.925360861103265e-09,660.0353652333225,660.0049753728837,660.0300553822137,660.0102636833351,0.0,0.0,0.0
21.008,-13.980399216196863,-13.980150517883766,2.0102453311372885,-0.00041230707380621753,-0.0027489676799838767,-179.13021025333728,-13.979999542236314,-13.979999542236346,1.9999999999999991,-179.1302104351207,-8.209553719350769e-05,-9.52169051743724e-05,-0.0003860188202504532,0.0,0.0,0.0,0.18096251462390198,-6.0348935340554875e-06,-1.2374367722822448e-05,-3.880224183569709e-09,660.0229371761117,660.0176937228252,660.0212075344986,660.019401881526,0.0,0.0,0.0
21.06,-13.980394896963324,-13.980146505177986,2.0102285941007616,-0.0006224663247078077,-0.003956382355336849,-179.13021026067105,-13.979999542236314,-13.979999542236346,1.9999999999999991,-179.1302104351207,-0.00011456621749284562,-8.82113369055704e-05,-0.00038633677643473273,0.0,0.0,0.0,0.1809677910603593,7.221358697863388e-06,6.732715846073188e-05,-3.726733827972578e-09,660.0098157599583,660.0310491811439,660.0118623057754,660.0289820531641,0.0,0.0,0.0
21.112000000000002,-13.980388855010503,-13.980142824066913,2.0102118492014815,-0.0008004397598940738,-0.004925772198895588,-179.13021027703758,-13.979999542236314,-13.979999542236346,1.9999999999999991,-179.1302104351207,-0.000158376216014198,-7.921211441408625e-05,-0.0003864313364143607,0.0,0.0,0.0,0.1809719974284091,2.145392430033306e-05,0.00015039725741687276,-3.374205830414752e-09,659.9960513347147,660.044999162905,660.0021528414621,660.0388793634451,0.0,0.0,0.0
21.164,-13.980380685430035,-13.980139540898458,2.0101951048027416,-0.000872704121406892,-0.005381563385431175,-179.13021030643083,-13.979999542236314,-13.979999542236346,1.9999999999999991,-179.1302104351207,-0.00020989244509372505,-6.883447982199018e-05,-0.0003863490124193797,0.0,0.0,0.0,0.18097532300055247,3.298081150040627e-05,0.00022202139880452075,-2.7492952537747214e-09,659.9842820239234,660.0569134884394,659.9936686787719,660.0475125056214,0.0,0.0,0.0
21.216,-13.980370226286452,-13.980136676121894,2.010178367518261,-0.0007524724335646962,-0.004994200741803337,-179.13021035319935,-13.979999542236314,-13.979999542236346,1.9999999999999991,-179.1302104351207,-0.0002621999204144284,-5.858049938435796e-05,-0.0003861302462396966,0.0,0.0,0.0,0.18097795310456366,3.661295945623991e-05,0.0002614938532095055,-1.7528542118761093e-09,659.9781996647259,660.0631084681163,659.9886237498239,660.0526758509703,0.0,0.0,0.0
21.268,-13.980357701577804,-13.980134169025352,2.0101616425695807,-0.0003979334279005823,-0.003548626342517439,-179.1302104076067,-13.979999542236314,-13.979999542236346,1.9999999999999991,-179.1302104351207,-0.0003053124408845595,-5.072879054755892e-05,-0.0003858084542718248,0.00017176624739059825,0.0007371163320114366,-1.2814693801618431e-08,0.18098004833908798,-3.782117265285518e-05,-3.3983442312251295e-05,4.076240692843509e-09,660.0309189962366,660.0104671202131,660.0201578819654,660.0212509702553,0.0,0.0,0.0
21.32,-13.98034434030088,-13.980131956188718,2.0101455372910433,-5.140859914800034e-05,-0.0016678351536315336,-179.1302104359855,-13.979999542236314,-13.979999542236346,1.9999999999999991,-179.1302104351207,-0.00021959157552902986,-3.14127918451911e-05,-0.00025977318758522777,7.853860905969817e-05,0.0005156456204033495,-5.374921551432699e-09,0.17972644027058793,1.3514381074049425e-06,-9.99225110551514e-05,1.9739409370490335e-09,660.00696040658,659.9788835456176,660.0073508070349,659.9785040624353,0.0,0.0,0.0
21.372,-13.980329391406494,-13.980129625348548,2.0101270843680985,0.00023066884981927418,0.00018990245539141098,-179.1302104537007,-13.979999542236314,-13.979999542236346,1.9999999999999991,-179.1302104351207,-0.0003328955015792952,-4.686442753579603e-05,-0.0004229631501793176,0.0,0.0,0.0,0.1813942503944687,4.596785681754236e-06,0.00013976894626683902,3.934203620594383e-10,660.0093142566388,660.0504329087688,660.0106246550669,660.0491247683848,0.0,0.0,0.0
21.424,-13.9803156120326,-13.9801273638667,2.010108674005425,0.0005481764295249509,0.002098430035358826,-179.1302104592251,-13.979999542236314,-13.979999542236346,1.9999999999999991,-179.1302104351207,-0.00023763730742448725,-3.728403126181376e-05,-0.0003284375064070284,6.560762778595751e-05,0.00039840141565226624,-2.880259550099844e-09,0.18052645938174752,-2.5459377945066632e-05,-0.00017330969112186166,1.564302923244993e-09,660.0389543776697,659.9823387654403,660.0317073584332,659.9895949916564,0.0,0.0,0.0
21.476,-13.980302993724512,-13.980124921850198,2.0100899342903165,0.0007771164768284668,0.0037685607756961473,-179.13021045280797,-13.979999542236314,-13.979999542236346,1.9999999999999991,-179.1302104351207,-0.00021148272319609584,-4.1660186324562086e-05,-0.0003315438096326151,0.0,0.0,0.0,0.18063065529921263,-1.4748845586094519e-05,-0.00010559842396714914,3.787709279211169e-10,660.0300967890471,659.995818264118,660.0258970185636,660.0000203240321,0.0,0.0,0.0
21.528,-13.980291698239656,-13.980122042952374,2.0100700654715054,0.0008891864339286061,0.005193617210164359,-179.1302110634491,-13.979999542236314,-13.979999542236346,1.9999999999999991,-179.1302104351207,-0.00022999761618335818,-6.339974530327795e-05,-0.00044085813601353054,0.0,0.0,0.0,0.18181688553786055,-4.1419663401934065e-05,-0.00014002262772832275,1.3213487487753927e-08,660.0650591201872,660.0133809504192,660.0532989712194,660.0252149980007,0.0,0.0,0.0
21.580000000000002,-13.980283559872676,-13.980119013853761,2.0100514217807817,0.0008182117308434917,0.005955598478351152,-179.13021151130164,-13.979999542236314,-13.979999542236346,1.9999999999999991,-179.1302104351207,-0.00012478548513130249,-5.368777074389019e-05,-0.0003272756186584309,0.0,0.0,0.0,0.18077210791418183,-3.07015689714365e-05,-0.0002674719785918917,2.2860616641855576e-08,660.0585243414774,659.9735959390761,660.0498434645202,659.9824044484001,0.0,0.0,0.0
21.632,-13.980278171977464,-13.980115725777743,2.010033050804895,0.000518299432275616,0.005810273341151267,-179.13021180525809,-13.979999542236314,-13.979999542236346,1.9999999999999991,-179.1302104351207,-7.586852304404078e-05,-5.8293231832369754e-05,-0.00032204496267668875,0.0,0.0,0.0,0.18078543981675302,-2.4060592275997716e-05,-0.0003062609290966961,2.9163743090655273e-08,660.0633888715043,659.9693038423235,660.0566169413966,659.9762382135831,0.0,0.0,0.0
21.684,-13.980275324454357,-13.980112112895895,2.0100139046540764,-3.737200266426895e-05,0.004390964887882988,-179.13021200707988,-13.979999542236314,-13.979999542236346,1.9999999999999991,-179.1302104351207,-4.184547921446426e-05,-7.96502246763463e-05,-0.0004228633143021017,-0.00012472515816996783,-0.00039535175092320627,-2.8276080700536286e-08,0.1818678514159562,2.524629766137799e-05,-0.0001270436100280321,4.379049109614846e-08,660.0548035667422,660.0258098294131,660.0621152446398,660.0187403001661,0.0,0.0,0.0
21.736,-13.98027466803292,-13.980108806478537,2.009996109949812,-0.0005768492606012688,0.002048271734370495,-179.1302120449759,-13.979999542236314,-13.979999542236346,1.9999999999999991,-179.1302104351207,-2.5540034318491296e-06,-5.6457916379843025e-05,-0.00031180299585497424,-0.00012371847887946067,-0.0007562140772328469,-1.6218489649816572e-09,0.1808235469196102,6.798923007580372e-05,7.082956575319644e-05,3.494254581456748e-08,659.9974127353147,660.0369522538305,660.0168750583481,660.0176840661478,0.0,0.0,0.0
21.788,-13.980274939732334,-13.98010581374811,2.0099786616141273,-0.0007269007270255492,-0.00023819274052874631,-179.13021198503347,-13.979999542236314,-13.979999542236346,1.9999999999999991,-179.1302104351207,6.043206306853176e-06,-5.018353113905354e-05,-0.00030511672311801536,1.6351162201855534e-06,-0.0006493962889953266,1.7041810781701138e-08,0.18079580997244168,3.0170761278228445e-05,0.00011374584994988394,2.688760553566251e-08,659.9960831523051,660.0370747102861,660.0047513224027,660.0285558900354,0.0,0.0,0.0
21.84,-13.980275124293266,-13.980103186622209,2.0099615702441307,-0.0005865405431006537,-0.002081616298018556,-179.1302118714824,-13.979999542236314,-13.979999542236346,1.9999999999999991,-179.1302104351207,-1.7989144766436265e-06,-3.897578080487512e-05,-0.00026614108818315214,5.9813853634576645e-05,-0.00048204859934876854,3.471121668422417e-08,0.18043988815237458,1.0626511639863187e-05,0.00012955769614291648,1.8044977804989888e-08,659.9887416252327,660.0286705644788,659.9918184563612,660.0256938532794,0.0,0.0,0.0
21.892,-13.980274337928488,-13.980100761351679,2.0099438194181714,-0.00027520284724426064,-0.003838619370313447,-179.13021170140522,-13.979999542236314,-13.979999542236346,1.9999999999999991,-179.1302104351207,-2.4528398785342472e-05,-3.9246611917283625e-05,-0.0003016124611763882,0.0,0.0,0.0,0.1808383999717889,1.838661599738587e-05,3.626682498068973e-05,2.7091045071742597e-08,660.0097397760429,660.0253066134666,660.015051870096,660.0201446560159,0.0,0.0,0.0
21.944,-13.980271821668204,-13.980098526958944,2.0099264799580427,0.00012443171968025686,-0.005360953281242692,-179.1302115020499,-13.979999542236314,-13.979999542236346,1.9999999999999991,-179.1302104351207,-5.9652534400341244e-05,-3.758311553283377e-05,-0.00030119379585078306,0.0,0.0,0.0,0.1808715524158393,1.388647854189793e-06,0.00013284198402530007,2.2844622103193146e-08,659.9991477093906,660.0373803264223,659.9996065150401,660.0370480774252,0.0,0.0,0.0
21.996,-13.980266809339877,-13.980096200573458,2.009908713143164,0.0004681047421344233,-0.006206663729433074,-179.13021127201398,-13.979999542236314,-13.979999542236346,1.9999999999999991,-179.1302104351207,-0.00012742843584044253,-4.766126455691132e-05,-0.0003663308664049961,0.0,0.0,0.0,0.18156422736467262,-2.441211827523437e-05,0.00023494431460357546,1.7964769338314443e-08,660.003634480545,660.063598510341,659.996730793703,660.0706009949178,0.0,0.0,0.0
22.048000000000002,-13.98025915045792,-13.980093707982837,2.0098919015806045,0.0006861528920442422,-0.006134414493404297,-179.1302109998624,-13.979999542236314,-13.979999542236346,1.9999999999999991,-179.1302104351207,-0.00020210048216027834,-5.695551018765784e-05,-0.00037714240195583544,0.0,0.0,0.0,0.18169272617297175,-4.422535251833216e-05,0.00030791994556316176,1.2173556000916479e-08,659.9989180962613,660.0740235781306,659.9863547121286,660.0866527147446,0.0,0.0,0.0
22.1,-13.980248866642707,-13.980090914775207,2.009876350148032,0.0006552486797619471,-0.004845538302423935,-179.13021070853932,-13.979999542236314,-13.979999542236346,1.9999999999999991,-179.1302104351207,-0.0002592632061569756,-6.32862481586746e-05,-0.00034849797084384116,-6.024333356289339e-05,0.0007245614969157001,1.0129639648128742e-07,0.18139348499076882,-2.7623847554580738e-05,3.684498518436162e-05,-3.0934058858823556e-08,660.0285883261724,660.0312147163086,660.0206346923704,660.0389968874907,0.0,0.0,0.0
22.152,-13.980236582286288,-13.98008784892264,2.0098616691525053,0.0003669279848374265,-0.0026620348755912056,-179.1302105249481,-13.979999542236314,-13.979999542236346,1.9999999999999991,-179.1302104351207,-0.00022354499017877572,-5.1089794223809385e-05,-0.00025274617849246623,-0.0001027602274165084,0.0006866252849080394,4.28801713307202e-08,0.18040694113047176,1.0518876558941117e-05,-6.43605622789596e-05,-1.3619583525302969e-08,660.0156883186113,660.0003524711178,660.0186466733816,659.9973185945007,0.0,0.0,0.0
22.204,-13.980223556490284,-13.980084714735566,2.0098471337579578,4.407788048110652e-05,-0.0005334972363389978,-179.13021040014692,-13.979999542236314,-13.979999542236346,1.9999999999999991,-179.1302104351207,-0.00023333219440667126,-5.1963070677316224e-05,-0.00025977834344784894,-9.18742815162082e-05,0.0006200991843779258,3.150006953103243e-08,0.18042759633595076,1.7088471516587768e-05,-0.00010743628027756638,-1.2157339748216485e-08,660.0213425264437,659.9956085762065,660.0261760890135,659.9907074487224,0.0,0.0,0.0
22.256,-13.98021051428002,-13.980081610800472,2.0098319842497743,-0.00019494164290598462,0.0012411991912912627,-179.13021031445788,-13.979999542236314,-13.979999542236346,1.9999999999999991,-179.1302104351207,-0.00020198103206630702,-4.489208922868466e-05,-0.0002446718977951108,-5.236518974550157e-05,0.00043462606524544806,2.145536399120896e-08,0.18025094230903774,1.644017818355103e-05,-0.00012768833599132047,-1.0346641213063886e-08,660.0204029233572,659.9887156961462,660.0250568573455,659.9840041939539,0.0,0.0,0.0
22.308,-13.98019800643898,-13.980078597449783,2.0098153538248407,-0.0003289982445545939,0.0025950348109553493,-179.1302102482035,-13.979999542236314,-13.979999542236346,1.9999999999999991,-179.1302104351207,-0.00018525287527264154,-4.222828784700706e-05,-0.0002636487274341781,0.0,0.0,0.0,0.1804579460400574,2.1133210968412935e-06,-2.027507651476742e-05,-3.950234755666494e-09,660.0117235479964,660.006550503424,660.0123145462404,660.0059376196712,0.0,0.0,0.0
22.36,-13.980186323689166,-13.980075654855675,2.0097968592551143,-0.0004358100040325602,0.0038515147848430468,-179.13020991589786,-13.979999542236314,-13.979999542236346,1.9999999999999991,-179.1302104351207,-0.00023914269200048303,-5.813303430706003e-05,-0.00040391591480345545,0.0,0.0,0.0,0.1819188761181125,-1.0817507753112428e-05,-1.0030939906700802e-05,-1.1063961673861028e-08,660.0444819796262,660.0385439710836,660.0413703277771,660.0415943562939,0.0,0.0,0.0
22.412,-13.980177589820647,-13.980073248677966,2.0097802200715122,-0.0005461145438260038,0.0048917819820362175,-179.13020974795035,-13.979999542236314,-13.979999542236346,1.9999999999999991,-179.1302104351207,-0.0001263026577371117,-3.465036319475911e-05,-0.0002653251189547702,0.0,0.0,0.0,0.18057796956491245,1.4444538238041528e-05,-0.0001528152549707459,-1.4656879168345007e-08,660.0315176242672,659.9921054106264,660.035591144639,659.9879504352037,0.0,0.0,0.0
22.464,-13.980170751343646,-13.980071031055529,2.0097624752174497,-0.0006152231134623455,0.005542697351997618,-179.13020963316066,-13.979999542236314,-13.979999542236346,1.9999999999999991,-179.1302104351207,-9.763516148636991e-05,-3.358527563652593e-05,-0.00030119742773394967,0.0,0.0,0.0,0.1809896969801523,1.6895128458784076e-05,-0.00020187119748280515,-1.7103484259808933e-08,660.0472796787752,659.9945935633107,660.0520442873603,659.9897338014689,0.0,0.0,0.0
22.516000000000002,-13.980166754941369,-13.980069248262273,2.0097455436357508,-0.0005955884023509506,0.005453116447014176,-179.1302095700212,-13.979999542236314,-13.979999542236346,1.9999999999999991,-179.1302104351207,-4.6200150031371846e-05,-2.4988299761572845e-05,-0.00026625196012364883,0.0,0.0,0.0,0.1806795623962336,2.3185631476467785e-05,-0.000244630391346123,-1.845588124621429e-08,660.045604373953,659.9825303467182,660.0521568700538,659.9758749275753,0.0,0.0,0.0
22.568,-13.980165205325797,-13.98006779318728,2.009728492798941,-0.0004473631185094143,0.004431133453489308,-179.13020955102203,-13.979999542236314,-13.979999542236346,1.9999999999999991,-179.1302104351207,-9.913837618612811e-06,-2.0746812917336637e-05,-0.0002658064010443658,2.8206558513017357e-05,-0.0002027307724803894,-1.9012798725279875e-09,0.1807135509408813,9.298235927463006e-06,-0.0001581728787050131,-1.8172327855569134e-08,660.0360217953645,659.9936179354916,660.0386197892204,659.9909191056947,0.0,0.0,0.0
22.62,-13.980165704632604,-13.980066501805817,2.0097101829890334,-0.00018471984501679714,0.0023915459879127023,-179.13020957724112,-13.979999542236314,-13.979999542236346,1.9999999999999991,-179.1302104351207,2.4951493803797124e-05,-2.6811128463280064e-05,-0.00039993149112161946,9.823865895683612e-05,-0.0008415480499704506,-1.877717745786232e-08,0.18211264906376323,-3.527576490122256e-05,0.00013865729901751174,-1.1468912889786173e-08,660.0310833179396,660.0605280253005,660.0210041552925,660.0705430643446,0.0,0.0,0.0
